train_class,train_number,train_arrival_stop_name,train_departure_stop_name,stop_name,avg_arrival_delay,median_arrival_delay,count_dates_stop,first_date,last_date,count_3m_delay,count_5m_delay,count_10m_delay,stop_lat,stop_lon,stop_time,count_dates_train,stop_number
REG,94759,CAGLIARI,IGLESIAS,IGLESIAS,1.3584905660377358,1.0,53,2023-01-16,2023-03-31,2,1,0,39.310563,8.539786,19:53,53,1
REG,94759,CAGLIARI,IGLESIAS,VILLAMASSARGIA DOMUSNOVAS,-1.1320754716981132,-1.0,53,2023-01-16,2023-03-31,2,0,0,39.294811,8.641986,20:01,53,2
REG,94759,CAGLIARI,IGLESIAS,SILIQUA,-3.188679245283019,-4.0,53,2023-01-16,2023-03-31,0,0,0,39.297005,8.813078,20:16,53,3
REG,94759,CAGLIARI,IGLESIAS,VILLASPECIOSA UTA,1.4528301886792452,1.0,53,2023-01-16,2023-03-31,12,0,0,39.304168,8.940501,20:24,53,4
REG,94759,CAGLIARI,IGLESIAS,DECIMOMANNU,-0.22641509433962265,-1.0,53,2023-01-16,2023-03-31,2,0,0,39.304593,8.965808,20:29,53,5
REG,94759,CAGLIARI,IGLESIAS,CAGLIARI,-0.9056603773584906,-1.0,53,2023-01-16,2023-03-31,0,0,0,39.216078,9.107984,20:43,53,6
