train_class,train_number,train_arrival_stop_name,train_departure_stop_name,stop_name,avg_arrival_delay,median_arrival_delay,count_dates_stop,first_date,last_date,count_3m_delay,count_5m_delay,count_10m_delay,stop_lat,stop_lon,stop_time,count_dates_train,stop_number
REG,2452,MILANO CENTRALE,PARMA,PARMA,3.2093023255813953,2.0,86,2023-01-01,2023-03-31,42,25,4,44.810203,10.32837,06:10,86,1
REG,2452,MILANO CENTRALE,PARMA,FIDENZA,4.174418604651163,4.0,86,2023-01-01,2023-03-31,49,33,8,44.86773,10.06339,06:22,86,2
REG,2452,MILANO CENTRALE,PARMA,FIORENZUOLA,4.965116279069767,4.0,86,2023-01-01,2023-03-31,53,37,9,44.928716,9.917403,06:31,86,3
REG,2452,MILANO CENTRALE,PARMA,PIACENZA,0.6395348837209303,-1.0,86,2023-01-01,2023-03-31,22,12,4,45.052238,9.70633,06:48,86,4
REG,2452,MILANO CENTRALE,PARMA,LODI,3.4767441860465116,2.0,86,2023-01-01,2023-03-31,43,27,8,45.308966,9.497585,07:13,86,5
REG,2452,MILANO CENTRALE,PARMA,MILANO ROGOREDO,3.0,1.0,86,2023-01-01,2023-03-31,31,21,6,45.433866,9.2391,07:32,86,6
REG,2452,MILANO CENTRALE,PARMA,MILANO LAMBRATE,5.0,2.0,86,2023-01-01,2023-03-31,39,25,9,45.484933,9.237333,07:38,86,7
REG,2452,MILANO CENTRALE,PARMA,MILANO CENTRALE,5.151162790697675,2.0,86,2023-01-01,2023-03-31,39,29,11,45.486347,9.204528,07:45,86,8
