train_class,train_number,train_arrival_stop_name,train_departure_stop_name,stop_name,avg_arrival_delay,median_arrival_delay,count_dates_stop,first_date,last_date,count_3m_delay,count_5m_delay,count_10m_delay,stop_lat,stop_lon,stop_time,count_dates_train,stop_number
REG,17812,BOLOGNA C.LE,SAN BENEDETTO SAMBRO-CAST.PEPOLI,SAN BENEDETTO SAMBRO-CAST.PEPOLI,1.65,1.0,80,2023-01-01,2023-03-31,6,2,0,44.22866,11.19226,08:37,80,1
REG,17812,BOLOGNA C.LE,SAN BENEDETTO SAMBRO-CAST.PEPOLI,GRIZZANA,2.1125,2.0,80,2023-01-01,2023-03-31,32,1,0,44.258292,11.181194,08:40,80,2
REG,17812,BOLOGNA C.LE,SAN BENEDETTO SAMBRO-CAST.PEPOLI,MONZUNO,1.85,2.0,80,2023-01-01,2023-03-31,28,1,0,44.322277,11.262082,08:47,80,3
REG,17812,BOLOGNA C.LE,SAN BENEDETTO SAMBRO-CAST.PEPOLI,PIANORO,0.3875,1.0,80,2023-01-01,2023-03-31,8,0,0,44.380589,11.340675,08:54,80,4
REG,17812,BOLOGNA C.LE,SAN BENEDETTO SAMBRO-CAST.PEPOLI,MUSIANO-PIAN DI MACINA,0.6875,1.0,80,2023-01-01,2023-03-31,7,0,0,44.402423,11.344912,08:58,80,5
REG,17812,BOLOGNA C.LE,SAN BENEDETTO SAMBRO-CAST.PEPOLI,RASTIGNANO,1.105263157894737,1.0,76,2023-01-01,2023-03-31,4,0,0,44.443592,11.357617,09:03,80,6
REG,17812,BOLOGNA C.LE,SAN BENEDETTO SAMBRO-CAST.PEPOLI,BOLOGNA S.RUFFILLO,0.625,1.0,80,2023-01-01,2023-03-31,2,0,0,44.462657,11.372967,09:06,80,7
REG,17812,BOLOGNA C.LE,SAN BENEDETTO SAMBRO-CAST.PEPOLI,BOLOGNA MAZZINI,1.2625,1.0,80,2023-01-01,2023-03-31,5,0,0,44.482284,11.376271,09:10,80,8
REG,17812,BOLOGNA C.LE,SAN BENEDETTO SAMBRO-CAST.PEPOLI,BOLOGNA SAN VITALE,2.1139240506329116,2.0,79,2023-01-01,2023-03-30,11,4,0,,,09:15,80,9
REG,17812,BOLOGNA C.LE,SAN BENEDETTO SAMBRO-CAST.PEPOLI,BOLOGNA C.LE,-2.5375,-3.0,80,2023-01-01,2023-03-31,1,0,0,44.50626,11.342267,09:22,80,10
