train_class,train_number,train_arrival_stop_name,train_departure_stop_name,stop_name,avg_arrival_delay,median_arrival_delay,count_dates_stop,first_date,last_date,count_3m_delay,count_5m_delay,count_10m_delay,stop_lat,stop_lon,stop_time,count_dates_train,stop_number
REG,3705,PADOVA,MONTEBELLUNA,MONTEBELLUNA,1.734375,1.0,64,2023-01-02,2023-03-31,6,3,1,45.776434,12.054,16:08,64,1
REG,3705,PADOVA,MONTEBELLUNA,FANZOLO,0.46875,0.0,64,2023-01-02,2023-03-31,4,3,1,45.708253,11.992069,16:15,64,2
REG,3705,PADOVA,MONTEBELLUNA,CASTELFRANCO VENETO,1.515625,1.0,64,2023-01-02,2023-03-31,7,4,3,45.666439,11.934315,16:23,64,3
REG,3705,PADOVA,MONTEBELLUNA,CAMPOSAMPIERO,1.8125,1.0,64,2023-01-02,2023-03-31,12,5,2,45.568922,11.928293,16:34,64,4
REG,3705,PADOVA,MONTEBELLUNA,PADOVA,-0.859375,-2.0,64,2023-01-02,2023-03-31,8,4,0,45.417846,11.880794,16:53,64,5
