train_class,train_number,train_arrival_stop_name,train_departure_stop_name,stop_name,avg_arrival_delay,median_arrival_delay,count_dates_stop,first_date,last_date,count_3m_delay,count_5m_delay,count_10m_delay,stop_lat,stop_lon,stop_time,count_dates_train,stop_number
REG,25827,BERGAMO,MILANO PORTA GARIBALDI,MILANO PORTA GARIBALDI,3.7023809523809526,3.0,84,2023-01-01,2023-03-31,46,24,5,45.484917,9.187683,08:31,84,1
REG,25827,BERGAMO,MILANO PORTA GARIBALDI,MILANO GRECO PIRELLI,3.0,2.0,84,2023-01-01,2023-03-31,39,19,6,45.51272,9.214456,08:37,84,2
REG,25827,BERGAMO,MILANO PORTA GARIBALDI,SESTO S. GIOVANNI,2.630952380952381,1.0,84,2023-01-01,2023-03-31,35,18,5,45.541087,9.23926,08:42,84,3
REG,25827,BERGAMO,MILANO PORTA GARIBALDI,MONZA,1.7380952380952381,1.0,84,2023-01-01,2023-03-31,27,12,5,45.577789,9.273253,08:48,84,4
REG,25827,BERGAMO,MILANO PORTA GARIBALDI,ARCORE,2.5595238095238093,2.0,84,2023-01-01,2023-03-31,35,14,5,45.623493,9.322798,08:54,84,5
REG,25827,BERGAMO,MILANO PORTA GARIBALDI,CARNATE USMATE,2.3373493975903616,2.0,83,2023-01-01,2023-03-31,27,12,7,45.653072,9.375089,09:00,84,6
REG,25827,BERGAMO,MILANO PORTA GARIBALDI,PADERNO ROBBIATE,5.238095238095238,4.0,84,2023-01-01,2023-03-31,66,38,8,45.678307,9.439202,09:06,84,7
REG,25827,BERGAMO,MILANO PORTA GARIBALDI,CALUSCO,5.916666666666667,5.0,84,2023-01-01,2023-03-31,71,45,9,45.684113,9.470646,09:13,84,8
REG,25827,BERGAMO,MILANO PORTA GARIBALDI,TERNO,6.726190476190476,5.0,84,2023-01-01,2023-03-31,74,51,12,45.688658,9.536169,09:19,84,9
REG,25827,BERGAMO,MILANO PORTA GARIBALDI,PONTE S.PIETRO,7.0476190476190474,5.0,84,2023-01-01,2023-03-31,74,47,12,45.69916,9.584322,09:26,84,10
REG,25827,BERGAMO,MILANO PORTA GARIBALDI,BERGAMO,5.523809523809524,3.0,84,2023-01-01,2023-03-31,52,25,11,45.690271,9.675082,09:40,84,11
