train_class,train_number,train_arrival_stop_name,train_departure_stop_name,stop_name,avg_arrival_delay,median_arrival_delay,count_dates_stop,first_date,last_date,count_3m_delay,count_5m_delay,count_10m_delay,stop_lat,stop_lon,stop_time,count_dates_train,stop_number
REG,19081,CHIUSI C.T.,SIENA,SIENA,2.4166666666666665,1.0,12,2023-01-06,2023-03-26,2,1,1,43.331708,11.322972,14:02,12,1
REG,19081,CHIUSI C.T.,SIENA,ARBIA,0.4166666666666667,-1.0,12,2023-01-06,2023-03-26,1,1,1,43.294393,11.406225,14:11,12,2
REG,19081,CHIUSI C.T.,SIENA,CASTELNUOVO BERARDENGA,1.9166666666666667,1.0,12,2023-01-06,2023-03-26,1,1,1,43.306882,11.484912,14:17,12,3
REG,19081,CHIUSI C.T.,SIENA,ASCIANO MONTE OLIVETO MAGGIORE,2.25,1.0,12,2023-01-06,2023-03-26,2,1,1,43.231706,11.563621,14:28,12,4
REG,19081,CHIUSI C.T.,SIENA,ASCIANO,2.0833333333333335,1.0,12,2023-01-06,2023-03-26,4,1,1,43.235245,11.579237,14:32,12,5
REG,19081,CHIUSI C.T.,SIENA,RAPOLANO TERME,1.75,0.0,12,2023-01-06,2023-03-26,5,2,0,43.283331,11.602504,14:39,12,6
REG,19081,CHIUSI C.T.,SIENA,SINALUNGA,3.75,2.0,12,2023-01-06,2023-03-26,5,5,0,43.216189,11.744866,14:52,12,7
REG,19081,CHIUSI C.T.,SIENA,TORRITA DI SIENA,4.416666666666667,3.0,12,2023-01-06,2023-03-26,9,5,0,43.174187,11.78758,14:58,12,8
REG,19081,CHIUSI C.T.,SIENA,MONTEPULCIANO,2.75,1.0,12,2023-01-06,2023-03-26,5,3,0,43.135353,11.856865,15:05,12,9
REG,19081,CHIUSI C.T.,SIENA,CHIUSI C.T.,-0.5833333333333334,-2.0,12,2023-01-06,2023-03-26,3,1,0,43.002466,11.957893,15:23,12,10
