train_class,train_number,train_arrival_stop_name,train_departure_stop_name,stop_name,avg_arrival_delay,median_arrival_delay,count_dates_stop,first_date,last_date,count_3m_delay,count_5m_delay,count_10m_delay,stop_lat,stop_lon,stop_time,count_dates_train,stop_number
REG,21070,ROMA TERMINI,NAPOLI CENTRALE,NAPOLI CENTRALE,2.357142857142857,2.0,14,2023-01-01,2023-03-26,4,1,0,40.852933,14.272908,11:17,14,1
REG,21070,ROMA TERMINI,NAPOLI CENTRALE,CASORIA,-0.5,-1.0,14,2023-01-01,2023-03-26,1,0,0,40.907762,14.29874,11:27,14,2
REG,21070,ROMA TERMINI,NAPOLI CENTRALE,AVERSA,-1.1428571428571428,-1.0,14,2023-01-01,2023-03-26,1,0,0,40.973323,14.218578,11:43,14,3
REG,21070,ROMA TERMINI,NAPOLI CENTRALE,S.MARCELLINO FRIGNANO,5.642857142857143,6.0,14,2023-01-01,2023-03-26,12,12,0,40.992103,14.171976,11:50,14,4
REG,21070,ROMA TERMINI,NAPOLI CENTRALE,VILLA LITERNO,-3.7857142857142856,-4.0,14,2023-01-01,2023-03-26,0,0,0,41.004956,14.06753,12:10,14,5
REG,21070,ROMA TERMINI,NAPOLI CENTRALE,FALCIANO MONDRAGONE CAR.,-0.35714285714285715,0.0,14,2023-01-01,2023-03-26,0,0,0,41.123525,13.971792,12:22,14,6
REG,21070,ROMA TERMINI,NAPOLI CENTRALE,SESSA AURUNCA R.,0.9285714285714286,1.0,14,2023-01-01,2023-03-26,2,1,0,41.1955,13.8761,12:30,14,7
REG,21070,ROMA TERMINI,NAPOLI CENTRALE,MINTURNO,1.6428571428571428,1.0,14,2023-01-01,2023-03-26,2,1,1,41.257621,13.720664,12:39,14,8
REG,21070,ROMA TERMINI,NAPOLI CENTRALE,FORMIA-GAETA,1.7857142857142858,1.0,14,2023-01-01,2023-03-26,3,1,1,41.258773,13.605996,12:47,14,9
REG,21070,ROMA TERMINI,NAPOLI CENTRALE,FONDI - SPERLONGA,1.3571428571428572,0.0,14,2023-01-01,2023-03-26,3,2,1,41.337663,13.424893,13:00,14,10
REG,21070,ROMA TERMINI,NAPOLI CENTRALE,MONTE S.BIAGIO,0.8571428571428571,-1.0,14,2023-01-01,2023-03-26,2,2,1,41.345967,13.347037,13:07,14,11
REG,21070,ROMA TERMINI,NAPOLI CENTRALE,PRIVERNO FOSSANOVA,0.07142857142857142,-2.0,14,2023-01-01,2023-03-26,2,2,1,41.421853,13.186406,13:19,14,12
REG,21070,ROMA TERMINI,NAPOLI CENTRALE,SEZZE ROMANO,1.8571428571428572,0.0,14,2023-01-01,2023-03-26,3,2,1,41.495542,13.038452,13:28,14,13
REG,21070,ROMA TERMINI,NAPOLI CENTRALE,LATINA,1.4285714285714286,-2.0,14,2023-01-01,2023-03-26,2,2,1,41.538372,12.945888,13:36,14,14
REG,21070,ROMA TERMINI,NAPOLI CENTRALE,CISTERNA DI LATINA,3.7857142857142856,0.0,14,2023-01-01,2023-03-26,3,3,2,41.586511,12.827538,13:45,14,15
REG,21070,ROMA TERMINI,NAPOLI CENTRALE,CAMPOLEONE,3.5,-1.0,14,2023-01-01,2023-03-26,3,3,2,41.642396,12.648341,13:56,14,16
REG,21070,ROMA TERMINI,NAPOLI CENTRALE,ROMA TERMINI,3.5,0.0,14,2023-01-01,2023-03-26,4,2,2,41.900636,12.502026,14:22,14,17
