train_class,train_number,train_arrival_stop_name,train_departure_stop_name,stop_name,avg_arrival_delay,median_arrival_delay,count_dates_stop,first_date,last_date,count_3m_delay,count_5m_delay,count_10m_delay,stop_lat,stop_lon,stop_time,count_dates_train,stop_number
REG,19213,PIAZZA AL SERCHIO,AULLA LUNIGIANA,AULLA LUNIGIANA,2.6666666666666665,2.0,75,2023-01-02,2023-03-31,21,9,3,44.210555,9.970015,18:22,75,1
REG,19213,PIAZZA AL SERCHIO,AULLA LUNIGIANA,FIVIZZANO ROMETTA - SOLIERA,3.506666666666667,3.0,75,2023-01-02,2023-03-31,40,12,3,44.201526,10.05953,18:31,75,2
REG,19213,PIAZZA AL SERCHIO,AULLA LUNIGIANA,FIVIZZANO - GASSANO,3.506666666666667,3.0,75,2023-01-02,2023-03-31,40,12,3,44.202672,10.091691,18:35,75,3
REG,19213,PIAZZA AL SERCHIO,AULLA LUNIGIANA,GRAGNOLA,-0.48,-2.0,75,2023-01-02,2023-03-31,6,4,2,44.191069,10.109245,18:41,75,4
REG,19213,PIAZZA AL SERCHIO,AULLA LUNIGIANA,MONZONE-M.DEI BANCHI-ISOLANO,3.7066666666666666,3.0,75,2023-01-02,2023-03-31,40,19,4,44.165637,10.123827,18:50,75,5
REG,19213,PIAZZA AL SERCHIO,AULLA LUNIGIANA,EQUI TERME,3.7066666666666666,3.0,75,2023-01-02,2023-03-31,40,19,4,44.170282,10.153624,18:55,75,6
REG,19213,PIAZZA AL SERCHIO,AULLA LUNIGIANA,MINUCCIANO - PIEVE - CASOLA,0.7333333333333333,-1.0,75,2023-01-02,2023-03-31,15,9,1,44.194385,10.193837,19:02,75,7
REG,19213,PIAZZA AL SERCHIO,AULLA LUNIGIANA,PIAZZA AL SERCHIO,-1.0,-2.0,75,2023-01-02,2023-03-31,9,5,1,44.182515,10.296615,19:15,75,8
