train_class,train_number,train_arrival_stop_name,train_departure_stop_name,stop_name,avg_arrival_delay,median_arrival_delay,count_dates_stop,first_date,last_date,count_3m_delay,count_5m_delay,count_10m_delay,stop_lat,stop_lon,stop_time,count_dates_train,stop_number
REG,18238,FIRENZE S.M.N.,SIENA,SIENA,2.2333333333333334,2.0,60,2023-01-02,2023-03-31,16,5,0,43.331708,11.322972,19:18,60,1
REG,18238,FIRENZE S.M.N.,SIENA,POGGIBONSI,5.733333333333333,5.0,60,2023-01-02,2023-03-31,57,44,3,43.468093,11.149455,19:41,60,2
REG,18238,FIRENZE S.M.N.,SIENA,CERTALDO,3.966666666666667,4.0,60,2023-01-02,2023-03-31,45,23,0,43.547124,11.037711,19:53,60,3
REG,18238,FIRENZE S.M.N.,SIENA,EMPOLI,1.2166666666666666,1.0,60,2023-01-02,2023-03-31,13,4,2,43.715708,10.94915,20:20,60,4
REG,18238,FIRENZE S.M.N.,SIENA,FIRENZE RIFREDI,4.266666666666667,2.0,60,2023-01-02,2023-03-31,26,8,3,43.800873,11.235729,20:43,60,5
REG,18238,FIRENZE S.M.N.,SIENA,FIRENZE S.M.N.,1.6166666666666667,-1.0,60,2023-01-02,2023-03-31,5,3,2,43.776893,11.247373,20:52,60,6
