train_class,train_number,train_arrival_stop_name,train_departure_stop_name,stop_name,avg_arrival_delay,median_arrival_delay,count_dates_stop,first_date,last_date,count_3m_delay,count_5m_delay,count_10m_delay,stop_lat,stop_lon,stop_time,count_dates_train,stop_number
REG,5289,OLBIA,SASSARI,SASSARI,2.0,2.0,76,2023-01-02,2023-03-31,15,3,1,40.729506,8.554157,16:28,76,1
REG,5289,OLBIA,SASSARI,PLOAGHE,3.026315789473684,3.0,76,2023-01-02,2023-03-31,42,11,2,40.66132,8.728075,16:51,76,2
REG,5289,OLBIA,SASSARI,OZIERI CHILIVANI,2.776315789473684,2.0,76,2023-01-02,2023-03-31,33,8,2,40.609496,8.933744,17:08,76,3
REG,5289,OLBIA,SASSARI,OSCHIRI,3.4210526315789473,2.0,76,2023-01-02,2023-03-31,25,13,4,40.713273,9.107749,17:29,76,4
REG,5289,OLBIA,SASSARI,BERCHIDDA,3.0,2.0,76,2023-01-02,2023-03-31,24,12,4,40.772052,9.181312,17:39,76,5
REG,5289,OLBIA,SASSARI,MONTI TELTI,4.315789473684211,3.0,76,2023-01-02,2023-03-31,48,21,5,40.829632,9.322814,17:52,76,6
REG,5289,OLBIA,SASSARI,OLBIA,-0.11842105263157894,-2.0,76,2023-01-02,2023-03-31,8,6,4,40.924595,9.498293,18:25,76,7
