train_class,train_number,train_arrival_stop_name,train_departure_stop_name,stop_name,avg_arrival_delay,median_arrival_delay,count_dates_stop,first_date,last_date,count_3m_delay,count_5m_delay,count_10m_delay,stop_lat,stop_lon,stop_time,count_dates_train,stop_number
REG,20665,FARA SABINA,FIUMICINO AEROPORTO,FIUMICINO AEROPORTO,3.0833333333333335,2.0,12,2023-01-01,2023-03-26,4,1,1,41.793673,12.251728,13:57,12,1
REG,20665,FARA SABINA,FIUMICINO AEROPORTO,PARCO LEONARDO,2.75,1.0,12,2023-01-01,2023-03-26,4,1,1,41.79932,12.29543,14:01,12,2
REG,20665,FARA SABINA,FIUMICINO AEROPORTO,PONTE GALERIA,2.6666666666666665,1.0,12,2023-01-01,2023-03-26,4,1,1,41.818349,12.344733,14:07,12,3
REG,20665,FARA SABINA,FIUMICINO AEROPORTO,MURATELLA,3.5,2.0,12,2023-01-01,2023-03-26,6,1,1,41.826182,12.412696,14:12,12,4
REG,20665,FARA SABINA,FIUMICINO AEROPORTO,MAGLIANA,3.5833333333333335,2.0,12,2023-01-01,2023-03-26,6,1,1,41.834235,12.431017,14:15,12,5
REG,20665,FARA SABINA,FIUMICINO AEROPORTO,VILLA BONELLI,3.0833333333333335,2.0,12,2023-01-01,2023-03-26,4,1,1,41.8477601,12.455223,14:19,12,6
REG,20665,FARA SABINA,FIUMICINO AEROPORTO,ROMA TRASTEVERE,4.5,3.0,12,2023-01-01,2023-03-26,10,3,1,41.872279,12.466162,14:24,12,7
REG,20665,FARA SABINA,FIUMICINO AEROPORTO,ROMA OSTIENSE,2.75,2.0,12,2023-01-01,2023-03-26,3,1,1,41.87265,12.483917,14:28,12,8
REG,20665,FARA SABINA,FIUMICINO AEROPORTO,ROMA TUSCOLANA,0.6363636363636364,-1.0,11,2023-01-01,2023-03-26,1,1,1,41.879384,12.523505,14:37,12,9
REG,20665,FARA SABINA,FIUMICINO AEROPORTO,ROMA TIBURTINA,-1.1818181818181819,-2.0,11,2023-01-01,2023-03-26,1,1,0,41.910903,12.530749,14:45,12,10
REG,20665,FARA SABINA,FIUMICINO AEROPORTO,ROMA NOMENTANA L.L.,2.25,1.0,12,2023-01-01,2023-03-26,2,1,1,41.932935,12.523628,14:49,12,11
REG,20665,FARA SABINA,FIUMICINO AEROPORTO,NUOVO SALARIO,3.0,2.0,12,2023-01-01,2023-03-26,5,1,1,41.956195,12.510317,14:55,12,12
REG,20665,FARA SABINA,FIUMICINO AEROPORTO,FIDENE,0.9166666666666666,0.0,12,2023-01-01,2023-03-26,1,1,0,41.979773,12.508451,14:59,12,13
REG,20665,FARA SABINA,FIUMICINO AEROPORTO,SETTE BAGNI,0.75,0.0,12,2023-01-01,2023-03-26,1,1,0,42.006438,12.520156,15:04,12,14
REG,20665,FARA SABINA,FIUMICINO AEROPORTO,MONTEROTONDO,-1.0833333333333333,-2.0,12,2023-01-01,2023-03-26,1,1,0,42.06409,12.595753,15:13,12,15
REG,20665,FARA SABINA,FIUMICINO AEROPORTO,PIANA BELLA MONTELIBRETTI,1.6666666666666667,1.0,12,2023-01-01,2023-03-26,1,1,0,42.105159,12.632938,15:18,12,16
REG,20665,FARA SABINA,FIUMICINO AEROPORTO,FARA SABINA,0.4166666666666667,0.0,12,2023-01-01,2023-03-26,1,1,0,42.155546,12.648323,15:25,12,17
