train_class,train_number,train_arrival_stop_name,train_departure_stop_name,stop_name,avg_arrival_delay,median_arrival_delay,count_dates_stop,first_date,last_date,count_3m_delay,count_5m_delay,count_10m_delay,stop_lat,stop_lon,stop_time,count_dates_train,stop_number
REG,23711,TARANTO,POTENZA CENTRALE,POTENZA CENTRALE,1.202247191011236,1.0,89,2023-01-01,2023-03-31,1,0,0,40.629469,15.806808,08:01,89,1
REG,23711,TARANTO,POTENZA CENTRALE,TRIVIGNO,-0.8539325842696629,-1.0,89,2023-01-01,2023-03-31,1,0,0,40.588598,15.997824,08:19,89,2
REG,23711,TARANTO,POTENZA CENTRALE,ALBANO DI LUCANIA,1.101123595505618,1.0,89,2023-01-01,2023-03-31,2,0,0,40.574707,16.021247,08:23,89,3
REG,23711,TARANTO,POTENZA CENTRALE,GRASSANO,2.247191011235955,2.0,89,2023-01-01,2023-03-31,13,2,2,40.593317,16.241049,08:40,89,4
REG,23711,TARANTO,POTENZA CENTRALE,SALANDRA,3.0568181818181817,3.0,88,2023-01-01,2023-03-31,50,4,2,40.583446,16.351564,08:47,89,5
REG,23711,TARANTO,POTENZA CENTRALE,FERRANDINA,3.146067415730337,3.0,89,2023-01-01,2023-03-31,52,6,2,40.516566,16.475276,08:56,89,6
REG,23711,TARANTO,POTENZA CENTRALE,PISTICCI,3.966292134831461,3.0,89,2023-01-01,2023-03-31,60,22,4,40.420848,16.552181,09:06,89,7
REG,23711,TARANTO,POTENZA CENTRALE,BERNALDA,4.955056179775281,4.0,89,2023-01-01,2023-03-31,74,34,7,40.397616,16.682281,09:14,89,8
REG,23711,TARANTO,POTENZA CENTRALE,METAPONTO,-1.550561797752809,-2.0,89,2023-01-01,2023-03-31,8,7,3,40.368496,16.815176,09:30,89,9
REG,23711,TARANTO,POTENZA CENTRALE,GINOSA,2.9545454545454546,2.0,88,2023-01-01,2023-03-31,21,10,5,40.429201,16.890968,09:37,89,10
REG,23711,TARANTO,POTENZA CENTRALE,PALAGIANO CHIATONA,1.9318181818181819,1.0,88,2023-01-01,2023-03-31,14,11,7,40.516998,17.059217,09:49,89,11
REG,23711,TARANTO,POTENZA CENTRALE,TARANTO,-2.3258426966292136,-4.0,89,2023-01-01,2023-03-31,8,8,3,40.483727,17.224059,10:07,89,12
