train_class,train_number,train_arrival_stop_name,train_departure_stop_name,stop_name,avg_arrival_delay,median_arrival_delay,count_dates_stop,first_date,last_date,count_3m_delay,count_5m_delay,count_10m_delay,stop_lat,stop_lon,stop_time,count_dates_train,stop_number
REG,10178,CHIAVENNA,COLICO,COLICO,1.6292134831460674,1.0,89,2023-01-01,2023-03-31,11,5,2,46.138019,9.375222,17:53,89,1
REG,10178,CHIAVENNA,COLICO,DUBINO,0.5280898876404494,0.0,89,2023-01-01,2023-03-31,9,4,1,46.172802,9.432188,17:59,89,2
REG,10178,CHIAVENNA,COLICO,VERCEIA,-0.9101123595505618,-2.0,89,2023-01-01,2023-03-31,6,3,1,46.202832,9.458412,18:04,89,3
REG,10178,CHIAVENNA,COLICO,NOVATE-MEZZOLA,1.6067415730337078,1.0,89,2023-01-01,2023-03-31,14,6,1,46.216595,9.446573,18:07,89,4
REG,10178,CHIAVENNA,COLICO,SAMOLACO,3.7191011235955056,3.0,89,2023-01-01,2023-03-31,54,14,3,46.246436,9.423582,18:11,89,5
REG,10178,CHIAVENNA,COLICO,S. CASSIANO VALCHIAVENNA,4.2272727272727275,3.0,88,2023-01-01,2023-03-31,67,19,3,46.275438,9.397419,18:15,89,6
REG,10178,CHIAVENNA,COLICO,PRATA CAMPORTACCIO,3.7191011235955056,3.0,89,2023-01-01,2023-03-31,50,12,3,,,18:21,89,7
REG,10178,CHIAVENNA,COLICO,CHIAVENNA,2.134831460674157,1.0,89,2023-01-01,2023-03-31,19,8,3,46.321258,9.407129,18:25,89,8
