train_class,train_number,train_arrival_stop_name,train_departure_stop_name,stop_name,avg_arrival_delay,median_arrival_delay,count_dates_stop,first_date,last_date,count_3m_delay,count_5m_delay,count_10m_delay,stop_lat,stop_lon,stop_time,count_dates_train,stop_number
REG,26722,TORINO STURA,FOSSANO,FOSSANO,1.2297297297297298,1.0,74,2023-01-02,2023-03-31,1,0,0,44.550231,7.717971,16:01,74,1
REG,26722,TORINO STURA,FOSSANO,SAVIGLIANO,1.0,1.0,74,2023-01-02,2023-03-31,2,1,1,44.651337,7.663748,16:09,74,2
REG,26722,TORINO STURA,FOSSANO,CAVALLERMAGGIORE,0.33783783783783783,0.0,74,2023-01-02,2023-03-31,1,1,1,44.708147,7.692108,16:15,74,3
REG,26722,TORINO STURA,FOSSANO,RACCONIGI,1.0405405405405406,1.0,74,2023-01-02,2023-03-31,5,1,1,44.771179,7.685681,16:21,74,4
REG,26722,TORINO STURA,FOSSANO,CARMAGNOLA,1.445945945945946,1.0,74,2023-01-02,2023-03-31,12,1,1,44.846944,7.72797,16:27,74,5
REG,26722,TORINO STURA,FOSSANO,TROFARELLO,0.5405405405405406,0.0,74,2023-01-02,2023-03-31,16,6,0,44.980471,7.735206,16:41,74,6
REG,26722,TORINO STURA,FOSSANO,MONCALIERI,0.5945945945945946,0.0,74,2023-01-02,2023-03-31,11,5,0,44.998187,7.678027,16:46,74,7
REG,26722,TORINO STURA,FOSSANO,TORINO LINGOTTO,-0.5540540540540541,-1.0,74,2023-01-02,2023-03-31,7,3,0,45.0266,7.657469,16:52,74,8
REG,26722,TORINO STURA,FOSSANO,TORINO PORTA SUSA,-0.2972972972972973,-1.0,74,2023-01-02,2023-03-31,8,3,0,45.075906,7.667673,16:59,74,9
REG,26722,TORINO STURA,FOSSANO,TORINO REBAUDENGO FOSSATA,0.7432432432432432,0.0,74,2023-01-02,2023-03-31,8,4,0,,,17:03,74,10
REG,26722,TORINO STURA,FOSSANO,TORINO STURA,0.1891891891891892,0.0,74,2023-01-02,2023-03-31,8,2,0,45.121932,7.713202,17:08,74,11
