train_class,train_number,train_arrival_stop_name,train_departure_stop_name,stop_name,avg_arrival_delay,median_arrival_delay,count_dates_stop,first_date,last_date,count_3m_delay,count_5m_delay,count_10m_delay,stop_lat,stop_lon,stop_time,count_dates_train,stop_number
REG,11504,ARONA,NOVARA,NOVARA,3.0526315789473686,2.0,76,2023-01-02,2023-03-31,20,8,3,45.451376,8.624895,06:50,76,1
REG,11504,ARONA,NOVARA,VIGNALE,2.84,2.0,75,2023-01-02,2023-03-31,19,9,3,45.478989,8.613132,06:54,76,2
REG,11504,ARONA,NOVARA,BELLINZAGO,4.381578947368421,3.0,76,2023-01-02,2023-03-31,47,20,5,45.566681,8.627652,07:02,76,3
REG,11504,ARONA,NOVARA,OLEGGIO,3.3815789473684212,2.0,76,2023-01-02,2023-03-31,32,14,5,45.598029,8.632586,07:08,76,4
REG,11504,ARONA,NOVARA,MARANO TICINO,3.0,2.0,76,2023-01-02,2023-03-31,29,7,3,45.629485,8.626172,07:17,76,5
REG,11504,ARONA,NOVARA,VARALLO POMBIA,2.6842105263157894,1.0,76,2023-01-02,2023-03-31,22,7,3,45.670032,8.620047,07:22,76,6
REG,11504,ARONA,NOVARA,BORGO TICINO,2.6842105263157894,2.0,76,2023-01-02,2023-03-31,28,11,4,45.691943,8.602483,07:26,76,7
REG,11504,ARONA,NOVARA,DORMELLETTO PAESE,2.8815789473684212,2.0,76,2023-01-02,2023-03-31,22,9,3,45.730032,8.574324,07:32,76,8
REG,11504,ARONA,NOVARA,ARONA,1.25,0.0,76,2023-01-02,2023-03-31,18,7,3,45.755392,8.559075,07:39,76,9
