train_class,train_number,train_arrival_stop_name,train_departure_stop_name,stop_name,avg_arrival_delay,median_arrival_delay,count_dates_stop,first_date,last_date,count_3m_delay,count_5m_delay,count_10m_delay,stop_lat,stop_lon,stop_time,count_dates_train,stop_number
REG,10436,COMO S. GIOVANNI,MOLTENO,MOLTENO,1.6266666666666667,1.0,75,2023-01-02,2023-03-31,14,5,1,45.780939,9.301683,17:35,75,1
REG,10436,COMO S. GIOVANNI,MOLTENO,CASLETTO-ROGENO,1.5866666666666667,1.0,75,2023-01-02,2023-03-31,14,5,1,45.786028,9.275375,17:37,75,2
REG,10436,COMO S. GIOVANNI,MOLTENO,MOIANA,1.4666666666666666,1.0,75,2023-01-02,2023-03-31,11,4,1,45.787082,9.255607,17:40,75,3
REG,10436,COMO S. GIOVANNI,MOLTENO,ALBATE-TRECALLO,1.5675675675675675,1.0,74,2023-01-02,2023-03-31,9,2,1,45.777391,9.095752,18:05,75,4
REG,10436,COMO S. GIOVANNI,MOLTENO,COMO S. GIOVANNI,0.5733333333333334,0.0,75,2023-01-02,2023-03-31,11,5,2,45.808946,9.072331,18:18,75,5
