train_class,train_number,train_arrival_stop_name,train_departure_stop_name,stop_name,avg_arrival_delay,median_arrival_delay,count_dates_stop,first_date,last_date,count_3m_delay,count_5m_delay,count_10m_delay,stop_lat,stop_lon,stop_time,count_dates_train,stop_number
REG,3015,SESTRI LEVANTE,MILANO CENTRALE,MILANO CENTRALE,3.6,2.0,90,2023-01-01,2023-03-31,38,13,4,45.486347,9.204528,07:25,90,1
REG,3015,SESTRI LEVANTE,MILANO CENTRALE,MILANO LAMBRATE,2.466666666666667,1.0,90,2023-01-01,2023-03-31,23,8,4,45.484933,9.237333,07:31,90,2
REG,3015,SESTRI LEVANTE,MILANO CENTRALE,MILANO ROGOREDO,3.5555555555555554,2.0,90,2023-01-01,2023-03-31,40,17,5,45.433866,9.2391,07:36,90,3
REG,3015,SESTRI LEVANTE,MILANO CENTRALE,PAVIA,2.2555555555555555,1.0,90,2023-01-01,2023-03-31,31,21,5,45.188843,9.144674,07:57,90,4
REG,3015,SESTRI LEVANTE,MILANO CENTRALE,VOGHERA,3.2111111111111112,1.0,90,2023-01-01,2023-03-31,31,25,7,44.9978,9.007942,08:14,90,5
REG,3015,SESTRI LEVANTE,MILANO CENTRALE,TORTONA,3.811111111111111,2.0,90,2023-01-01,2023-03-31,39,25,9,44.900126,8.861777,08:25,90,6
REG,3015,SESTRI LEVANTE,MILANO CENTRALE,GENOVA P.PRINCIPE,5.766666666666667,4.0,90,2023-01-01,2023-03-31,53,38,25,44.417784,8.9207,09:08,90,7
REG,3015,SESTRI LEVANTE,MILANO CENTRALE,GENOVA BRIGNOLE,1.7333333333333334,-1.0,90,2023-01-01,2023-03-31,32,26,12,44.407213,8.947553,09:20,90,8
REG,3015,SESTRI LEVANTE,MILANO CENTRALE,GENOVA QUARTO DEI MILLE,4.7,2.0,90,2023-01-01,2023-03-31,41,32,13,44.388607,8.99597,09:29,90,9
REG,3015,SESTRI LEVANTE,MILANO CENTRALE,GENOVA NERVI,3.8555555555555556,1.0,90,2023-01-01,2023-03-31,36,27,13,44.381271,9.039895,09:37,90,10
REG,3015,SESTRI LEVANTE,MILANO CENTRALE,RECCO,0.23333333333333334,-2.0,90,2023-01-01,2023-03-31,18,14,6,44.361215,9.146788,09:49,90,11
REG,3015,SESTRI LEVANTE,MILANO CENTRALE,S. MARGHERITA LIGURE PORTOFINO,2.5,1.0,90,2023-01-01,2023-03-31,23,14,5,44.33676,9.216673,09:58,90,12
REG,3015,SESTRI LEVANTE,MILANO CENTRALE,CHIAVARI,0.7777777777777778,-1.0,90,2023-01-01,2023-03-31,20,14,3,44.315156,9.322464,10:12,90,13
REG,3015,SESTRI LEVANTE,MILANO CENTRALE,SESTRI LEVANTE,-0.6,-2.0,90,2023-01-01,2023-03-31,11,5,3,44.27626,9.397651,10:28,90,14
