train_class,train_number,train_arrival_stop_name,train_departure_stop_name,stop_name,avg_arrival_delay,median_arrival_delay,count_dates_stop,first_date,last_date,count_3m_delay,count_5m_delay,count_10m_delay,stop_lat,stop_lon,stop_time,count_dates_train,stop_number
REG,11645,NOVARA,BIELLA S.PAOLO,BIELLA S.PAOLO,1.0909090909090908,1.0,22,2023-01-01,2023-03-26,1,0,0,45.557334,8.067541,08:04,22,1
REG,11645,NOVARA,BIELLA S.PAOLO,COSSATO,-1.4545454545454546,-2.0,22,2023-01-01,2023-03-26,0,0,0,45.564216,8.175964,08:14,22,2
REG,11645,NOVARA,BIELLA S.PAOLO,ROVASENDA,-0.5454545454545454,-1.0,22,2023-01-01,2023-03-26,0,0,0,45.537291,8.317376,08:25,22,3
REG,11645,NOVARA,BIELLA S.PAOLO,CARPIGNANO SESIA,0.8636363636363636,1.0,22,2023-01-01,2023-03-26,0,0,0,45.528934,8.422898,08:34,22,4
REG,11645,NOVARA,BIELLA S.PAOLO,NOVARA,-2.1363636363636362,-2.0,22,2023-01-01,2023-03-26,0,0,0,45.451376,8.624895,08:53,22,5
