train_class,train_number,train_arrival_stop_name,train_departure_stop_name,stop_name,avg_arrival_delay,median_arrival_delay,count_dates_stop,first_date,last_date,count_3m_delay,count_5m_delay,count_10m_delay,stop_lat,stop_lon,stop_time,count_dates_train,stop_number
REG,24691,TREVIGLIO,NOVARA,NOVARA,1.5625,1.0,64,2023-01-02,2023-03-31,7,4,1,45.451376,8.624895,17:18,64,1
REG,24691,TREVIGLIO,NOVARA,TRECATE,1.65625,1.0,64,2023-01-02,2023-03-31,11,5,1,45.428589,8.739561,17:25,64,2
REG,24691,TREVIGLIO,NOVARA,MAGENTA,2.0625,1.0,64,2023-01-02,2023-03-31,15,6,1,45.468204,8.880633,17:33,64,3
REG,24691,TREVIGLIO,NOVARA,VITTUONE ARLUNO,1.484375,1.0,64,2023-01-02,2023-03-31,14,4,1,45.491054,8.947299,17:41,64,4
REG,24691,TREVIGLIO,NOVARA,RHO,2.40625,2.0,64,2023-01-02,2023-03-31,24,12,1,45.523813,9.043563,17:51,64,5
REG,24691,TREVIGLIO,NOVARA,RHO FIERA MILANO,2.890625,2.0,64,2023-01-02,2023-03-31,30,15,1,45.521157,9.088595,17:55,64,6
REG,24691,TREVIGLIO,NOVARA,MILANO CERTOSA,1.765625,1.0,64,2023-01-02,2023-03-31,19,12,0,45.507019,9.133863,18:01,64,7
REG,24691,TREVIGLIO,NOVARA,MILANO VILLAPIZZONE,3.1875,2.0,64,2023-01-02,2023-03-31,29,16,1,,,18:04,64,8
REG,24691,TREVIGLIO,NOVARA,MILANO LANCETTI,3.890625,3.0,64,2023-01-02,2023-03-31,43,22,1,45.492632,9.175832,18:07,64,9
REG,24691,TREVIGLIO,NOVARA,MI P.GAR.SOTT.,5.71875,5.0,64,2023-01-02,2023-03-31,60,37,7,45.484228,9.185122,18:10,64,10
REG,24691,TREVIGLIO,NOVARA,MILANO REPUBBLICA,5.765625,5.0,64,2023-01-02,2023-03-31,59,37,8,45.479984,9.198861,18:12,64,11
REG,24691,TREVIGLIO,NOVARA,MILANO VENEZIA,6.234375,5.0,64,2023-01-02,2023-03-31,61,40,11,45.471121,9.201889,18:14,64,12
REG,24691,TREVIGLIO,NOVARA,MILANO DATEO,6.078125,5.0,64,2023-01-02,2023-03-31,59,38,12,45.462341,9.209277,18:17,64,13
REG,24691,TREVIGLIO,NOVARA,MILANO PORTA VITTORIA,4.015625,3.0,64,2023-01-02,2023-03-31,38,21,6,45.459579,9.21813,18:21,64,14
REG,24691,TREVIGLIO,NOVARA,MILANO FORLANINI,3.734375,3.0,64,2023-01-02,2023-03-31,37,19,6,,,18:25,64,15
REG,24691,TREVIGLIO,NOVARA,PIOLTELLO LIMITO,2.28125,2.0,64,2023-01-02,2023-03-31,25,17,3,45.486019,9.329319,18:36,64,16
REG,24691,TREVIGLIO,NOVARA,MELZO,2.796875,2.0,64,2023-01-02,2023-03-31,28,17,3,45.502191,9.420653,18:44,64,17
REG,24691,TREVIGLIO,NOVARA,CASSANO D`ADDA,2.796875,2.0,64,2023-01-02,2023-03-31,30,14,3,45.514372,9.512746,18:55,64,18
REG,24691,TREVIGLIO,NOVARA,TREVIGLIO,0.859375,0.0,64,2023-01-02,2023-03-31,14,11,3,45.515063,9.587919,19:05,64,19
