train_class,train_number,train_arrival_stop_name,train_departure_stop_name,stop_name,avg_arrival_delay,median_arrival_delay,count_dates_stop,first_date,last_date,count_3m_delay,count_5m_delay,count_10m_delay,stop_lat,stop_lon,stop_time,count_dates_train,stop_number
REG,4897,SALERNO,CASERTA,CASERTA,1.6842105263157894,1.0,76,2023-01-02,2023-03-31,9,5,2,41.068655,14.328457,06:10,76,1
REG,4897,SALERNO,CASERTA,CANCELLO,-2.9342105263157894,-4.0,76,2023-01-02,2023-03-31,3,1,0,40.993063,14.418877,06:30,76,2
REG,4897,SALERNO,CASERTA,NOLA,3.3289473684210527,2.0,76,2023-01-02,2023-03-31,32,11,3,40.923652,14.525004,06:40,76,3
REG,4897,SALERNO,CASERTA,PALMA S.GENNARO,5.157894736842105,4.0,76,2023-01-02,2023-03-31,53,27,7,40.864149,14.540472,06:47,76,4
REG,4897,SALERNO,CASERTA,SARNO,5.2894736842105265,3.0,76,2023-01-02,2023-03-31,48,28,6,40.813063,14.612442,06:55,76,5
REG,4897,SALERNO,CASERTA,SALERNO,1.855263157894737,2.0,76,2023-01-02,2023-03-31,25,9,3,40.675137,14.772822,07:16,76,6
