train_class,train_number,train_arrival_stop_name,train_departure_stop_name,stop_name,avg_arrival_delay,median_arrival_delay,count_dates_stop,first_date,last_date,count_3m_delay,count_5m_delay,count_10m_delay,stop_lat,stop_lon,stop_time,count_dates_train,stop_number
REG,17223,VENEZIA SANTA LUCIA,VICENZA,VICENZA,3.0317460317460316,2.0,63,2023-01-02,2023-03-31,29,12,2,45.541102,11.540762,17:08,63,1
REG,17223,VENEZIA SANTA LUCIA,VICENZA,GRISIGNANO DI ZOCCO,3.7142857142857144,3.0,63,2023-01-02,2023-03-31,37,14,4,45.48638,11.710762,17:19,63,2
REG,17223,VENEZIA SANTA LUCIA,VICENZA,PADOVA,-3.4761904761904763,-5.0,63,2023-01-02,2023-03-31,4,4,3,45.417846,11.880794,17:39,63,3
REG,17223,VENEZIA SANTA LUCIA,VICENZA,DOLO,1.8253968253968254,1.0,63,2023-01-02,2023-03-31,11,6,4,45.453466,12.07161,17:56,63,4
REG,17223,VENEZIA SANTA LUCIA,VICENZA,VENEZIA MESTRE,-2.5396825396825395,-4.0,63,2023-01-02,2023-03-31,6,4,2,45.482123,12.232069,18:13,63,5
REG,17223,VENEZIA SANTA LUCIA,VICENZA,VENEZIA SANTA LUCIA,0.6666666666666666,0.0,63,2023-01-02,2023-03-31,17,6,1,45.441569,12.320882,18:26,63,6
