train_class,train_number,train_arrival_stop_name,train_departure_stop_name,stop_name,avg_arrival_delay,median_arrival_delay,count_dates_stop,first_date,last_date,count_3m_delay,count_5m_delay,count_10m_delay,stop_lat,stop_lon,stop_time,count_dates_train,stop_number
REG,20030,ROMA TERMINI,ALBANO LAZIALE,ALBANO LAZIALE,1.3289473684210527,1.0,76,2023-01-02,2023-03-31,1,0,0,41.72632,12.658056,18:43,76,1
REG,20030,ROMA TERMINI,ALBANO LAZIALE,VILLETTA,-1.2105263157894737,-1.0,76,2023-01-02,2023-03-31,0,0,0,41.738237,12.649463,18:47,76,2
REG,20030,ROMA TERMINI,ALBANO LAZIALE,CASTEL GANDOLFO,-1.6842105263157894,-2.0,76,2023-01-02,2023-03-31,0,0,0,41.746946,12.652266,18:50,76,3
REG,20030,ROMA TERMINI,ALBANO LAZIALE,MARINO,-1.8026315789473684,-2.0,76,2023-01-02,2023-03-31,0,0,0,41.768961,12.655994,18:58,76,4
REG,20030,ROMA TERMINI,ALBANO LAZIALE,PANTANELLA,5.802631578947368,6.0,76,2023-01-02,2023-03-31,76,60,1,,,19:05,76,5
REG,20030,ROMA TERMINI,ALBANO LAZIALE,SASSONE,5.026315789473684,5.0,76,2023-01-02,2023-03-31,69,52,0,41.783777,12.625832,19:08,76,6
REG,20030,ROMA TERMINI,ALBANO LAZIALE,ACQUA ACETOSA,4.5131578947368425,5.0,76,2023-01-02,2023-03-31,60,45,1,41.794294,12.616449,19:12,76,7
REG,20030,ROMA TERMINI,ALBANO LAZIALE,CIAMPINO,2.210526315789474,3.0,76,2023-01-02,2023-03-31,43,11,0,41.804442,12.599546,19:18,76,8
REG,20030,ROMA TERMINI,ALBANO LAZIALE,CAPANNELLE,3.5526315789473686,4.0,76,2023-01-02,2023-03-31,53,23,2,41.830713,12.568884,19:23,76,9
REG,20030,ROMA TERMINI,ALBANO LAZIALE,ROMA TERMINI,2.5921052631578947,3.0,76,2023-01-02,2023-03-31,39,16,1,41.900636,12.502026,19:34,76,10
