train_class,train_number,train_arrival_stop_name,train_departure_stop_name,stop_name,avg_arrival_delay,median_arrival_delay,count_dates_stop,first_date,last_date,count_3m_delay,count_5m_delay,count_10m_delay,stop_lat,stop_lon,stop_time,count_dates_train,stop_number
REG,23807,SULMONA,L`AQUILA,L`AQUILA,1.421875,1.0,64,2023-01-02,2023-03-31,5,2,0,42.351055,13.384959,11:41,64,1
REG,23807,SULMONA,L`AQUILA,Bazzano (AQ),3.9375,4.0,64,2023-01-02,2023-03-31,62,16,0,,,11:47,64,2
REG,23807,SULMONA,L`AQUILA,PAGANICA,2.03125,2.0,64,2023-01-02,2023-03-31,19,1,0,42.334751,13.464317,11:50,64,3
REG,23807,SULMONA,L`AQUILA,S.DEMETRIO DE` VESTINI,3.126984126984127,3.0,63,2023-01-02,2023-03-31,35,12,1,42.294447,13.536543,12:00,64,4
REG,23807,SULMONA,L`AQUILA,FAGNANO CAMPANA,3.90625,4.0,64,2023-01-02,2023-03-31,44,25,2,42.250575,13.562743,12:07,64,5
REG,23807,SULMONA,L`AQUILA,MOLINA CASTEL VECCHIO SUBAQUEO,-1.328125,-1.0,64,2023-01-02,2023-03-31,5,1,1,42.143476,13.739644,12:30,64,6
REG,23807,SULMONA,L`AQUILA,RAIANO,0.75,0.0,64,2023-01-02,2023-03-31,5,2,1,42.097931,13.80908,12:39,64,7
REG,23807,SULMONA,L`AQUILA,PRATOLA PELIGNA SUPERIORE,-1.4375,-2.0,64,2023-01-02,2023-03-31,1,1,1,42.080415,13.87223,12:45,64,8
REG,23807,SULMONA,L`AQUILA,SULMONA,-1.375,-2.0,64,2023-01-02,2023-03-31,1,1,1,42.060836,13.907156,12:52,64,9
