train_class,train_number,train_arrival_stop_name,train_departure_stop_name,stop_name,avg_arrival_delay,median_arrival_delay,count_dates_stop,first_date,last_date,count_3m_delay,count_5m_delay,count_10m_delay,stop_lat,stop_lon,stop_time,count_dates_train,stop_number
REG,16167,TREVISO C.,VICENZA,VICENZA,1.4266666666666667,1.0,75,2023-01-02,2023-03-31,5,0,0,45.541102,11.540762,08:14,75,1
REG,16167,TREVISO C.,VICENZA,S.PIETRO IN GU`,1.3066666666666666,1.0,75,2023-01-02,2023-03-31,5,0,0,45.605039,11.673157,08:24,75,2
REG,16167,TREVISO C.,VICENZA,CITTADELLA,0.7066666666666667,1.0,75,2023-01-02,2023-03-31,5,0,0,45.643868,11.789857,08:38,75,3
REG,16167,TREVISO C.,VICENZA,CASTELFRANCO VENETO,0.36,0.0,75,2023-01-02,2023-03-31,4,0,0,45.666439,11.934315,08:53,75,4
REG,16167,TREVISO C.,VICENZA,ISTRANA,0.49333333333333335,0.0,75,2023-01-02,2023-03-31,4,2,0,45.676539,12.102781,09:06,75,5
REG,16167,TREVISO C.,VICENZA,TREVISO C.,-1.9066666666666667,-3.0,75,2023-01-02,2023-03-31,2,1,0,45.659608,12.24614,09:22,75,6
