train_class,train_number,train_arrival_stop_name,train_departure_stop_name,stop_name,avg_arrival_delay,median_arrival_delay,count_dates_stop,first_date,last_date,count_3m_delay,count_5m_delay,count_10m_delay,stop_lat,stop_lon,stop_time,count_dates_train,stop_number
REG,17871,BOLOGNA C.LE,POGGIO RUSCO,POGGIO RUSCO,1.3857142857142857,1.0,70,2023-01-09,2023-03-31,1,0,0,44.981859,11.124627,05:30,70,1
REG,17871,BOLOGNA C.LE,POGGIO RUSCO,MIRANDOLA,1.5142857142857142,1.0,70,2023-01-09,2023-03-31,7,1,0,44.891638,11.111689,05:36,70,2
REG,17871,BOLOGNA C.LE,POGGIO RUSCO,S.FELICE SP,1.2571428571428571,1.0,70,2023-01-09,2023-03-31,6,1,0,44.834527,11.140243,05:41,70,3
REG,17871,BOLOGNA C.LE,POGGIO RUSCO,CAMPOSANTO,2.1285714285714286,2.0,70,2023-01-09,2023-03-31,15,1,1,44.787527,11.143587,05:45,70,4
REG,17871,BOLOGNA C.LE,POGGIO RUSCO,CREVALCORE,1.7428571428571429,1.0,70,2023-01-09,2023-03-31,8,2,1,44.719156,11.152625,05:51,70,5
REG,17871,BOLOGNA C.LE,POGGIO RUSCO,SAN GIOVANNI IN PERSICETO,0.9,1.0,70,2023-01-09,2023-03-31,3,2,1,44.643151,11.189444,05:58,70,6
REG,17871,BOLOGNA C.LE,POGGIO RUSCO,OSTERIA NUOVA,0.014285714285714285,-1.0,70,2023-01-09,2023-03-31,3,2,1,44.586613,11.236525,06:04,70,7
REG,17871,BOLOGNA C.LE,POGGIO RUSCO,BOLOGNA C.LE,-1.1571428571428573,-2.0,70,2023-01-09,2023-03-31,4,1,1,44.50626,11.342267,06:20,70,8
