train_class,train_number,train_arrival_stop_name,train_departure_stop_name,stop_name,avg_arrival_delay,median_arrival_delay,count_dates_stop,first_date,last_date,count_3m_delay,count_5m_delay,count_10m_delay,stop_lat,stop_lon,stop_time,count_dates_train,stop_number
REG,24730,MILANO PORTA GARIBALDI,LECCO,LECCO,2.1451612903225805,1.0,62,2023-01-02,2023-03-30,21,5,1,45.856471,9.393638,07:34,62,1
REG,24730,MILANO PORTA GARIBALDI,LECCO,VALMADRERA,2.5,2.0,62,2023-01-02,2023-03-30,25,7,1,45.846439,9.368183,07:38,62,2
REG,24730,MILANO PORTA GARIBALDI,LECCO,CIVATE,3.6774193548387095,3.0,62,2023-01-02,2023-03-30,37,15,4,45.831295,9.352877,07:41,62,3
REG,24730,MILANO PORTA GARIBALDI,LECCO,SALA AL BARRO-GALBIATE,5.67741935483871,5.0,62,2023-01-02,2023-03-30,62,37,5,45.821086,9.359223,07:43,62,4
REG,24730,MILANO PORTA GARIBALDI,LECCO,OGGIONO,3.838709677419355,3.0,62,2023-01-02,2023-03-30,40,13,4,45.788993,9.33748,07:48,62,5
REG,24730,MILANO PORTA GARIBALDI,LECCO,MOLTENO,4.370967741935484,4.0,62,2023-01-02,2023-03-30,49,22,5,45.780939,9.301683,07:52,62,6
REG,24730,MILANO PORTA GARIBALDI,LECCO,COSTA MASNAGA,3.5806451612903225,3.0,62,2023-01-02,2023-03-30,36,10,5,45.76343,9.285231,07:58,62,7
REG,24730,MILANO PORTA GARIBALDI,LECCO,CASSAGO-NIBIONNO-BULCIAGO,4.435483870967742,4.0,62,2023-01-02,2023-03-30,53,23,2,45.746243,9.279834,08:06,62,8
REG,24730,MILANO PORTA GARIBALDI,LECCO,RENATE-VEDUGGIO,3.9516129032258065,3.0,62,2023-01-02,2023-03-30,46,18,1,45.728304,9.279834,08:10,62,9
REG,24730,MILANO PORTA GARIBALDI,LECCO,BESANA,3.9193548387096775,3.0,62,2023-01-02,2023-03-30,47,16,1,45.702824,9.28288,08:15,62,10
REG,24730,MILANO PORTA GARIBALDI,LECCO,VILLA RAVERIO,4.354838709677419,4.0,62,2023-01-02,2023-03-30,53,19,2,45.690418,9.261549,08:19,62,11
REG,24730,MILANO PORTA GARIBALDI,LECCO,CARATE-CALO`,3.7903225806451615,3.0,62,2023-01-02,2023-03-30,44,17,1,45.676451,9.252304,08:22,62,12
REG,24730,MILANO PORTA GARIBALDI,LECCO,TRIUGGIO-PONTE ALBIATE,3.193548387096774,3.0,62,2023-01-02,2023-03-30,39,14,1,45.658956,9.266961,08:26,62,13
REG,24730,MILANO PORTA GARIBALDI,LECCO,VILLASANTA,3.693548387096774,3.0,62,2023-01-02,2023-03-30,39,18,3,45.603434,9.304923,08:39,62,14
REG,24730,MILANO PORTA GARIBALDI,LECCO,MONZA SOBBORGHI,3.9516129032258065,3.0,62,2023-01-02,2023-03-30,37,21,2,45.582082,9.284375,08:49,62,15
REG,24730,MILANO PORTA GARIBALDI,LECCO,MONZA,0.967741935483871,0.0,62,2023-01-02,2023-03-30,13,8,2,45.577789,9.273253,08:54,62,16
REG,24730,MILANO PORTA GARIBALDI,LECCO,SESTO S. GIOVANNI,4.32258064516129,4.0,62,2023-01-02,2023-03-30,44,22,3,45.541087,9.23926,09:00,62,17
REG,24730,MILANO PORTA GARIBALDI,LECCO,MILANO GRECO PIRELLI,4.661290322580645,4.0,62,2023-01-02,2023-03-30,45,26,4,45.51272,9.214456,09:05,62,18
REG,24730,MILANO PORTA GARIBALDI,LECCO,MILANO PORTA GARIBALDI,3.1451612903225805,3.0,62,2023-01-02,2023-03-30,34,15,3,45.484917,9.187683,09:16,62,19
