train_class,train_number,train_arrival_stop_name,train_departure_stop_name,stop_name,avg_arrival_delay,median_arrival_delay,count_dates_stop,first_date,last_date,count_3m_delay,count_5m_delay,count_10m_delay,stop_lat,stop_lon,stop_time,count_dates_train,stop_number
REG,26493,TORINO STURA,ALBA,ALBA,0.21428571428571427,0.0,14,2023-01-01,2023-03-26,1,0,0,44.697713,8.030629,21:07,14,1
REG,26493,TORINO STURA,ALBA,MUSSOTTO,0.21428571428571427,0.0,14,2023-01-01,2023-03-26,1,0,0,44.713227,8.015194,21:10,14,2
REG,26493,TORINO STURA,ALBA,MONTICELLO D`ALBA,0.21428571428571427,0.0,14,2023-01-01,2023-03-26,1,0,0,44.703736,7.965002,21:15,14,3
REG,26493,TORINO STURA,ALBA,S.VITTORIA,0.42857142857142855,0.0,14,2023-01-01,2023-03-26,0,0,0,44.69561,7.916909,21:20,14,4
REG,26493,TORINO STURA,ALBA,BRA,0.35714285714285715,0.0,14,2023-01-01,2023-03-26,0,0,0,44.693556,7.848643,21:29,14,5
REG,26493,TORINO STURA,ALBA,BANDITO,0.6428571428571429,0.0,14,2023-01-01,2023-03-26,1,0,0,44.722075,7.819452,21:36,14,6
REG,26493,TORINO STURA,ALBA,SANFRE`,0.35714285714285715,0.0,14,2023-01-01,2023-03-26,0,0,0,44.74799,7.796793,21:40,14,7
REG,26493,TORINO STURA,ALBA,SOMMARIVA BOSCO,0.21428571428571427,0.0,14,2023-01-01,2023-03-26,1,0,0,44.770754,7.777086,21:44,14,8
REG,26493,TORINO STURA,ALBA,CARMAGNOLA,-0.35714285714285715,-1.0,14,2023-01-01,2023-03-26,1,0,0,44.846944,7.72797,21:53,14,9
REG,26493,TORINO STURA,ALBA,TROFARELLO,1.5,0.0,14,2023-01-01,2023-03-26,4,2,0,44.980471,7.735206,22:06,14,10
REG,26493,TORINO STURA,ALBA,MONCALIERI,0.7857142857142857,-1.0,14,2023-01-01,2023-03-26,4,2,0,44.998187,7.678027,22:11,14,11
REG,26493,TORINO STURA,ALBA,TORINO LINGOTTO,0.5,-1.0,14,2023-01-01,2023-03-26,3,1,0,45.0266,7.657469,22:16,14,12
REG,26493,TORINO STURA,ALBA,TORINO PORTA SUSA,-1.0,-2.0,14,2023-01-01,2023-03-26,1,0,0,45.075906,7.667673,22:24,14,13
REG,26493,TORINO STURA,ALBA,TORINO REBAUDENGO FOSSATA,0.2857142857142857,0.0,14,2023-01-01,2023-03-26,1,0,0,,,22:28,14,14
REG,26493,TORINO STURA,ALBA,TORINO STURA,-0.2857142857142857,-1.0,14,2023-01-01,2023-03-26,0,0,0,45.121932,7.713202,22:33,14,15
