train_class,train_number,train_arrival_stop_name,train_departure_stop_name,stop_name,avg_arrival_delay,median_arrival_delay,count_dates_stop,first_date,last_date,count_3m_delay,count_5m_delay,count_10m_delay,stop_lat,stop_lon,stop_time,count_dates_train,stop_number
REG,26112,CHIERI,SETTIMO,SETTIMO,3.3733333333333335,3.0,75,2023-01-02,2023-03-31,51,22,0,45.139834,7.769335,08:26,75,1
REG,26112,CHIERI,SETTIMO,TORINO STURA,2.28,2.0,75,2023-01-02,2023-03-31,32,14,1,45.121932,7.713202,08:33,75,2
REG,26112,CHIERI,SETTIMO,TORINO REBAUDENGO FOSSATA,3.1066666666666665,3.0,75,2023-01-02,2023-03-31,39,17,2,,,08:37,75,3
REG,26112,CHIERI,SETTIMO,TORINO PORTA SUSA,1.8933333333333333,1.0,75,2023-01-02,2023-03-31,28,12,1,45.075906,7.667673,08:42,75,4
REG,26112,CHIERI,SETTIMO,TORINO LINGOTTO,2.9066666666666667,3.0,75,2023-01-02,2023-03-31,39,18,2,45.0266,7.657469,08:48,75,5
REG,26112,CHIERI,SETTIMO,MONCALIERI,2.28,2.0,75,2023-01-02,2023-03-31,36,15,1,44.998187,7.678027,08:54,75,6
REG,26112,CHIERI,SETTIMO,TROFARELLO,2.36,2.0,75,2023-01-02,2023-03-31,32,9,0,44.980471,7.735206,09:00,75,7
REG,26112,CHIERI,SETTIMO,CHIERI,2.6666666666666665,2.0,75,2023-01-02,2023-03-31,37,8,1,45.007008,7.827077,09:11,75,8
