train_class,train_number,train_arrival_stop_name,train_departure_stop_name,stop_name,avg_arrival_delay,median_arrival_delay,count_dates_stop,first_date,last_date,count_3m_delay,count_5m_delay,count_10m_delay,stop_lat,stop_lon,stop_time,count_dates_train,stop_number
REG,23823,SULMONA,L`AQUILA,L`AQUILA,1.4931506849315068,1.0,73,2023-01-02,2023-03-31,8,2,0,42.351055,13.384959,20:18,73,1
REG,23823,SULMONA,L`AQUILA,PAGANICA,0.7123287671232876,0.0,73,2023-01-02,2023-03-31,7,3,1,42.334751,13.464317,20:25,73,2
REG,23823,SULMONA,L`AQUILA,S.DEMETRIO DE` VESTINI,1.5616438356164384,1.0,73,2023-01-02,2023-03-31,13,3,1,42.294447,13.536543,20:32,73,3
REG,23823,SULMONA,L`AQUILA,MOLINA CASTEL VECCHIO SUBAQUEO,0.7397260273972602,0.0,73,2023-01-02,2023-03-31,16,5,0,42.143476,13.739644,20:55,73,4
REG,23823,SULMONA,L`AQUILA,RAIANO,1.178082191780822,1.0,73,2023-01-02,2023-03-31,17,6,0,42.097931,13.80908,21:04,73,5
REG,23823,SULMONA,L`AQUILA,PRATOLA PELIGNA SUPERIORE,-0.4305555555555556,-1.0,72,2023-01-02,2023-03-31,14,4,0,42.080415,13.87223,21:10,73,6
REG,23823,SULMONA,L`AQUILA,SULMONA,-0.2602739726027397,-1.0,73,2023-01-02,2023-03-31,14,4,0,42.060836,13.907156,21:18,73,7
