train_class,train_number,train_arrival_stop_name,train_departure_stop_name,stop_name,avg_arrival_delay,median_arrival_delay,count_dates_stop,first_date,last_date,count_3m_delay,count_5m_delay,count_10m_delay,stop_lat,stop_lon,stop_time,count_dates_train,stop_number
REG,16741,FELTRE,BELLUNO,BELLUNO,1.3448275862068966,1.0,29,2023-02-27,2023-03-31,0,0,0,46.141594,12.209703,04:34,29,1
REG,16741,FELTRE,BELLUNO,SEDICO BRIBANO,0.4827586206896552,1.0,29,2023-02-27,2023-03-31,0,0,0,46.095424,12.086508,04:45,29,2
REG,16741,FELTRE,BELLUNO,S.GIUSTINA CESIO,0.5172413793103449,1.0,29,2023-02-27,2023-03-31,0,0,0,46.077655,12.04294,04:51,29,3
REG,16741,FELTRE,BELLUNO,FELTRE,1.7586206896551724,2.0,29,2023-02-27,2023-03-31,5,0,0,46.012884,11.911493,05:04,29,4
