train_class,train_number,train_arrival_stop_name,train_departure_stop_name,stop_name,avg_arrival_delay,median_arrival_delay,count_dates_stop,first_date,last_date,count_3m_delay,count_5m_delay,count_10m_delay,stop_lat,stop_lon,stop_time,count_dates_train,stop_number
REG,19923,FOGGIA,TERMOLI,TERMOLI,2.3733333333333335,1.0,75,2023-01-02,2023-03-31,11,4,2,42.000623,14.992805,07:47,75,1
REG,19923,FOGGIA,TERMOLI,CAMPOMARINO,1.92,1.0,75,2023-01-02,2023-03-31,13,5,1,41.957398,15.042416,07:54,75,2
REG,19923,FOGGIA,TERMOLI,CHIEUTI SERRACAPRIOLA,-0.41333333333333333,-2.0,75,2023-01-02,2023-03-31,8,5,2,41.921962,15.156645,08:08,75,3
REG,19923,FOGGIA,TERMOLI,SAN SEVERO,-3.8533333333333335,-5.0,75,2023-01-02,2023-03-31,2,1,1,41.684512,15.392567,08:44,75,4
REG,19923,FOGGIA,TERMOLI,FOGGIA,-1.8666666666666667,-2.0,75,2023-01-02,2023-03-31,2,1,1,41.466,15.555816,09:03,75,5
