train_class,train_number,train_arrival_stop_name,train_departure_stop_name,stop_name,avg_arrival_delay,median_arrival_delay,count_dates_stop,first_date,last_date,count_3m_delay,count_5m_delay,count_10m_delay,stop_lat,stop_lon,stop_time,count_dates_train,stop_number
REG,12745,FORMIA-GAETA,ROMA TERMINI,ROMA TERMINI,1.3333333333333333,0.0,84,2023-01-01,2023-03-31,12,5,1,41.900636,12.502026,19:36,84,1
REG,12745,FORMIA-GAETA,ROMA TERMINI,POMEZIA - S.PALOMBA,2.5595238095238093,2.0,84,2023-01-01,2023-03-31,27,12,2,41.706171,12.573611,19:50,84,2
REG,12745,FORMIA-GAETA,ROMA TERMINI,CAMPOLEONE,0.4880952380952381,-1.0,84,2023-01-01,2023-03-31,11,4,2,41.642396,12.648341,19:59,84,3
REG,12745,FORMIA-GAETA,ROMA TERMINI,CISTERNA DI LATINA,1.4880952380952381,1.0,84,2023-01-01,2023-03-31,18,5,2,41.586511,12.827538,20:08,84,4
REG,12745,FORMIA-GAETA,ROMA TERMINI,LATINA,1.5595238095238095,1.0,84,2023-01-01,2023-03-31,19,8,2,41.538372,12.945888,20:16,84,5
REG,12745,FORMIA-GAETA,ROMA TERMINI,SEZZE ROMANO,1.2619047619047619,0.0,84,2023-01-01,2023-03-31,16,5,3,41.495542,13.038452,20:24,84,6
REG,12745,FORMIA-GAETA,ROMA TERMINI,PRIVERNO FOSSANOVA,-2.642857142857143,-4.0,84,2023-01-01,2023-03-31,4,4,3,41.421853,13.186406,20:40,84,7
REG,12745,FORMIA-GAETA,ROMA TERMINI,MONTE S.BIAGIO,4.654761904761905,3.0,84,2023-01-01,2023-03-31,75,18,5,41.345967,13.347037,20:53,84,8
REG,12745,FORMIA-GAETA,ROMA TERMINI,FONDI - SPERLONGA,4.523809523809524,3.0,84,2023-01-01,2023-03-31,60,18,5,41.337663,13.424893,20:59,84,9
REG,12745,FORMIA-GAETA,ROMA TERMINI,ITRI,4.226190476190476,3.0,84,2023-01-01,2023-03-31,52,20,6,41.271328,13.545549,21:08,84,10
REG,12745,FORMIA-GAETA,ROMA TERMINI,FORMIA-GAETA,-1.0357142857142858,-3.0,84,2023-01-01,2023-03-31,10,9,4,41.258773,13.605996,21:22,84,11
