train_class,train_number,train_arrival_stop_name,train_departure_stop_name,stop_name,avg_arrival_delay,median_arrival_delay,count_dates_stop,first_date,last_date,count_3m_delay,count_5m_delay,count_10m_delay,stop_lat,stop_lon,stop_time,count_dates_train,stop_number
REG,24361,PAVIA,MILANO BOVISA FNM,MILANO BOVISA FNM,4.481481481481482,4.0,81,2023-01-01,2023-03-23,73,29,2,45.502993,9.159235,17:55,81,1
REG,24361,PAVIA,MILANO BOVISA FNM,MILANO LANCETTI,0.38271604938271603,0.0,81,2023-01-01,2023-03-23,12,5,1,45.492632,9.175832,18:00,81,2
REG,24361,PAVIA,MILANO BOVISA FNM,MI P.GAR.SOTT.,3.0617283950617282,2.0,81,2023-01-01,2023-03-23,37,14,1,45.484228,9.185122,18:03,81,3
REG,24361,PAVIA,MILANO BOVISA FNM,MILANO REPUBBLICA,3.1728395061728394,2.0,81,2023-01-01,2023-03-23,37,16,1,45.479984,9.198861,18:05,81,4
REG,24361,PAVIA,MILANO BOVISA FNM,MILANO VENEZIA,3.580246913580247,3.0,81,2023-01-01,2023-03-23,50,20,2,45.471121,9.201889,18:07,81,5
REG,24361,PAVIA,MILANO BOVISA FNM,MILANO DATEO,3.493827160493827,3.0,81,2023-01-01,2023-03-23,48,21,2,45.462341,9.209277,18:10,81,6
REG,24361,PAVIA,MILANO BOVISA FNM,MILANO PORTA VITTORIA,1.2345679012345678,1.0,81,2023-01-01,2023-03-23,18,5,1,45.459579,9.21813,18:14,81,7
REG,24361,PAVIA,MILANO BOVISA FNM,MILANO ROGOREDO,-0.5432098765432098,-1.0,81,2023-01-01,2023-03-23,8,2,1,45.433866,9.2391,18:22,81,8
REG,24361,PAVIA,MILANO BOVISA FNM,LOCATE TRIULZI,3.9875,3.0,80,2023-01-01,2023-03-23,45,28,5,45.35973,9.221398,18:30,81,9
REG,24361,PAVIA,MILANO BOVISA FNM,VILLAMAGGIORE,5.544303797468355,5.0,79,2023-01-01,2023-03-23,71,47,6,45.32045,9.190674,18:37,81,10
REG,24361,PAVIA,MILANO BOVISA FNM,CERTOSA DI PAVIA,4.62962962962963,4.0,81,2023-01-01,2023-03-23,56,35,5,45.256927,9.154456,18:42,81,11
REG,24361,PAVIA,MILANO BOVISA FNM,PAVIA,3.802469135802469,4.0,81,2023-01-01,2023-03-23,46,34,4,45.188843,9.144674,18:51,81,12
