train_class,train_number,train_arrival_stop_name,train_departure_stop_name,stop_name,avg_arrival_delay,median_arrival_delay,count_dates_stop,first_date,last_date,count_3m_delay,count_5m_delay,count_10m_delay,stop_lat,stop_lon,stop_time,count_dates_train,stop_number
REG,21623,GIACHERY,PALERMO NOTARBARTOLO,PALERMO NOTARBARTOLO,0.12,0.0,75,2023-01-02,2023-03-31,1,0,0,38.132261,13.341572,10:37,75,1
REG,21623,GIACHERY,PALERMO NOTARBARTOLO,FEDERICO,-0.4666666666666667,-1.0,75,2023-01-02,2023-03-31,1,0,0,38.144862,13.344966,10:40,75,2
REG,21623,GIACHERY,PALERMO NOTARBARTOLO,FIERA,-1.5866666666666667,-2.0,75,2023-01-02,2023-03-31,0,0,0,38.144004,13.351336,10:43,75,3
REG,21623,GIACHERY,PALERMO NOTARBARTOLO,GIACHERY,-5.706666666666667,-6.0,75,2023-01-02,2023-03-31,0,0,0,38.138135,13.355856,10:51,75,4
