train_class,train_number,train_arrival_stop_name,train_departure_stop_name,stop_name,avg_arrival_delay,median_arrival_delay,count_dates_stop,first_date,last_date,count_3m_delay,count_5m_delay,count_10m_delay,stop_lat,stop_lon,stop_time,count_dates_train,stop_number
REG,12237,LA SPEZIA CENTRALE,SESTRI LEVANTE,SESTRI LEVANTE,3.1923076923076925,2.0,26,2023-01-01,2023-03-26,10,6,1,44.27626,9.397651,17:40,26,1
REG,12237,LA SPEZIA CENTRALE,SESTRI LEVANTE,RIVA TRIGOSO,3.3076923076923075,2.0,26,2023-01-01,2023-03-26,11,7,1,44.26391,9.429277,17:43,26,2
REG,12237,LA SPEZIA CENTRALE,SESTRI LEVANTE,DEIVA MARINA,3.3461538461538463,3.0,26,2023-01-01,2023-03-26,15,5,1,44.217306,9.519022,17:54,26,3
REG,12237,LA SPEZIA CENTRALE,SESTRI LEVANTE,FRAMURA,4.8076923076923075,5.0,26,2023-01-01,2023-03-26,20,14,0,44.201903,9.555169,18:01,26,4
REG,12237,LA SPEZIA CENTRALE,SESTRI LEVANTE,LEVANTO,1.6153846153846154,1.0,26,2023-01-01,2023-03-26,8,3,2,44.174167,9.616018,18:13,26,5
REG,12237,LA SPEZIA CENTRALE,SESTRI LEVANTE,MONTEROSSO,3.5,2.0,26,2023-01-01,2023-03-26,11,4,4,44.145967,9.649009,18:18,26,6
REG,12237,LA SPEZIA CENTRALE,SESTRI LEVANTE,CORNIGLIA,4.615384615384615,3.0,26,2023-01-01,2023-03-26,14,7,4,44.119938,9.711051,18:26,26,7
REG,12237,LA SPEZIA CENTRALE,SESTRI LEVANTE,LA SPEZIA CENTRALE,1.4230769230769231,-1.0,26,2023-01-01,2023-03-26,6,4,3,44.11141,9.813906,18:45,26,8
