train_class,train_number,train_arrival_stop_name,train_departure_stop_name,stop_name,avg_arrival_delay,median_arrival_delay,count_dates_stop,first_date,last_date,count_3m_delay,count_5m_delay,count_10m_delay,stop_lat,stop_lon,stop_time,count_dates_train,stop_number
REG,5704,SALERNO,ARECHI,ARECHI,0.0,0.0,27,2023-01-02,2023-03-30,0,0,0,,,07:35,27,1
REG,5704,SALERNO,ARECHI,PASTENA,1.2962962962962963,1.0,27,2023-01-02,2023-03-30,0,0,0,,,07:48,27,2
REG,5704,SALERNO,ARECHI,TORRIONE,3.2222222222222223,3.0,27,2023-01-02,2023-03-30,26,0,0,,,07:51,27,3
REG,5704,SALERNO,ARECHI,SALERNO,-0.18518518518518517,-1.0,27,2023-01-02,2023-03-30,3,1,0,40.675137,14.772822,07:56,27,4
