train_class,train_number,train_arrival_stop_name,train_departure_stop_name,stop_name,avg_arrival_delay,median_arrival_delay,count_dates_stop,first_date,last_date,count_3m_delay,count_5m_delay,count_10m_delay,stop_lat,stop_lon,stop_time,count_dates_train,stop_number
REG,22630,TREVIGLIO,BERGAMO,BERGAMO,1.2840909090909092,1.0,88,2023-01-01,2023-03-31,9,3,0,45.690271,9.675082,09:20,88,1
REG,22630,TREVIGLIO,BERGAMO,VERDELLO DALMINE,1.6704545454545454,1.0,88,2023-01-01,2023-03-31,21,6,0,45.605715,9.619797,09:32,88,2
REG,22630,TREVIGLIO,BERGAMO,TREVIGLIO OVEST,1.3409090909090908,1.0,88,2023-01-01,2023-03-31,21,7,0,45.521762,9.580281,09:42,88,3
REG,22630,TREVIGLIO,BERGAMO,TREVIGLIO,-1.875,-2.0,88,2023-01-01,2023-03-31,5,1,0,45.515063,9.587919,09:50,88,4
