train_class,train_number,train_arrival_stop_name,train_departure_stop_name,stop_name,avg_arrival_delay,median_arrival_delay,count_dates_stop,first_date,last_date,count_3m_delay,count_5m_delay,count_10m_delay,stop_lat,stop_lon,stop_time,count_dates_train,stop_number
REG,34453,SARONNO,SEREGNO,SEREGNO,0.0,0.0,13,2023-01-01,2023-03-26,0,0,0,45.64601,9.20285,15:31,13,1
REG,34453,SARONNO,SEREGNO,BARRUCCANA,0.0,0.0,13,2023-01-01,2023-03-26,0,0,0,,,15:35,13,2
REG,34453,SARONNO,SEREGNO,CESANO MADERNO,0.0,0.0,13,2023-01-01,2023-03-26,0,0,0,,,15:38,13,3
REG,34453,SARONNO,SEREGNO,GROANE,0.0,0.0,13,2023-01-01,2023-03-26,0,0,0,,,15:44,13,4
REG,34453,SARONNO,SEREGNO,SARONNO SUD,0.0,0.0,13,2023-01-01,2023-03-26,0,0,0,,,15:51,13,5
REG,34453,SARONNO,SEREGNO,SARONNO,0.0,0.0,13,2023-01-01,2023-03-26,0,0,0,45.625309,9.030839,15:54,13,6
