train_class,train_number,train_arrival_stop_name,train_departure_stop_name,stop_name,avg_arrival_delay,median_arrival_delay,count_dates_stop,first_date,last_date,count_3m_delay,count_5m_delay,count_10m_delay,stop_lat,stop_lon,stop_time,count_dates_train,stop_number
REG,24313,PAVIA,MILANO BOVISA FNM,MILANO BOVISA FNM,4.1688311688311686,3.0,77,2023-01-01,2023-03-23,64,16,3,45.502993,9.159235,05:55,77,1
REG,24313,PAVIA,MILANO BOVISA FNM,MILANO LANCETTI,-0.13157894736842105,-1.0,76,2023-01-01,2023-03-23,10,4,2,45.492632,9.175832,06:00,77,2
REG,24313,PAVIA,MILANO BOVISA FNM,MI P.GAR.SOTT.,3.6184210526315788,3.0,76,2023-01-01,2023-03-23,42,17,3,45.484228,9.185122,06:03,77,3
REG,24313,PAVIA,MILANO BOVISA FNM,MILANO REPUBBLICA,3.6578947368421053,3.0,76,2023-01-01,2023-03-23,41,18,3,45.479984,9.198861,06:05,77,4
REG,24313,PAVIA,MILANO BOVISA FNM,MILANO VENEZIA,3.961038961038961,3.0,77,2023-01-01,2023-03-23,47,22,4,45.471121,9.201889,06:07,77,5
REG,24313,PAVIA,MILANO BOVISA FNM,MILANO DATEO,3.987012987012987,3.0,77,2023-01-01,2023-03-23,50,21,4,45.462341,9.209277,06:10,77,6
REG,24313,PAVIA,MILANO BOVISA FNM,MILANO PORTA VITTORIA,1.7402597402597402,1.0,77,2023-01-01,2023-03-23,20,14,3,45.459579,9.21813,06:14,77,7
REG,24313,PAVIA,MILANO BOVISA FNM,MILANO ROGOREDO,-0.19480519480519481,-1.0,77,2023-01-01,2023-03-23,13,5,2,45.433866,9.2391,06:22,77,8
REG,24313,PAVIA,MILANO BOVISA FNM,LOCATE TRIULZI,3.3947368421052633,2.0,76,2023-01-01,2023-03-23,35,14,4,45.35973,9.221398,06:30,77,9
REG,24313,PAVIA,MILANO BOVISA FNM,VILLAMAGGIORE,4.973684210526316,4.0,76,2023-01-01,2023-03-23,64,29,7,45.32045,9.190674,06:37,77,10
REG,24313,PAVIA,MILANO BOVISA FNM,CERTOSA DI PAVIA,4.0,3.0,77,2023-01-01,2023-03-23,44,22,5,45.256927,9.154456,06:42,77,11
REG,24313,PAVIA,MILANO BOVISA FNM,PAVIA,2.2987012987012987,1.0,77,2023-01-01,2023-03-23,24,15,4,45.188843,9.144674,06:51,77,12
