train_class,train_number,train_arrival_stop_name,train_departure_stop_name,stop_name,avg_arrival_delay,median_arrival_delay,count_dates_stop,first_date,last_date,count_3m_delay,count_5m_delay,count_10m_delay,stop_lat,stop_lon,stop_time,count_dates_train,stop_number
REG,19673,PESCARA,TERAMO,TERAMO,1.7333333333333334,2.0,75,2023-01-02,2023-03-31,7,1,0,42.660551,13.715882,14:47,75,1
REG,19673,PESCARA,TERAMO,NEPEZZANO-PIANO D'ACCIO,4.493333333333333,4.0,75,2023-01-02,2023-03-31,75,27,1,,,14:50,75,2
REG,19673,PESCARA,TERAMO,CASTELLALTO CANZANO,1.3066666666666666,1.0,75,2023-01-02,2023-03-31,7,1,0,42.69564,13.793043,14:54,75,3
REG,19673,PESCARA,TERAMO,MOSCIANO S. ANGELO,0.26666666666666666,0.0,75,2023-01-02,2023-03-31,5,0,0,42.710309,13.908563,15:03,75,4
REG,19673,PESCARA,TERAMO,GIULIANOVA,0.25333333333333335,0.0,75,2023-01-02,2023-03-31,5,0,0,42.751673,13.965743,15:11,75,5
REG,19673,PESCARA,TERAMO,ROSETO DEGLI ABRUZZI,3.081081081081081,2.0,74,2023-01-02,2023-03-31,27,16,1,42.677852,14.01535,15:32,75,6
REG,19673,PESCARA,TERAMO,PINETO ATRI,3.1733333333333333,2.0,75,2023-01-02,2023-03-31,33,23,4,42.607736,14.069072,15:41,75,7
REG,19673,PESCARA,TERAMO,SILVI,3.8933333333333335,4.0,75,2023-01-02,2023-03-31,42,37,13,42.55911,14.110365,15:48,75,8
REG,19673,PESCARA,TERAMO,MONTESILVANO,-1.0533333333333332,-2.0,75,2023-01-02,2023-03-31,16,10,2,42.515766,14.152567,15:58,75,9
REG,19673,PESCARA,TERAMO,PESCARA,2.546666666666667,2.0,75,2023-01-02,2023-03-31,31,9,2,42.467789,14.205066,16:05,75,10
