train_class,train_number,train_arrival_stop_name,train_departure_stop_name,stop_name,avg_arrival_delay,median_arrival_delay,count_dates_stop,first_date,last_date,count_3m_delay,count_5m_delay,count_10m_delay,stop_lat,stop_lon,stop_time,count_dates_train,stop_number
REG,22618,TREVIGLIO,BERGAMO,BERGAMO,1.1363636363636365,1.0,88,2023-01-01,2023-03-31,6,3,0,45.690271,9.675082,06:20,88,1
REG,22618,TREVIGLIO,BERGAMO,VERDELLO DALMINE,1.6704545454545454,1.0,88,2023-01-01,2023-03-31,17,2,0,45.605715,9.619797,06:32,88,2
REG,22618,TREVIGLIO,BERGAMO,TREVIGLIO OVEST,1.75,2.0,88,2023-01-01,2023-03-31,27,7,0,45.521762,9.580281,06:42,88,3
REG,22618,TREVIGLIO,BERGAMO,TREVIGLIO,-1.6022727272727273,-2.0,88,2023-01-01,2023-03-31,4,0,0,45.515063,9.587919,06:50,88,4
