train_class,train_number,train_arrival_stop_name,train_departure_stop_name,stop_name,avg_arrival_delay,median_arrival_delay,count_dates_stop,first_date,last_date,count_3m_delay,count_5m_delay,count_10m_delay,stop_lat,stop_lon,stop_time,count_dates_train,stop_number
REG,24719,MOLTENO,MONZA,MONZA,0.84,1.0,75,2023-01-02,2023-03-30,5,1,0,45.577789,9.273253,07:07,75,1
REG,24719,MOLTENO,MONZA,MONZA SOBBORGHI,0.6666666666666666,1.0,75,2023-01-02,2023-03-30,3,1,0,45.582082,9.284375,07:10,75,2
REG,24719,MOLTENO,MONZA,VILLASANTA,-0.26666666666666666,-1.0,75,2023-01-02,2023-03-30,2,1,0,45.603434,9.304923,07:15,75,3
REG,24719,MOLTENO,MONZA,TRIUGGIO-PONTE ALBIATE,2.12,2.0,75,2023-01-02,2023-03-30,30,6,0,45.658956,9.266961,07:33,75,4
REG,24719,MOLTENO,MONZA,CARATE-CALO`,3.3733333333333335,3.0,75,2023-01-02,2023-03-30,50,17,0,45.676451,9.252304,07:36,75,5
REG,24719,MOLTENO,MONZA,VILLA RAVERIO,2.493333333333333,2.0,75,2023-01-02,2023-03-30,31,10,0,45.690418,9.261549,07:40,75,6
REG,24719,MOLTENO,MONZA,BESANA,3.533333333333333,3.0,75,2023-01-02,2023-03-30,50,22,0,45.702824,9.28288,07:44,75,7
REG,24719,MOLTENO,MONZA,RENATE-VEDUGGIO,3.6533333333333333,4.0,75,2023-01-02,2023-03-30,50,24,0,45.728304,9.279834,07:53,75,8
REG,24719,MOLTENO,MONZA,CASSAGO-NIBIONNO-BULCIAGO,3.6533333333333333,4.0,75,2023-01-02,2023-03-30,50,24,0,45.746243,9.279834,07:56,75,9
REG,24719,MOLTENO,MONZA,COSTA MASNAGA,3.506666666666667,4.0,75,2023-01-02,2023-03-30,51,24,0,45.76343,9.285231,08:01,75,10
REG,24719,MOLTENO,MONZA,MOLTENO,3.04,3.0,75,2023-01-02,2023-03-30,45,16,1,45.780939,9.301683,08:07,75,11
