train_class,train_number,train_arrival_stop_name,train_departure_stop_name,stop_name,avg_arrival_delay,median_arrival_delay,count_dates_stop,first_date,last_date,count_3m_delay,count_5m_delay,count_10m_delay,stop_lat,stop_lon,stop_time,count_dates_train,stop_number
REG,19346,LA SPEZIA CENTRALE,PISA CENTRALE,PISA CENTRALE,2.477777777777778,1.0,90,2023-01-01,2023-03-31,25,12,4,43.70794,10.398183,12:34,90,1
REG,19346,LA SPEZIA CENTRALE,PISA CENTRALE,PISA SAN ROSSORE,1.5666666666666667,1.0,90,2023-01-01,2023-03-31,20,10,4,43.723702,10.387363,12:39,90,2
REG,19346,LA SPEZIA CENTRALE,PISA CENTRALE,TORRE DEL LAGO PUCCINI,2.9,2.0,90,2023-01-01,2023-03-31,35,20,5,43.826501,10.290287,12:48,90,3
REG,19346,LA SPEZIA CENTRALE,PISA CENTRALE,VIAREGGIO,4.155555555555556,3.0,90,2023-01-01,2023-03-31,55,31,6,43.865947,10.257886,12:53,90,4
REG,19346,LA SPEZIA CENTRALE,PISA CENTRALE,PIETRASANTA,3.6666666666666665,3.0,90,2023-01-01,2023-03-31,47,26,6,43.95583,10.229731,13:00,90,5
REG,19346,LA SPEZIA CENTRALE,PISA CENTRALE,FORTE DEI MARMI SERRAVEZZA Q.,4.144444444444445,4.0,90,2023-01-01,2023-03-31,57,30,6,43.97777,10.19936,13:04,90,6
REG,19346,LA SPEZIA CENTRALE,PISA CENTRALE,MASSA CENTRO,3.2333333333333334,3.0,90,2023-01-01,2023-03-31,46,26,5,44.023741,10.136041,13:11,90,7
REG,19346,LA SPEZIA CENTRALE,PISA CENTRALE,SARZANA,2.533333333333333,2.0,90,2023-01-01,2023-03-31,35,22,5,44.108865,9.960657,13:25,90,8
REG,19346,LA SPEZIA CENTRALE,PISA CENTRALE,LA SPEZIA CENTRALE,1.711111111111111,1.0,90,2023-01-01,2023-03-31,26,11,3,44.11141,9.813906,13:41,90,9
