train_class,train_number,train_arrival_stop_name,train_departure_stop_name,stop_name,avg_arrival_delay,median_arrival_delay,count_dates_stop,first_date,last_date,count_3m_delay,count_5m_delay,count_10m_delay,stop_lat,stop_lon,stop_time,count_dates_train,stop_number
REG,16256,CONEGLIANO,BELLUNO,BELLUNO,1.5,1.0,14,2023-01-01,2023-03-26,1,0,0,46.141594,12.209703,16:20,14,1
REG,16256,CONEGLIANO,BELLUNO,PONTE NELLE ALPI POLPET,1.5,1.0,14,2023-01-01,2023-03-26,2,0,0,46.182328,12.277604,16:28,14,2
REG,16256,CONEGLIANO,BELLUNO,STAZIONE PER L`ALPAGO,1.9285714285714286,2.0,14,2023-01-01,2023-03-26,2,0,0,46.137574,12.316066,16:40,14,3
REG,16256,CONEGLIANO,BELLUNO,VITTORIO VENETO,0.42857142857142855,0.0,14,2023-01-01,2023-03-26,1,0,0,45.989946,12.29327,17:00,14,4
REG,16256,CONEGLIANO,BELLUNO,SOFFRATTA,0.0,0.0,14,2023-01-01,2023-03-26,1,0,0,45.976377,12.299346,17:04,14,5
REG,16256,CONEGLIANO,BELLUNO,CONEGLIANO,-1.7142857142857142,-2.0,14,2023-01-01,2023-03-26,0,0,0,45.884706,12.298909,17:18,14,6
