train_class,train_number,train_arrival_stop_name,train_departure_stop_name,stop_name,avg_arrival_delay,median_arrival_delay,count_dates_stop,first_date,last_date,count_3m_delay,count_5m_delay,count_10m_delay,stop_lat,stop_lon,stop_time,count_dates_train,stop_number
REG,21909,VILLA SAN GIOVANNI,MELITO DI PORTO SALVO,MELITO DI PORTO SALVO,1.255813953488372,1.0,86,2023-01-01,2023-03-31,2,0,0,37.916732,15.780816,06:35,86,1
REG,21909,VILLA SAN GIOVANNI,MELITO DI PORTO SALVO,SALINE DI REGGIO,0.7325581395348837,1.0,86,2023-01-01,2023-03-31,0,0,0,37.938677,15.710664,06:41,86,2
REG,21909,VILLA SAN GIOVANNI,MELITO DI PORTO SALVO,REGGIO DI CALABRIA PELLARO,0.36046511627906974,0.0,86,2023-01-01,2023-03-31,6,1,0,38.02561,15.650064,06:54,86,3
REG,21909,VILLA SAN GIOVANNI,MELITO DI PORTO SALVO,REGGIO DI CALABRIA S.GREGORIO,0.8470588235294118,1.0,85,2023-01-01,2023-03-31,5,1,0,38.061274,15.652053,06:58,86,4
REG,21909,VILLA SAN GIOVANNI,MELITO DI PORTO SALVO,REGGIO CALABRIA CENTRALE,0.13095238095238096,0.0,84,2023-01-01,2023-03-31,4,3,0,38.103884,15.635844,07:10,86,5
REG,21909,VILLA SAN GIOVANNI,MELITO DI PORTO SALVO,REGGIO DI CALABRIA GALLICO,-0.9302325581395349,-1.0,86,2023-01-01,2023-03-31,3,1,0,38.165235,15.650716,07:29,86,6
REG,21909,VILLA SAN GIOVANNI,MELITO DI PORTO SALVO,VILLA SAN GIOVANNI,1.6046511627906976,2.0,86,2023-01-01,2023-03-31,17,0,0,38.216638,15.634336,07:46,86,7
