train_class,train_number,train_arrival_stop_name,train_departure_stop_name,stop_name,avg_arrival_delay,median_arrival_delay,count_dates_stop,first_date,last_date,count_3m_delay,count_5m_delay,count_10m_delay,stop_lat,stop_lon,stop_time,count_dates_train,stop_number
REG,4248,PESARO,ANCONA,ANCONA,3.6153846153846154,2.0,13,2023-01-01,2023-03-26,5,4,2,43.607734,13.497665,17:45,13,1
REG,4248,PESARO,ANCONA,FALCONARA MARITTIMA,1.6923076923076923,0.0,13,2023-01-01,2023-03-26,4,2,0,43.630577,13.397378,17:56,13,2
REG,4248,PESARO,ANCONA,MONTEMARCIANO,2.0,1.0,13,2023-01-01,2023-03-26,4,2,0,43.651397,13.346478,18:01,13,3
REG,4248,PESARO,ANCONA,SENIGALLIA,2.4615384615384617,2.0,13,2023-01-01,2023-03-26,4,3,0,43.716277,13.221652,18:11,13,4
REG,4248,PESARO,ANCONA,MAROTTA MONDOLFO,3.5384615384615383,3.0,13,2023-01-01,2023-03-26,7,4,1,43.769748,13.137273,18:17,13,5
REG,4248,PESARO,ANCONA,FANO,2.6923076923076925,2.0,13,2023-01-01,2023-03-26,6,4,0,43.842977,13.02478,18:25,13,6
REG,4248,PESARO,ANCONA,PESARO,4.384615384615385,4.0,13,2023-01-01,2023-03-26,10,5,1,43.906014,12.904848,18:34,13,7
