train_class,train_number,train_arrival_stop_name,train_departure_stop_name,stop_name,avg_arrival_delay,median_arrival_delay,count_dates_stop,first_date,last_date,count_3m_delay,count_5m_delay,count_10m_delay,stop_lat,stop_lon,stop_time,count_dates_train,stop_number
REG,11417,NOVARA,DOMODOSSOLA,DOMODOSSOLA,2.3333333333333335,2.0,90,2023-01-01,2023-03-31,15,3,2,46.115429,8.296684,06:48,90,1
REG,11417,NOVARA,DOMODOSSOLA,VILLADOSSOLA,1.8666666666666667,1.0,90,2023-01-01,2023-03-31,17,4,2,46.064151,8.264675,06:53,90,2
REG,11417,NOVARA,DOMODOSSOLA,PALLANZENO,2.651685393258427,2.0,89,2023-01-01,2023-03-31,28,9,2,46.043533,8.260645,06:56,90,3
REG,11417,NOVARA,DOMODOSSOLA,PIEDIMULERA,2.2111111111111112,1.0,90,2023-01-01,2023-03-31,19,9,2,46.024348,8.261237,07:00,90,4
REG,11417,NOVARA,DOMODOSSOLA,PIEVE VERGONTE,-1.2444444444444445,-2.0,90,2023-01-01,2023-03-31,8,3,2,46.009783,8.276298,07:05,90,5
REG,11417,NOVARA,DOMODOSSOLA,VOGOGNA OSSOLA,1.4222222222222223,1.0,90,2023-01-01,2023-03-31,9,3,2,46.005883,8.294664,07:08,90,6
REG,11417,NOVARA,DOMODOSSOLA,PREMOSELLO CHIOVENDA,-3.1,-4.0,90,2023-01-01,2023-03-31,2,2,2,46.002188,8.326649,07:15,90,7
REG,11417,NOVARA,DOMODOSSOLA,ORNAVASSO,4.588888888888889,4.0,90,2023-01-01,2023-03-31,65,40,5,45.970296,8.415892,07:28,90,8
REG,11417,NOVARA,DOMODOSSOLA,GRAVELLONA TOCE,2.8222222222222224,2.0,90,2023-01-01,2023-03-31,45,23,1,45.934051,8.428346,07:33,90,9
REG,11417,NOVARA,DOMODOSSOLA,OMEGNA CRUSINALLO,2.588888888888889,2.0,90,2023-01-01,2023-03-31,35,12,1,45.898138,8.413929,07:41,90,10
REG,11417,NOVARA,DOMODOSSOLA,OMEGNA,-0.3,-2.0,90,2023-01-01,2023-03-31,12,8,1,45.87179,8.413291,07:47,90,11
REG,11417,NOVARA,DOMODOSSOLA,PETTENASCO,3.2333333333333334,3.0,90,2023-01-01,2023-03-31,47,18,2,45.820498,8.406802,07:58,90,12
REG,11417,NOVARA,DOMODOSSOLA,ORTA MIASINO,1.0666666666666667,1.0,90,2023-01-01,2023-03-31,16,7,0,45.795865,8.421217,08:03,90,13
REG,11417,NOVARA,DOMODOSSOLA,GOZZANO,1.5888888888888888,1.0,90,2023-01-01,2023-03-31,16,8,0,45.741039,8.438726,08:09,90,14
REG,11417,NOVARA,DOMODOSSOLA,BORGOMANERO,2.033333333333333,2.0,90,2023-01-01,2023-03-31,22,10,0,45.701054,8.468093,08:14,90,15
REG,11417,NOVARA,DOMODOSSOLA,CRESSA FONTANETO,2.8777777777777778,2.0,90,2023-01-01,2023-03-31,34,15,2,45.646331,8.498435,08:19,90,16
REG,11417,NOVARA,DOMODOSSOLA,MOMO,3.311111111111111,3.0,90,2023-01-01,2023-03-31,46,17,2,45.574646,8.55689,08:25,90,17
REG,11417,NOVARA,DOMODOSSOLA,CALTIGNAGA,0.9444444444444444,0.0,90,2023-01-01,2023-03-31,16,7,1,45.519167,8.591602,08:32,90,18
REG,11417,NOVARA,DOMODOSSOLA,NOVARA,1.1333333333333333,1.0,90,2023-01-01,2023-03-31,16,7,3,45.451376,8.624895,08:43,90,19
