train_class,train_number,train_arrival_stop_name,train_departure_stop_name,stop_name,avg_arrival_delay,median_arrival_delay,count_dates_stop,first_date,last_date,count_3m_delay,count_5m_delay,count_10m_delay,stop_lat,stop_lon,stop_time,count_dates_train,stop_number
REG,24664,NOVARA,PIOLTELLO LIMITO,PIOLTELLO LIMITO,2.28,2.0,25,2023-01-01,2023-03-26,6,1,0,45.486019,9.329319,18:23,25,1
REG,24664,NOVARA,PIOLTELLO LIMITO,MILANO FORLANINI,2.44,2.0,25,2023-01-01,2023-03-26,10,1,0,,,18:32,25,2
REG,24664,NOVARA,PIOLTELLO LIMITO,MILANO PORTA VITTORIA,-0.48,-1.0,25,2023-01-01,2023-03-26,2,0,0,45.459579,9.21813,18:37,25,3
REG,24664,NOVARA,PIOLTELLO LIMITO,MILANO DATEO,1.08,1.0,25,2023-01-01,2023-03-26,2,0,0,45.462341,9.209277,18:40,25,4
REG,24664,NOVARA,PIOLTELLO LIMITO,MILANO VENEZIA,1.16,1.0,25,2023-01-01,2023-03-26,3,0,0,45.471121,9.201889,18:43,25,5
REG,24664,NOVARA,PIOLTELLO LIMITO,MILANO REPUBBLICA,1.64,1.0,25,2023-01-01,2023-03-26,5,0,0,45.479984,9.198861,18:45,25,6
REG,24664,NOVARA,PIOLTELLO LIMITO,MI P.GAR.SOTT.,2.04,2.0,25,2023-01-01,2023-03-26,9,0,0,45.484228,9.185122,18:48,25,7
REG,24664,NOVARA,PIOLTELLO LIMITO,MILANO LANCETTI,0.24,0.0,25,2023-01-01,2023-03-26,0,0,0,45.492632,9.175832,18:51,25,8
REG,24664,NOVARA,PIOLTELLO LIMITO,MILANO VILLAPIZZONE,2.64,3.0,25,2023-01-01,2023-03-26,13,1,0,,,18:54,25,9
REG,24664,NOVARA,PIOLTELLO LIMITO,MILANO CERTOSA,2.28,2.0,25,2023-01-01,2023-03-26,11,2,0,45.507019,9.133863,18:57,25,10
REG,24664,NOVARA,PIOLTELLO LIMITO,RHO FIERA MILANO,2.44,3.0,25,2023-01-01,2023-03-26,13,2,0,45.521157,9.088595,19:01,25,11
REG,24664,NOVARA,PIOLTELLO LIMITO,RHO,2.0,2.0,25,2023-01-01,2023-03-26,7,2,0,45.523813,9.043563,19:06,25,12
REG,24664,NOVARA,PIOLTELLO LIMITO,VITTUONE ARLUNO,2.8,3.0,25,2023-01-01,2023-03-26,14,3,0,45.491054,8.947299,19:15,25,13
REG,24664,NOVARA,PIOLTELLO LIMITO,MAGENTA,0.76,1.0,25,2023-01-01,2023-03-26,4,0,0,45.468204,8.880633,19:24,25,14
REG,24664,NOVARA,PIOLTELLO LIMITO,TRECATE,1.16,1.0,25,2023-01-01,2023-03-26,5,1,0,45.428589,8.739561,19:32,25,15
REG,24664,NOVARA,PIOLTELLO LIMITO,NOVARA,0.84,1.0,25,2023-01-01,2023-03-26,4,1,0,45.451376,8.624895,19:42,25,16
