train_class,train_number,train_arrival_stop_name,train_departure_stop_name,stop_name,avg_arrival_delay,median_arrival_delay,count_dates_stop,first_date,last_date,count_3m_delay,count_5m_delay,count_10m_delay,stop_lat,stop_lon,stop_time,count_dates_train,stop_number
REG,12838,VITERBO PORTA FIORENTINA,ROMA TIBURTINA,ROMA TIBURTINA,2.0,1.0,82,2023-01-01,2023-03-31,12,6,3,41.910903,12.530749,19:38,82,1
REG,12838,VITERBO PORTA FIORENTINA,ROMA TIBURTINA,ROMA TUSCOLANA,0.6875,0.0,80,2023-01-01,2023-03-31,9,4,2,41.879384,12.523505,19:43,82,2
REG,12838,VITERBO PORTA FIORENTINA,ROMA TIBURTINA,ROMA OSTIENSE,0.012195121951219513,-1.0,82,2023-01-01,2023-03-31,10,4,2,41.87265,12.483917,19:51,82,3
REG,12838,VITERBO PORTA FIORENTINA,ROMA TIBURTINA,ROMA TRASTEVERE,1.4390243902439024,1.0,82,2023-01-01,2023-03-31,12,5,2,41.872279,12.466162,19:55,82,4
REG,12838,VITERBO PORTA FIORENTINA,ROMA TIBURTINA,QUATTRO VENTI,2.1097560975609757,1.0,82,2023-01-01,2023-03-31,15,6,3,41.880145,12.459731,19:58,82,5
REG,12838,VITERBO PORTA FIORENTINA,ROMA TIBURTINA,ROMA S.PIETRO,0.8780487804878049,0.0,82,2023-01-01,2023-03-31,9,6,2,41.896143,12.454497,20:02,82,6
REG,12838,VITERBO PORTA FIORENTINA,ROMA TIBURTINA,VALLE AURELIA,4.609756097560975,4.0,82,2023-01-01,2023-03-31,82,22,3,41.899356,12.447667,20:05,82,7
REG,12838,VITERBO PORTA FIORENTINA,ROMA TIBURTINA,APPIANO,2.0121951219512195,1.0,82,2023-01-01,2023-03-31,15,7,2,41.909342,12.43838,20:09,82,8
REG,12838,VITERBO PORTA FIORENTINA,ROMA TIBURTINA,ROMA BALDUINA,1.4024390243902438,1.0,82,2023-01-01,2023-03-31,13,5,2,,,20:11,82,9
REG,12838,VITERBO PORTA FIORENTINA,ROMA TIBURTINA,GEMELLI,3.0853658536585367,2.0,82,2023-01-01,2023-03-31,38,9,2,41.927813,12.427797,20:14,82,10
REG,12838,VITERBO PORTA FIORENTINA,ROMA TIBURTINA,ROMA MONTE MARIO,1.6829268292682926,1.0,82,2023-01-01,2023-03-31,15,7,2,41.939088,12.421732,20:17,82,11
REG,12838,VITERBO PORTA FIORENTINA,ROMA TIBURTINA,ROMA S.FILIPPO NERI,1.1097560975609757,1.0,82,2023-01-01,2023-03-31,10,6,2,41.950262,12.412414,20:20,82,12
REG,12838,VITERBO PORTA FIORENTINA,ROMA TIBURTINA,OTTAVIA,2.2195121951219514,1.0,82,2023-01-01,2023-03-31,21,7,2,,,20:23,82,13
REG,12838,VITERBO PORTA FIORENTINA,ROMA TIBURTINA,IPOGEO DEGLI OTTAVI,1.7439024390243902,1.0,82,2023-01-01,2023-03-31,12,7,2,41.968391,12.409026,20:26,82,14
REG,12838,VITERBO PORTA FIORENTINA,ROMA TIBURTINA,LA GIUSTINIANA,2.0609756097560976,1.0,82,2023-01-01,2023-03-31,18,7,3,41.985243,12.403457,20:29,82,15
REG,12838,VITERBO PORTA FIORENTINA,ROMA TIBURTINA,LA STORTA,1.7439024390243902,1.0,82,2023-01-01,2023-03-31,17,6,3,42.001748,12.381254,20:33,82,16
REG,12838,VITERBO PORTA FIORENTINA,ROMA TIBURTINA,OLGIATA,3.7195121951219514,3.0,82,2023-01-01,2023-03-31,53,18,3,42.01538,12.363864,20:36,82,17
REG,12838,VITERBO PORTA FIORENTINA,ROMA TIBURTINA,CESANO DI ROMA,2.573170731707317,2.0,82,2023-01-01,2023-03-31,28,13,2,42.061833,12.326669,20:42,82,18
REG,12838,VITERBO PORTA FIORENTINA,ROMA TIBURTINA,ANGUILLARA,2.5853658536585367,2.0,82,2023-01-01,2023-03-31,29,13,1,42.068133,12.304978,20:47,82,19
REG,12838,VITERBO PORTA FIORENTINA,ROMA TIBURTINA,BRACCIANO,2.926829268292683,2.0,82,2023-01-01,2023-03-31,38,12,1,42.103667,12.173023,20:59,82,20
REG,12838,VITERBO PORTA FIORENTINA,ROMA TIBURTINA,MANZIANA-CANALE MONTERANO,1.4024390243902438,1.0,82,2023-01-01,2023-03-31,16,4,1,42.128246,12.134934,21:07,82,21
REG,12838,VITERBO PORTA FIORENTINA,ROMA TIBURTINA,ORIOLO,2.341463414634146,2.0,82,2023-01-01,2023-03-31,32,7,1,42.166825,12.138499,21:12,82,22
REG,12838,VITERBO PORTA FIORENTINA,ROMA TIBURTINA,CAPRANICA,2.4390243902439024,2.0,82,2023-01-01,2023-03-31,33,7,1,42.245195,12.157194,21:20,82,23
REG,12838,VITERBO PORTA FIORENTINA,ROMA TIBURTINA,VETRALLA,2.097560975609756,2.0,82,2023-01-01,2023-03-31,30,6,1,42.304619,12.089137,21:30,82,24
REG,12838,VITERBO PORTA FIORENTINA,ROMA TIBURTINA,TRE CROCI,2.3536585365853657,1.0,82,2023-01-01,2023-03-31,27,8,2,42.331525,12.086159,21:34,82,25
REG,12838,VITERBO PORTA FIORENTINA,ROMA TIBURTINA,VITERBO PORTA ROMANA,1.3780487804878048,0.0,82,2023-01-01,2023-03-31,15,5,2,42.411974,12.110482,21:44,82,26
REG,12838,VITERBO PORTA FIORENTINA,ROMA TIBURTINA,VITERBO PORTA FIORENTINA,0.7195121951219512,-1.0,82,2023-01-01,2023-03-31,8,4,2,42.425237,12.106204,21:50,82,27
