train_class,train_number,train_arrival_stop_name,train_departure_stop_name,stop_name,avg_arrival_delay,median_arrival_delay,count_dates_stop,first_date,last_date,count_3m_delay,count_5m_delay,count_10m_delay,stop_lat,stop_lon,stop_time,count_dates_train,stop_number
REG,2262,MILANO PORTA GARIBALDI,BERGAMO,BERGAMO,1.1475409836065573,1.0,61,2023-01-02,2023-03-31,2,0,0,45.690271,9.675082,09:30,61,1
REG,2262,MILANO PORTA GARIBALDI,BERGAMO,VERDELLO DALMINE,1.540983606557377,1.0,61,2023-01-02,2023-03-31,9,2,0,45.605715,9.619797,09:38,61,2
REG,2262,MILANO PORTA GARIBALDI,BERGAMO,TREVIGLIO OVEST,1.7049180327868851,1.0,61,2023-01-02,2023-03-31,16,7,2,45.521762,9.580281,09:47,61,3
REG,2262,MILANO PORTA GARIBALDI,BERGAMO,PIOLTELLO LIMITO,4.934426229508197,4.0,61,2023-01-02,2023-03-31,50,28,5,45.486019,9.329319,10:00,61,4
REG,2262,MILANO PORTA GARIBALDI,BERGAMO,MILANO LAMBRATE,2.098360655737705,2.0,61,2023-01-02,2023-03-31,24,14,3,45.484933,9.237333,10:11,61,5
REG,2262,MILANO PORTA GARIBALDI,BERGAMO,MILANO PORTA GARIBALDI,2.262295081967213,2.0,61,2023-01-02,2023-03-31,27,17,4,45.484917,9.187683,10:33,61,6
