train_class,train_number,train_arrival_stop_name,train_departure_stop_name,stop_name,avg_arrival_delay,median_arrival_delay,count_dates_stop,first_date,last_date,count_3m_delay,count_5m_delay,count_10m_delay,stop_lat,stop_lon,stop_time,count_dates_train,stop_number
REG,21562,CALTANISSETTA CENTRALE,AGRIGENTO CENTRALE,AGRIGENTO CENTRALE,1.445945945945946,1.0,74,2023-01-02,2023-03-31,10,3,0,37.309051,13.584412,12:50,74,1
REG,21562,CALTANISSETTA CENTRALE,AGRIGENTO CENTRALE,AGRIGENTO BASSA,-1.63013698630137,-2.0,73,2023-01-02,2023-03-31,2,0,0,37.319148,13.588094,12:56,74,2
REG,21562,CALTANISSETTA CENTRALE,AGRIGENTO CENTRALE,ARAGONA CALDARE,0.0945945945945946,0.0,74,2023-01-02,2023-03-31,4,0,0,37.381097,13.636837,13:05,74,3
REG,21562,CALTANISSETTA CENTRALE,AGRIGENTO CENTRALE,GROTTE,-1.4054054054054055,-2.0,74,2023-01-02,2023-03-31,1,0,0,37.409848,13.702717,13:17,74,4
REG,21562,CALTANISSETTA CENTRALE,AGRIGENTO CENTRALE,RACALMUTO,-1.554054054054054,-2.0,74,2023-01-02,2023-03-31,1,0,0,37.406065,13.72752,13:22,74,5
REG,21562,CALTANISSETTA CENTRALE,AGRIGENTO CENTRALE,CANICATTI`,-1.0714285714285714,-1.0,70,2023-01-02,2023-03-31,1,0,0,37.359879,13.855395,13:40,74,6
REG,21562,CALTANISSETTA CENTRALE,AGRIGENTO CENTRALE,CALTANISSETTA CENTRALE,-3.445945945945946,-4.0,74,2023-01-02,2023-03-31,2,2,1,37.48829,14.057396,14:15,74,7
