train_class,train_number,train_arrival_stop_name,train_departure_stop_name,stop_name,avg_arrival_delay,median_arrival_delay,count_dates_stop,first_date,last_date,count_3m_delay,count_5m_delay,count_10m_delay,stop_lat,stop_lon,stop_time,count_dates_train,stop_number
REG,17490,BOLOGNA C.LE,IMOLA,IMOLA,2.6575342465753424,2.0,73,2023-01-02,2023-03-31,31,10,0,44.359418,11.718723,11:08,73,1
REG,17490,BOLOGNA C.LE,IMOLA,CASTEL S.PIETRO TERME,2.73972602739726,2.0,73,2023-01-02,2023-03-31,32,13,0,44.407376,11.597681,11:14,73,2
REG,17490,BOLOGNA C.LE,IMOLA,VARIGNANA,5.47945205479452,5.0,73,2023-01-02,2023-03-31,71,46,3,44.436796,11.523078,11:19,73,3
REG,17490,BOLOGNA C.LE,IMOLA,OZZANO DELL'EMILIA,5.1506849315068495,5.0,73,2023-01-02,2023-03-31,67,39,3,44.450797,11.487297,11:23,73,4
REG,17490,BOLOGNA C.LE,IMOLA,BOLOGNA SAN VITALE,7.277777777777778,7.0,72,2023-01-02,2023-03-31,70,65,13,,,11:33,73,5
REG,17490,BOLOGNA C.LE,IMOLA,BOLOGNA C.LE,1.1369863013698631,1.0,73,2023-01-02,2023-03-31,22,11,0,44.50626,11.342267,11:42,73,6
