train_class,train_number,train_arrival_stop_name,train_departure_stop_name,stop_name,avg_arrival_delay,median_arrival_delay,count_dates_stop,first_date,last_date,count_3m_delay,count_5m_delay,count_10m_delay,stop_lat,stop_lon,stop_time,count_dates_train,stop_number
REG,21871,TRAPANI,PIRAINETO,PIRAINETO,1.8194444444444444,1.0,72,2023-01-02,2023-03-31,4,2,1,38.169148,13.14256,11:21,72,1
REG,21871,TRAPANI,PIRAINETO,CINISI TERRASINI,1.8333333333333333,1.0,72,2023-01-02,2023-03-31,7,4,1,38.155314,13.096673,11:26,72,2
REG,21871,TRAPANI,PIRAINETO,PARTINICO,2.736111111111111,2.0,72,2023-01-02,2023-03-31,33,8,1,38.05857,13.108956,11:39,72,3
REG,21871,TRAPANI,PIRAINETO,TRAPPETO,2.5833333333333335,2.0,72,2023-01-02,2023-03-31,27,6,1,38.065089,13.036873,11:48,72,4
REG,21871,TRAPANI,PIRAINETO,BALESTRATE,3.125,2.0,72,2023-01-02,2023-03-31,36,12,1,38.053364,13.007374,11:52,72,5
REG,21871,TRAPANI,PIRAINETO,CASTELLAMMARE DEL GOLFO,4.263888888888889,3.0,72,2023-01-02,2023-03-31,52,22,3,38.024309,12.912209,12:00,72,6
REG,21871,TRAPANI,PIRAINETO,ALCAMO DIRAMAZIONE,3.388888888888889,3.0,72,2023-01-02,2023-03-31,37,14,2,37.978894,12.915916,12:08,72,7
REG,21871,TRAPANI,PIRAINETO,SALEMI GIBELLINA,4.305555555555555,3.0,72,2023-01-02,2023-03-31,39,17,6,37.806619,12.865517,12:31,72,8
REG,21871,TRAPANI,PIRAINETO,CASTELVETRANO,5.625,3.0,72,2023-01-02,2023-03-31,42,24,7,37.684977,12.799552,12:46,72,9
REG,21871,TRAPANI,PIRAINETO,CAMPOBELLO DI MAZARA,4.083333333333333,2.0,72,2023-01-02,2023-03-31,31,19,5,37.636256,12.733165,13:00,72,10
REG,21871,TRAPANI,PIRAINETO,MAZARA DEL VALLO,2.861111111111111,0.0,72,2023-01-02,2023-03-31,18,11,4,37.652448,12.594565,13:17,72,11
REG,21871,TRAPANI,PIRAINETO,PETROSINO STRASATTI,0.4583333333333333,-3.0,72,2023-01-02,2023-03-31,10,7,5,37.725466,12.509434,13:33,72,12
REG,21871,TRAPANI,PIRAINETO,MARSALA,-1.0833333333333333,-4.0,72,2023-01-02,2023-03-31,5,5,4,37.793514,12.443174,13:48,72,13
REG,21871,TRAPANI,PIRAINETO,MOZIA-BIRGI,3.6666666666666665,1.0,72,2023-01-02,2023-03-31,15,8,4,37.884956,12.499016,14:01,72,14
REG,21871,TRAPANI,PIRAINETO,PACECO,3.4444444444444446,1.0,72,2023-01-02,2023-03-31,12,7,5,37.991354,12.550844,14:13,72,15
REG,21871,TRAPANI,PIRAINETO,TRAPANI,1.9027777777777777,-1.0,72,2023-01-02,2023-03-31,6,6,6,38.017092,12.518814,14:22,72,16
