train_class,train_number,train_arrival_stop_name,train_departure_stop_name,stop_name,avg_arrival_delay,median_arrival_delay,count_dates_stop,first_date,last_date,count_3m_delay,count_5m_delay,count_10m_delay,stop_lat,stop_lon,stop_time,count_dates_train,stop_number
REG,24318,MILANO BOVISA FNM,PAVIA,PAVIA,4.766233766233766,4.0,77,2023-01-02,2023-03-23,72,25,4,45.188843,9.144674,06:39,77,1
REG,24318,MILANO BOVISA FNM,PAVIA,CERTOSA DI PAVIA,3.116883116883117,3.0,77,2023-01-02,2023-03-23,41,12,1,45.256927,9.154456,06:46,77,2
REG,24318,MILANO BOVISA FNM,PAVIA,VILLAMAGGIORE,2.831168831168831,2.0,77,2023-01-02,2023-03-23,35,14,1,45.32045,9.190674,06:52,77,3
REG,24318,MILANO BOVISA FNM,PAVIA,LOCATE TRIULZI,4.0,3.0,77,2023-01-02,2023-03-23,52,24,2,45.35973,9.221398,06:58,77,4
REG,24318,MILANO BOVISA FNM,PAVIA,MILANO ROGOREDO,4.532467532467533,4.0,77,2023-01-02,2023-03-23,55,31,3,45.433866,9.2391,07:06,77,5
REG,24318,MILANO BOVISA FNM,PAVIA,MILANO PORTA VITTORIA,3.4285714285714284,3.0,77,2023-01-02,2023-03-23,39,27,4,45.459579,9.21813,07:14,77,6
REG,24318,MILANO BOVISA FNM,PAVIA,MILANO DATEO,4.207792207792208,3.0,77,2023-01-02,2023-03-23,42,29,7,45.462341,9.209277,07:17,77,7
REG,24318,MILANO BOVISA FNM,PAVIA,MILANO VENEZIA,4.194805194805195,3.0,77,2023-01-02,2023-03-23,40,29,7,45.471121,9.201889,07:20,77,8
REG,24318,MILANO BOVISA FNM,PAVIA,MILANO REPUBBLICA,4.415584415584416,3.0,77,2023-01-02,2023-03-23,43,30,7,45.479984,9.198861,07:22,77,9
REG,24318,MILANO BOVISA FNM,PAVIA,MI P.GAR.SOTT.,4.740259740259741,3.0,77,2023-01-02,2023-03-23,44,31,8,45.484228,9.185122,07:25,77,10
REG,24318,MILANO BOVISA FNM,PAVIA,MILANO LANCETTI,3.0259740259740258,2.0,77,2023-01-02,2023-03-23,31,22,7,45.492632,9.175832,07:28,77,11
REG,24318,MILANO BOVISA FNM,PAVIA,MILANO BOVISA FNM,1.077922077922078,-1.0,77,2023-01-02,2023-03-23,20,14,5,45.502993,9.159235,07:35,77,12
