train_class,train_number,train_arrival_stop_name,train_departure_stop_name,stop_name,avg_arrival_delay,median_arrival_delay,count_dates_stop,first_date,last_date,count_3m_delay,count_5m_delay,count_10m_delay,stop_lat,stop_lon,stop_time,count_dates_train,stop_number
REG,12586,LADISPOLI-CERVETERI,ROMA TIBURTINA,ROMA TIBURTINA,3.2758620689655173,1.0,58,2023-01-02,2023-03-31,7,5,5,41.910903,12.530749,21:40,58,1
REG,12586,LADISPOLI-CERVETERI,ROMA TIBURTINA,ROMA TUSCOLANA,0.49122807017543857,-2.0,57,2023-01-02,2023-03-31,5,5,5,41.879384,12.523505,21:46,58,2
REG,12586,LADISPOLI-CERVETERI,ROMA TIBURTINA,ROMA OSTIENSE,2.2586206896551726,0.0,58,2023-01-02,2023-03-31,6,5,5,41.87265,12.483917,21:52,58,3
REG,12586,LADISPOLI-CERVETERI,ROMA TIBURTINA,ROMA TRASTEVERE,3.7758620689655173,2.0,58,2023-01-02,2023-03-31,16,5,5,41.872279,12.466162,21:56,58,4
REG,12586,LADISPOLI-CERVETERI,ROMA TIBURTINA,ROMA S.PIETRO,2.5689655172413794,1.0,58,2023-01-02,2023-03-31,8,5,5,41.896143,12.454497,22:01,58,5
REG,12586,LADISPOLI-CERVETERI,ROMA TIBURTINA,ROMA AURELIA,2.1551724137931036,0.0,58,2023-01-02,2023-03-31,6,5,5,41.88344,12.395271,22:07,58,6
REG,12586,LADISPOLI-CERVETERI,ROMA TIBURTINA,MACCARESE,2.4482758620689653,1.0,58,2023-01-02,2023-03-31,8,6,5,41.879372,12.23695,22:16,58,7
REG,12586,LADISPOLI-CERVETERI,ROMA TIBURTINA,LADISPOLI-CERVETERI,3.103448275862069,1.0,58,2023-01-02,2023-03-31,14,7,6,41.953502,12.081675,22:30,58,8
