train_class,train_number,train_arrival_stop_name,train_departure_stop_name,stop_name,avg_arrival_delay,median_arrival_delay,count_dates_stop,first_date,last_date,count_3m_delay,count_5m_delay,count_10m_delay,stop_lat,stop_lon,stop_time,count_dates_train,stop_number
REG,22832,GENOVA VOLTRI,GENOVA NERVI,GENOVA NERVI,1.6885245901639345,1.0,61,2023-01-02,2023-03-31,11,2,0,44.381271,9.039895,09:36,61,1
REG,22832,GENOVA VOLTRI,GENOVA NERVI,GENOVA QUARTO DEI MILLE,1.1147540983606556,1.0,61,2023-01-02,2023-03-31,8,3,0,44.388607,8.99597,09:42,61,2
REG,22832,GENOVA VOLTRI,GENOVA NERVI,GENOVA BRIGNOLE,0.8666666666666667,1.0,60,2023-01-02,2023-03-31,11,3,0,44.407213,8.947553,09:52,61,3
REG,22832,GENOVA VOLTRI,GENOVA NERVI,GENOVA P. PRINCIPE SOTTERRANEA,-1.6557377049180328,-2.0,61,2023-01-02,2023-03-31,1,0,0,44.414803,8.918041,10:01,61,4
REG,22832,GENOVA VOLTRI,GENOVA NERVI,GENOVA SAMPIERDARENA,0.5737704918032787,1.0,61,2023-01-02,2023-03-31,0,0,0,44.413102,8.887271,10:10,61,5
REG,22832,GENOVA VOLTRI,GENOVA NERVI,GENOVA SESTRI PONENTE,0.6721311475409836,0.0,61,2023-01-02,2023-03-31,3,0,0,44.422374,8.847707,10:17,61,6
REG,22832,GENOVA VOLTRI,GENOVA NERVI,GENOVA VOLTRI,-2.19672131147541,-2.0,61,2023-01-02,2023-03-31,0,0,0,44.428467,8.758163,10:34,61,7
