train_class,train_number,train_arrival_stop_name,train_departure_stop_name,stop_name,avg_arrival_delay,median_arrival_delay,count_dates_stop,first_date,last_date,count_3m_delay,count_5m_delay,count_10m_delay,stop_lat,stop_lon,stop_time,count_dates_train,stop_number
REG,20425,FIUMICINO AEROPORTO,FARA SABINA,FARA SABINA,1.4,1.0,70,2023-01-02,2023-03-31,5,0,0,42.155546,12.648323,07:35,70,1
REG,20425,FIUMICINO AEROPORTO,FARA SABINA,PIANA BELLA MONTELIBRETTI,1.2714285714285714,1.0,70,2023-01-02,2023-03-31,6,0,0,42.105159,12.632938,07:41,70,2
REG,20425,FIUMICINO AEROPORTO,FARA SABINA,MONTEROTONDO,1.2857142857142858,1.0,70,2023-01-02,2023-03-31,7,1,0,42.06409,12.595753,07:46,70,3
REG,20425,FIUMICINO AEROPORTO,FARA SABINA,SETTE BAGNI,2.557142857142857,2.0,70,2023-01-02,2023-03-31,30,6,0,42.006438,12.520156,07:54,70,4
REG,20425,FIUMICINO AEROPORTO,FARA SABINA,FIDENE,2.4857142857142858,2.0,70,2023-01-02,2023-03-31,28,6,0,41.979773,12.508451,07:59,70,5
REG,20425,FIUMICINO AEROPORTO,FARA SABINA,NUOVO SALARIO,0.6142857142857143,0.0,70,2023-01-02,2023-03-31,8,3,0,41.956195,12.510317,08:03,70,6
REG,20425,FIUMICINO AEROPORTO,FARA SABINA,ROMA NOMENTANA L.L.,0.24285714285714285,0.0,70,2023-01-02,2023-03-31,6,1,0,41.932935,12.523628,08:08,70,7
REG,20425,FIUMICINO AEROPORTO,FARA SABINA,ROMA TIBURTINA,-0.8059701492537313,-2.0,67,2023-01-02,2023-03-31,10,2,0,41.910903,12.530749,08:15,70,8
REG,20425,FIUMICINO AEROPORTO,FARA SABINA,ROMA TUSCOLANA,0.23809523809523808,-1.0,63,2023-01-02,2023-03-31,11,4,0,41.879384,12.523505,08:21,70,9
REG,20425,FIUMICINO AEROPORTO,FARA SABINA,ROMA OSTIENSE,-0.5,-1.0,70,2023-01-02,2023-03-31,10,3,0,41.87265,12.483917,08:29,70,10
REG,20425,FIUMICINO AEROPORTO,FARA SABINA,ROMA TRASTEVERE,1.5857142857142856,1.0,70,2023-01-02,2023-03-31,20,7,0,41.872279,12.466162,08:35,70,11
REG,20425,FIUMICINO AEROPORTO,FARA SABINA,VILLA BONELLI,2.6285714285714286,2.0,70,2023-01-02,2023-03-31,29,13,0,41.8477601,12.455223,08:39,70,12
REG,20425,FIUMICINO AEROPORTO,FARA SABINA,MAGLIANA,1.6285714285714286,1.0,70,2023-01-02,2023-03-31,21,7,0,41.834235,12.431017,08:43,70,13
REG,20425,FIUMICINO AEROPORTO,FARA SABINA,MURATELLA,2.8714285714285714,2.0,70,2023-01-02,2023-03-31,30,16,0,41.826182,12.412696,08:45,70,14
REG,20425,FIUMICINO AEROPORTO,FARA SABINA,PONTE GALERIA,2.8857142857142857,2.0,70,2023-01-02,2023-03-31,33,15,0,41.818349,12.344733,08:50,70,15
REG,20425,FIUMICINO AEROPORTO,FARA SABINA,PARCO LEONARDO,3.9571428571428573,4.0,70,2023-01-02,2023-03-31,51,26,1,41.79932,12.29543,08:56,70,16
REG,20425,FIUMICINO AEROPORTO,FARA SABINA,FIUMICINO AEROPORTO,2.414285714285714,2.0,70,2023-01-02,2023-03-31,31,10,0,41.793673,12.251728,09:03,70,17
