train_class,train_number,train_arrival_stop_name,train_departure_stop_name,stop_name,avg_arrival_delay,median_arrival_delay,count_dates_stop,first_date,last_date,count_3m_delay,count_5m_delay,count_10m_delay,stop_lat,stop_lon,stop_time,count_dates_train,stop_number
FA,8556,GENOVA P.PRINCIPE,ROMA TERMINI,ROMA TERMINI,1.037037037037037,0.0,54,2023-01-01,2023-03-05,9,4,0,41.900636,12.502026,16:20,54,1
FA,8556,GENOVA P.PRINCIPE,ROMA TERMINI,FIRENZE CAMPO MARTE,5.611111111111111,3.0,54,2023-01-01,2023-03-05,29,16,6,43.776856,11.27702,17:42,54,2
FA,8556,GENOVA P.PRINCIPE,ROMA TERMINI,PISA CENTRALE,1.537037037037037,-3.0,54,2023-01-01,2023-03-05,12,9,5,43.70794,10.398183,18:37,54,3
FA,8556,GENOVA P.PRINCIPE,ROMA TERMINI,LA SPEZIA CENTRALE,0.18518518518518517,-3.0,54,2023-01-01,2023-03-05,9,7,5,44.11141,9.813906,19:25,54,4
FA,8556,GENOVA P.PRINCIPE,ROMA TERMINI,GENOVA BRIGNOLE,6.111111111111111,2.0,54,2023-01-01,2023-03-05,24,16,8,44.407213,8.947553,20:23,54,5
FA,8556,GENOVA P.PRINCIPE,ROMA TERMINI,GENOVA P.PRINCIPE,4.685185185185185,1.0,54,2023-01-01,2023-03-05,19,15,8,44.417784,8.9207,20:32,54,6
