train_class,train_number,train_arrival_stop_name,train_departure_stop_name,stop_name,avg_arrival_delay,median_arrival_delay,count_dates_stop,first_date,last_date,count_3m_delay,count_5m_delay,count_10m_delay,stop_lat,stop_lon,stop_time,count_dates_train,stop_number
REG,16098,VICENZA,SCHIO,SCHIO,1.471264367816092,1.0,87,2023-01-01,2023-03-31,5,2,0,45.710848,11.355508,20:09,87,1
REG,16098,VICENZA,SCHIO,MARANO,1.839080459770115,2.0,87,2023-01-01,2023-03-31,10,2,0,45.706864,11.4246,20:14,87,2
REG,16098,VICENZA,SCHIO,THIENE,-0.42528735632183906,-1.0,87,2023-01-01,2023-03-31,4,0,0,45.700697,11.475407,20:20,87,3
REG,16098,VICENZA,SCHIO,VILLAVERLA MONTECCHIO,4.0344827586206895,4.0,87,2023-01-01,2023-03-31,85,19,0,45.656998,11.524271,20:25,87,4
REG,16098,VICENZA,SCHIO,DUEVILLE,1.8275862068965518,2.0,87,2023-01-01,2023-03-31,14,2,0,45.635,11.546108,20:30,87,5
REG,16098,VICENZA,SCHIO,CAVAZZALE,2.8160919540229883,3.0,87,2023-01-01,2023-03-31,48,8,0,45.596079,11.569823,20:36,87,6
REG,16098,VICENZA,SCHIO,ANCONETTA,-3.528735632183908,-4.0,87,2023-01-01,2023-03-31,0,0,0,45.565249,11.567865,20:42,87,7
REG,16098,VICENZA,SCHIO,VICENZA,-2.471264367816092,-3.0,87,2023-01-01,2023-03-31,1,0,0,45.541102,11.540762,20:51,87,8
