train_class,train_number,train_arrival_stop_name,train_departure_stop_name,stop_name,avg_arrival_delay,median_arrival_delay,count_dates_stop,first_date,last_date,count_3m_delay,count_5m_delay,count_10m_delay,stop_lat,stop_lon,stop_time,count_dates_train,stop_number
REG,5810,CASSINO,NAPOLI CENTRALE,NAPOLI CENTRALE,2.80327868852459,2.0,61,2023-01-02,2023-03-31,16,7,2,40.852933,14.272908,17:12,61,1
REG,5810,CASSINO,NAPOLI CENTRALE,CASALNUOVO,0.8360655737704918,-2.0,61,2023-01-02,2023-03-31,6,5,3,40.915559,14.35296,17:26,61,2
REG,5810,CASSINO,NAPOLI CENTRALE,ACERRA,2.80327868852459,-1.0,61,2023-01-02,2023-03-31,8,6,4,40.939066,14.372243,17:30,61,3
REG,5810,CASSINO,NAPOLI CENTRALE,CANCELLO,6.147540983606557,2.0,61,2023-01-02,2023-03-31,26,12,7,40.993063,14.418877,17:36,61,4
REG,5810,CASSINO,NAPOLI CENTRALE,CASERTA,5.540983606557377,2.0,61,2023-01-02,2023-03-31,26,17,7,41.068655,14.328457,17:53,61,5
REG,5810,CASSINO,NAPOLI CENTRALE,S.MARIA CAPUA VETERE,9.311475409836065,6.0,61,2023-01-02,2023-03-31,46,38,12,41.07353,14.254081,18:00,61,6
REG,5810,CASSINO,NAPOLI CENTRALE,CAPUA,9.39344262295082,6.0,61,2023-01-02,2023-03-31,47,38,13,41.101306,14.210347,18:05,61,7
REG,5810,CASSINO,NAPOLI CENTRALE,SPARANISE,9.245901639344263,6.0,61,2023-01-02,2023-03-31,45,37,15,41.185707,14.092954,18:18,61,8
REG,5810,CASSINO,NAPOLI CENTRALE,TEANO,9.049180327868852,6.0,61,2023-01-02,2023-03-31,45,36,15,41.231804,14.077075,18:24,61,9
REG,5810,CASSINO,NAPOLI CENTRALE,VAIRANO,8.737704918032787,6.0,61,2023-01-02,2023-03-31,41,37,16,41.317446,14.104022,18:35,61,10
REG,5810,CASSINO,NAPOLI CENTRALE,TORA PRESENZANO,9.01639344262295,6.0,61,2023-01-02,2023-03-31,42,36,18,41.358861,14.04514,18:41,61,11
REG,5810,CASSINO,NAPOLI CENTRALE,ROCCA D`EVANDRO,11.868852459016393,9.0,61,2023-01-02,2023-03-31,56,46,28,41.438861,13.911338,18:54,61,12
REG,5810,CASSINO,NAPOLI CENTRALE,FONTANAROSA,9.30188679245283,6.0,53,2023-01-13,2023-03-31,37,32,15,,,19:01,61,13
REG,5810,CASSINO,NAPOLI CENTRALE,CASSINO,4.327868852459017,2.0,61,2023-01-02,2023-03-31,28,21,7,41.484306,13.832125,19:13,61,14
