train_class,train_number,train_arrival_stop_name,train_departure_stop_name,stop_name,avg_arrival_delay,median_arrival_delay,count_dates_stop,first_date,last_date,count_3m_delay,count_5m_delay,count_10m_delay,stop_lat,stop_lon,stop_time,count_dates_train,stop_number
REG,22482,MANTOVA,MODENA,MODENA,2.175675675675676,2.0,74,2023-01-02,2023-03-31,15,1,1,44.654461,10.930373,16:07,74,1
REG,22482,MANTOVA,MODENA,QUATTRO VILLE,0.581081081081081,0.0,74,2023-01-02,2023-03-31,6,1,1,,,16:12,74,2
REG,22482,MANTOVA,MODENA,CARPI,0.5405405405405406,0.0,74,2023-01-02,2023-03-31,11,3,0,44.782919,10.891952,16:22,74,3
REG,22482,MANTOVA,MODENA,ROLO NOVI FABBRICO,0.8243243243243243,0.0,74,2023-01-02,2023-03-31,9,6,2,44.886561,10.867882,16:34,74,4
REG,22482,MANTOVA,MODENA,VILLANOVA DI REGGIOLO,0.515625,0.0,64,2023-01-02,2023-03-30,7,5,0,44.915925,10.842455,16:40,74,5
REG,22482,MANTOVA,MODENA,GONZAGA-REGGIOLO,0.0945945945945946,-1.0,74,2023-01-02,2023-03-31,6,4,0,44.939239,10.815533,16:44,74,6
REG,22482,MANTOVA,MODENA,PALIDANO,2.2837837837837838,2.0,74,2023-01-02,2023-03-31,19,6,1,44.972228,10.777412,16:49,74,7
REG,22482,MANTOVA,MODENA,SUZZARA,0.9054054054054054,1.0,74,2023-01-02,2023-03-31,7,4,0,44.994432,10.756138,16:54,74,8
REG,22482,MANTOVA,MODENA,ROMANORE,2.0405405405405403,2.0,74,2023-01-02,2023-03-31,27,10,0,45.063834,10.750997,17:01,74,9
REG,22482,MANTOVA,MODENA,LEVATA,3.5675675675675675,3.0,74,2023-01-02,2023-03-31,42,23,0,,,17:07,74,10
REG,22482,MANTOVA,MODENA,BORGOCHIESANUOVA,2.2432432432432434,2.0,74,2023-01-02,2023-03-31,32,18,0,,,17:10,74,11
REG,22482,MANTOVA,MODENA,MANTOVA,0.06756756756756757,0.0,74,2023-01-02,2023-03-31,13,2,0,45.158746,10.783165,17:17,74,12
