train_class,train_number,train_arrival_stop_name,train_departure_stop_name,stop_name,avg_arrival_delay,median_arrival_delay,count_dates_stop,first_date,last_date,count_3m_delay,count_5m_delay,count_10m_delay,stop_lat,stop_lon,stop_time,count_dates_train,stop_number
REG,11231,LIMONE,FOSSANO,FOSSANO,3.04,3.0,75,2023-01-02,2023-03-31,44,3,2,44.550231,7.717971,15:25,75,1
REG,11231,LIMONE,FOSSANO,CENTALLO,1.5733333333333333,1.0,75,2023-01-02,2023-03-31,7,2,2,44.496223,7.591035,15:34,75,2
REG,11231,LIMONE,FOSSANO,CUNEO,-2.546666666666667,-3.0,75,2023-01-02,2023-03-31,2,2,1,44.387914,7.536235,15:49,75,3
REG,11231,LIMONE,FOSSANO,BORGO SAN DALMAZZO,1.1333333333333333,1.0,75,2023-01-02,2023-03-31,4,2,1,44.326249,7.486111,15:59,75,4
REG,11231,LIMONE,FOSSANO,ROCCAVIONE,2.4,2.0,75,2023-01-02,2023-03-31,23,2,1,44.314445,7.485361,16:03,75,5
REG,11231,LIMONE,FOSSANO,ROBILANTE,-0.4533333333333333,-1.0,75,2023-01-02,2023-03-31,4,1,1,44.296496,7.510906,16:08,75,6
REG,11231,LIMONE,FOSSANO,VERNANTE,0.25333333333333335,0.0,75,2023-01-02,2023-03-31,6,3,1,44.244639,7.535986,16:15,75,7
REG,11231,LIMONE,FOSSANO,LIMONE,-2.52,-3.0,75,2023-01-02,2023-03-31,2,1,0,44.203799,7.577912,16:28,75,8
