train_class,train_number,train_arrival_stop_name,train_departure_stop_name,stop_name,avg_arrival_delay,median_arrival_delay,count_dates_stop,first_date,last_date,count_3m_delay,count_5m_delay,count_10m_delay,stop_lat,stop_lon,stop_time,count_dates_train,stop_number
REG,25041,MILANO PORTA GARIBALDI,CHIASSO,CHIASSO,2.0632911392405062,1.0,79,2023-01-01,2023-03-31,17,8,4,45.830736,9.03421,11:13,79,1
REG,25041,MILANO PORTA GARIBALDI,CHIASSO,COMO S. GIOVANNI,1.6582278481012658,1.0,79,2023-01-01,2023-03-31,17,7,4,45.808946,9.072331,11:18,79,2
REG,25041,MILANO PORTA GARIBALDI,CHIASSO,CARIMATE,1.6708860759493671,1.0,79,2023-01-01,2023-03-31,23,8,5,45.697094,9.107188,11:38,79,3
REG,25041,MILANO PORTA GARIBALDI,CHIASSO,CAMNAGO-LENTATE,2.2911392405063293,1.0,79,2023-01-01,2023-03-31,29,9,5,45.668425,9.133451,11:42,79,4
REG,25041,MILANO PORTA GARIBALDI,CHIASSO,SEREGNO,2.2531645569620253,1.0,79,2023-01-01,2023-03-31,27,13,4,45.64601,9.20285,11:48,79,5
REG,25041,MILANO PORTA GARIBALDI,CHIASSO,DESIO,2.2658227848101267,1.0,79,2023-01-01,2023-03-31,26,15,4,45.620112,9.218495,11:52,79,6
REG,25041,MILANO PORTA GARIBALDI,CHIASSO,LISSONE-MUGGIO`,2.670886075949367,2.0,79,2023-01-01,2023-03-31,30,17,4,45.60592,9.235368,11:56,79,7
REG,25041,MILANO PORTA GARIBALDI,CHIASSO,MONZA,2.6923076923076925,2.0,78,2023-01-01,2023-03-31,33,16,4,45.577789,9.273253,12:01,79,8
REG,25041,MILANO PORTA GARIBALDI,CHIASSO,SESTO S. GIOVANNI,5.205128205128205,4.0,78,2023-01-01,2023-03-31,61,36,9,45.541087,9.23926,12:06,79,9
REG,25041,MILANO PORTA GARIBALDI,CHIASSO,MILANO GRECO PIRELLI,5.589743589743589,4.0,78,2023-01-01,2023-03-31,59,37,8,45.51272,9.214456,12:11,79,10
REG,25041,MILANO PORTA GARIBALDI,CHIASSO,MILANO PORTA GARIBALDI,2.7721518987341773,1.0,79,2023-01-01,2023-03-31,24,15,5,45.484917,9.187683,12:21,79,11
