train_class,train_number,train_arrival_stop_name,train_departure_stop_name,stop_name,avg_arrival_delay,median_arrival_delay,count_dates_stop,first_date,last_date,count_3m_delay,count_5m_delay,count_10m_delay,stop_lat,stop_lon,stop_time,count_dates_train,stop_number
REG,18535,FIRENZE S.M.N.,VIAREGGIO,VIAREGGIO,2.541176470588235,2.0,85,2023-01-01,2023-03-31,21,6,3,43.865947,10.257886,20:10,85,1
REG,18535,FIRENZE S.M.N.,VIAREGGIO,LUCCA,3.388235294117647,3.0,85,2023-01-01,2023-03-31,47,14,3,43.837186,10.506069,20:27,85,2
REG,18535,FIRENZE S.M.N.,VIAREGGIO,ALTOPASCIO,7.376470588235295,7.0,85,2023-01-01,2023-03-31,79,62,19,43.817418,10.672754,20:40,85,3
REG,18535,FIRENZE S.M.N.,VIAREGGIO,PESCIA,5.894117647058824,5.0,85,2023-01-01,2023-03-31,63,46,14,43.886811,10.686074,20:50,85,4
REG,18535,FIRENZE S.M.N.,VIAREGGIO,MONTECATINI CENTRO,7.4,6.0,85,2023-01-01,2023-03-31,75,55,20,43.881216,10.77081,20:56,85,5
REG,18535,FIRENZE S.M.N.,VIAREGGIO,MONTECATINI TERME,7.7176470588235295,6.0,85,2023-01-01,2023-03-31,79,58,21,43.879327,10.780588,20:59,85,6
REG,18535,FIRENZE S.M.N.,VIAREGGIO,PISTOIA,7.376470588235295,5.0,85,2023-01-01,2023-03-31,65,44,18,43.926804,10.914624,21:11,85,7
REG,18535,FIRENZE S.M.N.,VIAREGGIO,PRATO CENTRALE,4.2,2.0,85,2023-01-01,2023-03-31,37,22,9,43.878737,11.109252,21:28,85,8
REG,18535,FIRENZE S.M.N.,VIAREGGIO,FIRENZE RIFREDI,2.4235294117647057,0.0,85,2023-01-01,2023-03-31,22,14,7,43.800873,11.235729,21:44,85,9
REG,18535,FIRENZE S.M.N.,VIAREGGIO,FIRENZE S.M.N.,2.0941176470588236,0.0,85,2023-01-01,2023-03-31,19,12,6,43.776893,11.247373,21:52,85,10
