train_class,train_number,train_arrival_stop_name,train_departure_stop_name,stop_name,avg_arrival_delay,median_arrival_delay,count_dates_stop,first_date,last_date,count_3m_delay,count_5m_delay,count_10m_delay,stop_lat,stop_lon,stop_time,count_dates_train,stop_number
REG,23854,CIVITANOVA MARCHE,FABRIANO,FABRIANO,1.337837837837838,1.0,74,2023-01-02,2023-03-31,2,2,1,43.345429,12.905336,12:20,74,1
REG,23854,CIVITANOVA MARCHE,FABRIANO,ALBACINA,0.6486486486486487,0.0,74,2023-01-02,2023-03-31,2,1,1,43.345686,12.986501,12:28,74,2
REG,23854,CIVITANOVA MARCHE,FABRIANO,MATELICA,-0.20270270270270271,-1.0,74,2023-01-02,2023-03-31,4,2,2,43.25394,13.01509,12:44,74,3
REG,23854,CIVITANOVA MARCHE,FABRIANO,CASTELRAIMONDO CAMERINO,-0.3108108108108108,-1.0,74,2023-01-02,2023-03-31,5,3,2,43.210511,13.057274,12:54,74,4
REG,23854,CIVITANOVA MARCHE,FABRIANO,S.SEVERINO MARCHE,1.2027027027027026,1.0,74,2023-01-02,2023-03-31,7,3,1,43.22996,13.183491,13:08,74,5
REG,23854,CIVITANOVA MARCHE,FABRIANO,TOLENTINO,-1.0135135135135136,-1.0,74,2023-01-02,2023-03-31,2,1,1,43.214556,13.290501,13:24,74,6
REG,23854,CIVITANOVA MARCHE,FABRIANO,MACERATA,1.2465753424657535,1.0,73,2023-01-02,2023-03-31,6,4,2,43.293094,13.455172,13:54,74,7
REG,23854,CIVITANOVA MARCHE,FABRIANO,MORROVALLE MONTE S.GIUSTO,3.472972972972973,3.0,74,2023-01-02,2023-03-31,38,14,4,43.279189,13.58285,14:11,74,8
REG,23854,CIVITANOVA MARCHE,FABRIANO,MONTECOSARO,3.72972972972973,3.0,74,2023-01-02,2023-03-31,40,17,6,43.289297,13.646378,14:16,74,9
REG,23854,CIVITANOVA MARCHE,FABRIANO,CIVITANOVA MARCHE,1.9864864864864864,1.0,74,2023-01-02,2023-03-31,21,10,4,43.3091,13.7257,14:25,74,10
