train_class,train_number,train_arrival_stop_name,train_departure_stop_name,stop_name,avg_arrival_delay,median_arrival_delay,count_dates_stop,first_date,last_date,count_3m_delay,count_5m_delay,count_10m_delay,stop_lat,stop_lon,stop_time,count_dates_train,stop_number
REG,12525,ROMA TERMINI,CIVITAVECCHIA,CIVITAVECCHIA,4.0,2.0,14,2023-01-01,2023-03-26,6,5,2,42.088287,11.79815,09:32,14,1
REG,12525,ROMA TERMINI,CIVITAVECCHIA,SANTA MARINELLA,3.7857142857142856,2.0,14,2023-01-01,2023-03-26,6,5,2,42.035892,11.863122,09:38,14,2
REG,12525,ROMA TERMINI,CIVITAVECCHIA,SANTA SEVERA,3.142857142857143,2.0,14,2023-01-01,2023-03-26,7,4,1,42.020645,11.969077,09:46,14,3
REG,12525,ROMA TERMINI,CIVITAVECCHIA,LADISPOLI-CERVETERI,1.3571428571428572,0.0,14,2023-01-01,2023-03-26,4,2,0,41.953502,12.081675,09:58,14,4
REG,12525,ROMA TERMINI,CIVITAVECCHIA,MACCARESE,2.5,1.0,14,2023-01-01,2023-03-26,5,4,0,41.879372,12.23695,10:10,14,5
REG,12525,ROMA TERMINI,CIVITAVECCHIA,ROMA AURELIA,2.0714285714285716,1.0,14,2023-01-01,2023-03-26,5,3,0,41.88344,12.395271,10:19,14,6
REG,12525,ROMA TERMINI,CIVITAVECCHIA,ROMA S.PIETRO,1.6428571428571428,1.0,14,2023-01-01,2023-03-26,4,3,0,41.896143,12.454497,10:25,14,7
REG,12525,ROMA TERMINI,CIVITAVECCHIA,ROMA TRASTEVERE,3.4285714285714284,3.0,14,2023-01-01,2023-03-26,8,4,0,41.872279,12.466162,10:30,14,8
REG,12525,ROMA TERMINI,CIVITAVECCHIA,ROMA OSTIENSE,-1.0,-1.0,14,2023-01-01,2023-03-26,0,0,0,41.87265,12.483917,10:37,14,9
REG,12525,ROMA TERMINI,CIVITAVECCHIA,ROMA TUSCOLANA,1.8333333333333333,1.0,12,2023-01-01,2023-03-26,4,2,0,41.879384,12.523505,10:42,14,10
REG,12525,ROMA TERMINI,CIVITAVECCHIA,ROMA TERMINI,-0.7142857142857143,-1.0,14,2023-01-01,2023-03-26,0,0,0,41.900636,12.502026,10:50,14,11
