train_class,train_number,train_arrival_stop_name,train_departure_stop_name,stop_name,avg_arrival_delay,median_arrival_delay,count_dates_stop,first_date,last_date,count_3m_delay,count_5m_delay,count_10m_delay,stop_lat,stop_lon,stop_time,count_dates_train,stop_number
REG,19886,FOGGIA,POTENZA CENTRALE,POTENZA CENTRALE,1.5444444444444445,1.0,90,2023-01-01,2023-03-31,5,0,0,40.629469,15.806808,11:28,90,1
REG,19886,FOGGIA,POTENZA CENTRALE,POTENZA SUPERIORE,-0.6777777777777778,-1.0,90,2023-01-01,2023-03-31,0,0,0,40.64586,15.800966,11:34,90,2
REG,19886,FOGGIA,POTENZA CENTRALE,POTENZA MACCHIA ROMANA,3.411111111111111,3.0,90,2023-01-01,2023-03-31,89,8,0,,,11:37,90,3
REG,19886,FOGGIA,POTENZA CENTRALE,AVIGLIANO LUCANIA,0.9777777777777777,1.0,90,2023-01-01,2023-03-31,7,2,0,40.714667,15.785619,11:46,90,4
REG,19886,FOGGIA,POTENZA CENTRALE,POSSIDENTE,2.1222222222222222,2.0,90,2023-01-01,2023-03-31,21,2,0,40.781144,15.777104,11:54,90,5
REG,19886,FOGGIA,POTENZA CENTRALE,CASTEL LAGOPESOLE,1.1222222222222222,1.0,90,2023-01-01,2023-03-31,12,5,0,40.787682,15.758093,11:58,90,6
REG,19886,FOGGIA,POTENZA CENTRALE,RIONERO ATELLA RIPACANDITA,2.8333333333333335,2.0,90,2023-01-01,2023-03-31,44,13,0,40.922066,15.678699,12:15,90,7
REG,19886,FOGGIA,POTENZA CENTRALE,MELFI,1.3777777777777778,1.0,90,2023-01-01,2023-03-31,27,6,0,40.989871,15.646895,12:28,90,8
REG,19886,FOGGIA,POTENZA CENTRALE,ORDONA,-0.6333333333333333,-1.0,90,2023-01-01,2023-03-31,12,8,1,41.315006,15.620567,13:08,90,9
REG,19886,FOGGIA,POTENZA CENTRALE,FOGGIA,-2.488888888888889,-3.0,90,2023-01-01,2023-03-31,8,2,1,41.466,15.555816,13:29,90,10
