train_class,train_number,train_arrival_stop_name,train_departure_stop_name,stop_name,avg_arrival_delay,median_arrival_delay,count_dates_stop,first_date,last_date,count_3m_delay,count_5m_delay,count_10m_delay,stop_lat,stop_lon,stop_time,count_dates_train,stop_number
REG,12390,SAVONA,SESTRI LEVANTE,SESTRI LEVANTE,3.1904761904761907,2.0,63,2023-01-02,2023-03-31,26,14,3,44.27626,9.397651,13:32,63,1
REG,12390,SAVONA,SESTRI LEVANTE,CHIAVARI,2.507936507936508,1.0,63,2023-01-02,2023-03-31,21,10,2,44.315156,9.322464,13:41,63,2
REG,12390,SAVONA,SESTRI LEVANTE,S. MARGHERITA LIGURE PORTOFINO,3.888888888888889,3.0,63,2023-01-02,2023-03-31,37,25,2,44.33676,9.216673,13:54,63,3
REG,12390,SAVONA,SESTRI LEVANTE,RECCO,3.8253968253968256,3.0,63,2023-01-02,2023-03-31,37,24,4,44.361215,9.146788,14:03,63,4
REG,12390,SAVONA,SESTRI LEVANTE,GENOVA NERVI,2.1746031746031744,1.0,63,2023-01-02,2023-03-31,23,15,5,44.381271,9.039895,14:18,63,5
REG,12390,SAVONA,SESTRI LEVANTE,GENOVA QUARTO DEI MILLE,3.6031746031746033,2.0,63,2023-01-02,2023-03-31,29,17,6,44.388607,8.99597,14:24,63,6
REG,12390,SAVONA,SESTRI LEVANTE,GENOVA BRIGNOLE,0.3333333333333333,-1.0,63,2023-01-02,2023-03-31,14,7,3,44.407213,8.947553,14:35,63,7
REG,12390,SAVONA,SESTRI LEVANTE,GENOVA P. PRINCIPE SOTTERRANEA,-1.4761904761904763,-3.0,63,2023-01-02,2023-03-31,4,3,1,44.414803,8.918041,14:46,63,8
REG,12390,SAVONA,SESTRI LEVANTE,GENOVA SAMPIERDARENA,-0.8253968253968254,-2.0,63,2023-01-02,2023-03-31,4,2,1,44.413102,8.887271,14:54,63,9
REG,12390,SAVONA,SESTRI LEVANTE,GENOVA SESTRI PONENTE,1.507936507936508,1.0,63,2023-01-02,2023-03-31,9,4,1,44.422374,8.847707,15:01,63,10
REG,12390,SAVONA,SESTRI LEVANTE,GENOVA VOLTRI,0.09523809523809523,-1.0,63,2023-01-02,2023-03-31,7,1,1,44.428467,8.758163,15:16,63,11
REG,12390,SAVONA,SESTRI LEVANTE,ARENZANO,-2.9047619047619047,-4.0,63,2023-01-02,2023-03-31,1,1,1,44.403089,8.678322,15:26,63,12
REG,12390,SAVONA,SESTRI LEVANTE,COGOLETO,0.746031746031746,0.0,63,2023-01-02,2023-03-31,1,1,1,44.389762,8.643906,15:30,63,13
REG,12390,SAVONA,SESTRI LEVANTE,VARAZZE,0.9047619047619048,1.0,63,2023-01-02,2023-03-31,4,2,1,44.356842,8.566682,15:36,63,14
REG,12390,SAVONA,SESTRI LEVANTE,ALBISOLA,0.3333333333333333,-1.0,63,2023-01-02,2023-03-31,3,3,2,44.33469,8.512092,15:44,63,15
REG,12390,SAVONA,SESTRI LEVANTE,SAVONA,0.047619047619047616,-1.0,63,2023-01-02,2023-03-31,4,3,2,44.306892,8.470259,15:52,63,16
