train_class,train_number,train_arrival_stop_name,train_departure_stop_name,stop_name,avg_arrival_delay,median_arrival_delay,count_dates_stop,first_date,last_date,count_3m_delay,count_5m_delay,count_10m_delay,stop_lat,stop_lon,stop_time,count_dates_train,stop_number
REG,19270,PARMA,LA SPEZIA CENTRALE,LA SPEZIA CENTRALE,2.1882352941176473,1.0,85,2023-01-01,2023-03-31,19,8,2,44.11141,9.813906,18:08,85,1
REG,19270,PARMA,LA SPEZIA CENTRALE,LA SPEZIA MIGLIARINA,0.7529411764705882,0.0,85,2023-01-01,2023-03-31,12,5,2,44.123391,9.84028,18:13,85,2
REG,19270,PARMA,LA SPEZIA CENTRALE,VEZZANO LIGURE,2.3294117647058825,1.0,85,2023-01-01,2023-03-31,27,9,2,44.127081,9.88928,18:20,85,3
REG,19270,PARMA,LA SPEZIA CENTRALE,S. STEFANO DI MAGRA,2.541176470588235,2.0,85,2023-01-01,2023-03-31,35,11,2,44.156857,9.915202,18:25,85,4
REG,19270,PARMA,LA SPEZIA CENTRALE,AULLA LUNIGIANA,1.6470588235294117,1.0,85,2023-01-01,2023-03-31,20,6,3,44.210555,9.970015,18:33,85,5
REG,19270,PARMA,LA SPEZIA CENTRALE,VILLAFRANCA - BAGNONE,3.2705882352941176,2.0,85,2023-01-01,2023-03-31,38,21,3,44.294399,9.948096,18:41,85,6
REG,19270,PARMA,LA SPEZIA CENTRALE,PONTREMOLI,0.6470588235294118,-1.0,85,2023-01-01,2023-03-31,22,11,2,44.371976,9.887795,18:54,85,7
REG,19270,PARMA,LA SPEZIA CENTRALE,BORGO VAL DI TARO,3.070588235294118,2.0,85,2023-01-01,2023-03-31,37,21,2,44.486522,9.781489,19:11,85,8
REG,19270,PARMA,LA SPEZIA CENTRALE,OSTIA PARMENSE,3.8941176470588235,3.0,85,2023-01-01,2023-03-31,43,32,4,44.520136,9.844981,19:19,85,9
REG,19270,PARMA,LA SPEZIA CENTRALE,BERCETO,3.776470588235294,2.0,85,2023-01-01,2023-03-31,40,29,5,44.555912,9.931759,19:29,85,10
REG,19270,PARMA,LA SPEZIA CENTRALE,FORNOVO,5.529411764705882,4.0,85,2023-01-01,2023-03-31,61,42,11,44.693791,10.102014,19:45,85,11
REG,19270,PARMA,LA SPEZIA CENTRALE,OZZANO TARO,6.564705882352941,5.0,85,2023-01-01,2023-03-31,72,49,17,44.712268,10.141022,19:50,85,12
REG,19270,PARMA,LA SPEZIA CENTRALE,COLLECCHIO,3.9529411764705884,2.0,85,2023-01-01,2023-03-31,42,27,9,44.755339,10.21228,19:58,85,13
REG,19270,PARMA,LA SPEZIA CENTRALE,PARMA,1.7176470588235293,0.0,85,2023-01-01,2023-03-31,26,16,6,44.810203,10.32837,20:11,85,14
