train_class,train_number,train_arrival_stop_name,train_departure_stop_name,stop_name,avg_arrival_delay,median_arrival_delay,count_dates_stop,first_date,last_date,count_3m_delay,count_5m_delay,count_10m_delay,stop_lat,stop_lon,stop_time,count_dates_train,stop_number
REG,16622,TARVISIO BOSCOVERDE,TRIESTE CENTRALE,TRIESTE CENTRALE,0.4342105263157895,0.0,76,2023-01-02,2023-03-31,3,0,0,45.657456,13.771873,12:22,76,1
REG,16622,TARVISIO BOSCOVERDE,TRIESTE CENTRALE,MONFALCONE,0.6973684210526315,1.0,76,2023-01-02,2023-03-31,12,7,0,45.807683,13.542929,12:45,76,2
REG,16622,TARVISIO BOSCOVERDE,TRIESTE CENTRALE,TRIESTE AIRPORT,1.5657894736842106,1.0,76,2023-01-02,2023-03-31,16,8,0,45.817482,13.485532,12:50,76,3
REG,16622,TARVISIO BOSCOVERDE,TRIESTE CENTRALE,CERVIGNANO A.G.,2.039473684210526,1.0,76,2023-01-02,2023-03-31,21,11,2,45.823948,13.342866,12:58,76,4
REG,16622,TARVISIO BOSCOVERDE,TRIESTE CENTRALE,PALMANOVA,1.144736842105263,1.0,76,2023-01-02,2023-03-31,22,6,0,45.906862,13.296461,13:10,76,5
REG,16622,TARVISIO BOSCOVERDE,TRIESTE CENTRALE,UDINE,2.3157894736842106,2.0,76,2023-01-02,2023-03-31,32,9,1,46.055791,13.242003,13:24,76,6
REG,16622,TARVISIO BOSCOVERDE,TRIESTE CENTRALE,TARCENTO,0.32894736842105265,-1.0,76,2023-01-02,2023-03-31,8,5,2,46.209134,13.196211,13:55,76,7
REG,16622,TARVISIO BOSCOVERDE,TRIESTE CENTRALE,GEMONA DEL FRIULI,-0.3157894736842105,-1.0,76,2023-01-02,2023-03-31,5,2,2,46.274243,13.127978,14:05,76,8
REG,16622,TARVISIO BOSCOVERDE,TRIESTE CENTRALE,CARNIA,-2.3289473684210527,-3.0,76,2023-01-02,2023-03-31,2,2,1,46.373634,13.132847,14:18,76,9
REG,16622,TARVISIO BOSCOVERDE,TRIESTE CENTRALE,PONTEBBA,1.986842105263158,2.0,76,2023-01-02,2023-03-31,17,6,1,46.508463,13.311357,14:32,76,10
REG,16622,TARVISIO BOSCOVERDE,TRIESTE CENTRALE,UGOVIZZA VALBRUNA,0.9210526315789473,1.0,76,2023-01-02,2023-03-31,12,4,0,46.502902,13.494972,14:44,76,11
REG,16622,TARVISIO BOSCOVERDE,TRIESTE CENTRALE,TARVISIO BOSCOVERDE,0.35526315789473684,0.0,76,2023-01-02,2023-03-31,10,3,0,46.505956,13.608012,14:53,76,12
