train_class,train_number,train_arrival_stop_name,train_departure_stop_name,stop_name,avg_arrival_delay,median_arrival_delay,count_dates_stop,first_date,last_date,count_3m_delay,count_5m_delay,count_10m_delay,stop_lat,stop_lon,stop_time,count_dates_train,stop_number
REG,26926,BARDONECCHIA,TORINO P.NUOVA,TORINO P.NUOVA,5.634920634920635,4.0,63,2023-01-02,2023-03-31,57,30,6,45.060969,7.67747,18:15,63,1
REG,26926,BARDONECCHIA,TORINO P.NUOVA,COLLEGNO,2.4126984126984126,1.0,63,2023-01-02,2023-03-31,21,10,2,45.078854,7.574131,18:28,63,2
REG,26926,BARDONECCHIA,TORINO P.NUOVA,AVIGLIANA,2.1746031746031744,1.0,63,2023-01-02,2023-03-31,17,10,2,45.085276,7.401096,18:43,63,3
REG,26926,BARDONECCHIA,TORINO P.NUOVA,BUSSOLENO,-1.0476190476190477,-2.0,63,2023-01-02,2023-03-31,7,3,2,45.139631,7.144819,18:58,63,4
REG,26926,BARDONECCHIA,TORINO P.NUOVA,CHIOMONTE,0.4603174603174603,-1.0,63,2023-01-02,2023-03-31,7,3,2,45.119876,6.988716,19:13,63,5
REG,26926,BARDONECCHIA,TORINO P.NUOVA,SALBERTRAND,1.492063492063492,1.0,63,2023-01-02,2023-03-31,9,5,2,45.073478,6.887428,19:21,63,6
REG,26926,BARDONECCHIA,TORINO P.NUOVA,OULX CESANA CLAVIERE SESTRIERE,2.857142857142857,2.0,63,2023-01-02,2023-03-31,20,8,3,45.038789,6.831432,19:27,63,7
REG,26926,BARDONECCHIA,TORINO P.NUOVA,BEAULARD,3.888888888888889,3.0,63,2023-01-02,2023-03-31,33,11,4,45.046495,6.759713,19:33,63,8
REG,26926,BARDONECCHIA,TORINO P.NUOVA,BARDONECCHIA,1.5714285714285714,1.0,63,2023-01-02,2023-03-31,15,7,3,45.076447,6.709959,19:41,63,9
