train_class,train_number,train_arrival_stop_name,train_departure_stop_name,stop_name,avg_arrival_delay,median_arrival_delay,count_dates_stop,first_date,last_date,count_3m_delay,count_5m_delay,count_10m_delay,stop_lat,stop_lon,stop_time,count_dates_train,stop_number
REG,12726,ROMA TERMINI,MINTURNO,MINTURNO,2.168539325842697,1.0,89,2023-01-01,2023-03-31,25,15,1,41.257621,13.720664,05:18,89,1
REG,12726,ROMA TERMINI,MINTURNO,FORMIA-GAETA,2.397727272727273,1.0,88,2023-01-01,2023-03-31,33,20,2,41.258773,13.605996,05:26,89,2
REG,12726,ROMA TERMINI,MINTURNO,ITRI,2.159090909090909,1.0,88,2023-01-01,2023-03-31,30,20,3,41.271328,13.545549,05:33,89,3
REG,12726,ROMA TERMINI,MINTURNO,FONDI - SPERLONGA,2.477272727272727,1.0,88,2023-01-01,2023-03-31,32,21,4,41.337663,13.424893,05:41,89,4
REG,12726,ROMA TERMINI,MINTURNO,MONTE S.BIAGIO,2.909090909090909,2.0,88,2023-01-01,2023-03-31,39,23,4,41.345967,13.347037,05:47,89,5
REG,12726,ROMA TERMINI,MINTURNO,PRIVERNO FOSSANOVA,3.272727272727273,2.0,88,2023-01-01,2023-03-31,44,25,5,41.421853,13.186406,05:58,89,6
REG,12726,ROMA TERMINI,MINTURNO,SEZZE ROMANO,4.193181818181818,4.0,88,2023-01-01,2023-03-31,53,32,6,41.495542,13.038452,06:07,89,7
REG,12726,ROMA TERMINI,MINTURNO,LATINA,3.7386363636363638,3.0,88,2023-01-01,2023-03-31,50,29,6,41.538372,12.945888,06:14,89,8
REG,12726,ROMA TERMINI,MINTURNO,CISTERNA DI LATINA,3.2045454545454546,2.0,88,2023-01-01,2023-03-31,39,27,5,41.586511,12.827538,06:23,89,9
REG,12726,ROMA TERMINI,MINTURNO,CAMPOLEONE,0.875,-1.0,88,2023-01-01,2023-03-31,26,14,3,41.642396,12.648341,06:36,89,10
REG,12726,ROMA TERMINI,MINTURNO,POMEZIA - S.PALOMBA,4.443181818181818,4.0,88,2023-01-01,2023-03-31,61,42,7,41.706171,12.573611,06:43,89,11
REG,12726,ROMA TERMINI,MINTURNO,TORRICOLA,4.4772727272727275,4.0,88,2023-01-01,2023-03-31,59,43,8,41.809538,12.557716,06:51,89,12
REG,12726,ROMA TERMINI,MINTURNO,ROMA TERMINI,3.7865168539325844,4.0,89,2023-01-01,2023-03-31,55,34,5,41.900636,12.502026,07:04,89,13
