train_class,train_number,train_arrival_stop_name,train_departure_stop_name,stop_name,avg_arrival_delay,median_arrival_delay,count_dates_stop,first_date,last_date,count_3m_delay,count_5m_delay,count_10m_delay,stop_lat,stop_lon,stop_time,count_dates_train,stop_number
REG,18754,FIRENZE S.M.N.,AREZZO,AREZZO,1.5795454545454546,1.0,88,2023-01-01,2023-03-31,10,1,0,43.461725,11.874189,11:08,88,1
REG,18754,FIRENZE S.M.N.,AREZZO,PONTICINO,3.7045454545454546,3.0,88,2023-01-01,2023-03-31,84,15,0,43.481446,11.71657,11:18,88,2
REG,18754,FIRENZE S.M.N.,AREZZO,LATERINA,2.625,2.0,88,2023-01-01,2023-03-31,38,6,1,43.496458,11.660573,11:24,88,3
REG,18754,FIRENZE S.M.N.,AREZZO,MONTEVARCHI TERRANUOVA,1.8636363636363635,2.0,88,2023-01-01,2023-03-31,28,8,0,43.525165,11.563983,11:37,88,4
REG,18754,FIRENZE S.M.N.,AREZZO,S.GIOVANNI VALDARNO,1.8295454545454546,1.0,88,2023-01-01,2023-03-31,25,7,1,43.56601,11.527033,11:42,88,5
REG,18754,FIRENZE S.M.N.,AREZZO,FIGLINE VALDARNO,2.659090909090909,2.0,88,2023-01-01,2023-03-31,33,10,1,43.621596,11.473652,11:48,88,6
REG,18754,FIRENZE S.M.N.,AREZZO,INCISA,3.397727272727273,3.0,88,2023-01-01,2023-03-31,46,19,1,43.656541,11.452728,11:52,88,7
REG,18754,FIRENZE S.M.N.,AREZZO,RIGNANO SULL`ARNO REGGELLO,2.8295454545454546,2.0,88,2023-01-01,2023-03-31,39,16,1,43.720834,11.452383,11:59,88,8
REG,18754,FIRENZE S.M.N.,AREZZO,PONTASSIEVE,3.4022988505747125,3.0,87,2023-01-01,2023-03-31,44,25,1,43.773949,11.437904,12:09,88,9
REG,18754,FIRENZE S.M.N.,AREZZO,COMPIOBBI,3.159090909090909,2.0,88,2023-01-01,2023-03-31,40,22,1,43.782527,11.358695,12:18,88,10
REG,18754,FIRENZE S.M.N.,AREZZO,FIRENZE CAMPO MARTE,1.3522727272727273,0.0,88,2023-01-01,2023-03-31,25,9,1,43.776856,11.27702,12:29,88,11
REG,18754,FIRENZE S.M.N.,AREZZO,FIRENZE S.M.N.,-0.5568181818181818,-2.0,88,2023-01-01,2023-03-31,12,2,1,43.776893,11.247373,12:38,88,12
