train_class,train_number,train_arrival_stop_name,train_departure_stop_name,stop_name,avg_arrival_delay,median_arrival_delay,count_dates_stop,first_date,last_date,count_3m_delay,count_5m_delay,count_10m_delay,stop_lat,stop_lon,stop_time,count_dates_train,stop_number
FR,9668,MILANO CENTRALE,NAPOLI CENTRALE,NAPOLI CENTRALE,3.8771929824561404,2.0,57,2023-01-02,2023-03-31,27,15,4,40.852933,14.272908,18:30,57,1
FR,9668,MILANO CENTRALE,NAPOLI CENTRALE,ROMA TERMINI,4.228070175438597,2.0,57,2023-01-02,2023-03-31,24,16,7,41.900636,12.502026,19:40,57,2
FR,9668,MILANO CENTRALE,NAPOLI CENTRALE,BOLOGNA C.LE/AV,7.56140350877193,5.0,57,2023-01-02,2023-03-31,42,33,20,44.506813,11.342622,21:53,57,3
FR,9668,MILANO CENTRALE,NAPOLI CENTRALE,MILANO CENTRALE,4.614035087719298,3.0,57,2023-01-02,2023-03-31,30,26,11,45.486347,9.204528,23:00,57,4
