train_class,train_number,train_arrival_stop_name,train_departure_stop_name,stop_name,avg_arrival_delay,median_arrival_delay,count_dates_stop,first_date,last_date,count_3m_delay,count_5m_delay,count_10m_delay,stop_lat,stop_lon,stop_time,count_dates_train,stop_number
REG,21925,MELITO DI PORTO SALVO,VILLA SAN GIOVANNI,VILLA SAN GIOVANNI,1.1866666666666668,1.0,75,2023-01-02,2023-03-31,8,1,0,38.216638,15.634336,12:08,75,1
REG,21925,MELITO DI PORTO SALVO,VILLA SAN GIOVANNI,REGGIO DI CALABRIA GALLICO,-0.30666666666666664,-1.0,75,2023-01-02,2023-03-31,1,1,0,38.165235,15.650716,12:18,75,2
REG,21925,MELITO DI PORTO SALVO,VILLA SAN GIOVANNI,REGGIO CALABRIA CENTRALE,-2.0933333333333333,-2.0,75,2023-01-02,2023-03-31,1,1,0,38.103884,15.635844,12:38,75,3
REG,21925,MELITO DI PORTO SALVO,VILLA SAN GIOVANNI,REGGIO DI CALABRIA S.GREGORIO,-0.48,-1.0,75,2023-01-02,2023-03-31,1,1,1,38.061274,15.652053,12:52,75,4
REG,21925,MELITO DI PORTO SALVO,VILLA SAN GIOVANNI,REGGIO DI CALABRIA PELLARO,0.84,1.0,75,2023-01-02,2023-03-31,3,1,1,38.02561,15.650064,12:56,75,5
REG,21925,MELITO DI PORTO SALVO,VILLA SAN GIOVANNI,SALINE DI REGGIO,1.4266666666666667,1.0,75,2023-01-02,2023-03-31,8,1,1,37.938677,15.710664,13:09,75,6
REG,21925,MELITO DI PORTO SALVO,VILLA SAN GIOVANNI,MELITO DI PORTO SALVO,-0.38666666666666666,-1.0,75,2023-01-02,2023-03-31,4,1,0,37.916732,15.780816,13:18,75,7
