train_class,train_number,train_arrival_stop_name,train_departure_stop_name,stop_name,avg_arrival_delay,median_arrival_delay,count_dates_stop,first_date,last_date,count_3m_delay,count_5m_delay,count_10m_delay,stop_lat,stop_lon,stop_time,count_dates_train,stop_number
REG,18373,LA SPEZIA CENTRALE,FIRENZE S.M.N.,FIRENZE S.M.N.,1.5747126436781609,1.0,87,2023-01-01,2023-03-31,13,5,0,43.776893,11.247373,13:53,87,1
REG,18373,LA SPEZIA CENTRALE,FIRENZE S.M.N.,FIRENZE RIFREDI,1.0,1.0,87,2023-01-01,2023-03-31,11,5,1,43.800873,11.235729,13:58,87,2
REG,18373,LA SPEZIA CENTRALE,FIRENZE S.M.N.,EMPOLI,-0.19540229885057472,-1.0,87,2023-01-01,2023-03-31,6,2,1,43.715708,10.94915,14:26,87,3
REG,18373,LA SPEZIA CENTRALE,FIRENZE S.M.N.,S.ROMANO MONTOPOLI S.CROCE,1.0114942528735633,0.0,87,2023-01-01,2023-03-31,10,5,2,43.690575,10.760152,14:39,87,4
REG,18373,LA SPEZIA CENTRALE,FIRENZE S.M.N.,PONTEDERA CASCIANA TERME,2.103448275862069,1.0,87,2023-01-01,2023-03-31,24,7,3,43.662145,10.628773,14:47,87,5
REG,18373,LA SPEZIA CENTRALE,FIRENZE S.M.N.,PISA CENTRALE,2.264367816091954,1.0,87,2023-01-01,2023-03-31,30,13,4,43.70794,10.398183,15:04,87,6
REG,18373,LA SPEZIA CENTRALE,FIRENZE S.M.N.,PISA SAN ROSSORE,2.206896551724138,1.0,87,2023-01-01,2023-03-31,28,14,4,43.723702,10.387363,15:11,87,7
REG,18373,LA SPEZIA CENTRALE,FIRENZE S.M.N.,VIAREGGIO,5.022988505747127,4.0,87,2023-01-01,2023-03-31,68,37,5,43.865947,10.257886,15:22,87,8
REG,18373,LA SPEZIA CENTRALE,FIRENZE S.M.N.,PIETRASANTA,4.609195402298851,3.0,87,2023-01-01,2023-03-31,59,36,7,43.95583,10.229731,15:32,87,9
REG,18373,LA SPEZIA CENTRALE,FIRENZE S.M.N.,FORTE DEI MARMI SERRAVEZZA Q.,4.149425287356322,3.0,87,2023-01-01,2023-03-31,50,29,7,43.97777,10.19936,15:37,87,10
REG,18373,LA SPEZIA CENTRALE,FIRENZE S.M.N.,MASSA CENTRO,4.344827586206897,3.0,87,2023-01-01,2023-03-31,52,29,8,44.023741,10.136041,15:43,87,11
REG,18373,LA SPEZIA CENTRALE,FIRENZE S.M.N.,SARZANA,3.9195402298850577,3.0,87,2023-01-01,2023-03-31,51,27,6,44.108865,9.960657,15:57,87,12
REG,18373,LA SPEZIA CENTRALE,FIRENZE S.M.N.,VEZZANO LIGURE,3.5402298850574714,3.0,87,2023-01-01,2023-03-31,47,24,6,44.127081,9.88928,16:05,87,13
REG,18373,LA SPEZIA CENTRALE,FIRENZE S.M.N.,LA SPEZIA MIGLIARINA,1.471264367816092,0.0,87,2023-01-01,2023-03-31,23,18,5,44.123391,9.84028,16:13,87,14
REG,18373,LA SPEZIA CENTRALE,FIRENZE S.M.N.,LA SPEZIA CENTRALE,3.367816091954023,3.0,87,2023-01-01,2023-03-31,47,25,5,44.11141,9.813906,16:20,87,15
