train_class,train_number,train_arrival_stop_name,train_departure_stop_name,stop_name,avg_arrival_delay,median_arrival_delay,count_dates_stop,first_date,last_date,count_3m_delay,count_5m_delay,count_10m_delay,stop_lat,stop_lon,stop_time,count_dates_train,stop_number
REG,33589,MILANO CENTRALE,DOMODOSSOLA,DOMODOSSOLA,1.0,1.0,12,2023-03-20,2023-03-31,1,0,0,46.115429,8.296684,08:51,12,1
REG,33589,MILANO CENTRALE,DOMODOSSOLA,VERBANIA-PALLANZA,-1.6666666666666667,-2.0,12,2023-03-20,2023-03-31,0,0,0,45.943821,8.47224,09:10,12,2
REG,33589,MILANO CENTRALE,DOMODOSSOLA,STRESA,2.1,2.0,10,2023-03-20,2023-03-31,5,0,0,45.884486,8.531454,09:17,12,3
REG,33589,MILANO CENTRALE,DOMODOSSOLA,ARONA,-4.909090909090909,-5.0,11,2023-03-20,2023-03-31,0,0,0,45.755392,8.559075,09:36,12,4
REG,33589,MILANO CENTRALE,DOMODOSSOLA,SESTO CALENDE,-0.8333333333333334,-1.0,12,2023-03-20,2023-03-31,0,0,0,45.726241,8.628135,09:44,12,5
REG,33589,MILANO CENTRALE,DOMODOSSOLA,GALLARATE,-2.25,-3.0,12,2023-03-20,2023-03-31,1,1,0,45.659828,8.798243,09:58,12,6
REG,33589,MILANO CENTRALE,DOMODOSSOLA,BUSTO ARSIZIO,1.9090909090909092,2.0,11,2023-03-20,2023-03-31,3,1,0,45.616164,8.865031,10:04,12,7
REG,33589,MILANO CENTRALE,DOMODOSSOLA,RHO FIERA MILANO,5.5,4.0,12,2023-03-20,2023-03-31,8,5,1,45.521157,9.088595,10:20,12,8
REG,33589,MILANO CENTRALE,DOMODOSSOLA,MILANO CENTRALE,4.583333333333333,2.0,12,2023-03-20,2023-03-31,6,3,1,45.486347,9.204528,10:35,12,9
