train_class,train_number,train_arrival_stop_name,train_departure_stop_name,stop_name,avg_arrival_delay,median_arrival_delay,count_dates_stop,first_date,last_date,count_3m_delay,count_5m_delay,count_10m_delay,stop_lat,stop_lon,stop_time,count_dates_train,stop_number
FR,9437,ROMA TERMINI,VENEZIA SANTA LUCIA,VENEZIA SANTA LUCIA,0.7228915662650602,0.0,83,2023-01-02,2023-03-31,3,2,2,45.441569,12.320882,19:26,83,1
FR,9437,ROMA TERMINI,VENEZIA SANTA LUCIA,VENEZIA MESTRE,-0.4819277108433735,-1.0,83,2023-01-02,2023-03-31,2,2,2,45.482123,12.232069,19:36,83,2
FR,9437,ROMA TERMINI,VENEZIA SANTA LUCIA,PADOVA,-0.46987951807228917,-1.0,83,2023-01-02,2023-03-31,6,3,2,45.417846,11.880794,19:54,83,3
FR,9437,ROMA TERMINI,VENEZIA SANTA LUCIA,FERRARA,4.566265060240964,3.0,83,2023-01-02,2023-03-31,51,25,5,44.843047,11.603594,20:27,83,4
FR,9437,ROMA TERMINI,VENEZIA SANTA LUCIA,BOLOGNA C.LE/AV,0.0963855421686747,-1.0,83,2023-01-02,2023-03-31,14,7,5,44.506813,11.342622,20:59,83,5
FR,9437,ROMA TERMINI,VENEZIA SANTA LUCIA,FIRENZE S.M.N.,1.6144578313253013,1.0,83,2023-01-02,2023-03-31,27,17,6,43.776893,11.247373,21:39,83,6
FR,9437,ROMA TERMINI,VENEZIA SANTA LUCIA,ROMA TIBURTINA,-3.282051282051282,-4.0,78,2023-01-02,2023-03-31,10,7,2,41.910903,12.530749,23:14,83,7
FR,9437,ROMA TERMINI,VENEZIA SANTA LUCIA,ROMA TERMINI,-4.975903614457831,-6.0,83,2023-01-02,2023-03-31,6,5,1,41.900636,12.502026,23:25,83,8
