train_class,train_number,train_arrival_stop_name,train_departure_stop_name,stop_name,avg_arrival_delay,median_arrival_delay,count_dates_stop,first_date,last_date,count_3m_delay,count_5m_delay,count_10m_delay,stop_lat,stop_lon,stop_time,count_dates_train,stop_number
REG,842,M N CADORNA,SARONNO,SARONNO,0.0,0.0,87,2023-01-01,2023-03-31,0,0,0,45.625309,9.030839,12:53,87,1
REG,842,M N CADORNA,SARONNO,SARONNO SUD,0.0,0.0,87,2023-01-01,2023-03-31,0,0,0,,,12:56,87,2
REG,842,M N CADORNA,SARONNO,CESATE,0.0,0.0,87,2023-01-01,2023-03-31,0,0,0,,,13:00,87,3
REG,842,M N CADORNA,SARONNO,BOLLATE NORD,0.0,0.0,87,2023-01-01,2023-03-31,0,0,0,,,13:07,87,4
REG,842,M N CADORNA,SARONNO,BOLLATE CENTRO,0.0,0.0,87,2023-01-01,2023-03-31,0,0,0,,,13:09,87,5
