train_class,train_number,train_arrival_stop_name,train_departure_stop_name,stop_name,avg_arrival_delay,median_arrival_delay,count_dates_stop,first_date,last_date,count_3m_delay,count_5m_delay,count_10m_delay,stop_lat,stop_lon,stop_time,count_dates_train,stop_number
REG,21202,CASERTA,BENEVENTO,BENEVENTO,3.9166666666666665,4.0,12,2023-01-13,2023-03-31,11,3,0,41.141901,14.769998,06:45,12,1
REG,21202,CASERTA,BENEVENTO,PONTE CASALDUNI,0.4166666666666667,0.0,12,2023-01-13,2023-03-31,0,0,0,41.214169,14.696458,06:56,12,2
REG,21202,CASERTA,BENEVENTO,S.LORENZO MAGGIORE,0.6666666666666666,1.0,12,2023-01-13,2023-03-31,0,0,0,41.219748,14.648419,07:01,12,3
REG,21202,CASERTA,BENEVENTO,SOLOPACA,0.5,0.0,12,2023-01-13,2023-03-31,0,0,0,41.210521,14.571413,07:08,12,4
REG,21202,CASERTA,BENEVENTO,TELESE CERRETO,-0.08333333333333333,0.0,12,2023-01-13,2023-03-31,0,0,0,41.211709,14.526165,07:14,12,5
REG,21202,CASERTA,BENEVENTO,AMOROSI MELIZZANO,3.75,3.0,12,2023-01-13,2023-03-31,10,3,0,41.173509,14.470759,07:21,12,6
REG,21202,CASERTA,BENEVENTO,FRASSO T. DUGENTA,-0.16666666666666666,-1.0,12,2023-01-13,2023-03-31,2,0,0,41.137244,14.459459,07:31,12,7
REG,21202,CASERTA,BENEVENTO,VALLE DI MADDALONI,-0.16666666666666666,-1.0,12,2023-01-13,2023-03-31,0,0,0,41.087558,14.426049,07:38,12,8
REG,21202,CASERTA,BENEVENTO,CASERTA,-2.0,-3.0,12,2023-01-13,2023-03-31,0,0,0,41.068655,14.328457,07:55,12,9
