train_class,train_number,train_arrival_stop_name,train_departure_stop_name,stop_name,avg_arrival_delay,median_arrival_delay,count_dates_stop,first_date,last_date,count_3m_delay,count_5m_delay,count_10m_delay,stop_lat,stop_lon,stop_time,count_dates_train,stop_number
REG,20347,ROMA TIBURTINA,CESANO DI ROMA,CESANO DI ROMA,1.1724137931034482,1.0,58,2023-01-09,2023-03-31,0,0,0,42.061833,12.326669,11:45,58,1
REG,20347,ROMA TIBURTINA,CESANO DI ROMA,OLGIATA,2.6315789473684212,3.0,57,2023-01-09,2023-03-31,30,1,0,42.01538,12.363864,11:51,58,2
REG,20347,ROMA TIBURTINA,CESANO DI ROMA,LA STORTA,1.6379310344827587,2.0,58,2023-01-09,2023-03-31,6,1,0,42.001748,12.381254,11:54,58,3
REG,20347,ROMA TIBURTINA,CESANO DI ROMA,LA GIUSTINIANA,2.0517241379310347,2.0,58,2023-01-09,2023-03-31,15,1,0,41.985243,12.403457,11:58,58,4
REG,20347,ROMA TIBURTINA,CESANO DI ROMA,IPOGEO DEGLI OTTAVI,2.3859649122807016,2.0,57,2023-01-09,2023-03-31,22,1,0,41.968391,12.409026,12:01,58,5
REG,20347,ROMA TIBURTINA,CESANO DI ROMA,OTTAVIA,1.5689655172413792,1.0,58,2023-01-09,2023-03-31,12,1,0,,,12:04,58,6
REG,20347,ROMA TIBURTINA,CESANO DI ROMA,ROMA S.FILIPPO NERI,1.0172413793103448,1.0,58,2023-01-09,2023-03-31,6,0,0,41.950262,12.412414,12:07,58,7
REG,20347,ROMA TIBURTINA,CESANO DI ROMA,ROMA MONTE MARIO,0.3448275862068966,0.0,58,2023-01-09,2023-03-31,3,1,0,41.939088,12.421732,12:10,58,8
REG,20347,ROMA TIBURTINA,CESANO DI ROMA,GEMELLI,1.2586206896551724,1.0,58,2023-01-09,2023-03-31,8,1,0,41.927813,12.427797,12:13,58,9
REG,20347,ROMA TIBURTINA,CESANO DI ROMA,ROMA BALDUINA,1.6724137931034482,1.0,58,2023-01-09,2023-03-31,11,1,0,,,12:16,58,10
REG,20347,ROMA TIBURTINA,CESANO DI ROMA,APPIANO,1.5,1.0,58,2023-01-09,2023-03-31,9,1,0,41.909342,12.43838,12:18,58,11
REG,20347,ROMA TIBURTINA,CESANO DI ROMA,VALLE AURELIA,2.896551724137931,3.0,58,2023-01-09,2023-03-31,37,3,0,41.899356,12.447667,12:21,58,12
REG,20347,ROMA TIBURTINA,CESANO DI ROMA,ROMA S.PIETRO,-0.05172413793103448,-1.0,58,2023-01-09,2023-03-31,4,1,0,41.896143,12.454497,12:25,58,13
REG,20347,ROMA TIBURTINA,CESANO DI ROMA,QUATTRO VENTI,0.9827586206896551,1.0,58,2023-01-09,2023-03-31,6,3,0,41.880145,12.459731,12:29,58,14
REG,20347,ROMA TIBURTINA,CESANO DI ROMA,ROMA TRASTEVERE,2.603448275862069,2.0,58,2023-01-09,2023-03-31,23,4,1,41.872279,12.466162,12:32,58,15
REG,20347,ROMA TIBURTINA,CESANO DI ROMA,ROMA OSTIENSE,0.8275862068965517,1.0,58,2023-01-09,2023-03-31,7,3,0,41.87265,12.483917,12:36,58,16
REG,20347,ROMA TIBURTINA,CESANO DI ROMA,ROMA TUSCOLANA,1.0,1.0,52,2023-01-09,2023-03-31,11,3,1,41.879384,12.523505,12:43,58,17
REG,20347,ROMA TIBURTINA,CESANO DI ROMA,ROMA TIBURTINA,-1.896551724137931,-3.0,58,2023-01-09,2023-03-31,2,2,1,41.910903,12.530749,12:52,58,18
