train_class,train_number,train_arrival_stop_name,train_departure_stop_name,stop_name,avg_arrival_delay,median_arrival_delay,count_dates_stop,first_date,last_date,count_3m_delay,count_5m_delay,count_10m_delay,stop_lat,stop_lon,stop_time,count_dates_train,stop_number
REG,16110,TRENTO,BASSANO DEL GRAPPA,BASSANO DEL GRAPPA,2.466666666666667,2.0,75,2023-01-02,2023-03-31,25,3,0,45.766697,11.741525,08:25,75,1
REG,16110,TRENTO,BASSANO DEL GRAPPA,SOLAGNA,3.6,3.0,75,2023-01-02,2023-03-31,65,17,0,45.815434,11.72134,08:29,75,2
REG,16110,TRENTO,BASSANO DEL GRAPPA,S.NAZARIO,2.8666666666666667,2.0,75,2023-01-02,2023-03-31,36,7,0,45.838117,11.691321,08:33,75,3
REG,16110,TRENTO,BASSANO DEL GRAPPA,CARPANE`VALSTAGNA,1.7733333333333334,1.0,75,2023-01-02,2023-03-31,22,1,0,45.860128,11.661183,08:38,75,4
REG,16110,TRENTO,BASSANO DEL GRAPPA,S.MARINO,1.2533333333333334,1.0,75,2023-01-02,2023-03-31,15,2,0,45.897699,11.692241,08:44,75,5
REG,16110,TRENTO,BASSANO DEL GRAPPA,CISMON DEL GRAPPA,0.7733333333333333,1.0,75,2023-01-02,2023-03-31,7,2,0,45.919664,11.729272,08:49,75,6
REG,16110,TRENTO,BASSANO DEL GRAPPA,PRIMOLANO,-0.30666666666666664,-1.0,75,2023-01-02,2023-03-31,3,1,0,45.965315,11.700899,08:57,75,7
REG,16110,TRENTO,BASSANO DEL GRAPPA,TEZZE DI GRIGNO,2.3066666666666666,2.0,75,2023-01-02,2023-03-31,20,4,0,45.990485,11.669726,09:01,75,8
REG,16110,TRENTO,BASSANO DEL GRAPPA,GRIGNO,0.88,1.0,75,2023-01-02,2023-03-31,6,1,0,46.015059,11.624984,09:08,75,9
REG,16110,TRENTO,BASSANO DEL GRAPPA,STRIGNO,0.9333333333333333,1.0,75,2023-01-02,2023-03-31,10,1,0,46.051003,11.514327,09:18,75,10
REG,16110,TRENTO,BASSANO DEL GRAPPA,BORGO VALSUGANA EST,0.6666666666666666,0.0,75,2023-01-02,2023-03-31,6,1,0,46.05224,11.462119,09:24,75,11
REG,16110,TRENTO,BASSANO DEL GRAPPA,BORGO VALSUGANA CENTRO,0.21333333333333335,0.0,75,2023-01-02,2023-03-31,6,1,0,46.051182,11.453967,09:27,75,12
REG,16110,TRENTO,BASSANO DEL GRAPPA,RONCEGNO BAGNI-MARTER,1.64,1.0,75,2023-01-02,2023-03-31,12,2,0,46.03618,11.398818,09:32,75,13
REG,16110,TRENTO,BASSANO DEL GRAPPA,LEVICO,2.8266666666666667,3.0,75,2023-01-02,2023-03-31,41,6,0,46.005729,11.30493,09:41,75,14
REG,16110,TRENTO,BASSANO DEL GRAPPA,CALDONAZZO,3.0933333333333333,3.0,75,2023-01-02,2023-03-31,54,8,0,45.997575,11.264815,09:46,75,15
REG,16110,TRENTO,BASSANO DEL GRAPPA,CALCERANICA,3.52,4.0,75,2023-01-02,2023-03-31,60,15,0,46.007384,11.240713,09:50,75,16
REG,16110,TRENTO,BASSANO DEL GRAPPA,S.CRISTOFORO AL LAGO-ISCHIA,3.92,4.0,75,2023-01-02,2023-03-31,63,25,0,46.039743,11.23375,09:55,75,17
REG,16110,TRENTO,BASSANO DEL GRAPPA,PERGINE,1.6933333333333334,2.0,75,2023-01-02,2023-03-31,23,3,0,46.062482,11.232637,10:01,75,18
REG,16110,TRENTO,BASSANO DEL GRAPPA,POVO,3.2533333333333334,3.0,75,2023-01-02,2023-03-31,42,19,0,,,10:11,75,19
REG,16110,TRENTO,BASSANO DEL GRAPPA,VILLAZZANO,1.5066666666666666,2.0,75,2023-01-02,2023-03-31,24,3,0,46.045911,11.13906,10:15,75,20
REG,16110,TRENTO,BASSANO DEL GRAPPA,TRENTO,-0.84,-1.0,75,2023-01-02,2023-03-31,4,0,0,46.072414,11.118941,10:29,75,21
