train_class,train_number,train_arrival_stop_name,train_departure_stop_name,stop_name,avg_arrival_delay,median_arrival_delay,count_dates_stop,first_date,last_date,count_3m_delay,count_5m_delay,count_10m_delay,stop_lat,stop_lon,stop_time,count_dates_train,stop_number
REG,33903,PIANORO,BOLOGNA C.LE,BOLOGNA C.LE,2.161290322580645,2.0,62,2023-01-21,2023-03-31,13,6,0,44.50626,11.342267,10:35,62,1
REG,33903,PIANORO,BOLOGNA C.LE,BOLOGNA SAN VITALE,3.061224489795918,3.0,49,2023-01-21,2023-03-31,26,11,0,,,10:38,62,2
REG,33903,PIANORO,BOLOGNA C.LE,BOLOGNA MAZZINI,2.774193548387097,2.0,62,2023-01-21,2023-03-31,24,11,0,44.482284,11.376271,10:41,62,3
REG,33903,PIANORO,BOLOGNA C.LE,BOLOGNA S.RUFFILLO,1.5161290322580645,1.0,62,2023-01-21,2023-03-31,16,4,0,44.462657,11.372967,10:44,62,4
REG,33903,PIANORO,BOLOGNA C.LE,MUSIANO-PIAN DI MACINA,2.435483870967742,2.0,62,2023-01-21,2023-03-31,18,12,0,44.402423,11.344912,10:51,62,5
REG,33903,PIANORO,BOLOGNA C.LE,PIANORO,-0.4032258064516129,-1.0,62,2023-01-21,2023-03-31,10,2,0,44.380589,11.340675,10:56,62,6
