train_class,train_number,train_arrival_stop_name,train_departure_stop_name,stop_name,avg_arrival_delay,median_arrival_delay,count_dates_stop,first_date,last_date,count_3m_delay,count_5m_delay,count_10m_delay,stop_lat,stop_lon,stop_time,count_dates_train,stop_number
REG,12859,MILAZZO,MESSINA CENTRALE,MESSINA CENTRALE,2.253968253968254,2.0,63,2023-01-02,2023-03-31,18,5,2,38.184975,15.561278,05:45,63,1
REG,12859,MILAZZO,MESSINA CENTRALE,ROMETTA MESSINESE,-0.016129032258064516,-1.0,62,2023-01-02,2023-03-31,7,4,2,38.228455,15.405894,06:02,63,2
REG,12859,MILAZZO,MESSINA CENTRALE,PACE DEL MELA,1.2380952380952381,0.0,63,2023-01-02,2023-03-31,12,8,0,38.202459,15.312676,06:19,63,3
REG,12859,MILAZZO,MESSINA CENTRALE,MILAZZO,-2.2698412698412698,-4.0,63,2023-01-02,2023-03-31,7,3,1,38.21195,15.244203,06:28,63,4
