train_class,train_number,train_arrival_stop_name,train_departure_stop_name,stop_name,avg_arrival_delay,median_arrival_delay,count_dates_stop,first_date,last_date,count_3m_delay,count_5m_delay,count_10m_delay,stop_lat,stop_lon,stop_time,count_dates_train,stop_number
REG,12953,CATANIA CENTRALE,MESSINA CENTRALE,MESSINA CENTRALE,2.5714285714285716,2.0,63,2023-01-02,2023-03-31,28,9,1,38.184975,15.561278,05:39,63,1
REG,12953,CATANIA CENTRALE,MESSINA CENTRALE,GIAMPILIERI,2.4126984126984126,2.0,63,2023-01-02,2023-03-31,26,7,1,38.080121,15.493863,05:49,63,2
REG,12953,CATANIA CENTRALE,MESSINA CENTRALE,SCALETTA ZANCLEA,3.4285714285714284,3.0,63,2023-01-02,2023-03-31,39,12,1,38.04635,15.465376,05:53,63,3
REG,12953,CATANIA CENTRALE,MESSINA CENTRALE,ALI` TERME,2.3015873015873014,1.0,63,2023-01-02,2023-03-31,19,8,3,38.013952,15.435184,05:59,63,4
REG,12953,CATANIA CENTRALE,MESSINA CENTRALE,NIZZA DI SICILIA,3.0476190476190474,2.0,63,2023-01-02,2023-03-31,21,9,3,37.996937,15.412334,06:03,63,5
REG,12953,CATANIA CENTRALE,MESSINA CENTRALE,ROCCALUMERA MANDANICI,2.0,1.0,63,2023-01-02,2023-03-31,18,9,3,37.972946,15.391411,06:07,63,6
REG,12953,CATANIA CENTRALE,MESSINA CENTRALE,FURCI,3.4444444444444446,2.0,63,2023-01-02,2023-03-31,22,13,4,37.961714,15.380022,06:10,63,7
REG,12953,CATANIA CENTRALE,MESSINA CENTRALE,SANTA TERESA DI RIVA,1.4444444444444444,-1.0,63,2023-01-02,2023-03-31,12,7,4,37.946295,15.367682,06:14,63,8
REG,12953,CATANIA CENTRALE,MESSINA CENTRALE,S.ALESSIO SICULO FORZA D`AGRO`,2.8412698412698414,1.0,63,2023-01-02,2023-03-31,15,7,4,37.923992,15.347322,06:18,63,9
REG,12953,CATANIA CENTRALE,MESSINA CENTRALE,LETOJANNI,2.1746031746031744,1.0,63,2023-01-02,2023-03-31,15,8,4,37.877581,15.303128,06:25,63,10
REG,12953,CATANIA CENTRALE,MESSINA CENTRALE,TAORMINA,1.3492063492063493,-1.0,63,2023-01-02,2023-03-31,10,7,4,37.845429,15.282584,06:31,63,11
REG,12953,CATANIA CENTRALE,MESSINA CENTRALE,ALCANTARA,1.6666666666666667,0.0,63,2023-01-02,2023-03-31,10,8,6,37.82145,15.251158,06:39,63,12
REG,12953,CATANIA CENTRALE,MESSINA CENTRALE,CALATABIANO,3.9206349206349205,1.0,63,2023-01-02,2023-03-31,16,9,6,37.814684,15.226568,06:43,63,13
REG,12953,CATANIA CENTRALE,MESSINA CENTRALE,FIUMEFREDDO DI SICILIA,3.4285714285714284,1.0,63,2023-01-02,2023-03-31,16,12,6,37.795247,15.205615,06:47,63,14
REG,12953,CATANIA CENTRALE,MESSINA CENTRALE,GIARRE RIPOSTO,2.262295081967213,-1.0,61,2023-01-02,2023-03-31,14,8,6,37.730346,15.193386,06:57,63,15
REG,12953,CATANIA CENTRALE,MESSINA CENTRALE,ACIREALE,0.2903225806451613,-3.0,62,2023-01-02,2023-03-31,7,7,5,37.600514,15.163697,07:10,63,16
REG,12953,CATANIA CENTRALE,MESSINA CENTRALE,CATANIA CENTRALE,-3.6666666666666665,-7.0,63,2023-01-02,2023-03-31,6,6,5,37.506211,15.099417,07:33,63,17
