train_class,train_number,train_arrival_stop_name,train_departure_stop_name,stop_name,avg_arrival_delay,median_arrival_delay,count_dates_stop,first_date,last_date,count_3m_delay,count_5m_delay,count_10m_delay,stop_lat,stop_lon,stop_time,count_dates_train,stop_number
REG,21748,PALERMO CENTRALE,PUNTA RAISI,PUNTA RAISI,1.2857142857142858,1.0,14,2023-01-01,2023-03-26,0,0,0,38.188892,13.110059,17:20,14,1
REG,21748,PALERMO CENTRALE,PUNTA RAISI,PIRAINETO,0.8571428571428571,1.0,14,2023-01-01,2023-03-26,1,0,0,38.169148,13.14256,17:24,14,2
REG,21748,PALERMO CENTRALE,PUNTA RAISI,CARINI,-0.42857142857142855,-1.0,14,2023-01-01,2023-03-26,0,0,0,38.147696,13.186624,17:30,14,3
REG,21748,PALERMO CENTRALE,PUNTA RAISI,ISOLA DELLE FEMMINE,-0.5,-1.0,14,2023-01-01,2023-03-26,0,0,0,38.194784,13.250188,17:40,14,4
REG,21748,PALERMO CENTRALE,PUNTA RAISI,FRANCIA,-0.21428571428571427,0.0,14,2023-01-01,2023-03-26,0,0,0,38.155233,13.321938,17:54,14,5
REG,21748,PALERMO CENTRALE,PUNTA RAISI,PALERMO NOTARBARTOLO,-1.5714285714285714,-2.0,14,2023-01-01,2023-03-26,0,0,0,38.132261,13.341572,17:59,14,6
REG,21748,PALERMO CENTRALE,PUNTA RAISI,LOLLI,1.6428571428571428,2.0,14,2023-01-01,2023-03-26,0,0,0,,,18:02,14,7
REG,21748,PALERMO CENTRALE,PUNTA RAISI,PALAZZO REALE-ORLEANS,-2.0714285714285716,-2.0,14,2023-01-01,2023-03-26,0,0,0,38.10878,13.353962,18:07,14,8
REG,21748,PALERMO CENTRALE,PUNTA RAISI,VESPRI,-0.07142857142857142,0.0,14,2023-01-01,2023-03-26,0,0,0,38.101996,13.362701,18:10,14,9
REG,21748,PALERMO CENTRALE,PUNTA RAISI,GUADAGNA,0.2857142857142857,0.0,14,2023-01-01,2023-03-26,0,0,0,,,18:13,14,10
REG,21748,PALERMO CENTRALE,PUNTA RAISI,PALERMO CENTRALE,-0.6428571428571429,-1.0,14,2023-01-01,2023-03-26,0,0,0,38.109187,13.367515,18:17,14,11
