train_class,train_number,train_arrival_stop_name,train_departure_stop_name,stop_name,avg_arrival_delay,median_arrival_delay,count_dates_stop,first_date,last_date,count_3m_delay,count_5m_delay,count_10m_delay,stop_lat,stop_lon,stop_time,count_dates_train,stop_number
REG,12400,SAVONA,SESTRI LEVANTE,SESTRI LEVANTE,3.4918032786885247,2.0,61,2023-01-02,2023-03-31,29,18,2,44.27626,9.397651,14:32,61,1
REG,12400,SAVONA,SESTRI LEVANTE,CHIAVARI,1.7868852459016393,1.0,61,2023-01-02,2023-03-31,19,9,2,44.315156,9.322464,14:42,61,2
REG,12400,SAVONA,SESTRI LEVANTE,S. MARGHERITA LIGURE PORTOFINO,3.9508196721311477,2.0,61,2023-01-02,2023-03-31,23,15,5,44.33676,9.216673,14:54,61,3
REG,12400,SAVONA,SESTRI LEVANTE,RECCO,4.573770491803279,3.0,61,2023-01-02,2023-03-31,31,18,7,44.361215,9.146788,15:03,61,4
REG,12400,SAVONA,SESTRI LEVANTE,GENOVA NERVI,7.721311475409836,8.0,61,2023-01-02,2023-03-31,50,46,19,44.381271,9.039895,15:18,61,5
REG,12400,SAVONA,SESTRI LEVANTE,GENOVA QUARTO DEI MILLE,8.967213114754099,8.0,61,2023-01-02,2023-03-31,53,49,23,44.388607,8.99597,15:24,61,6
REG,12400,SAVONA,SESTRI LEVANTE,GENOVA BRIGNOLE,6.114754098360656,5.0,61,2023-01-02,2023-03-31,45,36,10,44.407213,8.947553,15:35,61,7
REG,12400,SAVONA,SESTRI LEVANTE,GENOVA P. PRINCIPE SOTTERRANEA,1.2950819672131149,0.0,61,2023-01-02,2023-03-31,16,8,4,44.414803,8.918041,15:46,61,8
REG,12400,SAVONA,SESTRI LEVANTE,GENOVA SAMPIERDARENA,3.9836065573770494,3.0,61,2023-01-02,2023-03-31,38,16,4,44.413102,8.887271,15:54,61,9
REG,12400,SAVONA,SESTRI LEVANTE,GENOVA SESTRI PONENTE,4.377049180327869,3.0,61,2023-01-02,2023-03-31,39,18,6,44.422374,8.847707,16:01,61,10
REG,12400,SAVONA,SESTRI LEVANTE,GENOVA VOLTRI,2.4262295081967213,1.0,61,2023-01-02,2023-03-31,22,12,3,44.428467,8.758163,16:16,61,11
REG,12400,SAVONA,SESTRI LEVANTE,ARENZANO,0.7704918032786885,-1.0,61,2023-01-02,2023-03-31,12,8,1,44.403089,8.678322,16:24,61,12
REG,12400,SAVONA,SESTRI LEVANTE,COGOLETO,2.098360655737705,1.0,61,2023-01-02,2023-03-31,13,8,3,44.389762,8.643906,16:28,61,13
REG,12400,SAVONA,SESTRI LEVANTE,VARAZZE,1.9344262295081966,1.0,61,2023-01-02,2023-03-31,13,8,3,44.356842,8.566682,16:34,61,14
REG,12400,SAVONA,SESTRI LEVANTE,ALBISOLA,1.180327868852459,0.0,61,2023-01-02,2023-03-31,12,5,2,44.33469,8.512092,16:42,61,15
REG,12400,SAVONA,SESTRI LEVANTE,SAVONA,0.4098360655737705,-1.0,61,2023-01-02,2023-03-31,8,4,2,44.306892,8.470259,16:50,61,16
