train_class,train_number,train_arrival_stop_name,train_departure_stop_name,stop_name,avg_arrival_delay,median_arrival_delay,count_dates_stop,first_date,last_date,count_3m_delay,count_5m_delay,count_10m_delay,stop_lat,stop_lon,stop_time,count_dates_train,stop_number
REG,24371,PAVIA,MILANO BOVISA FNM,MILANO BOVISA FNM,3.975,3.0,80,2023-01-01,2023-03-23,67,22,3,45.502993,9.159235,20:25,80,1
REG,24371,PAVIA,MILANO BOVISA FNM,MILANO LANCETTI,-0.1625,-1.0,80,2023-01-01,2023-03-23,7,3,0,45.492632,9.175832,20:30,80,2
REG,24371,PAVIA,MILANO BOVISA FNM,MI P.GAR.SOTT.,2.825,2.0,80,2023-01-01,2023-03-23,39,10,1,45.484228,9.185122,20:33,80,3
REG,24371,PAVIA,MILANO BOVISA FNM,MILANO REPUBBLICA,2.725,2.0,80,2023-01-01,2023-03-23,37,8,1,45.479984,9.198861,20:35,80,4
REG,24371,PAVIA,MILANO BOVISA FNM,MILANO VENEZIA,3.0375,3.0,80,2023-01-01,2023-03-23,44,14,1,45.471121,9.201889,20:37,80,5
REG,24371,PAVIA,MILANO BOVISA FNM,MILANO DATEO,2.9,2.0,80,2023-01-01,2023-03-23,39,13,1,45.462341,9.209277,20:40,80,6
REG,24371,PAVIA,MILANO BOVISA FNM,MILANO PORTA VITTORIA,0.675,0.0,80,2023-01-01,2023-03-23,13,4,0,45.459579,9.21813,20:44,80,7
REG,24371,PAVIA,MILANO BOVISA FNM,MILANO ROGOREDO,-1.075,-2.0,80,2023-01-01,2023-03-23,6,2,0,45.433866,9.2391,20:52,80,8
REG,24371,PAVIA,MILANO BOVISA FNM,LOCATE TRIULZI,3.730769230769231,3.0,78,2023-01-01,2023-03-23,54,20,2,45.35973,9.221398,21:00,80,9
REG,24371,PAVIA,MILANO BOVISA FNM,VILLAMAGGIORE,5.2368421052631575,5.0,76,2023-01-01,2023-03-23,69,42,3,45.32045,9.190674,21:07,80,10
REG,24371,PAVIA,MILANO BOVISA FNM,CERTOSA DI PAVIA,4.367088607594937,4.0,79,2023-01-01,2023-03-23,60,30,3,45.256927,9.154456,21:12,80,11
REG,24371,PAVIA,MILANO BOVISA FNM,PAVIA,3.1625,3.0,80,2023-01-01,2023-03-23,41,22,2,45.188843,9.144674,21:21,80,12
