train_class,train_number,train_arrival_stop_name,train_departure_stop_name,stop_name,avg_arrival_delay,median_arrival_delay,count_dates_stop,first_date,last_date,count_3m_delay,count_5m_delay,count_10m_delay,stop_lat,stop_lon,stop_time,count_dates_train,stop_number
REG,12294,VENTIMIGLIA,SAVONA,SAVONA,1.6923076923076923,2.0,26,2023-01-01,2023-03-26,2,0,0,44.306892,8.470259,14:55,26,1
REG,12294,VENTIMIGLIA,SAVONA,SPOTORNO NOLI,1.3076923076923077,1.0,26,2023-01-01,2023-03-26,3,0,0,44.226528,8.410932,15:02,26,2
REG,12294,VENTIMIGLIA,SAVONA,FINALE LIGURE MARINA,0.19230769230769232,0.0,26,2023-01-01,2023-03-26,1,0,0,44.169116,8.34033,15:10,26,3
REG,12294,VENTIMIGLIA,SAVONA,PIETRA LIGURE,2.6923076923076925,2.0,26,2023-01-01,2023-03-26,10,5,1,44.145345,8.277403,15:23,26,4
REG,12294,VENTIMIGLIA,SAVONA,LOANO,3.8076923076923075,3.0,26,2023-01-01,2023-03-26,15,7,2,44.122429,8.254523,15:27,26,5
REG,12294,VENTIMIGLIA,SAVONA,ALBENGA,3.730769230769231,3.0,26,2023-01-01,2023-03-26,15,7,2,44.04722,8.221663,15:38,26,6
REG,12294,VENTIMIGLIA,SAVONA,ALASSIO,4.423076923076923,3.0,26,2023-01-01,2023-03-26,16,10,2,44.007889,8.17112,15:46,26,7
REG,12294,VENTIMIGLIA,SAVONA,ANDORA,6.769230769230769,8.0,26,2023-01-01,2023-03-26,21,21,7,,,16:00,26,8
REG,12294,VENTIMIGLIA,SAVONA,IMPERIA,3.423076923076923,4.0,26,2023-01-01,2023-03-26,15,11,0,43.896798,8.03139,16:13,26,9
REG,12294,VENTIMIGLIA,SAVONA,TAGGIA ARMA,3.923076923076923,4.0,26,2023-01-01,2023-03-26,17,10,2,43.844567,7.855324,16:23,26,10
REG,12294,VENTIMIGLIA,SAVONA,BORDIGHERA,2.6153846153846154,2.0,26,2023-01-01,2023-03-26,13,6,3,43.778313,7.663504,16:38,26,11
REG,12294,VENTIMIGLIA,SAVONA,VENTIMIGLIA,-0.38461538461538464,-1.0,26,2023-01-01,2023-03-26,4,3,0,43.792561,7.610224,16:50,26,12
