train_class,train_number,train_arrival_stop_name,train_departure_stop_name,stop_name,avg_arrival_delay,median_arrival_delay,count_dates_stop,first_date,last_date,count_3m_delay,count_5m_delay,count_10m_delay,stop_lat,stop_lon,stop_time,count_dates_train,stop_number
REG,90325,PARMA,SUZZARA,SUZZARA,1.4477611940298507,1.0,67,2023-01-04,2023-03-31,8,2,0,44.994432,10.756138,12:21,67,1
REG,90325,PARMA,SUZZARA,LUZZARA,-0.14893617021276595,0.0,47,2023-01-04,2023-03-31,1,0,0,,,12:30,67,2
REG,90325,PARMA,SUZZARA,GUASTALLA,-1.851063829787234,-2.0,47,2023-01-04,2023-03-31,0,0,0,,,12:42,67,3
REG,90325,PARMA,SUZZARA,GUALTIERI,-0.7872340425531915,-1.0,47,2023-01-04,2023-03-31,1,0,0,,,12:47,67,4
REG,90325,PARMA,SUZZARA,BORETTO,-0.8297872340425532,-1.0,47,2023-01-04,2023-03-31,0,0,0,,,12:58,67,5
REG,90325,PARMA,SUZZARA,PARMA,0.8656716417910447,0.0,67,2023-01-04,2023-03-31,11,4,1,44.810203,10.32837,13:35,67,6
