train_class,train_number,train_arrival_stop_name,train_departure_stop_name,stop_name,avg_arrival_delay,median_arrival_delay,count_dates_stop,first_date,last_date,count_3m_delay,count_5m_delay,count_10m_delay,stop_lat,stop_lon,stop_time,count_dates_train,stop_number
REG,17369,TRIESTE CENTRALE,TARVISIO BOSCOVERDE,TARVISIO BOSCOVERDE,2.4615384615384617,2.0,26,2023-01-01,2023-03-26,5,2,0,46.505956,13.608012,17:53,26,1
REG,17369,TRIESTE CENTRALE,TARVISIO BOSCOVERDE,UGOVIZZA VALBRUNA,-0.2692307692307692,-1.0,26,2023-01-01,2023-03-26,2,2,0,46.502902,13.494972,18:01,26,2
REG,17369,TRIESTE CENTRALE,TARVISIO BOSCOVERDE,PONTEBBA,0.34615384615384615,-1.0,26,2023-01-01,2023-03-26,3,2,1,46.508463,13.311357,18:13,26,3
REG,17369,TRIESTE CENTRALE,TARVISIO BOSCOVERDE,CARNIA,0.07692307692307693,-1.0,26,2023-01-01,2023-03-26,5,2,0,46.373634,13.132847,18:28,26,4
REG,17369,TRIESTE CENTRALE,TARVISIO BOSCOVERDE,GEMONA DEL FRIULI,0.34615384615384615,-1.0,26,2023-01-01,2023-03-26,4,1,0,46.274243,13.127978,18:39,26,5
REG,17369,TRIESTE CENTRALE,TARVISIO BOSCOVERDE,UDINE,0.46153846153846156,0.0,26,2023-01-01,2023-03-26,5,3,0,46.055791,13.242003,18:59,26,6
REG,17369,TRIESTE CENTRALE,TARVISIO BOSCOVERDE,BUTTRIO,1.8846153846153846,1.0,26,2023-01-01,2023-03-26,5,3,0,46.012664,13.329039,19:15,26,7
REG,17369,TRIESTE CENTRALE,TARVISIO BOSCOVERDE,MANZANO,1.6923076923076923,1.0,26,2023-01-01,2023-03-26,4,3,0,45.98811,13.375016,19:20,26,8
REG,17369,TRIESTE CENTRALE,TARVISIO BOSCOVERDE,S.GIOVANNI AL NATISONE,0.6538461538461539,0.0,26,2023-01-01,2023-03-26,6,3,0,45.976122,13.397437,19:24,26,9
REG,17369,TRIESTE CENTRALE,TARVISIO BOSCOVERDE,CORMONS,0.19230769230769232,-1.0,26,2023-01-01,2023-03-26,4,3,0,45.957519,13.461563,19:29,26,10
REG,17369,TRIESTE CENTRALE,TARVISIO BOSCOVERDE,GORIZIA CENTRALE,0.15384615384615385,-1.0,26,2023-01-01,2023-03-26,4,3,0,45.933047,13.60684,19:38,26,11
REG,17369,TRIESTE CENTRALE,TARVISIO BOSCOVERDE,SAGRADO,1.4230769230769231,1.0,26,2023-01-01,2023-03-26,5,3,0,45.872629,13.484004,19:49,26,12
REG,17369,TRIESTE CENTRALE,TARVISIO BOSCOVERDE,RONCHI DEI LEGIONARI NORD,3.1153846153846154,-1.0,26,2023-01-01,2023-03-26,6,4,2,45.830285,13.505962,19:55,26,13
REG,17369,TRIESTE CENTRALE,TARVISIO BOSCOVERDE,MONFALCONE,3.576923076923077,0.0,26,2023-01-01,2023-03-26,6,4,2,45.807683,13.542929,20:02,26,14
REG,17369,TRIESTE CENTRALE,TARVISIO BOSCOVERDE,SISTIANA,4.5,1.0,26,2023-01-01,2023-03-26,6,4,2,45.774903,13.645832,20:10,26,15
REG,17369,TRIESTE CENTRALE,TARVISIO BOSCOVERDE,BIVIO D`AURISINA,5.153846153846154,2.0,26,2023-01-01,2023-03-26,9,7,2,45.754253,13.655777,20:14,26,16
REG,17369,TRIESTE CENTRALE,TARVISIO BOSCOVERDE,MIRAMARE,6.384615384615385,2.0,26,2023-01-01,2023-03-26,13,8,3,,,20:21,26,17
REG,17369,TRIESTE CENTRALE,TARVISIO BOSCOVERDE,TRIESTE CENTRALE,2.769230769230769,-1.0,26,2023-01-01,2023-03-26,7,3,2,45.657456,13.771873,20:32,26,18
