train_class,train_number,train_arrival_stop_name,train_departure_stop_name,stop_name,avg_arrival_delay,median_arrival_delay,count_dates_stop,first_date,last_date,count_3m_delay,count_5m_delay,count_10m_delay,stop_lat,stop_lon,stop_time,count_dates_train,stop_number
REG,17032,VENEZIA SANTA LUCIA,PORTOGRUARO CAORLE,PORTOGRUARO CAORLE,3.142857142857143,3.0,63,2023-01-02,2023-03-31,49,7,0,45.781438,12.832375,12:07,63,1
REG,17032,VENEZIA SANTA LUCIA,PORTOGRUARO CAORLE,LISON,1.6825396825396826,1.0,63,2023-01-02,2023-03-31,7,3,1,45.751947,12.759416,12:12,63,2
REG,17032,VENEZIA SANTA LUCIA,PORTOGRUARO CAORLE,S. STINO DI LIVENZA,1.2857142857142858,1.0,63,2023-01-02,2023-03-31,11,4,1,45.721088,12.682769,12:18,63,3
REG,17032,VENEZIA SANTA LUCIA,PORTOGRUARO CAORLE,S. DONA` DI PIAVE,2.015873015873016,1.0,63,2023-01-02,2023-03-31,16,6,3,45.63983,12.559791,12:29,63,4
REG,17032,VENEZIA SANTA LUCIA,PORTOGRUARO CAORLE,QUARTO D`ALTINO,1.7777777777777777,1.0,63,2023-01-02,2023-03-31,18,8,3,45.574576,12.365032,12:45,63,5
REG,17032,VENEZIA SANTA LUCIA,PORTOGRUARO CAORLE,VENEZIA MESTRE,0.07936507936507936,-1.0,63,2023-01-02,2023-03-31,7,4,1,45.482123,12.232069,13:04,63,6
REG,17032,VENEZIA SANTA LUCIA,PORTOGRUARO CAORLE,VENEZIA SANTA LUCIA,0.4444444444444444,0.0,63,2023-01-02,2023-03-31,9,4,2,45.441569,12.320882,13:21,63,7
