train_class,train_number,train_arrival_stop_name,train_departure_stop_name,stop_name,avg_arrival_delay,median_arrival_delay,count_dates_stop,first_date,last_date,count_3m_delay,count_5m_delay,count_10m_delay,stop_lat,stop_lon,stop_time,count_dates_train,stop_number
REG,17620,FERRARA,RAVENNA,RAVENNA,2.1466666666666665,2.0,75,2023-01-02,2023-03-31,16,3,0,44.419155,12.208404,14:25,75,1
REG,17620,FERRARA,RAVENNA,MEZZANO,1.8266666666666667,1.0,75,2023-01-02,2023-03-31,19,2,0,44.463,12.098501,14:33,75,2
REG,17620,FERRARA,RAVENNA,GLORIE,2.026666666666667,2.0,75,2023-01-02,2023-03-31,24,4,0,44.483341,12.075736,14:42,75,3
REG,17620,FERRARA,RAVENNA,ALFONSINE,0.48,1.0,75,2023-01-02,2023-03-31,6,1,0,44.512364,12.039155,14:47,75,4
REG,17620,FERRARA,RAVENNA,VOLTANA,1.8133333333333332,1.0,75,2023-01-02,2023-03-31,16,5,1,44.540369,11.93605,14:54,75,5
REG,17620,FERRARA,RAVENNA,LAVEZZOLA,0.6133333333333333,0.0,75,2023-01-02,2023-03-31,11,4,1,44.559591,11.880154,15:00,75,6
REG,17620,FERRARA,RAVENNA,S.BIAGIO,4.04,4.0,75,2023-01-02,2023-03-31,64,19,1,44.594511,11.87054,15:04,75,7
REG,17620,FERRARA,RAVENNA,ARGENTA,2.973333333333333,3.0,75,2023-01-02,2023-03-31,53,7,1,44.616867,11.841267,15:09,75,8
REG,17620,FERRARA,RAVENNA,PORTOMAGGIORE,-0.56,-1.0,75,2023-01-02,2023-03-31,2,1,1,44.696699,11.799785,15:20,75,9
REG,17620,FERRARA,RAVENNA,MONTESANTO,-1.28,-2.0,75,2023-01-02,2023-03-31,1,1,1,44.732964,11.73652,15:28,75,10
REG,17620,FERRARA,RAVENNA,FERRARA,2.7733333333333334,2.0,75,2023-01-02,2023-03-31,29,13,3,44.843047,11.603594,15:46,75,11
