train_class,train_number,train_arrival_stop_name,train_departure_stop_name,stop_name,avg_arrival_delay,median_arrival_delay,count_dates_stop,first_date,last_date,count_3m_delay,count_5m_delay,count_10m_delay,stop_lat,stop_lon,stop_time,count_dates_train,stop_number
REG,22825,GENOVA BRIGNOLE,GENOVA VOLTRI,GENOVA VOLTRI,2.875,2.0,64,2023-01-02,2023-03-31,21,10,1,44.428467,8.758163,07:54,64,1
REG,22825,GENOVA BRIGNOLE,GENOVA VOLTRI,GENOVA SESTRI PONENTE,2.25,1.0,64,2023-01-02,2023-03-31,18,8,1,44.422374,8.847707,08:06,64,2
REG,22825,GENOVA BRIGNOLE,GENOVA VOLTRI,GENOVA SAMPIERDARENA,3.828125,2.0,64,2023-01-02,2023-03-31,31,14,4,44.413102,8.887271,08:13,64,3
REG,22825,GENOVA BRIGNOLE,GENOVA VOLTRI,GENOVA P.PRINCIPE,4.59375,3.0,64,2023-01-02,2023-03-31,40,20,6,44.417784,8.9207,08:20,64,4
REG,22825,GENOVA BRIGNOLE,GENOVA VOLTRI,GENOVA BRIGNOLE,4.203125,3.0,64,2023-01-02,2023-03-31,34,18,6,44.407213,8.947553,08:28,64,5
