train_class,train_number,train_arrival_stop_name,train_departure_stop_name,stop_name,avg_arrival_delay,median_arrival_delay,count_dates_stop,first_date,last_date,count_3m_delay,count_5m_delay,count_10m_delay,stop_lat,stop_lon,stop_time,count_dates_train,stop_number
REG,20377,ROMA OSTIENSE,CESANO DI ROMA,CESANO DI ROMA,1.45,1.0,60,2023-01-09,2023-03-31,5,0,0,42.061833,12.326669,19:03,60,1
REG,20377,ROMA OSTIENSE,CESANO DI ROMA,OLGIATA,2.9833333333333334,3.0,60,2023-01-09,2023-03-31,41,4,0,42.01538,12.363864,19:09,60,2
REG,20377,ROMA OSTIENSE,CESANO DI ROMA,LA STORTA,2.0833333333333335,2.0,60,2023-01-09,2023-03-31,16,2,0,42.001748,12.381254,19:12,60,3
REG,20377,ROMA OSTIENSE,CESANO DI ROMA,LA GIUSTINIANA,2.816666666666667,3.0,60,2023-01-09,2023-03-31,34,5,0,41.985243,12.403457,19:16,60,4
REG,20377,ROMA OSTIENSE,CESANO DI ROMA,IPOGEO DEGLI OTTAVI,3.1,3.0,60,2023-01-09,2023-03-31,39,8,0,41.968391,12.409026,19:19,60,5
REG,20377,ROMA OSTIENSE,CESANO DI ROMA,OTTAVIA,2.283333333333333,2.0,60,2023-01-09,2023-03-31,25,3,0,,,19:22,60,6
REG,20377,ROMA OSTIENSE,CESANO DI ROMA,ROMA S.FILIPPO NERI,1.95,2.0,60,2023-01-09,2023-03-31,20,2,0,41.950262,12.412414,19:25,60,7
REG,20377,ROMA OSTIENSE,CESANO DI ROMA,ROMA MONTE MARIO,1.2,1.0,60,2023-01-09,2023-03-31,11,1,0,41.939088,12.421732,19:28,60,8
REG,20377,ROMA OSTIENSE,CESANO DI ROMA,GEMELLI,1.9833333333333334,2.0,60,2023-01-09,2023-03-31,22,4,0,41.927813,12.427797,19:31,60,9
REG,20377,ROMA OSTIENSE,CESANO DI ROMA,ROMA BALDUINA,2.316666666666667,2.0,60,2023-01-09,2023-03-31,23,5,1,,,19:34,60,10
REG,20377,ROMA OSTIENSE,CESANO DI ROMA,APPIANO,2.2333333333333334,2.0,60,2023-01-09,2023-03-31,22,4,1,41.909342,12.43838,19:36,60,11
REG,20377,ROMA OSTIENSE,CESANO DI ROMA,VALLE AURELIA,3.6333333333333333,3.0,60,2023-01-09,2023-03-31,47,10,1,41.899356,12.447667,19:39,60,12
REG,20377,ROMA OSTIENSE,CESANO DI ROMA,ROMA S.PIETRO,0.6833333333333333,0.0,60,2023-01-09,2023-03-31,5,1,1,41.896143,12.454497,19:43,60,13
REG,20377,ROMA OSTIENSE,CESANO DI ROMA,QUATTRO VENTI,1.5,1.0,60,2023-01-09,2023-03-31,8,2,1,41.880145,12.459731,19:47,60,14
REG,20377,ROMA OSTIENSE,CESANO DI ROMA,ROMA TRASTEVERE,2.7,2.0,60,2023-01-09,2023-03-31,21,6,1,41.872279,12.466162,19:50,60,15
REG,20377,ROMA OSTIENSE,CESANO DI ROMA,ROMA OSTIENSE,0.7666666666666667,0.0,60,2023-01-09,2023-03-31,8,3,1,41.87265,12.483917,19:54,60,16
