train_class,train_number,train_arrival_stop_name,train_departure_stop_name,stop_name,avg_arrival_delay,median_arrival_delay,count_dates_stop,first_date,last_date,count_3m_delay,count_5m_delay,count_10m_delay,stop_lat,stop_lon,stop_time,count_dates_train,stop_number
REG,20139,VELLETRI,ROMA TERMINI,ROMA TERMINI,1.6984126984126984,1.0,63,2023-01-02,2023-03-31,18,4,0,41.900636,12.502026,14:28,63,1
REG,20139,VELLETRI,ROMA TERMINI,CAPANNELLE,1.9206349206349207,2.0,63,2023-01-02,2023-03-31,18,8,0,41.830713,12.568884,14:36,63,2
REG,20139,VELLETRI,ROMA TERMINI,CIAMPINO,1.7301587301587302,2.0,63,2023-01-02,2023-03-31,20,6,0,41.804442,12.599546,14:43,63,3
REG,20139,VELLETRI,ROMA TERMINI,CASABIANCA,4.285714285714286,4.0,63,2023-01-02,2023-03-31,44,21,3,41.788327,12.60431,14:48,63,4
REG,20139,VELLETRI,ROMA TERMINI,S. MARIA DELLE MOLE,2.3333333333333335,2.0,63,2023-01-02,2023-03-31,21,8,3,41.774417,12.606225,14:52,63,5
REG,20139,VELLETRI,ROMA TERMINI,PAVONA,2.7142857142857144,2.0,63,2023-01-02,2023-03-31,23,10,3,41.723897,12.61116,14:59,63,6
REG,20139,VELLETRI,ROMA TERMINI,CECCHINA,2.873015873015873,2.0,63,2023-01-02,2023-03-31,27,10,3,41.692029,12.650992,15:05,63,7
REG,20139,VELLETRI,ROMA TERMINI,LANUVIO,1.5714285714285714,1.0,63,2023-01-02,2023-03-31,12,6,4,41.672211,12.690885,15:13,63,8
REG,20139,VELLETRI,ROMA TERMINI,VELLETRI,0.6031746031746031,-1.0,63,2023-01-02,2023-03-31,9,5,3,41.682421,12.780864,15:25,63,9
