train_class,train_number,train_arrival_stop_name,train_departure_stop_name,stop_name,avg_arrival_delay,median_arrival_delay,count_dates_stop,first_date,last_date,count_3m_delay,count_5m_delay,count_10m_delay,stop_lat,stop_lon,stop_time,count_dates_train,stop_number
FR,9320,TORINO P.NUOVA,NAPOLI CENTRALE,NAPOLI CENTRALE,4.266666666666667,3.0,90,2023-01-01,2023-03-31,61,27,6,40.852933,14.272908,13:55,90,1
FR,9320,TORINO P.NUOVA,NAPOLI CENTRALE,NAPOLI AFRAGOLA,2.1555555555555554,1.0,90,2023-01-01,2023-03-31,28,18,6,,,14:08,90,2
FR,9320,TORINO P.NUOVA,NAPOLI CENTRALE,ROMA TERMINI,7.711111111111111,6.0,90,2023-01-01,2023-03-31,75,60,26,41.900636,12.502026,15:05,90,3
FR,9320,TORINO P.NUOVA,NAPOLI CENTRALE,ROMA TIBURTINA,2.0941176470588236,1.0,85,2023-01-01,2023-03-31,27,14,6,41.910903,12.530749,15:32,90,4
FR,9320,TORINO P.NUOVA,NAPOLI CENTRALE,FIRENZE S.M.N.,3.7777777777777777,2.0,90,2023-01-01,2023-03-31,36,24,9,43.776893,11.247373,17:01,90,5
FR,9320,TORINO P.NUOVA,NAPOLI CENTRALE,BOLOGNA C.LE/AV,2.7888888888888888,0.0,90,2023-01-01,2023-03-31,28,21,8,44.506813,11.342622,17:48,90,6
FR,9320,TORINO P.NUOVA,NAPOLI CENTRALE,REGGIO EMILIA AV,4.544444444444444,1.0,90,2023-01-01,2023-03-31,33,26,13,44.724539,10.653716,18:13,90,7
FR,9320,TORINO P.NUOVA,NAPOLI CENTRALE,MILANO ROGOREDO,7.988888888888889,5.0,90,2023-01-01,2023-03-31,57,46,21,45.433866,9.2391,18:55,90,8
FR,9320,TORINO P.NUOVA,NAPOLI CENTRALE,MILANO PORTA GARIBALDI,9.466666666666667,5.0,90,2023-01-01,2023-03-31,71,53,23,45.484917,9.187683,19:12,90,9
FR,9320,TORINO P.NUOVA,NAPOLI CENTRALE,RHO FIERA MILANO,9.78888888888889,5.0,90,2023-01-01,2023-03-31,74,48,25,45.521157,9.088595,19:27,90,10
FR,9320,TORINO P.NUOVA,NAPOLI CENTRALE,TORINO PORTA SUSA,9.311111111111112,4.0,90,2023-01-01,2023-03-31,58,44,26,45.075906,7.667673,20:08,90,11
FR,9320,TORINO P.NUOVA,NAPOLI CENTRALE,TORINO P.NUOVA,7.811111111111111,2.0,90,2023-01-01,2023-03-31,45,38,26,45.060969,7.67747,20:20,90,12
