train_class,train_number,train_arrival_stop_name,train_departure_stop_name,stop_name,avg_arrival_delay,median_arrival_delay,count_dates_stop,first_date,last_date,count_3m_delay,count_5m_delay,count_10m_delay,stop_lat,stop_lon,stop_time,count_dates_train,stop_number
REG,12054,BUSALLA,GENOVA BRIGNOLE,GENOVA BRIGNOLE,2.390625,2.0,64,2023-01-02,2023-03-31,17,7,1,44.407213,8.947553,15:48,64,1
REG,12054,BUSALLA,GENOVA BRIGNOLE,GENOVA P.PRINCIPE,0.421875,0.0,64,2023-01-02,2023-03-31,9,3,1,44.417784,8.9207,15:54,64,2
REG,12054,BUSALLA,GENOVA BRIGNOLE,GENOVA SAMPIERDARENA,1.453125,1.0,64,2023-01-02,2023-03-31,13,8,1,44.413102,8.887271,16:01,64,3
REG,12054,BUSALLA,GENOVA BRIGNOLE,GENOVA RIVAROLO,-1.640625,-2.0,64,2023-01-02,2023-03-31,3,1,0,44.435955,8.89106,16:09,64,4
REG,12054,BUSALLA,GENOVA BRIGNOLE,GENOVA BOLZANETO,0.828125,1.0,64,2023-01-02,2023-03-31,5,2,0,44.459208,8.900193,16:13,64,5
REG,12054,BUSALLA,GENOVA BRIGNOLE,GENOVA PONTEDECIMO,-0.875,-1.0,64,2023-01-02,2023-03-31,3,1,0,44.494189,8.905642,16:21,64,6
REG,12054,BUSALLA,GENOVA BRIGNOLE,BUSALLA,-2.875,-3.0,64,2023-01-02,2023-03-31,1,0,0,44.57558,8.943611,16:38,64,7
