train_class,train_number,train_arrival_stop_name,train_departure_stop_name,stop_name,avg_arrival_delay,median_arrival_delay,count_dates_stop,first_date,last_date,count_3m_delay,count_5m_delay,count_10m_delay,stop_lat,stop_lon,stop_time,count_dates_train,stop_number
REG,2224,MILANO CENTRALE,BERGAMO,BERGAMO,1.253968253968254,1.0,63,2023-01-02,2023-03-31,4,0,0,45.690271,9.675082,11:02,63,1
REG,2224,MILANO CENTRALE,BERGAMO,VERDELLO DALMINE,1.380952380952381,1.0,63,2023-01-02,2023-03-31,6,0,0,45.605715,9.619797,11:10,63,2
REG,2224,MILANO CENTRALE,BERGAMO,PIOLTELLO LIMITO,2.4285714285714284,2.0,63,2023-01-02,2023-03-31,26,7,2,45.486019,9.329319,11:30,63,3
REG,2224,MILANO CENTRALE,BERGAMO,MILANO LAMBRATE,1.8888888888888888,1.0,63,2023-01-02,2023-03-31,22,10,2,45.484933,9.237333,11:39,63,4
REG,2224,MILANO CENTRALE,BERGAMO,MILANO CENTRALE,2.3968253968253967,2.0,63,2023-01-02,2023-03-31,29,14,2,45.486347,9.204528,11:50,63,5
