train_class,train_number,train_arrival_stop_name,train_departure_stop_name,stop_name,avg_arrival_delay,median_arrival_delay,count_dates_stop,first_date,last_date,count_3m_delay,count_5m_delay,count_10m_delay,stop_lat,stop_lon,stop_time,count_dates_train,stop_number
REG,711,CAMNAGO LENTATE,M N CADORNA,PADERNO DUGNANO,0.0,0.0,86,2023-01-01,2023-03-31,0,0,0,,,06:42,86,1
REG,711,CAMNAGO LENTATE,M N CADORNA,VAREDO,0.0,0.0,86,2023-01-01,2023-03-31,0,0,0,,,06:47,86,2
REG,711,CAMNAGO LENTATE,M N CADORNA,CESANO MADERNO,0.0,0.0,86,2023-01-01,2023-03-31,0,0,0,,,06:53,86,3
REG,711,CAMNAGO LENTATE,M N CADORNA,SEVESO,0.0,0.0,86,2023-01-01,2023-03-31,0,0,0,45.648187,9.140488,06:58,86,4
