train_class,train_number,train_arrival_stop_name,train_departure_stop_name,stop_name,avg_arrival_delay,median_arrival_delay,count_dates_stop,first_date,last_date,count_3m_delay,count_5m_delay,count_10m_delay,stop_lat,stop_lon,stop_time,count_dates_train,stop_number
REG,24768,MILANO PORTA GARIBALDI,LECCO,LECCO,1.244186046511628,1.0,86,2023-01-01,2023-03-31,7,3,1,45.856471,9.393638,17:07,86,1
REG,24768,MILANO PORTA GARIBALDI,LECCO,VALMADRERA,0.4823529411764706,0.0,85,2023-01-01,2023-03-31,6,2,1,45.846439,9.368183,17:12,86,2
REG,24768,MILANO PORTA GARIBALDI,LECCO,CIVATE,1.0705882352941176,1.0,85,2023-01-01,2023-03-31,6,2,1,45.831295,9.352877,17:15,86,3
REG,24768,MILANO PORTA GARIBALDI,LECCO,SALA AL BARRO-GALBIATE,3.1058823529411765,3.0,85,2023-01-01,2023-03-31,62,6,1,45.821086,9.359223,17:17,86,4
REG,24768,MILANO PORTA GARIBALDI,LECCO,OGGIONO,1.1294117647058823,1.0,85,2023-01-01,2023-03-31,12,2,1,45.788993,9.33748,17:22,86,5
REG,24768,MILANO PORTA GARIBALDI,LECCO,MOLTENO,2.0588235294117645,2.0,85,2023-01-01,2023-03-31,24,7,1,45.780939,9.301683,17:27,86,6
REG,24768,MILANO PORTA GARIBALDI,LECCO,COSTA MASNAGA,1.6823529411764706,1.0,85,2023-01-01,2023-03-31,23,9,0,45.76343,9.285231,17:35,86,7
REG,24768,MILANO PORTA GARIBALDI,LECCO,CASSAGO-NIBIONNO-BULCIAGO,2.847058823529412,2.0,85,2023-01-01,2023-03-31,42,13,0,45.746243,9.279834,17:39,86,8
REG,24768,MILANO PORTA GARIBALDI,LECCO,RENATE-VEDUGGIO,2.8588235294117648,2.0,85,2023-01-01,2023-03-31,42,13,0,45.728304,9.279834,17:42,86,9
REG,24768,MILANO PORTA GARIBALDI,LECCO,BESANA,3.392857142857143,3.0,84,2023-01-01,2023-03-31,54,23,0,45.702824,9.28288,17:47,86,10
REG,24768,MILANO PORTA GARIBALDI,LECCO,VILLA RAVERIO,3.411764705882353,3.0,85,2023-01-01,2023-03-31,54,26,0,45.690418,9.261549,17:52,86,11
REG,24768,MILANO PORTA GARIBALDI,LECCO,CARATE-CALO`,3.411764705882353,3.0,85,2023-01-01,2023-03-31,54,26,0,45.676451,9.252304,17:55,86,12
REG,24768,MILANO PORTA GARIBALDI,LECCO,TRIUGGIO-PONTE ALBIATE,1.619047619047619,2.0,84,2023-01-01,2023-03-31,24,4,1,45.658956,9.266961,18:00,86,13
REG,24768,MILANO PORTA GARIBALDI,LECCO,VILLASANTA,1.3058823529411765,1.0,85,2023-01-01,2023-03-31,15,6,1,45.603434,9.304923,18:15,86,14
REG,24768,MILANO PORTA GARIBALDI,LECCO,MONZA SOBBORGHI,2.2941176470588234,1.0,85,2023-01-01,2023-03-31,26,11,3,45.582082,9.284375,18:20,86,15
REG,24768,MILANO PORTA GARIBALDI,LECCO,MONZA,1.2588235294117647,1.0,85,2023-01-01,2023-03-31,19,9,2,45.577789,9.273253,18:24,86,16
REG,24768,MILANO PORTA GARIBALDI,LECCO,SESTO S. GIOVANNI,3.802325581395349,3.0,86,2023-01-01,2023-03-31,54,25,5,45.541087,9.23926,18:30,86,17
REG,24768,MILANO PORTA GARIBALDI,LECCO,MILANO GRECO PIRELLI,3.7325581395348837,3.0,86,2023-01-01,2023-03-31,49,29,7,45.51272,9.214456,18:35,86,18
REG,24768,MILANO PORTA GARIBALDI,LECCO,MILANO PORTA GARIBALDI,3.2325581395348837,2.0,86,2023-01-01,2023-03-31,43,24,6,45.484917,9.187683,18:43,86,19
