train_class,train_number,train_arrival_stop_name,train_departure_stop_name,stop_name,avg_arrival_delay,median_arrival_delay,count_dates_stop,first_date,last_date,count_3m_delay,count_5m_delay,count_10m_delay,stop_lat,stop_lon,stop_time,count_dates_train,stop_number
REG,26448,ALBA,TORINO STURA,TORINO STURA,2.191011235955056,2.0,89,2023-01-01,2023-03-31,22,8,1,45.121932,7.713202,13:27,89,1
REG,26448,ALBA,TORINO STURA,TORINO REBAUDENGO FOSSATA,2.4269662921348316,2.0,89,2023-01-01,2023-03-31,27,10,1,,,13:30,89,2
REG,26448,ALBA,TORINO STURA,TORINO PORTA SUSA,2.247191011235955,2.0,89,2023-01-01,2023-03-31,28,10,1,45.075906,7.667673,13:34,89,3
REG,26448,ALBA,TORINO STURA,TORINO LINGOTTO,1.3820224719101124,1.0,89,2023-01-01,2023-03-31,20,8,1,45.0266,7.657469,13:41,89,4
REG,26448,ALBA,TORINO STURA,MONCALIERI,2.303370786516854,2.0,89,2023-01-01,2023-03-31,35,12,2,44.998187,7.678027,13:46,89,5
REG,26448,ALBA,TORINO STURA,TROFARELLO,1.8636363636363635,1.0,88,2023-01-01,2023-03-31,25,11,1,44.980471,7.735206,13:51,89,6
REG,26448,ALBA,TORINO STURA,CARMAGNOLA,1.5842696629213484,1.0,89,2023-01-01,2023-03-31,23,8,2,44.846944,7.72797,14:04,89,7
REG,26448,ALBA,TORINO STURA,SOMMARIVA BOSCO,2.6741573033707864,2.0,89,2023-01-01,2023-03-31,38,17,4,44.770754,7.777086,14:12,89,8
REG,26448,ALBA,TORINO STURA,SANFRE`,2.595505617977528,2.0,89,2023-01-01,2023-03-31,37,16,4,44.74799,7.796793,14:16,89,9
REG,26448,ALBA,TORINO STURA,BANDITO,2.056179775280899,1.0,89,2023-01-01,2023-03-31,26,9,3,44.722075,7.819452,14:20,89,10
REG,26448,ALBA,TORINO STURA,BRA,0.4090909090909091,0.0,88,2023-01-01,2023-03-31,13,5,2,44.693556,7.848643,14:29,89,11
REG,26448,ALBA,TORINO STURA,S.VITTORIA,1.0493827160493827,0.0,81,2023-01-01,2023-03-31,10,6,2,44.69561,7.916909,14:38,89,12
REG,26448,ALBA,TORINO STURA,MONTICELLO D`ALBA,1.5316455696202531,0.0,79,2023-01-01,2023-03-31,10,6,3,44.703736,7.965002,14:43,89,13
REG,26448,ALBA,TORINO STURA,MUSSOTTO,1.518987341772152,0.0,79,2023-01-01,2023-03-31,10,6,3,44.713227,8.015194,14:48,89,14
REG,26448,ALBA,TORINO STURA,ALBA,0.6741573033707865,0.0,89,2023-01-01,2023-03-31,6,4,3,44.697713,8.030629,14:53,89,15
