train_class,train_number,train_arrival_stop_name,train_departure_stop_name,stop_name,avg_arrival_delay,median_arrival_delay,count_dates_stop,first_date,last_date,count_3m_delay,count_5m_delay,count_10m_delay,stop_lat,stop_lon,stop_time,count_dates_train,stop_number
REG,22642,TREVIGLIO,BERGAMO,BERGAMO,1.011111111111111,1.0,90,2023-01-01,2023-03-31,3,1,0,45.690271,9.675082,12:20,90,1
REG,22642,TREVIGLIO,BERGAMO,VERDELLO DALMINE,1.2333333333333334,1.0,90,2023-01-01,2023-03-31,12,2,0,45.605715,9.619797,12:32,90,2
REG,22642,TREVIGLIO,BERGAMO,TREVIGLIO OVEST,1.0444444444444445,1.0,90,2023-01-01,2023-03-31,16,2,0,45.521762,9.580281,12:42,90,3
REG,22642,TREVIGLIO,BERGAMO,TREVIGLIO,-2.3333333333333335,-3.0,90,2023-01-01,2023-03-31,1,1,0,45.515063,9.587919,12:50,90,4
