train_class,train_number,train_arrival_stop_name,train_departure_stop_name,stop_name,avg_arrival_delay,median_arrival_delay,count_dates_stop,first_date,last_date,count_3m_delay,count_5m_delay,count_10m_delay,stop_lat,stop_lon,stop_time,count_dates_train,stop_number
REG,4165,ROMA TIBURTINA PIAZZALE EST,PESCARA,PESCARA,1.7023809523809523,1.0,84,2023-01-01,2023-03-31,9,4,0,42.467789,14.205066,07:30,84,1
REG,4165,ROMA TIBURTINA PIAZZALE EST,PESCARA,CHIETI,2.1785714285714284,2.0,84,2023-01-01,2023-03-31,41,12,0,42.356905,14.13815,07:43,84,2
REG,4165,ROMA TIBURTINA PIAZZALE EST,PESCARA,SULMONA,-1.0595238095238095,-1.0,84,2023-01-01,2023-03-31,7,3,0,42.060836,13.907156,08:25,84,3
REG,4165,ROMA TIBURTINA PIAZZALE EST,PESCARA,AVEZZANO,-2.5476190476190474,-3.0,84,2023-01-01,2023-03-31,3,1,1,42.039495,13.426446,09:18,84,4
REG,4165,ROMA TIBURTINA PIAZZALE EST,PESCARA,TAGLIACOZZO,1.7857142857142858,1.0,84,2023-01-01,2023-03-31,17,5,1,42.070701,13.255664,09:29,84,5
REG,4165,ROMA TIBURTINA PIAZZALE EST,PESCARA,CARSOLI,3.511904761904762,3.0,84,2023-01-01,2023-03-31,54,19,4,42.09578,13.080388,09:45,84,6
REG,4165,ROMA TIBURTINA PIAZZALE EST,PESCARA,MANDELA-SAMBUCI,0.15476190476190477,-1.0,84,2023-01-01,2023-03-31,10,5,1,42.016212,12.921976,10:09,84,7
REG,4165,ROMA TIBURTINA PIAZZALE EST,PESCARA,TIVOLI,1.3333333333333333,1.0,84,2023-01-01,2023-03-31,15,7,1,41.961849,12.805047,10:22,84,8
REG,4165,ROMA TIBURTINA PIAZZALE EST,PESCARA,ROMA TIBURTINA PIAZZALE EST,-1.7380952380952381,-3.0,84,2023-01-01,2023-03-31,5,3,1,41.910903,12.530749,10:55,84,9
