train_class,train_number,train_arrival_stop_name,train_departure_stop_name,stop_name,avg_arrival_delay,median_arrival_delay,count_dates_stop,first_date,last_date,count_3m_delay,count_5m_delay,count_10m_delay,stop_lat,stop_lon,stop_time,count_dates_train,stop_number
REG,21232,ORISTANO,CAGLIARI,CAGLIARI,1.855263157894737,1.0,76,2023-01-02,2023-03-31,8,4,2,39.216078,9.107984,17:20,76,1
REG,21232,ORISTANO,CAGLIARI,ELMAS AEROPORTO,1.1842105263157894,1.0,76,2023-01-02,2023-03-31,5,4,2,,,17:25,76,2
REG,21232,ORISTANO,CAGLIARI,CAGLIARI ELMAS,1.7894736842105263,1.0,76,2023-01-02,2023-03-31,11,4,2,39.264193,9.045497,17:28,76,3
REG,21232,ORISTANO,CAGLIARI,ASSEMINI,0.6933333333333334,0.0,75,2023-01-02,2023-03-31,6,5,1,39.287603,8.997936,17:33,76,4
REG,21232,ORISTANO,CAGLIARI,DECIMOMANNU,0.4605263157894737,-1.0,76,2023-01-02,2023-03-31,8,5,1,39.304593,8.965808,17:38,76,5
REG,21232,ORISTANO,CAGLIARI,VILLASOR,0.05263157894736842,-1.0,76,2023-01-02,2023-03-31,8,5,1,39.381451,8.935907,17:46,76,6
REG,21232,ORISTANO,CAGLIARI,SERRAMANNA NURAMINIS,0.75,0.0,76,2023-01-02,2023-03-31,11,6,1,39.426123,8.916579,17:51,76,7
REG,21232,ORISTANO,CAGLIARI,SAMASSI SERRENTI,-0.35526315789473684,-1.0,76,2023-01-02,2023-03-31,7,5,2,39.483075,8.899035,17:58,76,8
REG,21232,ORISTANO,CAGLIARI,SAN GAVINO,-0.23684210526315788,-1.0,76,2023-01-02,2023-03-31,7,6,3,39.546206,8.788017,18:08,76,9
REG,21232,ORISTANO,CAGLIARI,URAS MOGORO,2.5526315789473686,1.0,76,2023-01-02,2023-03-31,19,10,6,39.692629,8.696459,18:19,76,10
REG,21232,ORISTANO,CAGLIARI,MARRUBIU TERRALBA ARBOREA,2.723684210526316,1.0,76,2023-01-02,2023-03-31,25,12,5,39.75293,8.641144,18:26,76,11
REG,21232,ORISTANO,CAGLIARI,ORISTANO,-1.0526315789473684,-2.0,76,2023-01-02,2023-03-31,9,8,2,39.902033,8.603974,18:41,76,12
