train_class,train_number,train_arrival_stop_name,train_departure_stop_name,stop_name,avg_arrival_delay,median_arrival_delay,count_dates_stop,first_date,last_date,count_3m_delay,count_5m_delay,count_10m_delay,stop_lat,stop_lon,stop_time,count_dates_train,stop_number
REG,20225,NETTUNO,ROMA TERMINI,ROMA TERMINI,3.234375,2.0,64,2023-01-02,2023-03-31,25,13,4,41.900636,12.502026,06:40,64,1
REG,20225,NETTUNO,ROMA TERMINI,POMEZIA - S.PALOMBA,2.2222222222222223,1.0,63,2023-01-02,2023-03-31,22,17,4,41.706171,12.573611,06:58,64,2
REG,20225,NETTUNO,ROMA TERMINI,CAMPOLEONE,0.390625,-2.0,64,2023-01-02,2023-03-31,13,7,4,41.642396,12.648341,07:10,64,3
REG,20225,NETTUNO,ROMA TERMINI,APRILIA,3.671875,3.0,64,2023-01-02,2023-03-31,34,8,4,41.592386,12.639126,07:19,64,4
REG,20225,NETTUNO,ROMA TERMINI,CAMPO DI CARNE,2.46875,1.0,64,2023-01-02,2023-03-31,13,5,3,41.552116,12.635125,07:26,64,5
REG,20225,NETTUNO,ROMA TERMINI,PADIGLIONE,0.953125,-1.0,64,2023-01-02,2023-03-31,5,4,3,41.513518,12.629476,07:35,64,6
REG,20225,NETTUNO,ROMA TERMINI,LIDO DI LAVINIO,2.71875,1.0,64,2023-01-02,2023-03-31,11,6,4,41.500599,12.625926,07:38,64,7
REG,20225,NETTUNO,ROMA TERMINI,VILLA CLAUDIA,3.078125,1.0,64,2023-01-02,2023-03-31,16,6,4,41.484326,12.61709,07:42,64,8
REG,20225,NETTUNO,ROMA TERMINI,MARECHIARO,2.890625,1.0,64,2023-01-02,2023-03-31,14,6,4,41.470762,12.6123,07:45,64,9
REG,20225,NETTUNO,ROMA TERMINI,ANZIO COLONIA,3.015625,1.0,64,2023-01-02,2023-03-31,18,7,4,41.459893,12.617442,07:48,64,10
REG,20225,NETTUNO,ROMA TERMINI,ANZIO,2.078125,1.0,64,2023-01-02,2023-03-31,17,4,4,41.4532,12.633205,07:52,64,11
REG,20225,NETTUNO,ROMA TERMINI,NETTUNO,2.046875,1.0,64,2023-01-02,2023-03-31,13,4,4,41.459558,12.662123,07:57,64,12
