train_class,train_number,train_arrival_stop_name,train_departure_stop_name,stop_name,avg_arrival_delay,median_arrival_delay,count_dates_stop,first_date,last_date,count_3m_delay,count_5m_delay,count_10m_delay,stop_lat,stop_lon,stop_time,count_dates_train,stop_number
IC,639,MILANO CENTRALE,VENTIMIGLIA,VENTIMIGLIA,1.3012048192771084,1.0,83,2023-01-01,2023-03-31,5,0,0,43.792561,7.610224,19:10,83,1
IC,639,MILANO CENTRALE,VENTIMIGLIA,IMPERIA,6.313253012048193,6.0,83,2023-01-01,2023-03-31,66,60,11,43.896798,8.03139,19:32,83,2
IC,639,MILANO CENTRALE,VENTIMIGLIA,ALASSIO,8.53012048192771,8.0,83,2023-01-01,2023-03-31,79,70,21,44.007889,8.17112,19:48,83,3
IC,639,MILANO CENTRALE,VENTIMIGLIA,ALBENGA,9.771084337349398,9.0,83,2023-01-01,2023-03-31,82,77,30,44.04722,8.221663,19:55,83,4
IC,639,MILANO CENTRALE,VENTIMIGLIA,FINALE LIGURE MARINA,3.072289156626506,2.0,83,2023-01-01,2023-03-31,33,21,8,44.169116,8.34033,20:16,83,5
IC,639,MILANO CENTRALE,VENTIMIGLIA,SAVONA,-1.1927710843373494,-3.0,83,2023-01-01,2023-03-31,14,10,4,44.306892,8.470259,20:33,83,6
IC,639,MILANO CENTRALE,VENTIMIGLIA,GENOVA P.PRINCIPE,-0.37349397590361444,-1.0,83,2023-01-01,2023-03-31,16,8,4,44.417784,8.9207,21:08,83,7
IC,639,MILANO CENTRALE,VENTIMIGLIA,VOGHERA,6.0120481927710845,5.0,83,2023-01-01,2023-03-31,70,45,9,44.9978,9.007942,22:06,83,8
IC,639,MILANO CENTRALE,VENTIMIGLIA,PAVIA,4.409638554216867,3.0,83,2023-01-01,2023-03-31,48,25,9,45.188843,9.144674,22:24,83,9
IC,639,MILANO CENTRALE,VENTIMIGLIA,MILANO CENTRALE,1.1927710843373494,-1.0,83,2023-01-01,2023-03-31,19,13,6,45.486347,9.204528,22:53,83,10
