train_class,train_number,train_arrival_stop_name,train_departure_stop_name,stop_name,avg_arrival_delay,median_arrival_delay,count_dates_stop,first_date,last_date,count_3m_delay,count_5m_delay,count_10m_delay,stop_lat,stop_lon,stop_time,count_dates_train,stop_number
REG,25231,RHO,COMO S. GIOVANNI,COMO S. GIOVANNI,1.8095238095238095,1.0,63,2023-01-02,2023-03-31,10,1,1,45.808946,9.072331,08:49,63,1
REG,25231,RHO,COMO S. GIOVANNI,CARIMATE,0.7777777777777778,1.0,63,2023-01-02,2023-03-31,13,2,0,45.697094,9.107188,09:08,63,2
REG,25231,RHO,COMO S. GIOVANNI,CAMNAGO-LENTATE,1.3015873015873016,1.0,63,2023-01-02,2023-03-31,14,3,0,45.668425,9.133451,09:12,63,3
REG,25231,RHO,COMO S. GIOVANNI,SEREGNO,1.126984126984127,1.0,63,2023-01-02,2023-03-31,13,3,0,45.64601,9.20285,09:18,63,4
REG,25231,RHO,COMO S. GIOVANNI,DESIO,0.9047619047619048,1.0,63,2023-01-02,2023-03-31,10,4,0,45.620112,9.218495,09:22,63,5
REG,25231,RHO,COMO S. GIOVANNI,LISSONE-MUGGIO`,0.8888888888888888,1.0,63,2023-01-02,2023-03-31,12,4,0,45.60592,9.235368,09:26,63,6
REG,25231,RHO,COMO S. GIOVANNI,MONZA,1.2063492063492063,0.0,63,2023-01-02,2023-03-31,15,5,1,45.577789,9.273253,09:31,63,7
REG,25231,RHO,COMO S. GIOVANNI,SESTO S. GIOVANNI,5.080645161290323,5.0,62,2023-01-02,2023-03-31,53,39,1,45.541087,9.23926,09:36,63,8
REG,25231,RHO,COMO S. GIOVANNI,MILANO GRECO PIRELLI,4.841269841269841,5.0,63,2023-01-02,2023-03-31,52,33,2,45.51272,9.214456,09:41,63,9
REG,25231,RHO,COMO S. GIOVANNI,MILANO PORTA GARIBALDI,2.1904761904761907,2.0,63,2023-01-02,2023-03-31,24,10,2,45.484917,9.187683,09:51,63,10
REG,25231,RHO,COMO S. GIOVANNI,MILANO CERTOSA,1.6984126984126984,1.0,63,2023-01-02,2023-03-31,13,8,4,45.507019,9.133863,10:03,63,11
REG,25231,RHO,COMO S. GIOVANNI,RHO FIERA MILANO,0.047619047619047616,-1.0,63,2023-01-02,2023-03-31,8,6,3,45.521157,9.088595,10:10,63,12
REG,25231,RHO,COMO S. GIOVANNI,RHO,1.1746031746031746,-1.0,63,2023-01-02,2023-03-31,12,8,4,45.523813,9.043563,10:17,63,13
