train_class,train_number,train_arrival_stop_name,train_departure_stop_name,stop_name,avg_arrival_delay,median_arrival_delay,count_dates_stop,first_date,last_date,count_3m_delay,count_5m_delay,count_10m_delay,stop_lat,stop_lon,stop_time,count_dates_train,stop_number
REG,16398,BASSANO DEL GRAPPA,VENEZIA SANTA LUCIA,VENEZIA SANTA LUCIA,1.0555555555555556,0.0,90,2023-01-01,2023-03-31,8,2,1,45.441569,12.320882,20:57,90,1
REG,16398,BASSANO DEL GRAPPA,VENEZIA SANTA LUCIA,VENEZIA MESTRE,-0.022222222222222223,-1.0,90,2023-01-01,2023-03-31,8,2,2,45.482123,12.232069,21:07,90,2
REG,16398,BASSANO DEL GRAPPA,VENEZIA SANTA LUCIA,SPINEA,0.6666666666666666,0.0,90,2023-01-01,2023-03-31,6,2,2,45.491568,12.177168,21:15,90,3
REG,16398,BASSANO DEL GRAPPA,VENEZIA SANTA LUCIA,MAERNE DI MARTELLAGO,1.3888888888888888,1.0,90,2023-01-01,2023-03-31,14,2,2,45.514799,12.150629,21:19,90,4
REG,16398,BASSANO DEL GRAPPA,VENEZIA SANTA LUCIA,NOALE SCORZE`,1.488888888888889,1.0,90,2023-01-01,2023-03-31,17,4,2,45.553833,12.074888,21:28,90,5
REG,16398,BASSANO DEL GRAPPA,VENEZIA SANTA LUCIA,PIOMBINO DESE,1.7222222222222223,1.0,90,2023-01-01,2023-03-31,23,6,2,45.60944,12.00058,21:35,90,6
REG,16398,BASSANO DEL GRAPPA,VENEZIA SANTA LUCIA,CASTELFRANCO VENETO,0.6777777777777778,0.0,90,2023-01-01,2023-03-31,9,5,2,45.666439,11.934315,21:44,90,7
REG,16398,BASSANO DEL GRAPPA,VENEZIA SANTA LUCIA,CASTELLO DI GODEGO,-0.26666666666666666,-1.0,90,2023-01-01,2023-03-31,7,5,3,45.688082,11.87759,21:54,90,8
REG,16398,BASSANO DEL GRAPPA,VENEZIA SANTA LUCIA,BASSANO DEL GRAPPA,-3.8,-5.0,90,2023-01-01,2023-03-31,6,4,2,45.766697,11.741525,22:11,90,9
