train_class,train_number,train_arrival_stop_name,train_departure_stop_name,stop_name,avg_arrival_delay,median_arrival_delay,count_dates_stop,first_date,last_date,count_3m_delay,count_5m_delay,count_10m_delay,stop_lat,stop_lon,stop_time,count_dates_train,stop_number
REG,12767,ROMA TIBURTINA PIAZZALE EST,TIVOLI,TIVOLI,0.9605263157894737,1.0,76,2023-01-02,2023-03-31,3,0,0,41.961849,12.805047,13:20,76,1
REG,12767,ROMA TIBURTINA PIAZZALE EST,TIVOLI,MARCELLINA-PALOMBARA,0.631578947368421,1.0,76,2023-01-02,2023-03-31,5,0,0,41.999609,12.79134,13:27,76,2
REG,12767,ROMA TIBURTINA PIAZZALE EST,TIVOLI,GUIDONIA-MONTECELIO-S.ANGELO,0.6447368421052632,1.0,76,2023-01-02,2023-03-31,6,1,0,41.993405,12.725681,13:35,76,3
REG,12767,ROMA TIBURTINA PIAZZALE EST,TIVOLI,BAGNI DI TIVOLI,2.8421052631578947,2.0,76,2023-01-02,2023-03-31,35,12,1,41.949593,12.722208,13:41,76,4
REG,12767,ROMA TIBURTINA PIAZZALE EST,TIVOLI,LUNGHEZZA,4.118421052631579,3.0,76,2023-01-02,2023-03-31,62,25,3,41.923253,12.667212,13:48,76,5
REG,12767,ROMA TIBURTINA PIAZZALE EST,TIVOLI,PONTE DI NONA,1.855263157894737,1.0,76,2023-01-02,2023-03-31,22,7,2,42.061563,13.581585,13:52,76,6
REG,12767,ROMA TIBURTINA PIAZZALE EST,TIVOLI,LA RUSTICA UIR,-0.19736842105263158,-1.0,76,2023-01-02,2023-03-31,6,3,1,,,13:58,76,7
REG,12767,ROMA TIBURTINA PIAZZALE EST,TIVOLI,TOR SAPIENZA,-2.039473684210526,-2.0,76,2023-01-02,2023-03-31,2,1,0,41.907095,12.594489,14:07,76,8
REG,12767,ROMA TIBURTINA PIAZZALE EST,TIVOLI,ROMA PRENESTINA,-3.710526315789474,-4.0,76,2023-01-02,2023-03-31,0,0,0,41.897571,12.545803,14:22,76,9
REG,12767,ROMA TIBURTINA PIAZZALE EST,TIVOLI,ROMA TIBURTINA PIAZZALE EST,-1.513157894736842,-2.0,76,2023-01-02,2023-03-31,0,0,0,41.910903,12.530749,14:28,76,10
