train_class,train_number,train_arrival_stop_name,train_departure_stop_name,stop_name,avg_arrival_delay,median_arrival_delay,count_dates_stop,first_date,last_date,count_3m_delay,count_5m_delay,count_10m_delay,stop_lat,stop_lon,stop_time,count_dates_train,stop_number
REG,24919,ALBAIRATE VERMEZZO,MILANO PORTA GARIBALDI,MILANO PORTA GARIBALDI,2.8529411764705883,2.0,68,2023-01-02,2023-03-31,21,10,3,45.484917,9.187683,06:18,68,1
REG,24919,ALBAIRATE VERMEZZO,MILANO PORTA GARIBALDI,MILANO LAMBRATE,-1.0735294117647058,-2.0,68,2023-01-02,2023-03-31,10,5,3,45.484933,9.237333,06:34,68,2
REG,24919,ALBAIRATE VERMEZZO,MILANO PORTA GARIBALDI,MILANO S. CRISTOFORO,-2.970149253731343,-4.0,67,2023-01-02,2023-03-31,4,3,1,45.442404,9.130258,07:01,68,3
REG,24919,ALBAIRATE VERMEZZO,MILANO PORTA GARIBALDI,ALBAIRATE VERMEZZO,-0.7205882352941176,-1.0,68,2023-01-02,2023-03-31,3,1,0,,,07:24,68,4
