train_class,train_number,train_arrival_stop_name,train_departure_stop_name,stop_name,avg_arrival_delay,median_arrival_delay,count_dates_stop,first_date,last_date,count_3m_delay,count_5m_delay,count_10m_delay,stop_lat,stop_lon,stop_time,count_dates_train,stop_number
REG,16584,CASARSA,PORTOGRUARO CAORLE,PORTOGRUARO CAORLE,1.144927536231884,1.0,69,2023-01-09,2023-03-31,2,0,0,45.781438,12.832375,08:21,69,1
REG,16584,CASARSA,PORTOGRUARO CAORLE,CORDOVADO SESTO,3.7681159420289854,4.0,69,2023-01-09,2023-03-31,64,13,0,45.850653,12.877784,08:30,69,2
REG,16584,CASARSA,PORTOGRUARO CAORLE,S.VITO AL TAGLIAMENTO,4.6231884057971016,5.0,69,2023-01-09,2023-03-31,65,38,1,45.912433,12.851594,08:37,69,3
REG,16584,CASARSA,PORTOGRUARO CAORLE,CASARSA,3.1884057971014492,3.0,69,2023-01-09,2023-03-31,47,14,1,45.953002,12.8406,08:46,69,4
