train_class,train_number,train_arrival_stop_name,train_departure_stop_name,stop_name,avg_arrival_delay,median_arrival_delay,count_dates_stop,first_date,last_date,count_3m_delay,count_5m_delay,count_10m_delay,stop_lat,stop_lon,stop_time,count_dates_train,stop_number
REG,10974,VOGHERA,PIACENZA,PIACENZA,4.026666666666666,3.0,75,2023-01-02,2023-03-31,40,22,5,45.052238,9.70633,17:35,75,1
REG,10974,VOGHERA,PIACENZA,S.NICOLO',4.16,3.0,75,2023-01-02,2023-03-31,38,21,8,45.058843,9.606443,17:42,75,2
REG,10974,VOGHERA,PIACENZA,CASTEL S.GIOVANNI,4.426666666666667,3.0,75,2023-01-02,2023-03-31,46,23,10,45.063272,9.436856,17:57,75,3
REG,10974,VOGHERA,PIACENZA,ARENA PO,4.173333333333333,3.0,75,2023-01-02,2023-03-31,44,21,9,45.082065,9.360394,18:03,75,4
REG,10974,VOGHERA,PIACENZA,STRADELLA,5.08,4.0,75,2023-01-02,2023-03-31,55,30,10,45.079465,9.300865,18:08,75,5
REG,10974,VOGHERA,PIACENZA,BRONI,5.306666666666667,4.0,75,2023-01-02,2023-03-31,51,33,12,45.066263,9.258751,18:13,75,6
REG,10974,VOGHERA,PIACENZA,VOGHERA,4.626666666666667,3.0,75,2023-01-02,2023-03-31,40,28,15,44.9978,9.007942,18:34,75,7
