train_class,train_number,train_arrival_stop_name,train_departure_stop_name,stop_name,avg_arrival_delay,median_arrival_delay,count_dates_stop,first_date,last_date,count_3m_delay,count_5m_delay,count_10m_delay,stop_lat,stop_lon,stop_time,count_dates_train,stop_number
FA,8526,BOLZANO,ROMA TERMINI,ROMA TERMINI,1.5087719298245614,0.0,57,2023-01-02,2023-03-05,9,5,2,41.900636,12.502026,17:50,57,1
FA,8526,BOLZANO,ROMA TERMINI,ROMA TIBURTINA,1.320754716981132,0.0,53,2023-01-02,2023-03-05,10,7,2,41.910903,12.530749,17:57,57,2
FA,8526,BOLZANO,ROMA TERMINI,FIRENZE S.M.N.,6.771929824561403,4.0,57,2023-01-02,2023-03-05,36,26,7,43.776893,11.247373,19:27,57,3
FA,8526,BOLZANO,ROMA TERMINI,BOLOGNA C.LE/AV,9.421052631578947,6.0,57,2023-01-02,2023-03-05,40,32,17,44.506813,11.342622,20:13,57,4
FA,8526,BOLZANO,ROMA TERMINI,VERONA PORTA NUOVA,10.964912280701755,6.0,57,2023-01-02,2023-03-05,46,35,15,45.428603,10.982377,21:08,57,5
FA,8526,BOLZANO,ROMA TERMINI,ROVERETO,8.280701754385966,3.0,57,2023-01-02,2023-03-05,29,22,13,45.890985,11.033518,22:01,57,6
FA,8526,BOLZANO,ROMA TERMINI,TRENTO,9.456140350877194,3.0,57,2023-01-02,2023-03-05,34,23,14,46.072414,11.118941,22:15,57,7
