train_class,train_number,train_arrival_stop_name,train_departure_stop_name,stop_name,avg_arrival_delay,median_arrival_delay,count_dates_stop,first_date,last_date,count_3m_delay,count_5m_delay,count_10m_delay,stop_lat,stop_lon,stop_time,count_dates_train,stop_number
REG,20071,FRASCATI,ROMA TERMINI,ROMA TERMINI,0.14285714285714285,0.0,14,2023-01-01,2023-03-26,0,0,0,41.900636,12.502026,09:54,14,1
REG,20071,FRASCATI,ROMA TERMINI,CAPANNELLE,-0.9285714285714286,-1.0,14,2023-01-01,2023-03-26,0,0,0,41.830713,12.568884,10:03,14,2
REG,20071,FRASCATI,ROMA TERMINI,CIAMPINO,0.0,0.0,14,2023-01-01,2023-03-26,0,0,0,41.804442,12.599546,10:09,14,3
REG,20071,FRASCATI,ROMA TERMINI,FRASCATI,-2.7857142857142856,-3.0,14,2023-01-01,2023-03-26,0,0,0,41.806881,12.677962,10:24,14,4
