train_class,train_number,train_arrival_stop_name,train_departure_stop_name,stop_name,avg_arrival_delay,median_arrival_delay,count_dates_stop,first_date,last_date,count_3m_delay,count_5m_delay,count_10m_delay,stop_lat,stop_lon,stop_time,count_dates_train,stop_number
REG,21517,CALTANISSETTA CENTRALE,DITTAINO,DITTAINO,0.7647058823529411,1.0,17,2023-03-13,2023-03-31,1,0,0,37.564605,14.462429,16:57,17,1
REG,21517,CALTANISSETTA CENTRALE,DITTAINO,LEONFORTE-PIRATO,0.4,1.0,15,2023-03-15,2023-03-31,0,0,0,37.606305,14.376063,17:05,17,2
REG,21517,CALTANISSETTA CENTRALE,DITTAINO,ENNA,-2.6666666666666665,-3.0,15,2023-03-15,2023-03-31,0,0,0,37.581134,14.289579,17:19,17,3
REG,21517,CALTANISSETTA CENTRALE,DITTAINO,VILLAROSA,1.0666666666666667,2.0,15,2023-03-15,2023-03-31,5,3,0,37.567205,14.200464,17:36,17,4
REG,21517,CALTANISSETTA CENTRALE,DITTAINO,CALTANISSETTA XIRBI,1.375,1.0,16,2023-03-14,2023-03-31,2,1,0,37.536296,14.056902,17:56,17,5
REG,21517,CALTANISSETTA CENTRALE,DITTAINO,CALTANISSETTA CENTRALE,0.058823529411764705,-1.0,17,2023-03-13,2023-03-31,2,1,0,37.48829,14.057396,18:05,17,6
