train_class,train_number,train_arrival_stop_name,train_departure_stop_name,stop_name,avg_arrival_delay,median_arrival_delay,count_dates_stop,first_date,last_date,count_3m_delay,count_5m_delay,count_10m_delay,stop_lat,stop_lon,stop_time,count_dates_train,stop_number
REG,90234,SUZZARA,FERRARA,FERRARA,3.2933333333333334,2.0,75,2023-01-02,2023-03-31,36,11,5,44.843047,11.603594,13:40,75,1
REG,90234,SUZZARA,FERRARA,VIGARANO PIEVE,1.5357142857142858,1.0,56,2023-01-02,2023-03-31,8,6,3,,,13:48,75,2
REG,90234,SUZZARA,FERRARA,BONDENO,2.017857142857143,1.0,56,2023-01-02,2023-03-31,9,6,3,,,13:57,75,3
REG,90234,SUZZARA,FERRARA,FELONICA PO,1.3928571428571428,1.0,56,2023-01-02,2023-03-31,8,6,2,,,14:09,75,4
REG,90234,SUZZARA,FERRARA,SERMIDE,0.8392857142857143,-1.0,56,2023-01-02,2023-03-31,9,7,2,,,14:15,75,5
REG,90234,SUZZARA,FERRARA,MAGNACAVALLO,0.7090909090909091,-1.0,55,2023-01-02,2023-03-31,14,4,2,,,14:27,75,6
REG,90234,SUZZARA,FERRARA,POGGIO RUSCO,4.666666666666667,4.0,75,2023-01-02,2023-03-31,60,37,3,44.981859,11.124627,14:36,75,7
REG,90234,SUZZARA,FERRARA,SCHIVENOGLIA,5.357142857142857,3.0,56,2023-01-02,2023-03-31,37,15,5,,,14:43,75,8
REG,90234,SUZZARA,FERRARA,QUISTELLO,2.8392857142857144,1.0,56,2023-01-02,2023-03-31,15,9,3,,,14:53,75,9
REG,90234,SUZZARA,FERRARA,SAN BENEDETTO PO,4.218181818181818,2.0,55,2023-01-02,2023-03-31,25,14,3,,,14:59,75,10
REG,90234,SUZZARA,FERRARA,PEGOGNAGA,2.0357142857142856,0.0,56,2023-01-02,2023-03-31,14,7,2,,,15:09,75,11
REG,90234,SUZZARA,FERRARA,SUZZARA,2.546666666666667,1.0,75,2023-01-02,2023-03-31,20,14,3,44.994432,10.756138,15:20,75,12
