train_class,train_number,train_arrival_stop_name,train_departure_stop_name,stop_name,avg_arrival_delay,median_arrival_delay,count_dates_stop,first_date,last_date,count_3m_delay,count_5m_delay,count_10m_delay,stop_lat,stop_lon,stop_time,count_dates_train,stop_number
REG,4883,SALERNO,CASERTA,CASERTA,5.318181818181818,4.0,88,2023-01-01,2023-03-31,63,39,12,41.068655,14.328457,15:42,88,1
REG,4883,SALERNO,CASERTA,CANCELLO,5.443181818181818,4.0,88,2023-01-01,2023-03-31,66,34,14,40.993063,14.418877,15:57,88,2
REG,4883,SALERNO,CASERTA,NOLA,6.420454545454546,5.0,88,2023-01-01,2023-03-31,71,48,18,40.923652,14.525004,16:08,88,3
REG,4883,SALERNO,CASERTA,PALMA S.GENNARO,8.056818181818182,6.0,88,2023-01-01,2023-03-31,81,64,25,40.864149,14.540472,16:15,88,4
REG,4883,SALERNO,CASERTA,SARNO,8.272727272727273,7.0,88,2023-01-01,2023-03-31,79,68,26,40.813063,14.612442,16:23,88,5
REG,4883,SALERNO,CASERTA,SALERNO,0.14772727272727273,-1.0,88,2023-01-01,2023-03-31,22,14,6,40.675137,14.772822,16:47,88,6
