train_class,train_number,train_arrival_stop_name,train_departure_stop_name,stop_name,avg_arrival_delay,median_arrival_delay,count_dates_stop,first_date,last_date,count_3m_delay,count_5m_delay,count_10m_delay,stop_lat,stop_lon,stop_time,count_dates_train,stop_number
REG,21566,CALTANISSETTA CENTRALE,AGRIGENTO CENTRALE,AGRIGENTO CENTRALE,2.535211267605634,2.0,71,2023-01-07,2023-03-31,30,12,1,37.309051,13.584412,13:50,71,1
REG,21566,CALTANISSETTA CENTRALE,AGRIGENTO CENTRALE,AGRIGENTO BASSA,-0.36231884057971014,-1.0,69,2023-01-07,2023-03-31,6,2,0,37.319148,13.588094,13:56,71,2
REG,21566,CALTANISSETTA CENTRALE,AGRIGENTO CENTRALE,ARAGONA CALDARE,1.2112676056338028,1.0,71,2023-01-07,2023-03-31,15,2,1,37.381097,13.636837,14:05,71,3
REG,21566,CALTANISSETTA CENTRALE,AGRIGENTO CENTRALE,GROTTE,3.352112676056338,3.0,71,2023-01-07,2023-03-31,45,16,1,37.409848,13.702717,14:14,71,4
REG,21566,CALTANISSETTA CENTRALE,AGRIGENTO CENTRALE,RACALMUTO,3.563380281690141,3.0,71,2023-01-07,2023-03-31,45,19,1,37.406065,13.72752,14:18,71,5
REG,21566,CALTANISSETTA CENTRALE,AGRIGENTO CENTRALE,CANICATTI`,3.34375,3.0,64,2023-01-07,2023-03-31,36,16,2,37.359879,13.855395,14:36,71,6
REG,21566,CALTANISSETTA CENTRALE,AGRIGENTO CENTRALE,CALTANISSETTA CENTRALE,-0.39436619718309857,-1.0,71,2023-01-07,2023-03-31,12,5,0,37.48829,14.057396,15:12,71,7
