train_class,train_number,train_arrival_stop_name,train_departure_stop_name,stop_name,avg_arrival_delay,median_arrival_delay,count_dates_stop,first_date,last_date,count_3m_delay,count_5m_delay,count_10m_delay,stop_lat,stop_lon,stop_time,count_dates_train,stop_number
REG,20004,ROMA TERMINI,ALBANO LAZIALE,ALBANO LAZIALE,1.2894736842105263,1.0,76,2023-01-02,2023-03-31,0,0,0,41.72632,12.658056,07:00,76,1
REG,20004,ROMA TERMINI,ALBANO LAZIALE,VILLETTA,-0.11842105263157894,0.0,76,2023-01-02,2023-03-31,0,0,0,41.738237,12.649463,07:03,76,2
REG,20004,ROMA TERMINI,ALBANO LAZIALE,CASTEL GANDOLFO,-0.76,-1.0,75,2023-01-02,2023-03-31,0,0,0,41.746946,12.652266,07:06,76,3
REG,20004,ROMA TERMINI,ALBANO LAZIALE,MARINO,-2.0657894736842106,-2.0,76,2023-01-02,2023-03-31,0,0,0,41.768961,12.655994,07:15,76,4
REG,20004,ROMA TERMINI,ALBANO LAZIALE,PANTANELLA,4.0,4.0,76,2023-01-02,2023-03-31,76,16,1,,,07:26,76,5
REG,20004,ROMA TERMINI,ALBANO LAZIALE,SASSONE,2.8947368421052633,3.0,76,2023-01-02,2023-03-31,42,4,1,41.783777,12.625832,07:29,76,6
REG,20004,ROMA TERMINI,ALBANO LAZIALE,ACQUA ACETOSA,2.039473684210526,2.0,76,2023-01-02,2023-03-31,22,2,1,41.794294,12.616449,07:33,76,7
REG,20004,ROMA TERMINI,ALBANO LAZIALE,CIAMPINO,0.25,0.0,76,2023-01-02,2023-03-31,9,2,0,41.804442,12.599546,07:38,76,8
REG,20004,ROMA TERMINI,ALBANO LAZIALE,ROMA TERMINI,-0.5,-1.0,76,2023-01-02,2023-03-31,6,2,1,41.900636,12.502026,07:54,76,9
