train_class,train_number,train_arrival_stop_name,train_departure_stop_name,stop_name,avg_arrival_delay,median_arrival_delay,count_dates_stop,first_date,last_date,count_3m_delay,count_5m_delay,count_10m_delay,stop_lat,stop_lon,stop_time,count_dates_train,stop_number
REG,12572,MONTALTO DI CASTRO,ROMA TERMINI,ROMA TERMINI,0.6031746031746031,0.0,63,2023-01-02,2023-03-31,5,3,0,41.900636,12.502026,15:12,63,1
REG,12572,MONTALTO DI CASTRO,ROMA TERMINI,ROMA OSTIENSE,0.3333333333333333,0.0,63,2023-01-02,2023-03-31,5,2,0,41.87265,12.483917,15:20,63,2
REG,12572,MONTALTO DI CASTRO,ROMA TERMINI,ROMA TRASTEVERE,1.8870967741935485,2.0,62,2023-01-02,2023-03-31,18,2,0,41.872279,12.466162,15:24,63,3
REG,12572,MONTALTO DI CASTRO,ROMA TERMINI,ROMA S.PIETRO,1.0952380952380953,1.0,63,2023-01-02,2023-03-31,12,3,0,41.896143,12.454497,15:29,63,4
REG,12572,MONTALTO DI CASTRO,ROMA TERMINI,MACCARESE,1.380952380952381,1.0,63,2023-01-02,2023-03-31,13,4,0,41.879372,12.23695,15:41,63,5
REG,12572,MONTALTO DI CASTRO,ROMA TERMINI,LADISPOLI-CERVETERI,1.1746031746031746,1.0,63,2023-01-02,2023-03-31,14,5,0,41.953502,12.081675,15:54,63,6
REG,12572,MONTALTO DI CASTRO,ROMA TERMINI,SANTA MARINELLA,2.2857142857142856,2.0,63,2023-01-02,2023-03-31,22,9,1,42.035892,11.863122,16:09,63,7
REG,12572,MONTALTO DI CASTRO,ROMA TERMINI,CIVITAVECCHIA,1.6825396825396826,1.0,63,2023-01-02,2023-03-31,19,10,1,42.088287,11.79815,16:18,63,8
REG,12572,MONTALTO DI CASTRO,ROMA TERMINI,TARQUINIA,2.3174603174603177,1.0,63,2023-01-02,2023-03-31,17,10,3,42.239463,11.727009,16:31,63,9
REG,12572,MONTALTO DI CASTRO,ROMA TERMINI,MONTALTO DI CASTRO,-0.2222222222222222,-2.0,63,2023-01-02,2023-03-31,8,4,1,42.334623,11.595085,16:43,63,10
