train_class,train_number,train_arrival_stop_name,train_departure_stop_name,stop_name,avg_arrival_delay,median_arrival_delay,count_dates_stop,first_date,last_date,count_3m_delay,count_5m_delay,count_10m_delay,stop_lat,stop_lon,stop_time,count_dates_train,stop_number
REG,11742,SANTHIA`,BIELLA S.PAOLO,BIELLA S.PAOLO,0.6538461538461539,1.0,26,2023-01-01,2023-03-26,0,0,0,45.557334,8.067541,06:48,26,1
REG,11742,SANTHIA`,BIELLA S.PAOLO,CANDELO,0.72,1.0,25,2023-01-01,2023-03-26,0,0,0,45.547433,8.100103,06:52,26,2
REG,11742,SANTHIA`,BIELLA S.PAOLO,SALUSSOLA,0.36,0.0,25,2023-01-01,2023-03-26,2,1,1,45.44438,8.115195,07:02,26,3
REG,11742,SANTHIA`,BIELLA S.PAOLO,SANTHIA`,1.6538461538461537,1.0,26,2023-01-01,2023-03-26,2,1,1,45.363726,8.180093,07:12,26,4
