train_class,train_number,train_arrival_stop_name,train_departure_stop_name,stop_name,avg_arrival_delay,median_arrival_delay,count_dates_stop,first_date,last_date,count_3m_delay,count_5m_delay,count_10m_delay,stop_lat,stop_lon,stop_time,count_dates_train,stop_number
REG,3236,TORINO P.NUOVA,CUNEO,CUNEO,2.4210526315789473,2.0,76,2023-01-02,2023-03-31,22,2,0,44.387914,7.536235,15:24,76,1
REG,3236,TORINO P.NUOVA,CUNEO,CENTALLO,-0.19736842105263158,-1.0,76,2023-01-02,2023-03-31,2,2,0,44.496223,7.591035,15:34,76,2
REG,3236,TORINO P.NUOVA,CUNEO,FOSSANO,0.7763157894736842,1.0,76,2023-01-02,2023-03-31,8,3,0,44.550231,7.717971,15:43,76,3
REG,3236,TORINO P.NUOVA,CUNEO,SAVIGLIANO,2.6315789473684212,2.0,76,2023-01-02,2023-03-31,32,6,1,44.651337,7.663748,15:51,76,4
REG,3236,TORINO P.NUOVA,CUNEO,CAVALLERMAGGIORE,2.3552631578947367,2.0,76,2023-01-02,2023-03-31,25,7,1,44.708147,7.692108,15:57,76,5
REG,3236,TORINO P.NUOVA,CUNEO,CARMAGNOLA,1.855263157894737,0.0,76,2023-01-02,2023-03-31,9,6,2,44.846944,7.72797,16:09,76,6
REG,3236,TORINO P.NUOVA,CUNEO,TORINO LINGOTTO,-0.6973684210526315,-3.0,76,2023-01-02,2023-03-31,6,5,2,45.0266,7.657469,16:28,76,7
REG,3236,TORINO P.NUOVA,CUNEO,TORINO P.NUOVA,3.4342105263157894,1.0,76,2023-01-02,2023-03-31,20,7,3,45.060969,7.67747,16:35,76,8
