train_class,train_number,train_arrival_stop_name,train_departure_stop_name,stop_name,avg_arrival_delay,median_arrival_delay,count_dates_stop,first_date,last_date,count_3m_delay,count_5m_delay,count_10m_delay,stop_lat,stop_lon,stop_time,count_dates_train,stop_number
REG,4368,FOGGIA,BARI CENTRALE,BARI CENTRALE,4.0,3.0,12,2023-01-07,2023-03-25,7,3,1,41.11774,16.869601,21:30,12,1
REG,4368,FOGGIA,BARI CENTRALE,BARI ZONA INDUSTRIALE,1.0833333333333333,-1.0,12,2023-01-07,2023-03-25,3,1,1,,,21:36,12,2
REG,4368,FOGGIA,BARI CENTRALE,BARI S. SPIRITO,2.5833333333333335,2.0,12,2023-01-07,2023-03-25,5,1,1,41.159653,16.746324,21:45,12,3
REG,4368,FOGGIA,BARI CENTRALE,GIOVINAZZO,2.5833333333333335,1.0,12,2023-01-07,2023-03-25,4,2,1,41.180968,16.669346,21:51,12,4
REG,4368,FOGGIA,BARI CENTRALE,MOLFETTA,4.083333333333333,1.0,12,2023-01-07,2023-03-25,3,3,2,41.196008,16.596793,21:57,12,5
REG,4368,FOGGIA,BARI CENTRALE,BISCEGLIE,5.416666666666667,2.0,12,2023-01-07,2023-03-25,5,3,2,41.235445,16.499484,22:03,12,6
REG,4368,FOGGIA,BARI CENTRALE,TRANI,6.25,2.0,12,2023-01-07,2023-03-25,5,3,2,41.272693,16.417646,22:09,12,7
REG,4368,FOGGIA,BARI CENTRALE,BARLETTA,7.0,3.0,12,2023-01-07,2023-03-25,7,4,2,41.315227,16.278867,22:18,12,8
REG,4368,FOGGIA,BARI CENTRALE,TRINITAPOLI S.FERDIN. DI P.,6.916666666666667,3.0,12,2023-01-07,2023-03-25,9,4,2,41.349677,16.090839,22:28,12,9
REG,4368,FOGGIA,BARI CENTRALE,CERIGNOLA,7.083333333333333,4.0,12,2023-01-07,2023-03-25,8,5,2,41.315664,15.897298,22:38,12,10
REG,4368,FOGGIA,BARI CENTRALE,ORTANOVA,7.083333333333333,4.0,12,2023-01-07,2023-03-25,8,6,2,41.350441,15.732059,22:47,12,11
REG,4368,FOGGIA,BARI CENTRALE,INCORONATA,6.416666666666667,3.0,12,2023-01-07,2023-03-25,7,4,2,41.408174,15.650728,22:54,12,12
REG,4368,FOGGIA,BARI CENTRALE,FOGGIA,8.5,4.0,12,2023-01-07,2023-03-25,8,6,2,41.466,15.555816,23:02,12,13
