train_class,train_number,train_arrival_stop_name,train_departure_stop_name,stop_name,avg_arrival_delay,median_arrival_delay,count_dates_stop,first_date,last_date,count_3m_delay,count_5m_delay,count_10m_delay,stop_lat,stop_lon,stop_time,count_dates_train,stop_number
REG,10515,CREMONA,BERGAMO,BERGAMO,1.7294117647058824,1.0,85,2023-01-01,2023-03-31,9,6,2,45.690271,9.675082,06:43,85,1
REG,10515,CREMONA,BERGAMO,GRUMELLO DEL MONTE,4.976470588235294,5.0,85,2023-01-01,2023-03-31,74,43,6,45.634102,9.862767,07:03,85,2
REG,10515,CREMONA,BERGAMO,PALAZZOLO SULL`OGLIO,5.552941176470588,5.0,85,2023-01-01,2023-03-31,77,49,10,45.601486,9.896235,07:08,85,3
REG,10515,CREMONA,BERGAMO,COCCAGLIO,6.623529411764705,6.0,85,2023-01-01,2023-03-31,80,62,10,45.560971,9.977648,07:15,85,4
REG,10515,CREMONA,BERGAMO,ROVATO,3.7294117647058824,3.0,85,2023-01-01,2023-03-31,51,25,5,45.55193,10.000924,07:22,85,5
REG,10515,CREMONA,BERGAMO,BRESCIA,4.552941176470588,3.0,85,2023-01-01,2023-03-31,45,29,7,45.532315,10.212828,07:38,85,6
REG,10515,CREMONA,BERGAMO,MANERBIO,2.8,1.0,85,2023-01-01,2023-03-31,24,15,7,45.357212,10.132348,07:59,85,7
REG,10515,CREMONA,BERGAMO,VEROLANUOVA,3.6941176470588237,1.0,85,2023-01-01,2023-03-31,27,19,8,45.324989,10.08388,08:05,85,8
REG,10515,CREMONA,BERGAMO,CREMONA,0.9176470588235294,-1.0,85,2023-01-01,2023-03-31,21,14,5,45.143215,10.017951,08:38,85,9
