stop_name,train_class,day_of_week,avg_arrival_delay,median_arrival_delay,count_trains,count_3m_delay,count_5m_delay,count_10m_delay,stop_lat,stop_lon,count_stops,count_dates
FIRENZE S.M.N.,,Sun,2.875,2.0,10,6,4,2,43.776893,11.247373,16,16
FIRENZE CAMPO MARTE,,Sun,12.307692307692308,5.0,8,7,6,6,43.776856,11.27702,16,16
ROMA TIBURTINA,,Sun,7.545454545454546,4.0,5,6,5,3,41.910903,12.530749,12,12
TORINO P.NUOVA,,Sun,0.14285714285714285,0.0,7,1,0,0,45.060969,7.67747,15,12
NAPOLI AFRAGOLA,,Sun,2.533333333333333,2.0,7,3,2,1,,,15,12
NAPOLI CENTRALE,,Sun,-1.0,-5.0,7,2,1,1,40.852933,14.272908,19,15
ROMA TERMINI,,Sun,6.645161290322581,0.0,20,10,7,4,41.900636,12.502026,45,24
MILANO CENTRALE,,Sun,0.7,-2.0,10,2,2,0,45.486347,9.204528,22,15
