train_class,train_number,train_arrival_stop_name,train_departure_stop_name,stop_name,avg_arrival_delay,median_arrival_delay,count_dates_stop,first_date,last_date,count_3m_delay,count_5m_delay,count_10m_delay,stop_lat,stop_lon,stop_time,count_dates_train,stop_number
REG,5674,COSENZA,REGGIO CALABRIA CENTRALE,REGGIO CALABRIA CENTRALE,2.0256410256410255,2.0,78,2023-01-01,2023-03-31,27,4,0,38.103884,15.635844,17:58,78,1
REG,5674,COSENZA,REGGIO CALABRIA CENTRALE,VILLA SAN GIOVANNI,1.2564102564102564,1.0,78,2023-01-01,2023-03-31,20,3,1,38.216638,15.634336,18:14,78,2
REG,5674,COSENZA,REGGIO CALABRIA CENTRALE,BAGNARA,0.41025641025641024,-1.0,78,2023-01-01,2023-03-31,11,3,1,38.282695,15.800327,18:31,78,3
REG,5674,COSENZA,REGGIO CALABRIA CENTRALE,PALMI,1.2564102564102564,1.0,78,2023-01-01,2023-03-31,14,3,2,38.364914,15.84438,18:39,78,4
REG,5674,COSENZA,REGGIO CALABRIA CENTRALE,GIOIA TAURO,0.6923076923076923,-1.0,78,2023-01-01,2023-03-31,11,4,1,38.423436,15.897516,18:46,78,5
REG,5674,COSENZA,REGGIO CALABRIA CENTRALE,ROSARNO,0.1794871794871795,-1.0,78,2023-01-01,2023-03-31,9,4,1,38.488593,15.970149,18:54,78,6
REG,5674,COSENZA,REGGIO CALABRIA CENTRALE,MILETO,0.9102564102564102,0.0,78,2023-01-01,2023-03-31,12,4,1,38.577082,16.060041,19:02,78,7
REG,5674,COSENZA,REGGIO CALABRIA CENTRALE,VIBO VALENZIA PIZZO,0.358974358974359,-1.0,78,2023-01-01,2023-03-31,13,3,1,38.714593,16.139887,19:13,78,8
REG,5674,COSENZA,REGGIO CALABRIA CENTRALE,LAMEZIA TERME CENTRALE,-0.44871794871794873,-2.0,78,2023-01-01,2023-03-31,6,4,3,38.921347,16.255577,19:30,78,9
REG,5674,COSENZA,REGGIO CALABRIA CENTRALE,AMANTEA,0.4230769230769231,-1.0,78,2023-01-01,2023-03-31,6,4,2,39.134353,16.068448,19:48,78,10
REG,5674,COSENZA,REGGIO CALABRIA CENTRALE,PAOLA,0.4805194805194805,-1.0,77,2023-01-01,2023-03-31,14,4,2,39.359442,16.033093,20:05,78,11
REG,5674,COSENZA,REGGIO CALABRIA CENTRALE,CASTIGLIONE COSENTINO,0.20512820512820512,-1.0,78,2023-01-01,2023-03-31,8,2,2,39.35542,16.244388,20:29,78,12
REG,5674,COSENZA,REGGIO CALABRIA CENTRALE,COSENZA,0.5641025641025641,-1.0,78,2023-01-01,2023-03-31,8,5,2,39.318386,16.260955,20:37,78,13
