train_class,train_number,train_arrival_stop_name,train_departure_stop_name,stop_name,avg_arrival_delay,median_arrival_delay,count_dates_stop,first_date,last_date,count_3m_delay,count_5m_delay,count_10m_delay,stop_lat,stop_lon,stop_time,count_dates_train,stop_number
REG,3742,MONTEBELLUNA,PADOVA,PADOVA,1.12,1.0,25,2023-01-01,2023-03-26,1,0,0,45.417846,11.880794,11:04,25,1
REG,3742,MONTEBELLUNA,PADOVA,CAMPOSAMPIERO,-1.76,-2.0,25,2023-01-01,2023-03-26,1,0,0,45.568922,11.928293,11:22,25,2
REG,3742,MONTEBELLUNA,PADOVA,CASTELFRANCO VENETO,-1.92,-2.0,25,2023-01-01,2023-03-26,0,0,0,45.666439,11.934315,11:34,25,3
REG,3742,MONTEBELLUNA,PADOVA,FANZOLO,1.44,2.0,25,2023-01-01,2023-03-26,1,0,0,45.708253,11.992069,11:42,25,4
REG,3742,MONTEBELLUNA,PADOVA,MONTEBELLUNA,-0.36,-1.0,25,2023-01-01,2023-03-26,0,0,0,45.776434,12.054,11:52,25,5
