train_class,train_number,train_arrival_stop_name,train_departure_stop_name,stop_name,avg_arrival_delay,median_arrival_delay,count_dates_stop,first_date,last_date,count_3m_delay,count_5m_delay,count_10m_delay,stop_lat,stop_lon,stop_time,count_dates_train,stop_number
REG,24836,LECCO,MILANO PORTA GARIBALDI,MILANO PORTA GARIBALDI,2.857142857142857,2.0,84,2023-01-01,2023-03-30,28,13,5,45.484917,9.187683,10:52,84,1
REG,24836,LECCO,MILANO PORTA GARIBALDI,MILANO GRECO PIRELLI,1.130952380952381,0.0,84,2023-01-01,2023-03-30,14,9,5,45.51272,9.214456,10:58,84,2
REG,24836,LECCO,MILANO PORTA GARIBALDI,SESTO S. GIOVANNI,0.7619047619047619,-1.0,84,2023-01-01,2023-03-30,13,11,5,45.541087,9.23926,11:03,84,3
REG,24836,LECCO,MILANO PORTA GARIBALDI,MONZA,1.5238095238095237,1.0,84,2023-01-01,2023-03-30,17,12,4,45.577789,9.273253,11:08,84,4
REG,24836,LECCO,MILANO PORTA GARIBALDI,ARCORE,1.7380952380952381,1.0,84,2023-01-01,2023-03-30,19,13,5,45.623493,9.322798,11:14,84,5
REG,24836,LECCO,MILANO PORTA GARIBALDI,CARNATE USMATE,1.7142857142857142,1.0,84,2023-01-01,2023-03-30,16,13,3,45.653072,9.375089,11:19,84,6
REG,24836,LECCO,MILANO PORTA GARIBALDI,OSNAGO,2.5357142857142856,1.0,84,2023-01-01,2023-03-30,22,13,4,45.678532,9.386995,11:23,84,7
REG,24836,LECCO,MILANO PORTA GARIBALDI,CERNUSCO-MERATE,2.130952380952381,1.0,84,2023-01-01,2023-03-30,16,9,3,45.695096,9.396794,11:27,84,8
REG,24836,LECCO,MILANO PORTA GARIBALDI,OLGIATE-CALCO-BRIVIO,1.869047619047619,1.0,84,2023-01-01,2023-03-30,13,6,3,45.729166,9.40377,11:32,84,9
REG,24836,LECCO,MILANO PORTA GARIBALDI,AIRUNO,1.869047619047619,1.0,84,2023-01-01,2023-03-30,13,6,3,45.754086,9.422066,11:36,84,10
REG,24836,LECCO,MILANO PORTA GARIBALDI,CALOLZIOCORTE OLGINATE,1.8095238095238095,1.0,84,2023-01-01,2023-03-30,23,7,2,45.801619,9.42698,11:42,84,11
REG,24836,LECCO,MILANO PORTA GARIBALDI,LECCO MAGGIANICO,1.1666666666666667,0.0,84,2023-01-01,2023-03-30,18,8,2,45.831179,9.411691,11:48,84,12
REG,24836,LECCO,MILANO PORTA GARIBALDI,LECCO,0.5833333333333334,0.0,84,2023-01-01,2023-03-30,15,6,2,45.856471,9.393638,11:54,84,13
