train_class,train_number,train_arrival_stop_name,train_departure_stop_name,stop_name,avg_arrival_delay,median_arrival_delay,count_dates_stop,first_date,last_date,count_3m_delay,count_5m_delay,count_10m_delay,stop_lat,stop_lon,stop_time,count_dates_train,stop_number
REG,17612,FERRARA,RAVENNA,RAVENNA,1.6666666666666667,2.0,12,2023-01-01,2023-03-26,0,0,0,44.419155,12.208404,11:47,12,1
REG,17612,FERRARA,RAVENNA,MEZZANO,0.25,0.0,12,2023-01-01,2023-03-26,2,0,0,44.463,12.098501,11:55,12,2
REG,17612,FERRARA,RAVENNA,ALFONSINE,-0.75,-1.0,12,2023-01-01,2023-03-26,0,0,0,44.512364,12.039155,12:02,12,3
REG,17612,FERRARA,RAVENNA,LAVEZZOLA,-1.75,-2.0,12,2023-01-01,2023-03-26,0,0,0,44.559591,11.880154,12:15,12,4
REG,17612,FERRARA,RAVENNA,ARGENTA,0.9166666666666666,1.0,12,2023-01-01,2023-03-26,0,0,0,44.616867,11.841267,12:23,12,5
REG,17612,FERRARA,RAVENNA,PORTOMAGGIORE,0.6666666666666666,1.0,12,2023-01-01,2023-03-26,0,0,0,44.696699,11.799785,12:30,12,6
REG,17612,FERRARA,RAVENNA,MONTESANTO,0.3333333333333333,0.0,12,2023-01-01,2023-03-26,0,0,0,44.732964,11.73652,12:36,12,7
REG,17612,FERRARA,RAVENNA,FERRARA,2.1666666666666665,2.0,12,2023-01-01,2023-03-26,3,0,0,44.843047,11.603594,12:59,12,8
