train_class,train_number,train_arrival_stop_name,train_departure_stop_name,stop_name,avg_arrival_delay,median_arrival_delay,count_dates_stop,first_date,last_date,count_3m_delay,count_5m_delay,count_10m_delay,stop_lat,stop_lon,stop_time,count_dates_train,stop_number
REG,20288,GUIDONIA-MONTECELIO-S.ANGELO,ROMA TIBURTINA PIAZZALE EST,ROMA TIBURTINA PIAZZALE EST,0.7808219178082192,1.0,73,2023-01-02,2023-03-31,1,0,0,41.910903,12.530749,08:39,73,1
REG,20288,GUIDONIA-MONTECELIO-S.ANGELO,ROMA TIBURTINA PIAZZALE EST,ROMA PRENESTINA,1.3150684931506849,1.0,73,2023-01-02,2023-03-31,7,1,0,41.897571,12.545803,08:43,73,2
REG,20288,GUIDONIA-MONTECELIO-S.ANGELO,ROMA TIBURTINA PIAZZALE EST,TOR SAPIENZA,0.6301369863013698,1.0,73,2023-01-02,2023-03-31,3,1,0,41.907095,12.594489,08:52,73,3
REG,20288,GUIDONIA-MONTECELIO-S.ANGELO,ROMA TIBURTINA PIAZZALE EST,LA RUSTICA UIR,0.4520547945205479,0.0,73,2023-01-02,2023-03-31,3,1,0,,,08:58,73,4
REG,20288,GUIDONIA-MONTECELIO-S.ANGELO,ROMA TIBURTINA PIAZZALE EST,PONTE DI NONA,-0.5753424657534246,-1.0,73,2023-01-02,2023-03-31,2,1,0,42.061563,13.581585,09:03,73,5
REG,20288,GUIDONIA-MONTECELIO-S.ANGELO,ROMA TIBURTINA PIAZZALE EST,LUNGHEZZA,-1.6575342465753424,-2.0,73,2023-01-02,2023-03-31,1,0,0,41.923253,12.667212,09:07,73,6
REG,20288,GUIDONIA-MONTECELIO-S.ANGELO,ROMA TIBURTINA PIAZZALE EST,BAGNI DI TIVOLI,2.671232876712329,2.0,73,2023-01-02,2023-03-31,34,10,1,41.949593,12.722208,09:14,73,7
REG,20288,GUIDONIA-MONTECELIO-S.ANGELO,ROMA TIBURTINA PIAZZALE EST,GUIDONIA-MONTECELIO-S.ANGELO,1.5342465753424657,1.0,73,2023-01-02,2023-03-31,13,6,3,41.993405,12.725681,09:25,73,8
