train_class,train_number,train_arrival_stop_name,train_departure_stop_name,stop_name,avg_arrival_delay,median_arrival_delay,count_dates_stop,first_date,last_date,count_3m_delay,count_5m_delay,count_10m_delay,stop_lat,stop_lon,stop_time,count_dates_train,stop_number
REG,3807,TRIESTE CENTRALE,UDINE,UDINE,1.32,1.0,75,2023-01-02,2023-03-31,5,1,0,46.055791,13.242003,12:36,75,1
REG,3807,TRIESTE CENTRALE,UDINE,PALMANOVA,0.96,1.0,75,2023-01-02,2023-03-31,10,1,1,45.906862,13.296461,12:48,75,2
REG,3807,TRIESTE CENTRALE,UDINE,CERVIGNANO A.G.,-1.92,-3.0,75,2023-01-02,2023-03-31,2,2,1,45.823948,13.342866,13:00,75,3
REG,3807,TRIESTE CENTRALE,UDINE,TRIESTE AIRPORT,-0.2,-1.0,75,2023-01-02,2023-03-31,2,2,1,45.817482,13.485532,13:08,75,4
REG,3807,TRIESTE CENTRALE,UDINE,MONFALCONE,0.24,-1.0,75,2023-01-02,2023-03-31,4,2,1,45.807683,13.542929,13:14,75,5
REG,3807,TRIESTE CENTRALE,UDINE,TRIESTE CENTRALE,-0.4,-1.0,75,2023-01-02,2023-03-31,4,3,2,45.657456,13.771873,13:38,75,6
