train_class,train_number,train_arrival_stop_name,train_departure_stop_name,stop_name,avg_arrival_delay,median_arrival_delay,count_dates_stop,first_date,last_date,count_3m_delay,count_5m_delay,count_10m_delay,stop_lat,stop_lon,stop_time,count_dates_train,stop_number
REG,4330,SAN SEVERO,BARI CENTRALE,BARI CENTRALE,2.8870967741935485,2.0,62,2023-01-02,2023-03-31,25,5,1,41.11774,16.869601,14:05,62,1
REG,4330,SAN SEVERO,BARI CENTRALE,BARI ZONA INDUSTRIALE,2.0,1.0,62,2023-01-02,2023-03-31,11,4,3,,,14:10,62,2
REG,4330,SAN SEVERO,BARI CENTRALE,BARI S. SPIRITO,3.7419354838709675,3.0,62,2023-01-02,2023-03-31,33,8,3,41.159653,16.746324,14:18,62,3
REG,4330,SAN SEVERO,BARI CENTRALE,GIOVINAZZO,3.225806451612903,2.0,62,2023-01-02,2023-03-31,25,5,3,41.180968,16.669346,14:24,62,4
REG,4330,SAN SEVERO,BARI CENTRALE,MOLFETTA,3.5483870967741935,2.0,62,2023-01-02,2023-03-31,31,7,3,41.196008,16.596793,14:29,62,5
REG,4330,SAN SEVERO,BARI CENTRALE,BISCEGLIE,4.32258064516129,3.0,62,2023-01-02,2023-03-31,40,15,3,41.235445,16.499484,14:35,62,6
REG,4330,SAN SEVERO,BARI CENTRALE,TRANI,3.2419354838709675,2.0,62,2023-01-02,2023-03-31,27,7,3,41.272693,16.417646,14:42,62,7
REG,4330,SAN SEVERO,BARI CENTRALE,BARLETTA,1.532258064516129,1.0,62,2023-01-02,2023-03-31,12,5,3,41.315227,16.278867,14:52,62,8
REG,4330,SAN SEVERO,BARI CENTRALE,TRINITAPOLI S.FERDIN. DI P.,1.7258064516129032,0.0,62,2023-01-02,2023-03-31,13,7,3,41.349677,16.090839,15:02,62,9
REG,4330,SAN SEVERO,BARI CENTRALE,CERIGNOLA,0.08064516129032258,-2.0,62,2023-01-02,2023-03-31,8,6,3,41.315664,15.897298,15:15,62,10
REG,4330,SAN SEVERO,BARI CENTRALE,ORTANOVA,1.9516129032258065,1.0,62,2023-01-02,2023-03-31,16,6,4,41.350441,15.732059,15:30,62,11
REG,4330,SAN SEVERO,BARI CENTRALE,INCORONATA,1.6290322580645162,1.0,62,2023-01-02,2023-03-31,15,5,5,41.408174,15.650728,15:37,62,12
REG,4330,SAN SEVERO,BARI CENTRALE,FOGGIA,2.693548387096774,2.0,62,2023-01-02,2023-03-31,20,7,4,41.466,15.555816,15:44,62,13
REG,4330,SAN SEVERO,BARI CENTRALE,SAN SEVERO,1.8225806451612903,1.0,62,2023-01-02,2023-03-31,16,6,4,41.684512,15.392567,16:01,62,14
