train_class,train_number,train_arrival_stop_name,train_departure_stop_name,stop_name,avg_arrival_delay,median_arrival_delay,count_dates_stop,first_date,last_date,count_3m_delay,count_5m_delay,count_10m_delay,stop_lat,stop_lon,stop_time,count_dates_train,stop_number
REG,4249,ANCONA,RIMINI,RIMINI,4.0,3.0,76,2023-01-02,2023-03-31,43,22,4,44.064176,12.574093,15:45,76,1
REG,4249,ANCONA,RIMINI,RICCIONE,3.526315789473684,3.0,76,2023-01-02,2023-03-31,42,20,3,43.999218,12.658549,15:52,76,2
REG,4249,ANCONA,RIMINI,CATTOLICA S.GIOVANNI GABICCE,3.5789473684210527,2.0,76,2023-01-02,2023-03-31,38,21,3,43.959931,12.745087,15:58,76,3
REG,4249,ANCONA,RIMINI,PESARO,3.8815789473684212,3.0,76,2023-01-02,2023-03-31,42,31,5,43.906014,12.904848,16:09,76,4
REG,4249,ANCONA,RIMINI,FANO,4.4868421052631575,4.0,76,2023-01-02,2023-03-31,51,33,6,43.842977,13.02478,16:17,76,5
REG,4249,ANCONA,RIMINI,MAROTTA MONDOLFO,5.5394736842105265,5.0,76,2023-01-02,2023-03-31,54,44,6,43.769748,13.137273,16:24,76,6
REG,4249,ANCONA,RIMINI,SENIGALLIA,5.381578947368421,5.0,76,2023-01-02,2023-03-31,54,44,6,43.716277,13.221652,16:31,76,7
REG,4249,ANCONA,RIMINI,MONTEMARCIANO,4.684210526315789,4.0,76,2023-01-02,2023-03-31,54,33,5,43.651397,13.346478,16:42,76,8
REG,4249,ANCONA,RIMINI,FALCONARA MARITTIMA,5.355263157894737,4.0,76,2023-01-02,2023-03-31,56,37,7,43.630577,13.397378,16:46,76,9
REG,4249,ANCONA,RIMINI,ANCONA,1.631578947368421,0.0,76,2023-01-02,2023-03-31,17,7,2,43.607734,13.497665,17:00,76,10
