train_class,train_number,train_arrival_stop_name,train_departure_stop_name,stop_name,avg_arrival_delay,median_arrival_delay,count_dates_stop,first_date,last_date,count_3m_delay,count_5m_delay,count_10m_delay,stop_lat,stop_lon,stop_time,count_dates_train,stop_number
IC,657,GROSSETO,MILANO CENTRALE,MILANO CENTRALE,2.625,2.0,88,2023-01-01,2023-03-31,31,13,1,45.486347,9.204528,08:05,88,1
IC,657,GROSSETO,MILANO CENTRALE,MILANO LAMBRATE,1.9431818181818181,1.0,88,2023-01-01,2023-03-31,24,10,1,45.484933,9.237333,08:10,88,2
IC,657,GROSSETO,MILANO CENTRALE,PAVIA,2.090909090909091,2.0,88,2023-01-01,2023-03-31,35,22,3,45.188843,9.144674,08:33,88,3
IC,657,GROSSETO,MILANO CENTRALE,VOGHERA,5.6022727272727275,5.0,88,2023-01-01,2023-03-31,58,50,12,44.9978,9.007942,08:49,88,4
IC,657,GROSSETO,MILANO CENTRALE,GENOVA P.PRINCIPE,4.659090909090909,4.0,88,2023-01-01,2023-03-31,54,39,14,44.417784,8.9207,09:44,88,5
IC,657,GROSSETO,MILANO CENTRALE,GENOVA BRIGNOLE,5.896551724137931,5.0,87,2023-01-01,2023-03-31,63,46,16,44.407213,8.947553,09:53,88,6
IC,657,GROSSETO,MILANO CENTRALE,S. MARGHERITA LIGURE PORTOFINO,6.241379310344827,5.0,87,2023-01-01,2023-03-31,62,46,19,44.33676,9.216673,10:14,88,7
IC,657,GROSSETO,MILANO CENTRALE,CHIAVARI,6.386363636363637,5.0,88,2023-01-01,2023-03-31,63,48,20,44.315156,9.322464,10:28,88,8
IC,657,GROSSETO,MILANO CENTRALE,SESTRI LEVANTE,4.909090909090909,4.0,88,2023-01-01,2023-03-31,52,38,15,44.27626,9.397651,10:37,88,9
IC,657,GROSSETO,MILANO CENTRALE,LEVANTO,0.0,-2.0,88,2023-01-01,2023-03-31,18,15,9,44.174167,9.616018,10:58,88,10
IC,657,GROSSETO,MILANO CENTRALE,MONTEROSSO,1.8977272727272727,-1.0,88,2023-01-01,2023-03-31,24,19,8,44.145967,9.649009,11:05,88,11
IC,657,GROSSETO,MILANO CENTRALE,LA SPEZIA CENTRALE,1.7840909090909092,-1.0,88,2023-01-01,2023-03-31,20,16,9,44.11141,9.813906,11:21,88,12
IC,657,GROSSETO,MILANO CENTRALE,MASSA CENTRO,3.625,2.0,88,2023-01-01,2023-03-31,38,27,14,44.023741,10.136041,11:43,88,13
IC,657,GROSSETO,MILANO CENTRALE,FORTE DEI MARMI SERRAVEZZA Q.,2.56,1.0,25,2023-01-01,2023-03-26,10,6,2,43.97777,10.19936,11:53,88,14
IC,657,GROSSETO,MILANO CENTRALE,VIAREGGIO,3.2386363636363638,1.0,88,2023-01-01,2023-03-31,37,25,13,43.865947,10.257886,11:58,88,15
IC,657,GROSSETO,MILANO CENTRALE,PIETRASANTA,2.16,0.0,25,2023-01-01,2023-03-26,9,6,2,43.95583,10.229731,11:59,88,16
IC,657,GROSSETO,MILANO CENTRALE,PISA CENTRALE,1.9886363636363635,1.0,88,2023-01-01,2023-03-31,31,21,10,43.70794,10.398183,12:17,88,17
IC,657,GROSSETO,MILANO CENTRALE,LIVORNO CENTRALE,4.4772727272727275,3.0,88,2023-01-01,2023-03-31,45,27,13,43.55406,10.336593,12:35,88,18
IC,657,GROSSETO,MILANO CENTRALE,CECINA,0.125,-1.0,88,2023-01-01,2023-03-31,16,11,2,43.31028,10.514225,13:24,88,19
IC,657,GROSSETO,MILANO CENTRALE,CAMPIGLIA MARITTIMA,2.6818181818181817,2.0,88,2023-01-01,2023-03-31,41,26,5,43.017118,10.586558,13:48,88,20
IC,657,GROSSETO,MILANO CENTRALE,FOLLONICA,3.2613636363636362,3.0,88,2023-01-01,2023-03-31,46,25,7,42.926687,10.755775,13:59,88,21
IC,657,GROSSETO,MILANO CENTRALE,GROSSETO,-4.738636363636363,-4.0,88,2023-01-01,2023-03-31,7,4,1,42.76728,11.1065,14:33,88,22
