train_class,train_number,train_arrival_stop_name,train_departure_stop_name,stop_name,avg_arrival_delay,median_arrival_delay,count_dates_stop,first_date,last_date,count_3m_delay,count_5m_delay,count_10m_delay,stop_lat,stop_lon,stop_time,count_dates_train,stop_number
REG,18658,PISTOIA,FIRENZE S.M.N.,FIRENZE S.M.N.,1.0769230769230769,1.0,13,2023-01-01,2023-03-26,1,1,0,43.776893,11.247373,07:47,13,1
REG,18658,PISTOIA,FIRENZE S.M.N.,FIRENZE RIFREDI,0.3076923076923077,0.0,13,2023-01-01,2023-03-26,1,1,0,43.800873,11.235729,07:52,13,2
REG,18658,PISTOIA,FIRENZE S.M.N.,FIRENZE CASTELLO,0.15384615384615385,0.0,13,2023-01-01,2023-03-26,1,0,0,43.819444,11.21838,07:56,13,3
REG,18658,PISTOIA,FIRENZE S.M.N.,ZAMBRA,-0.3076923076923077,-1.0,13,2023-01-01,2023-03-26,1,0,0,43.825856,11.206206,07:59,13,4
REG,18658,PISTOIA,FIRENZE S.M.N.,PRATO CENTRALE,1.0769230769230769,1.0,13,2023-01-01,2023-03-26,1,0,0,43.878737,11.109252,08:16,13,5
REG,18658,PISTOIA,FIRENZE S.M.N.,PISTOIA,-2.0,-2.0,13,2023-01-01,2023-03-26,0,0,0,43.926804,10.914624,08:38,13,6
