train_class,train_number,train_arrival_stop_name,train_departure_stop_name,stop_name,avg_arrival_delay,median_arrival_delay,count_dates_stop,first_date,last_date,count_3m_delay,count_5m_delay,count_10m_delay,stop_lat,stop_lon,stop_time,count_dates_train,stop_number
FR,9642,TORINO P.NUOVA,NAPOLI CENTRALE,NAPOLI CENTRALE,2.8764044943820224,2.0,89,2023-01-02,2023-03-31,37,17,2,40.852933,14.272908,13:30,89,1
FR,9642,TORINO P.NUOVA,NAPOLI CENTRALE,ROMA TERMINI,4.258426966292135,3.0,89,2023-01-02,2023-03-31,57,34,8,41.900636,12.502026,14:35,89,2
FR,9642,TORINO P.NUOVA,NAPOLI CENTRALE,BOLOGNA C.LE/AV,-0.3977272727272727,-4.0,88,2023-01-02,2023-03-31,14,11,8,44.506813,11.342622,16:53,89,3
FR,9642,TORINO P.NUOVA,NAPOLI CENTRALE,MILANO CENTRALE,5.292134831460674,1.0,89,2023-01-02,2023-03-31,36,26,13,45.486347,9.204528,18:00,89,4
FR,9642,TORINO P.NUOVA,NAPOLI CENTRALE,TORINO PORTA SUSA,4.651685393258427,2.0,89,2023-01-02,2023-03-31,38,22,10,45.075906,7.667673,18:59,89,5
FR,9642,TORINO P.NUOVA,NAPOLI CENTRALE,TORINO P.NUOVA,4.775280898876405,1.0,89,2023-01-02,2023-03-31,34,23,12,45.060969,7.67747,19:10,89,6
