train_class,train_number,train_arrival_stop_name,train_departure_stop_name,stop_name,avg_arrival_delay,median_arrival_delay,count_dates_stop,first_date,last_date,count_3m_delay,count_5m_delay,count_10m_delay,stop_lat,stop_lon,stop_time,count_dates_train,stop_number
REG,25507,MILANO CENTRALE,CHIASSO,CHIASSO,2.1136363636363638,1.0,88,2023-01-01,2023-03-31,20,9,2,45.830736,9.03421,06:31,88,1
REG,25507,MILANO CENTRALE,CHIASSO,COMO S. GIOVANNI,2.2954545454545454,2.0,88,2023-01-01,2023-03-31,28,13,2,45.808946,9.072331,06:35,88,2
REG,25507,MILANO CENTRALE,CHIASSO,SEREGNO,0.7727272727272727,0.0,88,2023-01-01,2023-03-31,20,7,2,45.64601,9.20285,06:57,88,3
REG,25507,MILANO CENTRALE,CHIASSO,MONZA,3.409090909090909,3.0,88,2023-01-01,2023-03-31,51,30,4,45.577789,9.273253,07:06,88,4
REG,25507,MILANO CENTRALE,CHIASSO,MILANO CENTRALE,4.556818181818182,4.0,88,2023-01-01,2023-03-31,64,39,7,45.486347,9.204528,07:17,88,5
