train_class,train_number,train_arrival_stop_name,train_departure_stop_name,stop_name,avg_arrival_delay,median_arrival_delay,count_dates_stop,first_date,last_date,count_3m_delay,count_5m_delay,count_10m_delay,stop_lat,stop_lon,stop_time,count_dates_train,stop_number
REG,5637,REGGIO CALABRIA CENTRALE,CATANZARO LIDO,CATANZARO LIDO,2.0384615384615383,2.0,78,2023-01-01,2023-03-31,19,6,1,38.821788,16.612975,14:25,78,1
REG,5637,REGGIO CALABRIA CENTRALE,CATANZARO LIDO,SOVERATO,3.8974358974358974,4.0,78,2023-01-01,2023-03-31,56,26,6,38.684339,16.549416,14:43,78,2
REG,5637,REGGIO CALABRIA CENTRALE,CATANZARO LIDO,MONASTERACE STILO,6.102564102564102,5.0,78,2023-01-01,2023-03-31,70,42,10,38.437591,16.574444,15:00,78,3
REG,5637,REGGIO CALABRIA CENTRALE,CATANZARO LIDO,ROCCELLA JONICA,7.948717948717949,6.0,78,2023-01-01,2023-03-31,75,62,18,38.322043,16.406917,15:13,78,4
REG,5637,REGGIO CALABRIA CENTRALE,CATANZARO LIDO,GIOIOSA JONICA,7.833333333333333,6.0,78,2023-01-01,2023-03-31,73,55,17,38.300812,16.332501,15:20,78,5
REG,5637,REGGIO CALABRIA CENTRALE,CATANZARO LIDO,SIDERNO,7.948717948717949,6.0,78,2023-01-01,2023-03-31,71,53,18,38.2708,16.302,15:25,78,6
REG,5637,REGGIO CALABRIA CENTRALE,CATANZARO LIDO,LOCRI,7.641025641025641,5.0,78,2023-01-01,2023-03-31,66,51,18,38.233154,16.264787,15:31,78,7
REG,5637,REGGIO CALABRIA CENTRALE,CATANZARO LIDO,BOVALINO,8.525641025641026,6.0,78,2023-01-01,2023-03-31,69,55,20,38.149087,16.180584,15:39,78,8
REG,5637,REGGIO CALABRIA CENTRALE,CATANZARO LIDO,BIANCO,10.709090909090909,7.0,55,2023-01-16,2023-03-31,51,42,18,38.089072,16.153348,15:45,78,9
REG,5637,REGGIO CALABRIA CENTRALE,CATANZARO LIDO,BRANCALEONE,8.294871794871796,6.0,78,2023-01-01,2023-03-31,58,48,18,37.965475,16.103301,15:57,78,10
REG,5637,REGGIO CALABRIA CENTRALE,CATANZARO LIDO,BOVA MARINA,9.961538461538462,7.0,78,2023-01-01,2023-03-31,67,54,24,37.930269,15.923897,16:10,78,11
REG,5637,REGGIO CALABRIA CENTRALE,CATANZARO LIDO,MELITO DI PORTO SALVO,9.35897435897436,5.0,78,2023-01-01,2023-03-31,56,45,21,37.916732,15.780816,16:21,78,12
REG,5637,REGGIO CALABRIA CENTRALE,CATANZARO LIDO,REGGIO CALABRIA CENTRALE,6.935897435897436,2.0,78,2023-01-01,2023-03-31,36,26,18,38.103884,15.635844,16:47,78,13
