train_class,train_number,train_arrival_stop_name,train_departure_stop_name,stop_name,avg_arrival_delay,median_arrival_delay,count_dates_stop,first_date,last_date,count_3m_delay,count_5m_delay,count_10m_delay,stop_lat,stop_lon,stop_time,count_dates_train,stop_number
REG,16329,VENEZIA SANTA LUCIA,BASSANO DEL GRAPPA,BASSANO DEL GRAPPA,3.2142857142857144,3.0,70,2023-01-02,2023-03-31,43,9,1,45.766697,11.741525,10:46,70,1
REG,16329,VENEZIA SANTA LUCIA,BASSANO DEL GRAPPA,CASTELLO DI GODEGO,4.385714285714286,3.0,70,2023-01-02,2023-03-31,55,22,3,45.688082,11.87759,10:54,70,2
REG,16329,VENEZIA SANTA LUCIA,BASSANO DEL GRAPPA,CASTELFRANCO VENETO,3.2142857142857144,2.0,70,2023-01-02,2023-03-31,30,10,4,45.666439,11.934315,11:02,70,3
REG,16329,VENEZIA SANTA LUCIA,BASSANO DEL GRAPPA,PIOMBINO DESE,1.8857142857142857,1.0,70,2023-01-02,2023-03-31,11,7,3,45.60944,12.00058,11:14,70,4
REG,16329,VENEZIA SANTA LUCIA,BASSANO DEL GRAPPA,NOALE SCORZE`,-2.3142857142857145,-4.0,70,2023-01-02,2023-03-31,5,4,2,45.553833,12.074888,11:28,70,5
REG,16329,VENEZIA SANTA LUCIA,BASSANO DEL GRAPPA,MAERNE DI MARTELLAGO,1.6,1.0,70,2023-01-02,2023-03-31,9,4,2,45.514799,12.150629,11:37,70,6
REG,16329,VENEZIA SANTA LUCIA,BASSANO DEL GRAPPA,SPINEA,0.3142857142857143,-1.0,70,2023-01-02,2023-03-31,7,3,2,45.491568,12.177168,11:42,70,7
REG,16329,VENEZIA SANTA LUCIA,BASSANO DEL GRAPPA,VENEZIA MESTRE,-0.17142857142857143,-1.0,70,2023-01-02,2023-03-31,6,4,2,45.482123,12.232069,11:50,70,8
REG,16329,VENEZIA SANTA LUCIA,BASSANO DEL GRAPPA,VENEZIA SANTA LUCIA,0.5285714285714286,0.0,70,2023-01-02,2023-03-31,10,3,2,45.441569,12.320882,12:03,70,9
