train_class,train_number,train_arrival_stop_name,train_departure_stop_name,stop_name,avg_arrival_delay,median_arrival_delay,count_dates_stop,first_date,last_date,count_3m_delay,count_5m_delay,count_10m_delay,stop_lat,stop_lon,stop_time,count_dates_train,stop_number
REG,18880,FIRENZE S.M.N.,FAENZA,FAENZA,2.324324324324324,2.0,74,2023-01-02,2023-03-31,21,2,0,44.293594,11.883268,05:06,74,1
REG,18880,FIRENZE S.M.N.,FAENZA,BRISIGHELLA,2.0135135135135136,2.0,74,2023-01-02,2023-03-31,21,4,0,44.220565,11.769757,05:16,74,2
REG,18880,FIRENZE S.M.N.,FAENZA,S.MARTINO IN GATTARA,3.189189189189189,3.0,74,2023-01-02,2023-03-31,46,11,0,44.113211,11.667077,05:29,74,3
REG,18880,FIRENZE S.M.N.,FAENZA,MARRADI,3.0945945945945947,3.0,74,2023-01-02,2023-03-31,41,11,0,44.07973,11.619174,05:34,74,4
REG,18880,FIRENZE S.M.N.,FAENZA,BIFORCO,2.6486486486486487,2.0,74,2023-01-02,2023-03-31,34,10,0,44.068431,11.602243,05:38,74,5
REG,18880,FIRENZE S.M.N.,FAENZA,CRESPINO DEL LAMONE,1.9324324324324325,2.0,74,2023-01-02,2023-03-31,21,8,2,,,05:47,74,6
REG,18880,FIRENZE S.M.N.,FAENZA,RONTA,3.418918918918919,3.0,74,2023-01-02,2023-03-31,44,16,2,44.009432,11.434125,06:00,74,7
REG,18880,FIRENZE S.M.N.,FAENZA,BORGO S. LORENZO,2.4864864864864864,2.0,74,2023-01-02,2023-03-31,31,13,4,43.959822,11.380422,06:11,74,8
REG,18880,FIRENZE S.M.N.,FAENZA,S.PIERO A SIEVE,2.445945945945946,1.0,74,2023-01-02,2023-03-31,22,12,3,43.958317,11.322742,06:17,74,9
REG,18880,FIRENZE S.M.N.,FAENZA,CAMPOMIGLIAIO,3.0,2.0,74,2023-01-02,2023-03-31,27,12,4,43.937241,11.303593,06:21,74,10
REG,18880,FIRENZE S.M.N.,FAENZA,VAGLIA,3.3783783783783785,2.0,74,2023-01-02,2023-03-31,35,18,6,43.924442,11.284576,06:26,74,11
REG,18880,FIRENZE S.M.N.,FAENZA,FIESOLE CALDINE,2.7432432432432434,2.0,74,2023-01-02,2023-03-31,32,14,5,43.833697,11.266047,06:38,74,12
REG,18880,FIRENZE S.M.N.,FAENZA,BINARIO S.MARCO VECCHIO,0.7671232876712328,-1.0,73,2023-01-02,2023-03-31,13,7,2,43.790336,11.267403,06:45,74,13
REG,18880,FIRENZE S.M.N.,FAENZA,FIRENZE S.M.N.,1.2702702702702702,1.0,74,2023-01-02,2023-03-31,16,7,2,43.776893,11.247373,06:52,74,14
