train_class,train_number,train_arrival_stop_name,train_departure_stop_name,stop_name,avg_arrival_delay,median_arrival_delay,count_dates_stop,first_date,last_date,count_3m_delay,count_5m_delay,count_10m_delay,stop_lat,stop_lon,stop_time,count_dates_train,stop_number
REG,11700,TORINO LINGOTTO,BIELLA S.PAOLO,BIELLA S.PAOLO,1.8571428571428572,1.0,63,2023-01-02,2023-03-31,10,5,1,45.557334,8.067541,07:13,63,1
REG,11700,TORINO LINGOTTO,BIELLA S.PAOLO,SANTHIA`,3.253968253968254,2.0,63,2023-01-02,2023-03-31,30,9,2,45.363726,8.180093,07:30,63,2
REG,11700,TORINO LINGOTTO,BIELLA S.PAOLO,CHIVASSO,-2.9523809523809526,-2.0,63,2023-01-02,2023-03-31,5,3,2,45.193637,7.889666,07:57,63,3
REG,11700,TORINO LINGOTTO,BIELLA S.PAOLO,TORINO PORTA SUSA,0.6825396825396826,0.0,63,2023-01-02,2023-03-31,14,6,0,45.075906,7.667673,08:23,63,4
REG,11700,TORINO LINGOTTO,BIELLA S.PAOLO,TORINO LINGOTTO,4.079365079365079,3.0,63,2023-01-02,2023-03-31,48,19,3,45.0266,7.657469,08:29,63,5
