train_class,train_number,train_arrival_stop_name,train_departure_stop_name,stop_name,avg_arrival_delay,median_arrival_delay,count_dates_stop,first_date,last_date,count_3m_delay,count_5m_delay,count_10m_delay,stop_lat,stop_lon,stop_time,count_dates_train,stop_number
REG,3651,VENEZIA SANTA LUCIA,CONEGLIANO,CONEGLIANO,3.0677966101694913,2.0,59,2023-01-09,2023-03-31,13,5,3,45.884706,12.298909,13:28,59,1
REG,3651,VENEZIA SANTA LUCIA,CONEGLIANO,SPRESIANO,1.4067796610169492,1.0,59,2023-01-09,2023-03-31,8,4,3,45.77763,12.266984,13:37,59,2
REG,3651,VENEZIA SANTA LUCIA,CONEGLIANO,TREVISO C.,-0.03389830508474576,-1.0,59,2023-01-09,2023-03-31,6,4,2,45.659608,12.24614,13:51,59,3
REG,3651,VENEZIA SANTA LUCIA,CONEGLIANO,MOGLIANO VENETO,0.9152542372881356,0.0,59,2023-01-09,2023-03-31,5,4,1,45.561964,12.23274,14:04,59,4
REG,3651,VENEZIA SANTA LUCIA,CONEGLIANO,VENEZIA MESTRE,-0.7288135593220338,-1.0,59,2023-01-09,2023-03-31,7,4,1,45.482123,12.232069,14:16,59,5
REG,3651,VENEZIA SANTA LUCIA,CONEGLIANO,VENEZIA SANTA LUCIA,-1.694915254237288,-3.0,59,2023-01-09,2023-03-31,3,3,1,45.441569,12.320882,14:29,59,6
