train_class,train_number,train_arrival_stop_name,train_departure_stop_name,stop_name,avg_arrival_delay,median_arrival_delay,count_dates_stop,first_date,last_date,count_3m_delay,count_5m_delay,count_10m_delay,stop_lat,stop_lon,stop_time,count_dates_train,stop_number
REG,2238,MILANO CENTRALE,BERGAMO,BERGAMO,1.146067415730337,1.0,89,2023-01-01,2023-03-31,4,1,0,45.690271,9.675082,18:02,89,1
REG,2238,MILANO CENTRALE,BERGAMO,VERDELLO DALMINE,1.3370786516853932,1.0,89,2023-01-01,2023-03-31,9,1,1,45.605715,9.619797,18:10,89,2
REG,2238,MILANO CENTRALE,BERGAMO,PIOLTELLO LIMITO,3.3863636363636362,3.0,88,2023-01-01,2023-03-31,48,27,3,45.486019,9.329319,18:30,89,3
REG,2238,MILANO CENTRALE,BERGAMO,MILANO LAMBRATE,2.5730337078651684,2.0,89,2023-01-01,2023-03-31,40,18,3,45.484933,9.237333,18:39,89,4
REG,2238,MILANO CENTRALE,BERGAMO,MILANO CENTRALE,2.191011235955056,1.0,89,2023-01-01,2023-03-31,34,15,3,45.486347,9.204528,18:50,89,5
