train_class,train_number,train_arrival_stop_name,train_departure_stop_name,stop_name,avg_arrival_delay,median_arrival_delay,count_dates_stop,first_date,last_date,count_3m_delay,count_5m_delay,count_10m_delay,stop_lat,stop_lon,stop_time,count_dates_train,stop_number
FR,9603,NAPOLI CENTRALE,MILANO CENTRALE,MILANO CENTRALE,1.0634920634920635,1.0,63,2023-01-02,2023-03-31,1,0,0,45.486347,9.204528,06:00,63,1
FR,9603,NAPOLI CENTRALE,MILANO CENTRALE,BOLOGNA C.LE/AV,-1.967741935483871,-3.0,62,2023-01-02,2023-03-31,6,4,2,44.506813,11.342622,07:04,63,2
FR,9603,NAPOLI CENTRALE,MILANO CENTRALE,ROMA TERMINI,3.2222222222222223,2.0,63,2023-01-02,2023-03-31,28,18,6,41.900636,12.502026,09:10,63,3
FR,9603,NAPOLI CENTRALE,MILANO CENTRALE,NAPOLI CENTRALE,0.3333333333333333,1.0,63,2023-01-02,2023-03-31,13,8,3,40.852933,14.272908,10:33,63,4
