train_class,train_number,train_arrival_stop_name,train_departure_stop_name,stop_name,avg_arrival_delay,median_arrival_delay,count_dates_stop,first_date,last_date,count_3m_delay,count_5m_delay,count_10m_delay,stop_lat,stop_lon,stop_time,count_dates_train,stop_number
REG,12792,VITERBO PORTA ROMANA,ROMA OSTIENSE,ROMA OSTIENSE,1.5945945945945945,1.0,37,2023-01-03,2023-03-31,5,0,0,41.87265,12.483917,12:52,37,1
REG,12792,VITERBO PORTA ROMANA,ROMA OSTIENSE,ROMA TRASTEVERE,1.6216216216216217,2.0,37,2023-01-03,2023-03-31,6,0,0,41.872279,12.466162,12:55,37,2
REG,12792,VITERBO PORTA ROMANA,ROMA OSTIENSE,QUATTRO VENTI,1.7837837837837838,2.0,37,2023-01-03,2023-03-31,8,1,0,41.880145,12.459731,12:58,37,3
REG,12792,VITERBO PORTA ROMANA,ROMA OSTIENSE,ROMA S.PIETRO,0.4864864864864865,0.0,37,2023-01-03,2023-03-31,2,0,0,41.896143,12.454497,13:02,37,4
REG,12792,VITERBO PORTA ROMANA,ROMA OSTIENSE,VALLE AURELIA,3.5945945945945947,4.0,37,2023-01-03,2023-03-31,32,7,0,41.899356,12.447667,13:05,37,5
REG,12792,VITERBO PORTA ROMANA,ROMA OSTIENSE,APPIANO,1.2702702702702702,1.0,37,2023-01-03,2023-03-31,3,0,0,41.909342,12.43838,13:09,37,6
REG,12792,VITERBO PORTA ROMANA,ROMA OSTIENSE,ROMA BALDUINA,0.5405405405405406,0.0,37,2023-01-03,2023-03-31,1,0,0,,,13:11,37,7
REG,12792,VITERBO PORTA ROMANA,ROMA OSTIENSE,GEMELLI,2.1621621621621623,2.0,37,2023-01-03,2023-03-31,9,1,0,41.927813,12.427797,13:14,37,8
REG,12792,VITERBO PORTA ROMANA,ROMA OSTIENSE,ROMA MONTE MARIO,0.7567567567567568,1.0,37,2023-01-03,2023-03-31,3,0,0,41.939088,12.421732,13:17,37,9
REG,12792,VITERBO PORTA ROMANA,ROMA OSTIENSE,ROMA S.FILIPPO NERI,-0.05405405405405406,0.0,37,2023-01-03,2023-03-31,2,0,0,41.950262,12.412414,13:20,37,10
REG,12792,VITERBO PORTA ROMANA,ROMA OSTIENSE,OTTAVIA,1.4594594594594594,1.0,37,2023-01-03,2023-03-31,4,0,0,,,13:23,37,11
REG,12792,VITERBO PORTA ROMANA,ROMA OSTIENSE,IPOGEO DEGLI OTTAVI,1.054054054054054,1.0,37,2023-01-03,2023-03-31,4,0,0,41.968391,12.409026,13:26,37,12
REG,12792,VITERBO PORTA ROMANA,ROMA OSTIENSE,LA GIUSTINIANA,1.3243243243243243,1.0,37,2023-01-03,2023-03-31,3,0,0,41.985243,12.403457,13:29,37,13
REG,12792,VITERBO PORTA ROMANA,ROMA OSTIENSE,LA STORTA,0.8108108108108109,1.0,37,2023-01-03,2023-03-31,3,0,0,42.001748,12.381254,13:33,37,14
REG,12792,VITERBO PORTA ROMANA,ROMA OSTIENSE,OLGIATA,3.081081081081081,2.0,37,2023-01-03,2023-03-31,13,3,1,42.01538,12.363864,13:36,37,15
REG,12792,VITERBO PORTA ROMANA,ROMA OSTIENSE,CESANO DI ROMA,1.8918918918918919,1.0,37,2023-01-03,2023-03-31,3,2,1,42.061833,12.326669,13:42,37,16
REG,12792,VITERBO PORTA ROMANA,ROMA OSTIENSE,ANGUILLARA,2.72972972972973,2.0,37,2023-01-03,2023-03-31,11,2,1,42.068133,12.304978,13:46,37,17
REG,12792,VITERBO PORTA ROMANA,ROMA OSTIENSE,BRACCIANO,2.5135135135135136,2.0,37,2023-01-03,2023-03-31,10,3,1,42.103667,12.173023,13:58,37,18
REG,12792,VITERBO PORTA ROMANA,ROMA OSTIENSE,MANZIANA-CANALE MONTERANO,2.189189189189189,1.0,37,2023-01-03,2023-03-31,8,4,2,42.128246,12.134934,14:04,37,19
REG,12792,VITERBO PORTA ROMANA,ROMA OSTIENSE,ORIOLO,1.6756756756756757,1.0,37,2023-01-03,2023-03-31,6,4,1,42.166825,12.138499,14:10,37,20
REG,12792,VITERBO PORTA ROMANA,ROMA OSTIENSE,CAPRANICA,1.6216216216216217,1.0,37,2023-01-03,2023-03-31,6,3,1,42.245195,12.157194,14:19,37,21
REG,12792,VITERBO PORTA ROMANA,ROMA OSTIENSE,VETRALLA,0.13513513513513514,-1.0,37,2023-01-03,2023-03-31,3,2,1,42.304619,12.089137,14:30,37,22
REG,12792,VITERBO PORTA ROMANA,ROMA OSTIENSE,VITERBO PORTA ROMANA,-1.054054054054054,-3.0,37,2023-01-03,2023-03-31,3,3,2,42.411974,12.110482,14:43,37,23
