train_class,train_number,train_arrival_stop_name,train_departure_stop_name,stop_name,avg_arrival_delay,median_arrival_delay,count_dates_stop,first_date,last_date,count_3m_delay,count_5m_delay,count_10m_delay,stop_lat,stop_lon,stop_time,count_dates_train,stop_number
REG,3208,TORINO P.NUOVA,CUNEO,CUNEO,2.8133333333333335,2.0,75,2023-01-02,2023-03-31,28,2,1,44.387914,7.536235,07:51,75,1
REG,3208,TORINO P.NUOVA,CUNEO,CENTALLO,0.7333333333333333,0.0,75,2023-01-02,2023-03-31,6,1,1,44.496223,7.591035,08:01,75,2
REG,3208,TORINO P.NUOVA,CUNEO,FOSSANO,0.26666666666666666,-1.0,75,2023-01-02,2023-03-31,4,1,1,44.550231,7.717971,08:11,75,3
REG,3208,TORINO P.NUOVA,CUNEO,SAVIGLIANO,2.6133333333333333,2.0,75,2023-01-02,2023-03-31,18,5,1,44.651337,7.663748,08:21,75,4
REG,3208,TORINO P.NUOVA,CUNEO,RACCONIGI,0.24,-1.0,75,2023-01-02,2023-03-31,5,1,1,44.771179,7.685681,08:33,75,5
REG,3208,TORINO P.NUOVA,CUNEO,CARMAGNOLA,1.6533333333333333,1.0,75,2023-01-02,2023-03-31,13,6,2,44.846944,7.72797,08:39,75,6
REG,3208,TORINO P.NUOVA,CUNEO,TORINO LINGOTTO,0.8133333333333334,0.0,75,2023-01-02,2023-03-31,15,6,2,45.0266,7.657469,08:57,75,7
REG,3208,TORINO P.NUOVA,CUNEO,TORINO P.NUOVA,1.3333333333333333,0.0,75,2023-01-02,2023-03-31,13,4,1,45.060969,7.67747,09:05,75,8
