train_class,train_number,train_arrival_stop_name,train_departure_stop_name,stop_name,avg_arrival_delay,median_arrival_delay,count_dates_stop,first_date,last_date,count_3m_delay,count_5m_delay,count_10m_delay,stop_lat,stop_lon,stop_time,count_dates_train,stop_number
REG,24878,LECCO,MILANO PORTA GARIBALDI,MILANO PORTA GARIBALDI,2.356164383561644,1.0,73,2023-01-02,2023-03-31,15,5,3,45.484917,9.187683,21:22,73,1
REG,24878,LECCO,MILANO PORTA GARIBALDI,MILANO GRECO PIRELLI,1.8767123287671232,1.0,73,2023-01-02,2023-03-31,26,7,3,45.51272,9.214456,21:28,73,2
REG,24878,LECCO,MILANO PORTA GARIBALDI,SESTO S. GIOVANNI,2.0,1.0,73,2023-01-02,2023-03-31,21,8,5,45.541087,9.23926,21:33,73,3
REG,24878,LECCO,MILANO PORTA GARIBALDI,MONZA,2.5753424657534247,1.0,73,2023-01-02,2023-03-31,27,8,5,45.577789,9.273253,21:38,73,4
REG,24878,LECCO,MILANO PORTA GARIBALDI,ARCORE,2.7945205479452055,1.0,73,2023-01-02,2023-03-31,27,11,6,45.623493,9.322798,21:44,73,5
REG,24878,LECCO,MILANO PORTA GARIBALDI,CARNATE USMATE,2.547945205479452,1.0,73,2023-01-02,2023-03-31,24,8,5,45.653072,9.375089,21:49,73,6
REG,24878,LECCO,MILANO PORTA GARIBALDI,OSNAGO,3.506849315068493,2.0,73,2023-01-02,2023-03-31,25,12,6,45.678532,9.386995,21:53,73,7
REG,24878,LECCO,MILANO PORTA GARIBALDI,CERNUSCO-MERATE,2.9452054794520546,1.0,73,2023-01-02,2023-03-31,18,8,6,45.695096,9.396794,21:57,73,8
REG,24878,LECCO,MILANO PORTA GARIBALDI,OLGIATE-CALCO-BRIVIO,2.6027397260273974,1.0,73,2023-01-02,2023-03-31,12,8,5,45.729166,9.40377,22:02,73,9
REG,24878,LECCO,MILANO PORTA GARIBALDI,AIRUNO,2.6027397260273974,1.0,73,2023-01-02,2023-03-31,12,8,5,45.754086,9.422066,22:06,73,10
REG,24878,LECCO,MILANO PORTA GARIBALDI,CALOLZIOCORTE OLGINATE,0.5205479452054794,-1.0,73,2023-01-02,2023-03-31,9,7,5,45.801619,9.42698,22:12,73,11
REG,24878,LECCO,MILANO PORTA GARIBALDI,LECCO MAGGIANICO,-0.8082191780821918,-2.0,73,2023-01-02,2023-03-31,7,6,4,45.831179,9.411691,22:18,73,12
REG,24878,LECCO,MILANO PORTA GARIBALDI,LECCO,0.4383561643835616,-1.0,73,2023-01-02,2023-03-31,9,6,4,45.856471,9.393638,22:24,73,13
