train_class,train_number,train_arrival_stop_name,train_departure_stop_name,stop_name,avg_arrival_delay,median_arrival_delay,count_dates_stop,first_date,last_date,count_3m_delay,count_5m_delay,count_10m_delay,stop_lat,stop_lon,stop_time,count_dates_train,stop_number
REG,12983,CATANIA CENTRALE,MESSINA CENTRALE,MESSINA CENTRALE,2.9302325581395348,2.0,86,2023-01-01,2023-03-31,43,18,1,38.184975,15.561278,16:18,86,1
REG,12983,CATANIA CENTRALE,MESSINA CENTRALE,GALATI,2.813953488372093,2.0,86,2023-01-01,2023-03-31,40,13,2,38.104511,15.505313,16:29,86,2
REG,12983,CATANIA CENTRALE,MESSINA CENTRALE,GIAMPILIERI,-1.1744186046511629,-2.0,86,2023-01-01,2023-03-31,7,4,1,38.080121,15.493863,16:38,86,3
REG,12983,CATANIA CENTRALE,MESSINA CENTRALE,SCALETTA ZANCLEA,3.2906976744186047,1.0,86,2023-01-01,2023-03-31,38,22,6,38.04635,15.465376,16:45,86,4
REG,12983,CATANIA CENTRALE,MESSINA CENTRALE,ALI` TERME,2.511627906976744,1.0,86,2023-01-01,2023-03-31,33,22,5,38.013952,15.435184,16:51,86,5
REG,12983,CATANIA CENTRALE,MESSINA CENTRALE,NIZZA DI SICILIA,3.6744186046511627,2.0,86,2023-01-01,2023-03-31,39,27,9,37.996937,15.412334,16:55,86,6
REG,12983,CATANIA CENTRALE,MESSINA CENTRALE,ROCCALUMERA MANDANICI,3.7093023255813953,2.0,86,2023-01-01,2023-03-31,43,28,9,37.972946,15.391411,16:58,86,7
REG,12983,CATANIA CENTRALE,MESSINA CENTRALE,FURCI,4.988372093023256,4.0,86,2023-01-01,2023-03-31,56,39,13,37.961714,15.380022,17:01,86,8
REG,12983,CATANIA CENTRALE,MESSINA CENTRALE,SANTA TERESA DI RIVA,3.3372093023255816,2.0,86,2023-01-01,2023-03-31,43,23,8,37.946295,15.367682,17:05,86,9
REG,12983,CATANIA CENTRALE,MESSINA CENTRALE,S.ALESSIO SICULO FORZA D`AGRO`,4.22093023255814,2.0,86,2023-01-01,2023-03-31,40,24,8,37.923992,15.347322,17:10,86,10
REG,12983,CATANIA CENTRALE,MESSINA CENTRALE,LETOJANNI,3.383720930232558,2.0,86,2023-01-01,2023-03-31,37,23,9,37.877581,15.303128,17:17,86,11
REG,12983,CATANIA CENTRALE,MESSINA CENTRALE,TAORMINA,3.8372093023255816,2.0,86,2023-01-01,2023-03-31,38,23,12,37.845429,15.282584,17:22,86,12
REG,12983,CATANIA CENTRALE,MESSINA CENTRALE,ALCANTARA,4.674418604651163,3.0,86,2023-01-01,2023-03-31,51,29,15,37.82145,15.251158,17:27,86,13
REG,12983,CATANIA CENTRALE,MESSINA CENTRALE,FIUMEFREDDO DI SICILIA,5.1395348837209305,4.0,86,2023-01-01,2023-03-31,56,34,16,37.795247,15.205615,17:33,86,14
REG,12983,CATANIA CENTRALE,MESSINA CENTRALE,GIARRE RIPOSTO,4.476744186046512,3.0,86,2023-01-01,2023-03-31,54,30,17,37.730346,15.193386,17:40,86,15
REG,12983,CATANIA CENTRALE,MESSINA CENTRALE,ACIREALE,3.453488372093023,2.0,86,2023-01-01,2023-03-31,41,28,10,37.600514,15.163697,17:56,86,16
REG,12983,CATANIA CENTRALE,MESSINA CENTRALE,CATANIA CENTRALE,-1.8255813953488371,-4.0,86,2023-01-01,2023-03-31,12,6,2,37.506211,15.099417,18:20,86,17
