train_class,train_number,train_arrival_stop_name,train_departure_stop_name,stop_name,avg_arrival_delay,median_arrival_delay,count_dates_stop,first_date,last_date,count_3m_delay,count_5m_delay,count_10m_delay,stop_lat,stop_lon,stop_time,count_dates_train,stop_number
REG,20333,ROMA TIBURTINA,CESANO DI ROMA,CESANO DI ROMA,1.3275862068965518,1.0,58,2023-01-09,2023-03-31,3,0,0,42.061833,12.326669,08:45,58,1
REG,20333,ROMA TIBURTINA,CESANO DI ROMA,OLGIATA,2.8275862068965516,3.0,58,2023-01-09,2023-03-31,37,1,0,42.01538,12.363864,08:51,58,2
REG,20333,ROMA TIBURTINA,CESANO DI ROMA,LA STORTA,1.9827586206896552,2.0,58,2023-01-09,2023-03-31,14,0,0,42.001748,12.381254,08:54,58,3
REG,20333,ROMA TIBURTINA,CESANO DI ROMA,LA GIUSTINIANA,2.6379310344827585,2.0,58,2023-01-09,2023-03-31,29,1,0,41.985243,12.403457,08:58,58,4
REG,20333,ROMA TIBURTINA,CESANO DI ROMA,IPOGEO DEGLI OTTAVI,3.103448275862069,3.0,58,2023-01-09,2023-03-31,45,3,0,41.968391,12.409026,09:01,58,5
REG,20333,ROMA TIBURTINA,CESANO DI ROMA,OTTAVIA,2.3275862068965516,2.0,58,2023-01-09,2023-03-31,23,1,0,,,09:04,58,6
REG,20333,ROMA TIBURTINA,CESANO DI ROMA,ROMA S.FILIPPO NERI,1.9827586206896552,2.0,58,2023-01-09,2023-03-31,17,0,0,41.950262,12.412414,09:07,58,7
REG,20333,ROMA TIBURTINA,CESANO DI ROMA,ROMA MONTE MARIO,1.3448275862068966,1.0,58,2023-01-09,2023-03-31,9,0,0,41.939088,12.421732,09:10,58,8
REG,20333,ROMA TIBURTINA,CESANO DI ROMA,GEMELLI,2.103448275862069,2.0,58,2023-01-09,2023-03-31,22,0,0,41.927813,12.427797,09:13,58,9
REG,20333,ROMA TIBURTINA,CESANO DI ROMA,ROMA BALDUINA,2.396551724137931,2.0,58,2023-01-09,2023-03-31,25,3,0,,,09:16,58,10
REG,20333,ROMA TIBURTINA,CESANO DI ROMA,APPIANO,2.2758620689655173,2.0,58,2023-01-09,2023-03-31,23,3,0,41.909342,12.43838,09:18,58,11
REG,20333,ROMA TIBURTINA,CESANO DI ROMA,VALLE AURELIA,3.6379310344827585,3.0,58,2023-01-09,2023-03-31,50,15,0,41.899356,12.447667,09:21,58,12
REG,20333,ROMA TIBURTINA,CESANO DI ROMA,ROMA S.PIETRO,0.6724137931034483,1.0,58,2023-01-09,2023-03-31,6,0,0,41.896143,12.454497,09:25,58,13
REG,20333,ROMA TIBURTINA,CESANO DI ROMA,QUATTRO VENTI,1.3448275862068966,1.0,58,2023-01-09,2023-03-31,12,0,0,41.880145,12.459731,09:29,58,14
REG,20333,ROMA TIBURTINA,CESANO DI ROMA,ROMA TRASTEVERE,2.6724137931034484,3.0,58,2023-01-09,2023-03-31,30,2,0,41.872279,12.466162,09:32,58,15
REG,20333,ROMA TIBURTINA,CESANO DI ROMA,ROMA OSTIENSE,-0.29310344827586204,-1.0,58,2023-01-09,2023-03-31,1,0,0,41.87265,12.483917,09:37,58,16
REG,20333,ROMA TIBURTINA,CESANO DI ROMA,ROMA TUSCOLANA,2.8076923076923075,2.0,52,2023-01-09,2023-03-31,26,7,1,41.879384,12.523505,09:43,58,17
REG,20333,ROMA TIBURTINA,CESANO DI ROMA,ROMA TIBURTINA,-0.1896551724137931,-1.0,58,2023-01-09,2023-03-31,8,4,0,41.910903,12.530749,09:52,58,18
