train_class,train_number,train_arrival_stop_name,train_departure_stop_name,stop_name,avg_arrival_delay,median_arrival_delay,count_dates_stop,first_date,last_date,count_3m_delay,count_5m_delay,count_10m_delay,stop_lat,stop_lon,stop_time,count_dates_train,stop_number
REG,5193,CASERTA,ROCCA RAVINDOLA,ROCCA RAVINDOLA,1.4310344827586208,1.0,58,2023-01-02,2023-03-30,2,1,1,41.521035,14.122965,17:06,58,1
REG,5193,CASERTA,ROCCA RAVINDOLA,VENAFRO,0.6206896551724138,0.0,58,2023-01-02,2023-03-30,2,2,1,41.482975,14.048722,17:12,58,2
REG,5193,CASERTA,ROCCA RAVINDOLA,VAIRANO,0.15517241379310345,0.0,58,2023-01-02,2023-03-30,3,2,1,41.317446,14.104022,17:28,58,3
REG,5193,CASERTA,ROCCA RAVINDOLA,TEANO,0.7758620689655172,0.0,58,2023-01-02,2023-03-30,7,2,2,41.231804,14.077075,17:37,58,4
REG,5193,CASERTA,ROCCA RAVINDOLA,SPARANISE,1.5357142857142858,1.0,56,2023-01-02,2023-03-30,14,4,2,41.185707,14.092954,17:42,58,5
REG,5193,CASERTA,ROCCA RAVINDOLA,CAPUA,2.2413793103448274,1.0,58,2023-01-02,2023-03-30,22,10,2,41.101306,14.210347,17:53,58,6
REG,5193,CASERTA,ROCCA RAVINDOLA,CASERTA,-1.1551724137931034,-2.0,58,2023-01-02,2023-03-30,6,4,2,41.068655,14.328457,18:11,58,7
