train_class,train_number,train_arrival_stop_name,train_departure_stop_name,stop_name,avg_arrival_delay,median_arrival_delay,count_dates_stop,first_date,last_date,count_3m_delay,count_5m_delay,count_10m_delay,stop_lat,stop_lon,stop_time,count_dates_train,stop_number
REG,640,M N CADORNA,ASSO,ASSO,0.0,0.0,88,2023-01-01,2023-03-31,0,0,0,45.855228,9.268513,11:33,88,1
REG,640,M N CADORNA,ASSO,CANZO,0.0,0.0,88,2023-01-01,2023-03-31,0,0,0,,,11:35,88,2
REG,640,M N CADORNA,ASSO,CASLINO D'ERBA,0.0,0.0,88,2023-01-01,2023-03-31,0,0,0,,,11:39,88,3
REG,640,M N CADORNA,ASSO,PONTELAMBRO - CASTELMARTE,0.0,0.0,88,2023-01-01,2023-03-31,0,0,0,,,11:41,88,4
REG,640,M N CADORNA,ASSO,ERBA,0.0,0.0,88,2023-01-01,2023-03-31,0,0,0,,,11:44,88,5
REG,640,M N CADORNA,ASSO,MERONE,0.0,0.0,87,2023-01-01,2023-03-31,0,0,0,45.781374,9.243772,11:51,88,6
REG,640,M N CADORNA,ASSO,INVERIGO,0.0,0.0,88,2023-01-01,2023-03-31,0,0,0,,,11:59,88,7
REG,640,M N CADORNA,ASSO,AROSIO,0.0,0.0,88,2023-01-01,2023-03-31,0,0,0,,,12:06,88,8
REG,640,M N CADORNA,ASSO,CARUGO - GIUSSANO,0.0,0.0,88,2023-01-01,2023-03-31,0,0,0,,,12:10,88,9
REG,640,M N CADORNA,ASSO,MARIANO COMENSE,0.0,0.0,88,2023-01-01,2023-03-31,0,0,0,45.693622,9.18147,12:14,88,10
REG,640,M N CADORNA,ASSO,CABIATE,0.0,0.0,88,2023-01-01,2023-03-31,0,0,0,,,12:19,88,11
REG,640,M N CADORNA,ASSO,MEDA,0.0,0.0,88,2023-01-01,2023-03-31,0,0,0,,,12:22,88,12
REG,640,M N CADORNA,ASSO,SEVESO,0.0,0.0,88,2023-01-01,2023-03-31,0,0,0,45.648187,9.140488,12:27,88,13
REG,640,M N CADORNA,ASSO,CESANO MADERNO,0.0,0.0,88,2023-01-01,2023-03-31,0,0,0,,,12:30,88,14
