train_class,train_number,train_arrival_stop_name,train_departure_stop_name,stop_name,avg_arrival_delay,median_arrival_delay,count_dates_stop,first_date,last_date,count_3m_delay,count_5m_delay,count_10m_delay,stop_lat,stop_lon,stop_time,count_dates_train,stop_number
REG,24510,VARESE,GALLARATE,GALLARATE,2.253012048192771,2.0,83,2023-01-01,2023-03-31,18,4,2,45.659828,8.798243,06:20,83,1
REG,24510,VARESE,GALLARATE,CAVARIA OGGIONA JERAGO,1.5783132530120483,1.0,83,2023-01-01,2023-03-31,8,4,2,45.698145,8.8035,06:25,83,2
REG,24510,VARESE,GALLARATE,ALBIZZATE SOLBIATE ARNO,-0.012048192771084338,-1.0,83,2023-01-01,2023-03-31,5,2,2,45.724117,8.80621,06:30,83,3
REG,24510,VARESE,GALLARATE,CASTRONNO,-0.12048192771084337,-1.0,83,2023-01-01,2023-03-31,2,2,2,45.74524,8.810302,06:35,83,4
REG,24510,VARESE,GALLARATE,GAZZADA SCHIANNO MORAZZONE,0.7283950617283951,0.0,81,2023-01-01,2023-03-31,3,2,2,45.77862,8.824815,06:40,83,5
REG,24510,VARESE,GALLARATE,VARESE,1.5662650602409638,1.0,83,2023-01-01,2023-03-31,15,4,2,45.816201,8.833089,06:47,83,6
