train_class,train_number,train_arrival_stop_name,train_departure_stop_name,stop_name,avg_arrival_delay,median_arrival_delay,count_dates_stop,first_date,last_date,count_3m_delay,count_5m_delay,count_10m_delay,stop_lat,stop_lon,stop_time,count_dates_train,stop_number
REG,25273,COMO S. GIOVANNI,RHO,RHO,4.142857142857143,4.0,63,2023-01-02,2023-03-31,41,25,3,45.523813,9.043563,19:43,63,1
REG,25273,COMO S. GIOVANNI,RHO,RHO FIERA MILANO,1.0317460317460319,0.0,63,2023-01-02,2023-03-31,20,7,0,45.521157,9.088595,19:49,63,2
REG,25273,COMO S. GIOVANNI,RHO,MILANO CERTOSA,2.4285714285714284,2.0,63,2023-01-02,2023-03-31,26,14,0,45.507019,9.133863,19:54,63,3
REG,25273,COMO S. GIOVANNI,RHO,MILANO PORTA GARIBALDI,-0.25396825396825395,-1.0,63,2023-01-02,2023-03-31,13,6,0,45.484917,9.187683,20:06,63,4
REG,25273,COMO S. GIOVANNI,RHO,MILANO GRECO PIRELLI,0.9523809523809523,0.0,63,2023-01-02,2023-03-31,8,3,1,45.51272,9.214456,20:15,63,5
REG,25273,COMO S. GIOVANNI,RHO,SESTO S. GIOVANNI,0.8095238095238095,0.0,63,2023-01-02,2023-03-31,7,2,1,45.541087,9.23926,20:20,63,6
REG,25273,COMO S. GIOVANNI,RHO,MONZA,1.5806451612903225,1.0,62,2023-01-02,2023-03-31,8,3,1,45.577789,9.273253,20:26,63,7
REG,25273,COMO S. GIOVANNI,RHO,LISSONE-MUGGIO`,1.7777777777777777,1.0,63,2023-01-02,2023-03-31,13,7,1,45.60592,9.235368,20:31,63,8
REG,25273,COMO S. GIOVANNI,RHO,DESIO,3.507936507936508,2.0,63,2023-01-02,2023-03-31,29,11,2,45.620112,9.218495,20:35,63,9
REG,25273,COMO S. GIOVANNI,RHO,SEREGNO,1.5396825396825398,1.0,63,2023-01-02,2023-03-31,15,3,1,45.64601,9.20285,20:40,63,10
REG,25273,COMO S. GIOVANNI,RHO,CAMNAGO-LENTATE,2.2857142857142856,1.0,63,2023-01-02,2023-03-31,20,4,1,45.668425,9.133451,20:45,63,11
REG,25273,COMO S. GIOVANNI,RHO,CARIMATE,1.4285714285714286,1.0,63,2023-01-02,2023-03-31,13,4,1,45.697094,9.107188,20:50,63,12
REG,25273,COMO S. GIOVANNI,RHO,COMO S. GIOVANNI,-0.6349206349206349,-2.0,63,2023-01-02,2023-03-31,5,2,1,45.808946,9.072331,21:11,63,13
