train_class,train_number,train_arrival_stop_name,train_departure_stop_name,stop_name,avg_arrival_delay,median_arrival_delay,count_dates_stop,first_date,last_date,count_3m_delay,count_5m_delay,count_10m_delay,stop_lat,stop_lon,stop_time,count_dates_train,stop_number
REG,17092,VENEZIA SANTA LUCIA,PORTOGRUARO CAORLE,PORTOGRUARO CAORLE,3.1494252873563218,3.0,87,2023-01-01,2023-03-31,68,9,1,45.781438,12.832375,04:15,87,1
REG,17092,VENEZIA SANTA LUCIA,PORTOGRUARO CAORLE,LISON,1.9310344827586208,2.0,87,2023-01-01,2023-03-31,15,4,0,45.751947,12.759416,04:20,87,2
REG,17092,VENEZIA SANTA LUCIA,PORTOGRUARO CAORLE,S. STINO DI LIVENZA,1.7471264367816093,1.0,87,2023-01-01,2023-03-31,16,2,0,45.721088,12.682769,04:26,87,3
REG,17092,VENEZIA SANTA LUCIA,PORTOGRUARO CAORLE,S. DONA` DI PIAVE,2.32183908045977,2.0,87,2023-01-01,2023-03-31,34,6,0,45.63983,12.559791,04:37,87,4
REG,17092,VENEZIA SANTA LUCIA,PORTOGRUARO CAORLE,QUARTO D`ALTINO,2.2528735632183907,2.0,87,2023-01-01,2023-03-31,37,13,0,45.574576,12.365032,04:53,87,5
REG,17092,VENEZIA SANTA LUCIA,PORTOGRUARO CAORLE,VENEZIA MESTRE,-2.0,-3.0,87,2023-01-01,2023-03-31,3,1,0,45.482123,12.232069,05:14,87,6
REG,17092,VENEZIA SANTA LUCIA,PORTOGRUARO CAORLE,VENEZIA SANTA LUCIA,-0.5172413793103449,-1.0,87,2023-01-01,2023-03-31,3,0,0,45.441569,12.320882,05:27,87,7
