train_class,train_number,train_arrival_stop_name,train_departure_stop_name,stop_name,avg_arrival_delay,median_arrival_delay,count_dates_stop,first_date,last_date,count_3m_delay,count_5m_delay,count_10m_delay,stop_lat,stop_lon,stop_time,count_dates_train,stop_number
REG,20653,ORTE,FIUMICINO AEROPORTO,FIUMICINO AEROPORTO,2.5113636363636362,2.0,88,2023-01-01,2023-03-31,22,5,3,41.793673,12.251728,12:57,88,1
REG,20653,ORTE,FIUMICINO AEROPORTO,PARCO LEONARDO,2.102272727272727,1.0,88,2023-01-01,2023-03-31,18,6,3,41.79932,12.29543,13:01,88,2
REG,20653,ORTE,FIUMICINO AEROPORTO,PONTE GALERIA,2.25,1.0,88,2023-01-01,2023-03-31,22,7,3,41.818349,12.344733,13:07,88,3
REG,20653,ORTE,FIUMICINO AEROPORTO,MURATELLA,3.1704545454545454,2.0,88,2023-01-01,2023-03-31,38,12,3,41.826182,12.412696,13:12,88,4
REG,20653,ORTE,FIUMICINO AEROPORTO,MAGLIANA,3.2386363636363638,2.0,88,2023-01-01,2023-03-31,40,13,3,41.834235,12.431017,13:15,88,5
REG,20653,ORTE,FIUMICINO AEROPORTO,VILLA BONELLI,2.8181818181818183,2.0,88,2023-01-01,2023-03-31,35,11,3,41.8477601,12.455223,13:19,88,6
REG,20653,ORTE,FIUMICINO AEROPORTO,ROMA TRASTEVERE,3.9886363636363638,3.0,88,2023-01-01,2023-03-31,55,28,3,41.872279,12.466162,13:24,88,7
REG,20653,ORTE,FIUMICINO AEROPORTO,ROMA OSTIENSE,2.159090909090909,1.0,88,2023-01-01,2023-03-31,30,8,3,41.87265,12.483917,13:28,88,8
REG,20653,ORTE,FIUMICINO AEROPORTO,ROMA TUSCOLANA,0.24358974358974358,-1.0,78,2023-01-01,2023-03-31,6,2,2,41.879384,12.523505,13:37,88,9
REG,20653,ORTE,FIUMICINO AEROPORTO,ROMA TIBURTINA,-1.8227848101265822,-3.0,79,2023-01-01,2023-03-31,2,2,2,41.910903,12.530749,13:45,88,10
REG,20653,ORTE,FIUMICINO AEROPORTO,ROMA NOMENTANA L.L.,1.9772727272727273,1.0,88,2023-01-01,2023-03-31,9,4,3,41.932935,12.523628,13:49,88,11
REG,20653,ORTE,FIUMICINO AEROPORTO,NUOVO SALARIO,2.875,2.0,88,2023-01-01,2023-03-31,24,4,3,41.956195,12.510317,13:55,88,12
REG,20653,ORTE,FIUMICINO AEROPORTO,FIDENE,0.875,0.0,88,2023-01-01,2023-03-31,6,4,3,41.979773,12.508451,13:59,88,13
REG,20653,ORTE,FIUMICINO AEROPORTO,SETTE BAGNI,1.1704545454545454,1.0,88,2023-01-01,2023-03-31,6,3,2,42.006438,12.520156,14:04,88,14
REG,20653,ORTE,FIUMICINO AEROPORTO,MONTEROTONDO,-0.45454545454545453,-1.0,88,2023-01-01,2023-03-31,4,3,2,42.06409,12.595753,14:13,88,15
REG,20653,ORTE,FIUMICINO AEROPORTO,PIANA BELLA MONTELIBRETTI,2.1363636363636362,1.0,88,2023-01-01,2023-03-31,12,6,2,42.105159,12.632938,14:18,88,16
REG,20653,ORTE,FIUMICINO AEROPORTO,FARA SABINA,0.26136363636363635,0.0,88,2023-01-01,2023-03-31,6,4,2,42.155546,12.648323,14:25,88,17
REG,20653,ORTE,FIUMICINO AEROPORTO,POGGIO MIRTETO,0.25,-1.0,88,2023-01-01,2023-03-31,4,4,1,42.242187,12.633043,14:34,88,18
REG,20653,ORTE,FIUMICINO AEROPORTO,GAVIGNANO,2.9318181818181817,2.0,88,2023-01-01,2023-03-31,38,4,2,,,14:39,88,19
REG,20653,ORTE,FIUMICINO AEROPORTO,STIMIGLIANO,1.0454545454545454,1.0,88,2023-01-01,2023-03-31,5,4,1,42.289811,12.568632,14:44,88,20
REG,20653,ORTE,FIUMICINO AEROPORTO,COLLEVECCHIO,1.3409090909090908,1.0,88,2023-01-01,2023-03-31,6,4,1,42.298089,12.520546,14:49,88,21
REG,20653,ORTE,FIUMICINO AEROPORTO,CIVITA CASTELLANA,1.1477272727272727,1.0,88,2023-01-01,2023-03-31,14,4,1,42.346593,12.453821,14:56,88,22
REG,20653,ORTE,FIUMICINO AEROPORTO,GALLESE IN TEVERINA,1.0,1.0,88,2023-01-01,2023-03-31,10,5,1,42.380901,12.439732,15:01,88,23
REG,20653,ORTE,FIUMICINO AEROPORTO,ORTE,0.4431818181818182,0.0,88,2023-01-01,2023-03-31,9,3,1,42.43728,12.408986,15:10,88,24
