train_class,train_number,train_arrival_stop_name,train_departure_stop_name,stop_name,avg_arrival_delay,median_arrival_delay,count_dates_stop,first_date,last_date,count_3m_delay,count_5m_delay,count_10m_delay,stop_lat,stop_lon,stop_time,count_dates_train,stop_number
REG,17473,RIMINI,IMOLA,IMOLA,1.735632183908046,1.0,87,2023-01-01,2023-03-31,12,6,2,44.359418,11.718723,20:43,87,1
REG,17473,RIMINI,IMOLA,CASTELBOLOGNESE,1.7816091954022988,1.0,87,2023-01-01,2023-03-31,13,6,2,44.325391,11.804174,20:48,87,2
REG,17473,RIMINI,IMOLA,FAENZA,1.7701149425287357,1.0,87,2023-01-01,2023-03-31,20,9,2,44.293594,11.883268,20:54,87,3
REG,17473,RIMINI,IMOLA,FORLI`,0.5517241379310345,0.0,87,2023-01-01,2023-03-31,16,5,2,44.22413,12.054871,21:04,87,4
REG,17473,RIMINI,IMOLA,FORLIMPOPOLI,2.160919540229885,1.0,87,2023-01-01,2023-03-31,25,9,3,44.194165,12.128125,21:10,87,5
REG,17473,RIMINI,IMOLA,CESENA,0.04597701149425287,-1.0,87,2023-01-01,2023-03-31,9,5,3,44.145449,12.24964,21:18,87,6
REG,17473,RIMINI,IMOLA,GAMBETTOLA,1.8620689655172413,1.0,87,2023-01-01,2023-03-31,15,6,3,44.116718,12.327555,21:25,87,7
REG,17473,RIMINI,IMOLA,SAVIGNANO SUL RUBICONE,1.7011494252873562,1.0,87,2023-01-01,2023-03-31,11,5,3,44.095191,12.40421,21:31,87,8
REG,17473,RIMINI,IMOLA,SANTARCANGELO DI ROMAGNA,-0.735632183908046,-2.0,87,2023-01-01,2023-03-31,5,4,1,44.070316,12.45454,21:37,87,9
REG,17473,RIMINI,IMOLA,RIMINI,-9.586206896551724,-10.0,87,2023-01-01,2023-03-31,1,0,0,44.064176,12.574093,21:55,87,10
