train_class,train_number,train_arrival_stop_name,train_departure_stop_name,stop_name,avg_arrival_delay,median_arrival_delay,count_dates_stop,first_date,last_date,count_3m_delay,count_5m_delay,count_10m_delay,stop_lat,stop_lon,stop_time,count_dates_train,stop_number
REG,21591,CATANZARO LIDO,LAMEZIA TERME CENTRALE,LAMEZIA TERME CENTRALE,1.8333333333333333,1.0,90,2023-01-01,2023-03-31,6,2,1,38.921347,16.255577,17:40,90,1
REG,21591,CATANZARO LIDO,LAMEZIA TERME CENTRALE,LAMEZIA TERME SAMBIASE,2.9444444444444446,2.0,90,2023-01-01,2023-03-31,35,2,1,38.959927,16.284962,17:47,90,2
REG,21591,CATANZARO LIDO,LAMEZIA TERME CENTRALE,LAMEZIA TERME NICASTRO,1.511111111111111,1.0,90,2023-01-01,2023-03-31,4,3,2,38.966779,16.320043,17:51,90,3
REG,21591,CATANZARO LIDO,LAMEZIA TERME CENTRALE,CATANZARO,8.88888888888889,6.0,90,2023-01-01,2023-03-31,90,78,9,38.896222,16.599081,18:18,90,4
REG,21591,CATANZARO LIDO,LAMEZIA TERME CENTRALE,CATANZARO LIDO,7.622222222222222,5.0,90,2023-01-01,2023-03-31,81,48,6,38.821788,16.612975,18:27,90,5
