train_class,train_number,train_arrival_stop_name,train_departure_stop_name,stop_name,avg_arrival_delay,median_arrival_delay,count_dates_stop,first_date,last_date,count_3m_delay,count_5m_delay,count_10m_delay,stop_lat,stop_lon,stop_time,count_dates_train,stop_number
REG,21815,PALERMO CENTRALE,TERMINI IMERESE,TERMINI IMERESE,0.6533333333333333,0.0,75,2023-01-02,2023-03-31,2,1,0,37.980132,13.703631,11:28,75,1
REG,21815,PALERMO CENTRALE,TERMINI IMERESE,ALTAVILLA M.,-1.44,-2.0,75,2023-01-02,2023-03-31,0,0,0,38.048392,13.554421,11:44,75,2
REG,21815,PALERMO CENTRALE,TERMINI IMERESE,BAGHERIA,0.76,1.0,75,2023-01-02,2023-03-31,8,1,0,38.089905,13.507215,11:54,75,3
REG,21815,PALERMO CENTRALE,TERMINI IMERESE,PALERMO BRANCACCIO,0.72,1.0,75,2023-01-02,2023-03-31,12,3,0,38.093141,13.392508,12:06,75,4
REG,21815,PALERMO CENTRALE,TERMINI IMERESE,PALERMO CENTRALE,0.72,1.0,75,2023-01-02,2023-03-31,11,2,0,38.109187,13.367515,12:11,75,5
