train_class,train_number,train_arrival_stop_name,train_departure_stop_name,stop_name,avg_arrival_delay,median_arrival_delay,count_dates_stop,first_date,last_date,count_3m_delay,count_5m_delay,count_10m_delay,stop_lat,stop_lon,stop_time,count_dates_train,stop_number
FA,8334,FIUMICINO AEROPORTO,NAPOLI CENTRALE,NAPOLI CENTRALE,2.4444444444444446,2.0,63,2023-01-01,2023-03-05,24,6,0,40.852933,14.272908,05:45,63,1
FA,8334,FIUMICINO AEROPORTO,NAPOLI CENTRALE,NAPOLI AFRAGOLA,3.2698412698412698,3.0,63,2023-01-01,2023-03-05,35,20,0,,,05:55,63,2
FA,8334,FIUMICINO AEROPORTO,NAPOLI CENTRALE,ROMA TERMINI,2.619047619047619,2.0,63,2023-01-01,2023-03-05,29,15,2,41.900636,12.502026,07:00,63,3
FA,8334,FIUMICINO AEROPORTO,NAPOLI CENTRALE,FIUMICINO AEROPORTO,-0.7301587301587301,-1.0,63,2023-01-01,2023-03-05,5,1,0,41.793673,12.251728,07:52,63,4
