train_class,train_number,train_arrival_stop_name,train_departure_stop_name,stop_name,avg_arrival_delay,median_arrival_delay,count_dates_stop,first_date,last_date,count_3m_delay,count_5m_delay,count_10m_delay,stop_lat,stop_lon,stop_time,count_dates_train,stop_number
REG,18432,PONTEDERA CASCIANA TERME,PISA CENTRALE,PISA CENTRALE,3.125,3.0,64,2023-01-02,2023-03-31,45,7,0,43.70794,10.398183,13:18,64,1
REG,18432,PONTEDERA CASCIANA TERME,PISA CENTRALE,NAVACCHIO,3.46875,3.0,64,2023-01-02,2023-03-31,49,12,0,43.685941,10.486806,13:24,64,2
REG,18432,PONTEDERA CASCIANA TERME,PISA CENTRALE,CASCINA,1.984375,2.0,64,2023-01-02,2023-03-31,21,5,0,43.674542,10.545225,13:32,64,3
REG,18432,PONTEDERA CASCIANA TERME,PISA CENTRALE,PONTEDERA CASCIANA TERME,2.578125,3.0,64,2023-01-02,2023-03-31,33,6,0,43.662145,10.628773,13:39,64,4
