train_class,train_number,train_arrival_stop_name,train_departure_stop_name,stop_name,avg_arrival_delay,median_arrival_delay,count_dates_stop,first_date,last_date,count_3m_delay,count_5m_delay,count_10m_delay,stop_lat,stop_lon,stop_time,count_dates_train,stop_number
REG,25257,COMO S. GIOVANNI,RHO,RHO,1.5573770491803278,1.0,61,2023-01-02,2023-03-31,10,3,0,45.523813,9.043563,15:43,61,1
REG,25257,COMO S. GIOVANNI,RHO,RHO FIERA MILANO,-1.5573770491803278,-2.0,61,2023-01-02,2023-03-31,1,0,0,45.521157,9.088595,15:49,61,2
REG,25257,COMO S. GIOVANNI,RHO,MILANO CERTOSA,0.0,0.0,61,2023-01-02,2023-03-31,2,0,0,45.507019,9.133863,15:54,61,3
REG,25257,COMO S. GIOVANNI,RHO,MILANO PORTA GARIBALDI,-2.737704918032787,-3.0,61,2023-01-02,2023-03-31,0,0,0,45.484917,9.187683,16:06,61,4
REG,25257,COMO S. GIOVANNI,RHO,MILANO GRECO PIRELLI,-0.4262295081967213,-1.0,61,2023-01-02,2023-03-31,5,1,0,45.51272,9.214456,16:15,61,5
REG,25257,COMO S. GIOVANNI,RHO,SESTO S. GIOVANNI,-0.4098360655737705,-1.0,61,2023-01-02,2023-03-31,3,0,0,45.541087,9.23926,16:20,61,6
REG,25257,COMO S. GIOVANNI,RHO,MONZA,0.7049180327868853,1.0,61,2023-01-02,2023-03-31,8,0,0,45.577789,9.273253,16:26,61,7
REG,25257,COMO S. GIOVANNI,RHO,LISSONE-MUGGIO`,0.8524590163934426,1.0,61,2023-01-02,2023-03-31,11,2,0,45.60592,9.235368,16:31,61,8
REG,25257,COMO S. GIOVANNI,RHO,DESIO,2.5245901639344264,2.0,61,2023-01-02,2023-03-31,24,6,0,45.620112,9.218495,16:35,61,9
REG,25257,COMO S. GIOVANNI,RHO,SEREGNO,0.4098360655737705,0.0,61,2023-01-02,2023-03-31,8,4,0,45.64601,9.20285,16:40,61,10
REG,25257,COMO S. GIOVANNI,RHO,CAMNAGO-LENTATE,1.6557377049180328,1.0,61,2023-01-02,2023-03-31,16,6,1,45.668425,9.133451,16:45,61,11
REG,25257,COMO S. GIOVANNI,RHO,CARIMATE,0.9836065573770492,1.0,61,2023-01-02,2023-03-31,12,6,1,45.697094,9.107188,16:50,61,12
REG,25257,COMO S. GIOVANNI,RHO,COMO S. GIOVANNI,-0.5081967213114754,-2.0,61,2023-01-02,2023-03-31,9,2,0,45.808946,9.072331,17:11,61,13
