train_class,train_number,train_arrival_stop_name,train_departure_stop_name,stop_name,avg_arrival_delay,median_arrival_delay,count_dates_stop,first_date,last_date,count_3m_delay,count_5m_delay,count_10m_delay,stop_lat,stop_lon,stop_time,count_dates_train,stop_number
REG,20305,ROMA TIBURTINA PIAZZALE EST,LUNGHEZZA,LUNGHEZZA,1.8225806451612903,1.0,62,2023-01-02,2023-03-31,8,5,2,41.923253,12.667212,09:38,62,1
REG,20305,ROMA TIBURTINA PIAZZALE EST,LUNGHEZZA,PONTE DI NONA,-0.5967741935483871,-1.0,62,2023-01-02,2023-03-31,5,5,0,42.061563,13.581585,09:40,62,2
REG,20305,ROMA TIBURTINA PIAZZALE EST,LUNGHEZZA,SALONE,0.7258064516129032,0.0,62,2023-01-02,2023-03-31,7,5,1,41.915253,12.636215,09:43,62,3
REG,20305,ROMA TIBURTINA PIAZZALE EST,LUNGHEZZA,LA RUSTICA UIR,0.06451612903225806,-1.0,62,2023-01-02,2023-03-31,6,5,0,,,09:46,62,4
REG,20305,ROMA TIBURTINA PIAZZALE EST,LUNGHEZZA,TOR SAPIENZA,-0.4032258064516129,-1.0,62,2023-01-02,2023-03-31,5,2,0,41.907095,12.594489,09:53,62,5
REG,20305,ROMA TIBURTINA PIAZZALE EST,LUNGHEZZA,ROMA PRENESTINA,0.45161290322580644,0.0,62,2023-01-02,2023-03-31,6,0,0,41.897571,12.545803,10:04,62,6
REG,20305,ROMA TIBURTINA PIAZZALE EST,LUNGHEZZA,ROMA TIBURTINA PIAZZALE EST,0.1774193548387097,0.0,62,2023-01-02,2023-03-31,3,0,0,41.910903,12.530749,10:10,62,7
