train_class,train_number,train_arrival_stop_name,train_departure_stop_name,stop_name,avg_arrival_delay,median_arrival_delay,count_dates_stop,first_date,last_date,count_3m_delay,count_5m_delay,count_10m_delay,stop_lat,stop_lon,stop_time,count_dates_train,stop_number
REG,5556,REGGIO CALABRIA CENTRALE,COSENZA,COSENZA,1.5842696629213484,1.0,89,2023-01-01,2023-03-31,8,1,0,39.318386,16.260955,09:23,89,1
REG,5556,REGGIO CALABRIA CENTRALE,COSENZA,CASTIGLIONE COSENTINO,0.5955056179775281,1.0,89,2023-01-01,2023-03-31,3,1,0,39.35542,16.244388,09:28,89,2
REG,5556,REGGIO CALABRIA CENTRALE,COSENZA,PAOLA,-1.696629213483146,-2.0,89,2023-01-01,2023-03-31,5,1,0,39.359442,16.033093,09:45,89,3
REG,5556,REGGIO CALABRIA CENTRALE,COSENZA,AMANTEA,2.651685393258427,2.0,89,2023-01-01,2023-03-31,34,12,3,39.134353,16.068448,10:08,89,4
REG,5556,REGGIO CALABRIA CENTRALE,COSENZA,LAMEZIA TERME CENTRALE,2.595505617977528,2.0,89,2023-01-01,2023-03-31,39,14,3,38.921347,16.255577,10:24,89,5
REG,5556,REGGIO CALABRIA CENTRALE,COSENZA,VIBO VALENZIA PIZZO,2.7865168539325844,2.0,89,2023-01-01,2023-03-31,41,17,4,38.714593,16.139887,10:42,89,6
REG,5556,REGGIO CALABRIA CENTRALE,COSENZA,ROSARNO,-1.5842696629213484,-3.0,89,2023-01-01,2023-03-31,15,9,2,38.488593,15.970149,11:13,89,7
REG,5556,REGGIO CALABRIA CENTRALE,COSENZA,GIOIA TAURO,1.1123595505617978,0.0,89,2023-01-01,2023-03-31,19,12,2,38.423436,15.897516,11:20,89,8
REG,5556,REGGIO CALABRIA CENTRALE,COSENZA,PALMI,0.6629213483146067,0.0,89,2023-01-01,2023-03-31,20,12,2,38.364914,15.84438,11:28,89,9
REG,5556,REGGIO CALABRIA CENTRALE,COSENZA,BAGNARA,1.2696629213483146,0.0,89,2023-01-01,2023-03-31,17,11,3,38.282695,15.800327,11:36,89,10
REG,5556,REGGIO CALABRIA CENTRALE,COSENZA,VILLA SAN GIOVANNI,0.3146067415730337,-1.0,89,2023-01-01,2023-03-31,15,10,1,38.216638,15.634336,11:52,89,11
REG,5556,REGGIO CALABRIA CENTRALE,COSENZA,REGGIO CALABRIA CENTRALE,-1.0,-2.0,89,2023-01-01,2023-03-31,9,4,1,38.103884,15.635844,12:10,89,12
