train_class,train_number,train_arrival_stop_name,train_departure_stop_name,stop_name,avg_arrival_delay,median_arrival_delay,count_dates_stop,first_date,last_date,count_3m_delay,count_5m_delay,count_10m_delay,stop_lat,stop_lon,stop_time,count_dates_train,stop_number
REG,2758,TORINO P.NUOVA,AOSTA,AOSTA,2.4285714285714284,2.0,14,2023-01-01,2023-03-26,1,1,1,45.73407,7.322424,08:37,14,1
REG,2758,TORINO P.NUOVA,AOSTA,NUS,2.642857142857143,2.0,14,2023-01-01,2023-03-26,3,2,1,45.738786,7.4712,08:47,14,2
REG,2758,TORINO P.NUOVA,AOSTA,CHATILLON SAINT VINCENT,2.7857142857142856,2.0,14,2023-01-01,2023-03-26,4,2,1,45.7434,7.619309,08:57,14,3
REG,2758,TORINO P.NUOVA,AOSTA,VERRES,1.6428571428571428,1.0,14,2023-01-01,2023-03-26,4,3,0,45.659822,7.690012,09:10,14,4
REG,2758,TORINO P.NUOVA,AOSTA,HONE BARD,3.142857142857143,2.0,14,2023-01-01,2023-03-26,6,4,0,45.613918,7.741345,09:16,14,5
REG,2758,TORINO P.NUOVA,AOSTA,PONT SAINT MARTIN,3.0,2.0,14,2023-01-01,2023-03-26,7,3,0,45.589834,7.795024,09:22,14,6
REG,2758,TORINO P.NUOVA,AOSTA,IVREA,3.9285714285714284,2.0,14,2023-01-01,2023-03-26,7,5,1,45.461542,7.876348,09:40,14,7
REG,2758,TORINO P.NUOVA,AOSTA,CHIVASSO,1.8333333333333333,2.0,12,2023-01-01,2023-03-26,6,3,1,45.193637,7.889666,10:06,14,8
REG,2758,TORINO P.NUOVA,AOSTA,TORINO PORTA SUSA,6.142857142857143,5.0,14,2023-01-01,2023-03-26,10,10,2,45.075906,7.667673,10:25,14,9
REG,2758,TORINO P.NUOVA,AOSTA,TORINO P.NUOVA,4.285714285714286,3.0,14,2023-01-01,2023-03-26,10,6,2,45.060969,7.67747,10:35,14,10
