train_class,train_number,train_arrival_stop_name,train_departure_stop_name,stop_name,avg_arrival_delay,median_arrival_delay,count_dates_stop,first_date,last_date,count_3m_delay,count_5m_delay,count_10m_delay,stop_lat,stop_lon,stop_time,count_dates_train,stop_number
REG,16487,PORTOGRUARO CAORLE,TREVISO C.,TREVISO C.,0.4788732394366197,0.0,71,2023-01-09,2023-03-31,4,3,1,45.659608,12.24614,12:56,71,1
REG,16487,PORTOGRUARO CAORLE,TREVISO C.,OLMI SPERCENIGO,2.1549295774647885,2.0,71,2023-01-09,2023-03-31,17,4,1,45.679467,12.338101,13:03,71,2
REG,16487,PORTOGRUARO CAORLE,TREVISO C.,S.BIAGIO DI CALLALTA,0.352112676056338,0.0,71,2023-01-09,2023-03-31,6,3,1,45.686134,12.374316,13:08,71,3
REG,16487,PORTOGRUARO CAORLE,TREVISO C.,FAGARE,2.591549295774648,2.0,71,2023-01-09,2023-03-31,21,6,2,45.70705,12.444296,13:14,71,4
REG,16487,PORTOGRUARO CAORLE,TREVISO C.,PONTE DI PIAVE,0.8450704225352113,0.0,71,2023-01-09,2023-03-31,6,5,1,45.719624,12.460683,13:18,71,5
REG,16487,PORTOGRUARO CAORLE,TREVISO C.,ODERZO,0.8450704225352113,1.0,71,2023-01-09,2023-03-31,7,4,0,45.775304,12.49293,13:25,71,6
REG,16487,PORTOGRUARO CAORLE,TREVISO C.,GORGO AL MONTICANO,2.3380281690140845,2.0,71,2023-01-09,2023-03-31,26,6,0,45.784444,12.553737,13:31,71,7
REG,16487,PORTOGRUARO CAORLE,TREVISO C.,MOTTA DI LIVENZA,0.28169014084507044,0.0,71,2023-01-09,2023-03-31,8,2,0,45.779114,12.607118,13:36,71,8
REG,16487,PORTOGRUARO CAORLE,TREVISO C.,ANNONE VENETO,3.295774647887324,3.0,71,2023-01-09,2023-03-31,41,13,0,45.774904,12.680334,13:42,71,9
REG,16487,PORTOGRUARO CAORLE,TREVISO C.,PORTOGRUARO CAORLE,0.0,-1.0,71,2023-01-09,2023-03-31,11,3,2,45.781438,12.832375,13:55,71,10
