train_class,train_number,train_arrival_stop_name,train_departure_stop_name,stop_name,avg_arrival_delay,median_arrival_delay,count_dates_stop,first_date,last_date,count_3m_delay,count_5m_delay,count_10m_delay,stop_lat,stop_lon,stop_time,count_dates_train,stop_number
ICN,798,TORINO P.NUOVA,SALERNO,ORTE,4.6835443037974684,2.0,79,2023-01-03,2023-03-31,29,16,12,42.43728,12.408986,00:25,79,1
ICN,798,TORINO P.NUOVA,SALERNO,ORVIETO,1.2333333333333334,-2.0,60,2023-01-03,2023-03-31,13,12,9,42.723379,12.127412,01:01,79,2
ICN,798,TORINO P.NUOVA,SALERNO,PARMA,9.525641025641026,3.0,78,2023-01-03,2023-03-31,43,29,20,44.810203,10.32837,05:22,79,3
ICN,798,TORINO P.NUOVA,SALERNO,PIACENZA,10.746835443037975,3.0,79,2023-01-03,2023-03-31,40,29,22,45.052238,9.70633,05:54,79,4
ICN,798,TORINO P.NUOVA,SALERNO,MILANO PORTA GARIBALDI,6.468354430379747,1.0,79,2023-01-03,2023-03-31,30,27,17,45.484917,9.187683,06:55,79,5
ICN,798,TORINO P.NUOVA,SALERNO,NOVARA,8.227848101265822,4.0,79,2023-01-03,2023-03-31,50,37,17,45.451376,8.624895,08:00,79,6
ICN,798,TORINO P.NUOVA,SALERNO,VERCELLI,9.848101265822784,4.0,79,2023-01-03,2023-03-31,57,39,22,45.329909,8.416028,08:14,79,7
ICN,798,TORINO P.NUOVA,SALERNO,TORINO PORTA SUSA,4.468354430379747,0.0,79,2023-01-03,2023-03-31,24,19,10,45.075906,7.667673,09:05,79,8
ICN,798,TORINO P.NUOVA,SALERNO,TORINO P.NUOVA,3.4050632911392404,0.0,79,2023-01-03,2023-03-31,21,9,7,45.060969,7.67747,09:20,79,9
ICN,798,TORINO P.NUOVA,SALERNO,SALERNO,3.3544303797468356,1.0,79,2023-01-03,2023-03-31,30,22,3,40.675137,14.772822,20:38,79,10
ICN,798,TORINO P.NUOVA,SALERNO,NAPOLI CENTRALE,-1.0759493670886076,-3.0,79,2023-01-03,2023-03-31,25,15,4,40.852933,14.272908,21:20,79,11
ICN,798,TORINO P.NUOVA,SALERNO,ROMA TIBURTINA,0.4864864864864865,-4.0,74,2023-01-03,2023-03-31,16,12,8,41.910903,12.530749,23:49,79,12
