train_class,train_number,train_arrival_stop_name,train_departure_stop_name,stop_name,avg_arrival_delay,median_arrival_delay,count_dates_stop,first_date,last_date,count_3m_delay,count_5m_delay,count_10m_delay,stop_lat,stop_lon,stop_time,count_dates_train,stop_number
REG,17705,PISTOIA,PORRETTA  TERME,PORRETTA  TERME,2.75,2.0,88,2023-01-01,2023-03-31,40,7,2,44.155757,10.978039,07:15,88,1
REG,17705,PISTOIA,PORRETTA  TERME,PONTE DELLA VENTURINA,1.2386363636363635,1.0,88,2023-01-01,2023-03-31,12,2,2,44.128589,10.990756,07:19,88,2
REG,17705,PISTOIA,PORRETTA  TERME,MOLINO DEL PALLONE,3.8295454545454546,3.0,88,2023-01-01,2023-03-31,73,19,2,44.100128,10.961252,07:24,88,3
REG,17705,PISTOIA,PORRETTA  TERME,BIAGIONI LAGACCI,2.2045454545454546,2.0,88,2023-01-01,2023-03-31,27,5,2,44.086359,10.948257,07:28,88,4
REG,17705,PISTOIA,PORRETTA  TERME,PRACCHIA,1.0113636363636365,1.0,88,2023-01-01,2023-03-31,13,3,2,44.05479,10.90691,07:35,88,5
REG,17705,PISTOIA,PORRETTA  TERME,SAN MOMME`,2.2613636363636362,2.0,88,2023-01-01,2023-03-31,20,3,2,44.027999,10.914798,07:40,88,6
REG,17705,PISTOIA,PORRETTA  TERME,CASTAGNO,1.3409090909090908,1.0,88,2023-01-01,2023-03-31,5,2,2,44.012359,10.91538,07:44,88,7
REG,17705,PISTOIA,PORRETTA  TERME,CORBEZZI,1.0681818181818181,1.0,88,2023-01-01,2023-03-31,4,2,2,43.993948,10.919676,07:47,88,8
REG,17705,PISTOIA,PORRETTA  TERME,PISTOIA OVEST,2.3068181818181817,2.0,88,2023-01-01,2023-03-31,16,5,3,,,08:02,88,9
REG,17705,PISTOIA,PORRETTA  TERME,PISTOIA,1.1477272727272727,1.0,88,2023-01-01,2023-03-31,10,4,2,43.926804,10.914624,08:07,88,10
