train_class,train_number,train_arrival_stop_name,train_departure_stop_name,stop_name,avg_arrival_delay,median_arrival_delay,count_dates_stop,first_date,last_date,count_3m_delay,count_5m_delay,count_10m_delay,stop_lat,stop_lon,stop_time,count_dates_train,stop_number
REG,10745,BERGAMO,LECCO,LECCO,2.9322033898305087,2.0,59,2023-01-02,2023-03-31,23,14,2,45.856471,9.393638,21:12,59,1
REG,10745,BERGAMO,LECCO,VERCURAGO S.GIROLAMO,2.5254237288135593,1.0,59,2023-01-02,2023-03-31,24,15,1,45.812122,9.422349,21:18,59,2
REG,10745,BERGAMO,LECCO,CALOLZIOCORTE OLGINATE,3.3389830508474576,2.0,59,2023-01-02,2023-03-31,27,18,3,45.801619,9.42698,21:21,59,3
REG,10745,BERGAMO,LECCO,CISANO CAPRINO BERGAMASCO,2.847457627118644,2.0,59,2023-01-02,2023-03-31,27,14,2,45.739606,9.474261,21:30,59,4
REG,10745,BERGAMO,LECCO,PONTIDA,3.8983050847457625,3.0,59,2023-01-02,2023-03-31,35,21,4,45.730084,9.511632,21:35,59,5
REG,10745,BERGAMO,LECCO,AMBIVERE MAPELLO,3.169491525423729,2.0,59,2023-01-02,2023-03-31,27,15,4,45.722163,9.550444,21:39,59,6
REG,10745,BERGAMO,LECCO,PONTE S.PIETRO,3.4482758620689653,2.0,58,2023-01-02,2023-03-31,26,19,4,45.69916,9.584322,21:44,59,7
REG,10745,BERGAMO,LECCO,BERGAMO,4.576271186440678,4.0,59,2023-01-02,2023-03-31,40,27,8,45.690271,9.675082,21:52,59,8
