train_class,train_number,train_arrival_stop_name,train_departure_stop_name,stop_name,avg_arrival_delay,median_arrival_delay,count_dates_stop,first_date,last_date,count_3m_delay,count_5m_delay,count_10m_delay,stop_lat,stop_lon,stop_time,count_dates_train,stop_number
REG,1722,RIMINI,PESARO,PESARO,2.506849315068493,2.0,73,2023-01-02,2023-03-31,15,4,1,43.906014,12.904848,09:40,73,1
REG,1722,RIMINI,PESARO,CATTOLICA S.GIOVANNI GABICCE,1.3013698630136987,1.0,73,2023-01-02,2023-03-31,9,5,1,43.959931,12.745087,09:50,73,2
REG,1722,RIMINI,PESARO,RICCIONE,1.3150684931506849,1.0,73,2023-01-02,2023-03-31,15,4,2,43.999218,12.658549,09:58,73,3
REG,1722,RIMINI,PESARO,RIMINI,0.3972602739726027,0.0,73,2023-01-02,2023-03-31,11,3,1,44.064176,12.574093,10:10,73,4
