train_class,train_number,train_arrival_stop_name,train_departure_stop_name,stop_name,avg_arrival_delay,median_arrival_delay,count_dates_stop,first_date,last_date,count_3m_delay,count_5m_delay,count_10m_delay,stop_lat,stop_lon,stop_time,count_dates_train,stop_number
REG,20313,ROMA TIBURTINA PIAZZALE EST,LUNGHEZZA,LUNGHEZZA,3.421875,3.0,64,2023-01-02,2023-03-31,35,17,2,41.923253,12.667212,13:34,64,1
REG,20313,ROMA TIBURTINA PIAZZALE EST,LUNGHEZZA,PONTE DI NONA,1.265625,1.0,64,2023-01-02,2023-03-31,17,7,0,42.061563,13.581585,13:36,64,2
REG,20313,ROMA TIBURTINA PIAZZALE EST,LUNGHEZZA,SALONE,1.890625,1.0,64,2023-01-02,2023-03-31,20,9,0,41.915253,12.636215,13:39,64,3
REG,20313,ROMA TIBURTINA PIAZZALE EST,LUNGHEZZA,LA RUSTICA UIR,1.1111111111111112,1.0,63,2023-01-02,2023-03-31,14,6,0,,,13:42,64,4
REG,20313,ROMA TIBURTINA PIAZZALE EST,LUNGHEZZA,TOR SAPIENZA,-0.109375,-1.0,64,2023-01-02,2023-03-31,6,3,0,41.907095,12.594489,13:49,64,5
REG,20313,ROMA TIBURTINA PIAZZALE EST,LUNGHEZZA,ROMA PRENESTINA,-1.578125,-2.0,64,2023-01-02,2023-03-31,0,0,0,41.897571,12.545803,14:00,64,6
REG,20313,ROMA TIBURTINA PIAZZALE EST,LUNGHEZZA,ROMA TIBURTINA PIAZZALE EST,-1.109375,-1.0,64,2023-01-02,2023-03-31,0,0,0,41.910903,12.530749,14:06,64,7
