train_class,train_number,train_arrival_stop_name,train_departure_stop_name,stop_name,avg_arrival_delay,median_arrival_delay,count_dates_stop,first_date,last_date,count_3m_delay,count_5m_delay,count_10m_delay,stop_lat,stop_lon,stop_time,count_dates_train,stop_number
REG,4338,FOGGIA,BARI CENTRALE,BARI CENTRALE,2.703125,2.0,64,2023-01-02,2023-03-31,21,11,1,41.11774,16.869601,15:35,64,1
REG,4338,FOGGIA,BARI CENTRALE,MOLFETTA,0.078125,-1.0,64,2023-01-02,2023-03-31,10,3,1,41.196008,16.596793,15:52,64,2
REG,4338,FOGGIA,BARI CENTRALE,BISCEGLIE,1.453125,1.0,64,2023-01-02,2023-03-31,11,5,1,41.235445,16.499484,15:58,64,3
REG,4338,FOGGIA,BARI CENTRALE,TRANI,1.3125,1.0,64,2023-01-02,2023-03-31,10,5,1,41.272693,16.417646,16:04,64,4
REG,4338,FOGGIA,BARI CENTRALE,BARLETTA,0.640625,0.0,64,2023-01-02,2023-03-31,10,5,1,41.315227,16.278867,16:13,64,5
REG,4338,FOGGIA,BARI CENTRALE,TRINITAPOLI S.FERDIN. DI P.,2.0,1.0,64,2023-01-02,2023-03-31,18,11,1,41.349677,16.090839,16:22,64,6
REG,4338,FOGGIA,BARI CENTRALE,CERIGNOLA,1.9375,1.0,64,2023-01-02,2023-03-31,22,11,1,41.315664,15.897298,16:32,64,7
REG,4338,FOGGIA,BARI CENTRALE,ORTANOVA,1.375,0.0,64,2023-01-02,2023-03-31,16,9,1,41.350441,15.732059,16:41,64,8
REG,4338,FOGGIA,BARI CENTRALE,INCORONATA,0.796875,-1.0,64,2023-01-02,2023-03-31,11,7,1,41.408174,15.650728,16:48,64,9
REG,4338,FOGGIA,BARI CENTRALE,FOGGIA,1.125,0.0,64,2023-01-02,2023-03-31,12,7,1,41.466,15.555816,16:58,64,10
