train_class,train_number,train_arrival_stop_name,train_departure_stop_name,stop_name,avg_arrival_delay,median_arrival_delay,count_dates_stop,first_date,last_date,count_3m_delay,count_5m_delay,count_10m_delay,stop_lat,stop_lon,stop_time,count_dates_train,stop_number
REG,24867,MILANO PORTA GARIBALDI,LECCO,LECCO,1.054054054054054,1.0,74,2023-01-02,2023-03-31,5,2,0,45.856471,9.393638,17:36,74,1
REG,24867,MILANO PORTA GARIBALDI,LECCO,LECCO MAGGIANICO,1.3424657534246576,1.0,73,2023-01-02,2023-03-31,11,2,0,45.831179,9.411691,17:40,74,2
REG,24867,MILANO PORTA GARIBALDI,LECCO,CALOLZIOCORTE OLGINATE,0.6301369863013698,1.0,73,2023-01-02,2023-03-31,9,1,0,45.801619,9.42698,17:45,74,3
REG,24867,MILANO PORTA GARIBALDI,LECCO,AIRUNO,1.547945205479452,1.0,73,2023-01-02,2023-03-31,13,2,0,45.754086,9.422066,17:51,74,4
REG,24867,MILANO PORTA GARIBALDI,LECCO,OLGIATE-CALCO-BRIVIO,1.3287671232876712,1.0,73,2023-01-02,2023-03-31,9,1,0,45.729166,9.40377,17:55,74,5
REG,24867,MILANO PORTA GARIBALDI,LECCO,CERNUSCO-MERATE,1.1095890410958904,1.0,73,2023-01-02,2023-03-31,4,1,0,45.695096,9.396794,18:00,74,6
REG,24867,MILANO PORTA GARIBALDI,LECCO,OSNAGO,0.9863013698630136,1.0,73,2023-01-02,2023-03-31,1,0,0,45.678532,9.386995,18:04,74,7
REG,24867,MILANO PORTA GARIBALDI,LECCO,CARNATE USMATE,-0.726027397260274,-1.0,73,2023-01-02,2023-03-31,1,0,0,45.653072,9.375089,18:09,74,8
REG,24867,MILANO PORTA GARIBALDI,LECCO,ARCORE,0.3472222222222222,-1.0,72,2023-01-02,2023-03-31,4,2,1,45.623493,9.322798,18:14,74,9
REG,24867,MILANO PORTA GARIBALDI,LECCO,MONZA,0.8493150684931506,0.0,73,2023-01-02,2023-03-31,6,3,1,45.577789,9.273253,18:20,74,10
REG,24867,MILANO PORTA GARIBALDI,LECCO,SESTO S. GIOVANNI,1.837837837837838,1.0,74,2023-01-02,2023-03-31,20,6,1,45.541087,9.23926,18:25,74,11
REG,24867,MILANO PORTA GARIBALDI,LECCO,MILANO GRECO PIRELLI,1.6486486486486487,1.0,74,2023-01-02,2023-03-31,19,10,2,45.51272,9.214456,18:30,74,12
REG,24867,MILANO PORTA GARIBALDI,LECCO,MILANO PORTA GARIBALDI,2.5405405405405403,2.0,74,2023-01-02,2023-03-31,29,12,1,45.484917,9.187683,18:38,74,13
