train_class,train_number,train_arrival_stop_name,train_departure_stop_name,stop_name,avg_arrival_delay,median_arrival_delay,count_dates_stop,first_date,last_date,count_3m_delay,count_5m_delay,count_10m_delay,stop_lat,stop_lon,stop_time,count_dates_train,stop_number
REG,16825,VENEZIA SANTA LUCIA,UDINE,UDINE,2.477272727272727,2.0,88,2023-01-01,2023-03-31,20,11,3,46.055791,13.242003,18:32,88,1
REG,16825,VENEZIA SANTA LUCIA,UDINE,BASILIANO,3.1136363636363638,2.0,88,2023-01-01,2023-03-31,38,12,4,46.012737,13.109233,18:39,88,2
REG,16825,VENEZIA SANTA LUCIA,UDINE,CODROIPO,3.375,3.0,88,2023-01-01,2023-03-31,49,16,4,45.9657,12.976543,18:46,88,3
REG,16825,VENEZIA SANTA LUCIA,UDINE,CASARSA,2.6931818181818183,2.0,88,2023-01-01,2023-03-31,30,12,3,45.953002,12.8406,18:54,88,4
REG,16825,VENEZIA SANTA LUCIA,UDINE,PORDENONE,0.26136363636363635,-1.0,88,2023-01-01,2023-03-31,13,7,3,45.956281,12.654126,19:09,88,5
REG,16825,VENEZIA SANTA LUCIA,UDINE,SACILE,-0.5681818181818182,-2.0,88,2023-01-01,2023-03-31,9,8,2,45.948413,12.498498,19:24,88,6
REG,16825,VENEZIA SANTA LUCIA,UDINE,CONEGLIANO,3.102272727272727,1.0,88,2023-01-01,2023-03-31,24,10,6,45.884706,12.298909,19:40,88,7
REG,16825,VENEZIA SANTA LUCIA,UDINE,SPRESIANO,2.3068181818181817,1.0,88,2023-01-01,2023-03-31,20,10,4,45.77763,12.266984,19:52,88,8
REG,16825,VENEZIA SANTA LUCIA,UDINE,TREVISO C.,2.25,0.0,88,2023-01-01,2023-03-31,21,10,5,45.659608,12.24614,20:05,88,9
REG,16825,VENEZIA SANTA LUCIA,UDINE,MOGLIANO VENETO,1.5568181818181819,0.0,88,2023-01-01,2023-03-31,11,7,5,45.561964,12.23274,20:21,88,10
REG,16825,VENEZIA SANTA LUCIA,UDINE,VENEZIA MESTRE,0.09090909090909091,-2.0,88,2023-01-01,2023-03-31,9,5,4,45.482123,12.232069,20:34,88,11
REG,16825,VENEZIA SANTA LUCIA,UDINE,VENEZIA SANTA LUCIA,2.147727272727273,1.0,88,2023-01-01,2023-03-31,18,9,3,45.441569,12.320882,20:47,88,12
