train_class,train_number,train_arrival_stop_name,train_departure_stop_name,stop_name,avg_arrival_delay,median_arrival_delay,count_dates_stop,first_date,last_date,count_3m_delay,count_5m_delay,count_10m_delay,stop_lat,stop_lon,stop_time,count_dates_train,stop_number
REG,17029,PORTOGRUARO CAORLE,VENEZIA MESTRE,VENEZIA MESTRE,3.0952380952380953,3.0,63,2023-01-02,2023-03-31,42,6,1,45.482123,12.232069,05:56,63,1
REG,17029,PORTOGRUARO CAORLE,VENEZIA MESTRE,QUARTO D`ALTINO,2.5238095238095237,2.0,63,2023-01-02,2023-03-31,24,6,1,45.574576,12.365032,06:11,63,2
REG,17029,PORTOGRUARO CAORLE,VENEZIA MESTRE,S. DONA` DI PIAVE,1.8253968253968254,1.0,63,2023-01-02,2023-03-31,16,6,1,45.63983,12.559791,06:28,63,3
REG,17029,PORTOGRUARO CAORLE,VENEZIA MESTRE,S. STINO DI LIVENZA,0.9047619047619048,1.0,63,2023-01-02,2023-03-31,7,3,0,45.721088,12.682769,06:41,63,4
REG,17029,PORTOGRUARO CAORLE,VENEZIA MESTRE,PORTOGRUARO CAORLE,1.3333333333333333,1.0,63,2023-01-02,2023-03-31,10,3,0,45.781438,12.832375,06:54,63,5
