train_class,train_number,train_arrival_stop_name,train_departure_stop_name,stop_name,avg_arrival_delay,median_arrival_delay,count_dates_stop,first_date,last_date,count_3m_delay,count_5m_delay,count_10m_delay,stop_lat,stop_lon,stop_time,count_dates_train,stop_number
REG,22855,GENOVA NERVI,GENOVA VOLTRI,GENOVA VOLTRI,1.7580645161290323,2.0,62,2023-01-02,2023-03-31,6,0,0,44.428467,8.758163,15:26,62,1
REG,22855,GENOVA NERVI,GENOVA VOLTRI,GENOVA SESTRI PONENTE,0.08064516129032258,0.0,62,2023-01-02,2023-03-31,0,0,0,44.422374,8.847707,15:38,62,2
REG,22855,GENOVA NERVI,GENOVA VOLTRI,GENOVA SAMPIERDARENA,0.9354838709677419,1.0,62,2023-01-02,2023-03-31,5,0,0,44.413102,8.887271,15:45,62,3
REG,22855,GENOVA NERVI,GENOVA VOLTRI,GENOVA P.PRINCIPE,2.467741935483871,2.0,62,2023-01-02,2023-03-31,21,8,1,44.417784,8.9207,15:52,62,4
REG,22855,GENOVA NERVI,GENOVA VOLTRI,GENOVA BRIGNOLE,0.6129032258064516,0.0,62,2023-01-02,2023-03-31,10,4,1,44.407213,8.947553,16:00,62,5
REG,22855,GENOVA NERVI,GENOVA VOLTRI,GENOVA QUARTO DEI MILLE,2.725806451612903,2.0,62,2023-01-02,2023-03-31,24,14,1,44.388607,8.99597,16:10,62,6
REG,22855,GENOVA NERVI,GENOVA VOLTRI,GENOVA NERVI,2.7419354838709675,2.0,62,2023-01-02,2023-03-31,25,14,1,44.381271,9.039895,16:18,62,7
