train_class,train_number,train_arrival_stop_name,train_departure_stop_name,stop_name,avg_arrival_delay,median_arrival_delay,count_dates_stop,first_date,last_date,count_3m_delay,count_5m_delay,count_10m_delay,stop_lat,stop_lon,stop_time,count_dates_train,stop_number
REG,2276,MILANO PORTA GARIBALDI,BERGAMO,BERGAMO,1.492063492063492,1.0,63,2023-01-02,2023-03-31,7,2,1,45.690271,9.675082,16:30,63,1
REG,2276,MILANO PORTA GARIBALDI,BERGAMO,VERDELLO DALMINE,1.5396825396825398,1.0,63,2023-01-02,2023-03-31,9,1,1,45.605715,9.619797,16:38,63,2
REG,2276,MILANO PORTA GARIBALDI,BERGAMO,TREVIGLIO OVEST,1.6349206349206349,1.0,63,2023-01-02,2023-03-31,16,3,2,45.521762,9.580281,16:47,63,3
REG,2276,MILANO PORTA GARIBALDI,BERGAMO,PIOLTELLO LIMITO,4.015873015873016,3.0,63,2023-01-02,2023-03-31,45,21,4,45.486019,9.329319,17:00,63,4
REG,2276,MILANO PORTA GARIBALDI,BERGAMO,MILANO LAMBRATE,1.0,1.0,63,2023-01-02,2023-03-31,17,8,1,45.484933,9.237333,17:11,63,5
REG,2276,MILANO PORTA GARIBALDI,BERGAMO,MILANO PORTA GARIBALDI,0.031746031746031744,-1.0,63,2023-01-02,2023-03-31,8,4,1,45.484917,9.187683,17:33,63,6
