train_class,train_number,train_arrival_stop_name,train_departure_stop_name,stop_name,avg_arrival_delay,median_arrival_delay,count_dates_stop,first_date,last_date,count_3m_delay,count_5m_delay,count_10m_delay,stop_lat,stop_lon,stop_time,count_dates_train,stop_number
REG,21207,BENEVENTO,CASERTA,CASERTA,6.885245901639344,6.0,61,2023-01-02,2023-03-30,57,47,12,41.068655,14.328457,18:27,61,1
REG,21207,BENEVENTO,CASERTA,VALLE DI MADDALONI,6.0,5.0,61,2023-01-02,2023-03-30,52,36,9,41.087558,14.426049,18:37,61,2
REG,21207,BENEVENTO,CASERTA,FRASSO T. DUGENTA,4.491803278688525,4.0,61,2023-01-02,2023-03-30,43,29,7,41.137244,14.459459,18:44,61,3
REG,21207,BENEVENTO,CASERTA,AMOROSI MELIZZANO,5.737704918032787,5.0,61,2023-01-02,2023-03-30,45,32,11,41.173509,14.470759,18:50,61,4
REG,21207,BENEVENTO,CASERTA,TELESE CERRETO,8.295081967213115,8.0,61,2023-01-02,2023-03-30,56,49,20,41.211709,14.526165,18:56,61,5
REG,21207,BENEVENTO,CASERTA,SOLOPACA,9.639344262295081,8.0,61,2023-01-02,2023-03-30,58,55,23,41.210521,14.571413,19:02,61,6
REG,21207,BENEVENTO,CASERTA,PONTE CASALDUNI,7.245901639344262,6.0,61,2023-01-02,2023-03-30,52,39,18,41.214169,14.696458,19:17,61,7
REG,21207,BENEVENTO,CASERTA,BENEVENTO,1.0,1.0,61,2023-01-02,2023-03-30,19,12,5,41.141901,14.769998,19:33,61,8
