train_class,train_number,train_arrival_stop_name,train_departure_stop_name,stop_name,avg_arrival_delay,median_arrival_delay,count_dates_stop,first_date,last_date,count_3m_delay,count_5m_delay,count_10m_delay,stop_lat,stop_lon,stop_time,count_dates_train,stop_number
REG,4311,BARI CENTRALE,FOGGIA,FOGGIA,2.076923076923077,2.0,13,2023-01-01,2023-03-26,1,1,0,41.466,15.555816,06:02,13,1
REG,4311,BARI CENTRALE,FOGGIA,INCORONATA,2.076923076923077,2.0,13,2023-01-01,2023-03-26,3,1,0,41.408174,15.650728,06:09,13,2
REG,4311,BARI CENTRALE,FOGGIA,ORTANOVA,2.5384615384615383,3.0,13,2023-01-01,2023-03-26,9,0,0,41.350441,15.732059,06:15,13,3
REG,4311,BARI CENTRALE,FOGGIA,CERIGNOLA,2.230769230769231,3.0,13,2023-01-01,2023-03-26,7,1,0,41.315664,15.897298,06:24,13,4
REG,4311,BARI CENTRALE,FOGGIA,TRINITAPOLI S.FERDIN. DI P.,3.3846153846153846,2.0,13,2023-01-01,2023-03-26,5,3,1,41.349677,16.090839,06:34,13,5
REG,4311,BARI CENTRALE,FOGGIA,BARLETTA,3.5384615384615383,3.0,13,2023-01-01,2023-03-26,7,3,1,41.315227,16.278867,06:43,13,6
REG,4311,BARI CENTRALE,FOGGIA,TRANI,2.3846153846153846,1.0,13,2023-01-01,2023-03-26,5,3,1,41.272693,16.417646,06:52,13,7
REG,4311,BARI CENTRALE,FOGGIA,BISCEGLIE,2.6923076923076925,2.0,13,2023-01-01,2023-03-26,5,3,1,41.235445,16.499484,06:58,13,8
REG,4311,BARI CENTRALE,FOGGIA,MOLFETTA,2.0,1.0,13,2023-01-01,2023-03-26,5,2,1,41.196008,16.596793,07:05,13,9
REG,4311,BARI CENTRALE,FOGGIA,GIOVINAZZO,1.6923076923076923,1.0,13,2023-01-01,2023-03-26,5,2,1,41.180968,16.669346,07:11,13,10
REG,4311,BARI CENTRALE,FOGGIA,BARI S. SPIRITO,1.8461538461538463,1.0,13,2023-01-01,2023-03-26,3,2,1,41.159653,16.746324,07:17,13,11
REG,4311,BARI CENTRALE,FOGGIA,BARI ZONA INDUSTRIALE,1.2307692307692308,-1.0,13,2023-01-01,2023-03-26,3,3,1,,,07:26,13,12
REG,4311,BARI CENTRALE,FOGGIA,BARI CENTRALE,1.9230769230769231,1.0,13,2023-01-01,2023-03-26,3,2,0,41.11774,16.869601,07:34,13,13
