train_class,train_number,train_arrival_stop_name,train_departure_stop_name,stop_name,avg_arrival_delay,median_arrival_delay,count_dates_stop,first_date,last_date,count_3m_delay,count_5m_delay,count_10m_delay,stop_lat,stop_lon,stop_time,count_dates_train,stop_number
REG,10735,BERGAMO,LECCO,LECCO,2.310344827586207,2.0,87,2023-01-01,2023-03-31,29,11,0,45.856471,9.393638,16:12,87,1
REG,10735,BERGAMO,LECCO,CALOLZIOCORTE OLGINATE,1.3218390804597702,1.0,87,2023-01-01,2023-03-31,23,10,0,45.801619,9.42698,16:21,87,2
REG,10735,BERGAMO,LECCO,CISANO CAPRINO BERGAMASCO,1.4252873563218391,1.0,87,2023-01-01,2023-03-31,25,9,0,45.739606,9.474261,16:30,87,3
REG,10735,BERGAMO,LECCO,PONTIDA,2.5977011494252875,2.0,87,2023-01-01,2023-03-31,37,11,0,45.730084,9.511632,16:35,87,4
REG,10735,BERGAMO,LECCO,AMBIVERE MAPELLO,1.744186046511628,1.0,86,2023-01-01,2023-03-31,28,10,0,45.722163,9.550444,16:39,87,5
REG,10735,BERGAMO,LECCO,PONTE S.PIETRO,2.0232558139534884,1.0,86,2023-01-01,2023-03-31,31,11,0,45.69916,9.584322,16:44,87,6
REG,10735,BERGAMO,LECCO,BERGAMO,3.264367816091954,2.0,87,2023-01-01,2023-03-31,43,18,3,45.690271,9.675082,16:52,87,7
