train_class,train_number,train_arrival_stop_name,train_departure_stop_name,stop_name,avg_arrival_delay,median_arrival_delay,count_dates_stop,first_date,last_date,count_3m_delay,count_5m_delay,count_10m_delay,stop_lat,stop_lon,stop_time,count_dates_train,stop_number
REG,16794,UDINE,VENEZIA SANTA LUCIA,VENEZIA SANTA LUCIA,3.152542372881356,3.0,59,2023-01-09,2023-03-31,38,12,0,45.441569,12.320882,14:13,59,1
REG,16794,UDINE,VENEZIA SANTA LUCIA,VENEZIA MESTRE,4.508474576271187,4.0,59,2023-01-09,2023-03-31,48,22,1,45.482123,12.232069,14:24,59,2
REG,16794,UDINE,VENEZIA SANTA LUCIA,MOGLIANO VENETO,2.5254237288135593,2.0,59,2023-01-09,2023-03-31,21,10,1,45.561964,12.23274,14:36,59,3
REG,16794,UDINE,VENEZIA SANTA LUCIA,TREVISO C.,3.542372881355932,2.0,59,2023-01-09,2023-03-31,20,6,4,45.659608,12.24614,14:50,59,4
REG,16794,UDINE,VENEZIA SANTA LUCIA,SPRESIANO,3.1016949152542375,1.0,59,2023-01-09,2023-03-31,14,6,5,45.77763,12.266984,15:04,59,5
REG,16794,UDINE,VENEZIA SANTA LUCIA,CONEGLIANO,1.3728813559322033,-2.0,59,2023-01-09,2023-03-31,8,8,5,45.884706,12.298909,15:18,59,6
REG,16794,UDINE,VENEZIA SANTA LUCIA,SACILE,3.2033898305084745,1.0,59,2023-01-09,2023-03-31,12,9,4,45.948413,12.498498,15:33,59,7
REG,16794,UDINE,VENEZIA SANTA LUCIA,PORDENONE,2.5084745762711864,-1.0,59,2023-01-09,2023-03-31,8,6,5,45.956281,12.654126,15:46,59,8
REG,16794,UDINE,VENEZIA SANTA LUCIA,CASARSA,1.88135593220339,-1.0,59,2023-01-09,2023-03-31,6,5,4,45.953002,12.8406,16:01,59,9
REG,16794,UDINE,VENEZIA SANTA LUCIA,CODROIPO,1.8644067796610169,-1.0,59,2023-01-09,2023-03-31,5,5,4,45.9657,12.976543,16:08,59,10
REG,16794,UDINE,VENEZIA SANTA LUCIA,BASILIANO,2.0677966101694913,-1.0,59,2023-01-09,2023-03-31,5,5,3,46.012737,13.109233,16:16,59,11
REG,16794,UDINE,VENEZIA SANTA LUCIA,UDINE,2.0677966101694913,-1.0,59,2023-01-09,2023-03-31,12,4,3,46.055791,13.242003,16:28,59,12
