train_class,train_number,train_arrival_stop_name,train_departure_stop_name,stop_name,avg_arrival_delay,median_arrival_delay,count_dates_stop,first_date,last_date,count_3m_delay,count_5m_delay,count_10m_delay,stop_lat,stop_lon,stop_time,count_dates_train,stop_number
REG,19465,PIOMBINO BINARI MARE,LIVORNO CENTRALE,LIVORNO CENTRALE,2.3157894736842106,2.0,57,2023-01-02,2023-03-31,10,3,3,43.55406,10.336593,05:00,57,1
REG,19465,PIOMBINO BINARI MARE,LIVORNO CENTRALE,ROSIGNANO,1.9298245614035088,1.0,57,2023-01-02,2023-03-31,11,3,3,43.387899,10.438041,05:16,57,2
REG,19465,PIOMBINO BINARI MARE,LIVORNO CENTRALE,CECINA,3.2142857142857144,2.0,56,2023-01-02,2023-03-31,23,10,4,43.31028,10.514225,05:24,57,3
REG,19465,PIOMBINO BINARI MARE,LIVORNO CENTRALE,S. VINCENZO,3.192982456140351,2.0,57,2023-01-02,2023-03-31,25,13,5,43.100366,10.539823,05:40,57,4
REG,19465,PIOMBINO BINARI MARE,LIVORNO CENTRALE,CAMPIGLIA MARITTIMA,4.719298245614035,4.0,57,2023-01-02,2023-03-31,41,24,7,43.017118,10.586558,05:48,57,5
REG,19465,PIOMBINO BINARI MARE,LIVORNO CENTRALE,PIOMBINO,1.4035087719298245,1.0,57,2023-01-02,2023-03-31,15,9,3,42.924854,10.530959,06:08,57,6
REG,19465,PIOMBINO BINARI MARE,LIVORNO CENTRALE,PIOMBINO BINARI MARE,0.7368421052631579,0.0,57,2023-01-02,2023-03-31,7,4,0,42.928931,10.54525,06:24,57,7
