train_class,train_number,train_arrival_stop_name,train_departure_stop_name,stop_name,avg_arrival_delay,median_arrival_delay,count_dates_stop,first_date,last_date,count_3m_delay,count_5m_delay,count_10m_delay,stop_lat,stop_lon,stop_time,count_dates_train,stop_number
REG,5511,PALERMO CENTRALE,CATANIA CENTRALE,CATANIA CENTRALE,1.8846153846153846,1.0,52,2023-01-07,2023-03-11,5,3,1,37.506211,15.099417,13:25,52,1
REG,5511,PALERMO CENTRALE,CATANIA CENTRALE,ENNA,-0.75,-2.0,52,2023-01-07,2023-03-11,4,3,2,37.581134,14.289579,14:36,52,2
REG,5511,PALERMO CENTRALE,CATANIA CENTRALE,CALTANISSETTA XIRBI,0.019230769230769232,-2.0,52,2023-01-07,2023-03-11,7,4,1,37.536296,14.056902,15:00,52,3
REG,5511,PALERMO CENTRALE,CATANIA CENTRALE,TERMINI IMERESE,3.4615384615384617,2.0,52,2023-01-07,2023-03-11,21,13,2,37.980132,13.703631,16:04,52,4
REG,5511,PALERMO CENTRALE,CATANIA CENTRALE,PALERMO CENTRALE,0.46153846153846156,-1.0,52,2023-01-07,2023-03-11,8,4,2,38.109187,13.367515,16:29,52,5
