train_class,train_number,train_arrival_stop_name,train_departure_stop_name,stop_name,avg_arrival_delay,median_arrival_delay,count_dates_stop,first_date,last_date,count_3m_delay,count_5m_delay,count_10m_delay,stop_lat,stop_lon,stop_time,count_dates_train,stop_number
REG,23157,TREVISO C.,MONTEBELLUNA,MONTEBELLUNA,2.92,2.0,25,2023-02-27,2023-03-31,10,4,1,45.776434,12.054,16:01,25,1
REG,23157,TREVISO C.,MONTEBELLUNA,TREVIGNANO SIGNORESSA,2.48,1.0,25,2023-02-27,2023-03-31,7,3,1,45.74789,12.103123,16:06,25,2
REG,23157,TREVISO C.,MONTEBELLUNA,POSTIOMA,2.12,1.0,25,2023-02-27,2023-03-31,5,4,1,45.715862,12.148248,16:12,25,3
REG,23157,TREVISO C.,MONTEBELLUNA,PAESE CASTAGNOLE,2.84,2.0,25,2023-02-27,2023-03-31,10,3,0,45.691182,12.182619,16:17,25,4
REG,23157,TREVISO C.,MONTEBELLUNA,TREVISO C.,-0.44,-1.0,25,2023-02-27,2023-03-31,2,1,0,45.659608,12.24614,16:25,25,5
