train_class,train_number,train_arrival_stop_name,train_departure_stop_name,stop_name,avg_arrival_delay,median_arrival_delay,count_dates_stop,first_date,last_date,count_3m_delay,count_5m_delay,count_10m_delay,stop_lat,stop_lon,stop_time,count_dates_train,stop_number
REG,23505,FASANO,BARI CENTRALE,BARI CENTRALE,1.0,1.0,12,2023-01-07,2023-03-25,0,0,0,41.11774,16.869601,05:50,12,1
REG,23505,FASANO,BARI CENTRALE,BARI TORRE A MARE,-1.5,-2.0,12,2023-01-07,2023-03-25,0,0,0,41.082637,16.995772,06:06,12,2
REG,23505,FASANO,BARI CENTRALE,MOLA DI BARI,-1.1666666666666667,-1.0,12,2023-01-07,2023-03-25,0,0,0,41.057227,17.080919,06:13,12,3
REG,23505,FASANO,BARI CENTRALE,POLIGNANO A MARE,1.0,1.0,12,2023-01-07,2023-03-25,1,0,0,40.990926,17.218676,06:22,12,4
REG,23505,FASANO,BARI CENTRALE,MONOPOLI,1.5,1.0,12,2023-01-07,2023-03-25,3,0,0,40.952017,17.292455,06:28,12,5
REG,23505,FASANO,BARI CENTRALE,FASANO,2.8333333333333335,1.0,12,2023-01-07,2023-03-25,1,1,1,40.851753,17.3859,06:39,12,6
