train_class,train_number,train_arrival_stop_name,train_departure_stop_name,stop_name,avg_arrival_delay,median_arrival_delay,count_dates_stop,first_date,last_date,count_3m_delay,count_5m_delay,count_10m_delay,stop_lat,stop_lon,stop_time,count_dates_train,stop_number
REG,19159,PISA CENTRALE,PIAZZA AL SERCHIO,PIAZZA AL SERCHIO,2.1232876712328768,2.0,73,2023-01-02,2023-03-31,14,6,0,44.182515,10.296615,08:23,73,1
REG,19159,PISA CENTRALE,PIAZZA AL SERCHIO,CAMPORGIANO,2.1232876712328768,2.0,73,2023-01-02,2023-03-31,14,6,0,44.161448,10.334849,08:27,73,2
REG,19159,PISA CENTRALE,PIAZZA AL SERCHIO,POGGIO - CAREGGINE - VAGLI,2.1232876712328768,2.0,73,2023-01-02,2023-03-31,14,6,0,44.148541,10.350626,08:30,73,3
REG,19159,PISA CENTRALE,PIAZZA AL SERCHIO,VILLETTA S. ROMANO,2.1232876712328768,2.0,73,2023-01-02,2023-03-31,14,6,0,44.146764,10.367565,08:33,73,4
REG,19159,PISA CENTRALE,PIAZZA AL SERCHIO,CASTELNUOVO DI GARFAGNANA,3.356164383561644,3.0,73,2023-01-02,2023-03-31,48,13,2,44.116351,10.409054,08:39,73,5
REG,19159,PISA CENTRALE,PIAZZA AL SERCHIO,BARGA GALLICANO,4.739726027397261,4.0,73,2023-01-02,2023-03-31,69,33,3,44.068114,10.451938,08:49,73,6
REG,19159,PISA CENTRALE,PIAZZA AL SERCHIO,FORNACI DI BARGA,4.219178082191781,4.0,73,2023-01-02,2023-03-31,59,28,2,44.045253,10.473173,08:54,73,7
REG,19159,PISA CENTRALE,PIAZZA AL SERCHIO,GHIVIZZANO - COREGLIA,4.972602739726027,4.0,73,2023-01-02,2023-03-31,66,35,3,44.027583,10.510183,08:59,73,8
REG,19159,PISA CENTRALE,PIAZZA AL SERCHIO,BAGNI DI LUCCA,2.410958904109589,2.0,73,2023-01-02,2023-03-31,36,14,1,44.003447,10.551631,09:07,73,9
REG,19159,PISA CENTRALE,PIAZZA AL SERCHIO,BORGO A MOZZANO,4.273972602739726,4.0,73,2023-01-02,2023-03-31,52,27,5,43.977207,10.541285,09:12,73,10
REG,19159,PISA CENTRALE,PIAZZA AL SERCHIO,DIECIMO - PESCAGLIA,3.164383561643836,3.0,73,2023-01-02,2023-03-31,39,12,5,43.959404,10.507844,09:16,73,11
REG,19159,PISA CENTRALE,PIAZZA AL SERCHIO,PONTE A MORIANO,4.493150684931507,4.0,73,2023-01-02,2023-03-31,51,25,8,43.908371,10.534264,09:23,73,12
REG,19159,PISA CENTRALE,PIAZZA AL SERCHIO,S. PIETRO A VICO,5.52054794520548,4.0,73,2023-01-02,2023-03-31,59,33,11,43.875094,10.530945,09:27,73,13
REG,19159,PISA CENTRALE,PIAZZA AL SERCHIO,LUCCA,5.616438356164384,4.0,73,2023-01-02,2023-03-31,58,34,10,43.837186,10.506069,09:34,73,14
REG,19159,PISA CENTRALE,PIAZZA AL SERCHIO,RIPAFRATTA,3.611111111111111,2.0,72,2023-01-02,2023-03-31,31,15,6,43.821711,10.415733,09:48,73,15
REG,19159,PISA CENTRALE,PIAZZA AL SERCHIO,S.GIULIANO TERME,1.3424657534246576,0.0,73,2023-01-02,2023-03-31,17,12,5,43.764895,10.436892,09:57,73,16
REG,19159,PISA CENTRALE,PIAZZA AL SERCHIO,PISA SAN ROSSORE,3.4383561643835616,3.0,73,2023-01-02,2023-03-31,43,18,2,43.723702,10.387363,10:07,73,17
REG,19159,PISA CENTRALE,PIAZZA AL SERCHIO,PISA CENTRALE,2.5616438356164384,2.0,73,2023-01-02,2023-03-31,30,12,2,43.70794,10.398183,10:13,73,18
