train_class,train_number,train_arrival_stop_name,train_departure_stop_name,stop_name,avg_arrival_delay,median_arrival_delay,count_dates_stop,first_date,last_date,count_3m_delay,count_5m_delay,count_10m_delay,stop_lat,stop_lon,stop_time,count_dates_train,stop_number
REG,20261,NETTUNO,ROMA TERMINI,ROMA TERMINI,1.2857142857142858,1.0,14,2023-01-01,2023-03-26,1,0,0,41.900636,12.502026,16:42,14,1
REG,20261,NETTUNO,ROMA TERMINI,TORRICOLA,0.7142857142857143,1.0,14,2023-01-01,2023-03-26,0,0,0,41.809538,12.557716,16:52,14,2
REG,20261,NETTUNO,ROMA TERMINI,POMEZIA - S.PALOMBA,0.5,1.0,14,2023-01-01,2023-03-26,0,0,0,41.706171,12.573611,17:00,14,3
REG,20261,NETTUNO,ROMA TERMINI,CAMPOLEONE,2.142857142857143,2.0,14,2023-01-01,2023-03-26,6,0,0,41.642396,12.648341,17:08,14,4
REG,20261,NETTUNO,ROMA TERMINI,APRILIA,2.2857142857142856,2.0,14,2023-01-01,2023-03-26,5,2,0,41.592386,12.639126,17:15,14,5
REG,20261,NETTUNO,ROMA TERMINI,CAMPO DI CARNE,2.2857142857142856,2.0,14,2023-01-01,2023-03-26,7,2,0,41.552116,12.635125,17:21,14,6
REG,20261,NETTUNO,ROMA TERMINI,PADIGLIONE,0.7857142857142857,1.0,14,2023-01-01,2023-03-26,4,0,0,41.513518,12.629476,17:28,14,7
REG,20261,NETTUNO,ROMA TERMINI,LIDO DI LAVINIO,0.6428571428571429,0.0,14,2023-01-01,2023-03-26,3,0,0,41.500599,12.625926,17:33,14,8
REG,20261,NETTUNO,ROMA TERMINI,VILLA CLAUDIA,0.8571428571428571,1.0,14,2023-01-01,2023-03-26,3,0,0,41.484326,12.61709,17:37,14,9
REG,20261,NETTUNO,ROMA TERMINI,MARECHIARO,0.9285714285714286,1.0,14,2023-01-01,2023-03-26,3,0,0,41.470762,12.6123,17:40,14,10
REG,20261,NETTUNO,ROMA TERMINI,ANZIO COLONIA,1.2142857142857142,1.0,14,2023-01-01,2023-03-26,3,1,0,41.459893,12.617442,17:43,14,11
REG,20261,NETTUNO,ROMA TERMINI,ANZIO,-0.6428571428571429,-1.0,14,2023-01-01,2023-03-26,1,0,0,41.4532,12.633205,17:48,14,12
REG,20261,NETTUNO,ROMA TERMINI,NETTUNO,-2.4285714285714284,-3.0,14,2023-01-01,2023-03-26,1,0,0,41.459558,12.662123,17:55,14,13
