train_class,train_number,train_arrival_stop_name,train_departure_stop_name,stop_name,avg_arrival_delay,median_arrival_delay,count_dates_stop,first_date,last_date,count_3m_delay,count_5m_delay,count_10m_delay,stop_lat,stop_lon,stop_time,count_dates_train,stop_number
REG,21774,PALERMO CENTRALE,PALERMO NOTARBARTOLO,PALERMO NOTARBARTOLO,0.25,0.0,12,2023-01-07,2023-03-25,0,0,0,38.132261,13.341572,16:00,12,1
REG,21774,PALERMO CENTRALE,PALERMO NOTARBARTOLO,LOLLI,-0.3333333333333333,-1.0,12,2023-01-07,2023-03-25,0,0,0,,,16:03,12,2
REG,21774,PALERMO CENTRALE,PALERMO NOTARBARTOLO,PALAZZO REALE-ORLEANS,-1.3333333333333333,-2.0,12,2023-01-07,2023-03-25,0,0,0,38.10878,13.353962,16:08,12,3
REG,21774,PALERMO CENTRALE,PALERMO NOTARBARTOLO,VESPRI,0.4166666666666667,0.0,12,2023-01-07,2023-03-25,0,0,0,38.101996,13.362701,16:11,12,4
REG,21774,PALERMO CENTRALE,PALERMO NOTARBARTOLO,GUADAGNA,2.5,2.0,12,2023-01-07,2023-03-25,6,0,0,,,16:14,12,5
REG,21774,PALERMO CENTRALE,PALERMO NOTARBARTOLO,PALERMO CENTRALE,0.3333333333333333,0.0,12,2023-01-07,2023-03-25,0,0,0,38.109187,13.367515,16:18,12,6
