train_class,train_number,train_arrival_stop_name,train_departure_stop_name,stop_name,avg_arrival_delay,median_arrival_delay,count_dates_stop,first_date,last_date,count_3m_delay,count_5m_delay,count_10m_delay,stop_lat,stop_lon,stop_time,count_dates_train,stop_number
REG,10606,MILANO PORTA GARIBALDI,CREMONA,CREMONA,3.619047619047619,2.0,63,2023-01-01,2023-03-31,29,13,2,45.143215,10.017951,06:35,63,1
REG,10606,MILANO PORTA GARIBALDI,CREMONA,OLMENETA,2.0793650793650795,1.0,63,2023-01-01,2023-03-31,19,11,1,45.231099,10.03194,06:44,63,2
REG,10606,MILANO PORTA GARIBALDI,CREMONA,CASALBUTTANO,2.3968253968253967,1.0,63,2023-01-01,2023-03-31,22,11,3,45.255398,9.962361,06:51,63,3
REG,10606,MILANO PORTA GARIBALDI,CREMONA,SORESINA,3.0317460317460316,2.0,63,2023-01-01,2023-03-31,29,19,3,45.283083,9.85664,07:03,63,4
REG,10606,MILANO PORTA GARIBALDI,CREMONA,CASTELLEONE,4.492063492063492,3.0,63,2023-01-01,2023-03-31,38,24,3,45.301826,9.76779,07:09,63,5
REG,10606,MILANO PORTA GARIBALDI,CREMONA,MADIGNANO,5.873015873015873,5.0,63,2023-01-01,2023-03-31,55,33,7,45.34383,9.730179,07:14,63,6
REG,10606,MILANO PORTA GARIBALDI,CREMONA,CREMA,5.841269841269841,4.0,63,2023-01-01,2023-03-31,51,30,8,45.366864,9.694209,07:19,63,7
REG,10606,MILANO PORTA GARIBALDI,CREMONA,CASALETTO VAPRIO,7.746031746031746,7.0,63,2023-01-01,2023-03-31,61,52,12,45.408641,9.631746,07:25,63,8
REG,10606,MILANO PORTA GARIBALDI,CREMONA,CAPRALBA,9.11111111111111,8.0,63,2023-01-01,2023-03-31,62,56,21,45.443871,9.640015,07:30,63,9
REG,10606,MILANO PORTA GARIBALDI,CREMONA,CARAVAGGIO,9.079365079365079,9.0,63,2023-01-01,2023-03-31,60,55,20,45.491158,9.637723,07:35,63,10
REG,10606,MILANO PORTA GARIBALDI,CREMONA,TREVIGLIO,8.142857142857142,7.0,63,2023-01-01,2023-03-31,58,51,12,45.515063,9.587919,07:42,63,11
REG,10606,MILANO PORTA GARIBALDI,CREMONA,MILANO LAMBRATE,11.080645161290322,9.0,62,2023-01-01,2023-03-31,58,53,25,45.484933,9.237333,08:01,63,12
REG,10606,MILANO PORTA GARIBALDI,CREMONA,MILANO PORTA GARIBALDI,9.873015873015873,7.0,63,2023-01-01,2023-03-31,51,39,23,45.484917,9.187683,08:24,63,13
