train_class,train_number,train_arrival_stop_name,train_departure_stop_name,stop_name,avg_arrival_delay,median_arrival_delay,count_dates_stop,first_date,last_date,count_3m_delay,count_5m_delay,count_10m_delay,stop_lat,stop_lon,stop_time,count_dates_train,stop_number
REG,2116,TORINO P.NUOVA,GENOVA P.PRINCIPE,GENOVA P.PRINCIPE,3.1,1.0,30,2023-01-01,2023-03-26,7,4,2,44.417784,8.9207,06:27,30,1
REG,2116,TORINO P.NUOVA,GENOVA P.PRINCIPE,RONCO SCR.,1.0689655172413792,0.0,29,2023-01-01,2023-03-26,6,5,1,44.614537,8.949421,06:50,30,2
REG,2116,TORINO P.NUOVA,GENOVA P.PRINCIPE,ARQUATA SCRIVIA,2.4827586206896552,1.0,29,2023-01-01,2023-03-26,8,5,1,44.692533,8.885342,06:59,30,3
REG,2116,TORINO P.NUOVA,GENOVA P.PRINCIPE,NOVI LIGURE,2.896551724137931,0.0,29,2023-01-01,2023-03-26,8,2,2,44.762521,8.787289,07:13,30,4
REG,2116,TORINO P.NUOVA,GENOVA P.PRINCIPE,ALESSANDRIA,0.7666666666666667,-3.0,30,2023-01-01,2023-03-26,3,3,2,44.909091,8.606498,07:29,30,5
REG,2116,TORINO P.NUOVA,GENOVA P.PRINCIPE,ASTI,-0.23333333333333334,-3.0,30,2023-01-01,2023-03-26,2,2,2,44.89479,8.208112,07:52,30,6
REG,2116,TORINO P.NUOVA,GENOVA P.PRINCIPE,TORINO LINGOTTO,1.8,-2.0,30,2023-01-01,2023-03-26,3,2,2,45.0266,7.657469,08:21,30,7
REG,2116,TORINO P.NUOVA,GENOVA P.PRINCIPE,TORINO P.NUOVA,1.6333333333333333,-1.0,30,2023-01-01,2023-03-26,3,2,2,45.060969,7.67747,08:30,30,8
