train_class,train_number,train_arrival_stop_name,train_departure_stop_name,stop_name,avg_arrival_delay,median_arrival_delay,count_dates_stop,first_date,last_date,count_3m_delay,count_5m_delay,count_10m_delay,stop_lat,stop_lon,stop_time,count_dates_train,stop_number
REG,16418,TREVISO C.,PADOVA,PADOVA,1.203125,1.0,64,2023-01-02,2023-03-31,1,1,0,45.417846,11.880794,13:46,64,1
REG,16418,TREVISO C.,PADOVA,VIGODARZERE,0.8125,1.0,64,2023-01-02,2023-03-31,5,1,0,45.453289,11.891641,13:52,64,2
REG,16418,TREVISO C.,PADOVA,CAMPOSAMPIERO,-1.546875,-2.0,64,2023-01-02,2023-03-31,0,0,0,45.568922,11.928293,14:09,64,3
REG,16418,TREVISO C.,PADOVA,CASTELFRANCO VENETO,0.375,0.0,64,2023-01-02,2023-03-31,1,0,0,45.666439,11.934315,14:21,64,4
REG,16418,TREVISO C.,PADOVA,ISTRANA,0.609375,1.0,64,2023-01-02,2023-03-31,0,0,0,45.676539,12.102781,14:36,64,5
REG,16418,TREVISO C.,PADOVA,TREVISO C.,-0.015625,-1.0,64,2023-01-02,2023-03-31,4,3,1,45.659608,12.24614,14:52,64,6
