train_class,train_number,train_arrival_stop_name,train_departure_stop_name,stop_name,avg_arrival_delay,median_arrival_delay,count_dates_stop,first_date,last_date,count_3m_delay,count_5m_delay,count_10m_delay,stop_lat,stop_lon,stop_time,count_dates_train,stop_number
REG,16486,TREVISO C.,PORTOGRUARO CAORLE,PORTOGRUARO CAORLE,3.742857142857143,4.0,70,2023-01-09,2023-03-31,70,9,0,45.781438,12.832375,06:44,70,1
REG,16486,TREVISO C.,PORTOGRUARO CAORLE,ANNONE VENETO,0.7681159420289855,1.0,69,2023-01-09,2023-03-31,5,1,1,45.774904,12.680334,06:55,70,2
REG,16486,TREVISO C.,PORTOGRUARO CAORLE,MOTTA DI LIVENZA,0.5857142857142857,0.0,70,2023-01-09,2023-03-31,5,1,1,45.779114,12.607118,07:01,70,3
REG,16486,TREVISO C.,PORTOGRUARO CAORLE,GORGO AL MONTICANO,2.557142857142857,2.0,70,2023-01-09,2023-03-31,22,7,3,45.784444,12.553737,07:07,70,4
REG,16486,TREVISO C.,PORTOGRUARO CAORLE,ODERZO,1.7,1.0,70,2023-01-09,2023-03-31,16,4,3,45.775304,12.49293,07:12,70,5
REG,16486,TREVISO C.,PORTOGRUARO CAORLE,PONTE DI PIAVE,1.542857142857143,1.0,70,2023-01-09,2023-03-31,19,4,0,45.719624,12.460683,07:19,70,6
REG,16486,TREVISO C.,PORTOGRUARO CAORLE,FAGARE,3.2285714285714286,2.0,70,2023-01-09,2023-03-31,35,8,3,45.70705,12.444296,07:23,70,7
REG,16486,TREVISO C.,PORTOGRUARO CAORLE,S.BIAGIO DI CALLALTA,1.7857142857142858,1.0,70,2023-01-09,2023-03-31,16,7,1,45.686134,12.374316,07:29,70,8
REG,16486,TREVISO C.,PORTOGRUARO CAORLE,OLMI SPERCENIGO,3.557142857142857,3.0,70,2023-01-09,2023-03-31,39,11,2,45.679467,12.338101,07:34,70,9
REG,16486,TREVISO C.,PORTOGRUARO CAORLE,TREVISO C.,1.5142857142857142,1.0,70,2023-01-09,2023-03-31,12,7,2,45.659608,12.24614,07:43,70,10
