train_class,train_number,train_arrival_stop_name,train_departure_stop_name,stop_name,avg_arrival_delay,median_arrival_delay,count_dates_stop,first_date,last_date,count_3m_delay,count_5m_delay,count_10m_delay,stop_lat,stop_lon,stop_time,count_dates_train,stop_number
REG,21724,PALERMO CENTRALE,PUNTA RAISI,PUNTA RAISI,1.1578947368421053,1.0,76,2023-01-02,2023-03-31,3,1,0,38.188892,13.110059,11:47,76,1
REG,21724,PALERMO CENTRALE,PUNTA RAISI,PIRAINETO,1.605263157894737,1.0,76,2023-01-02,2023-03-31,6,2,0,38.169148,13.14256,11:50,76,2
REG,21724,PALERMO CENTRALE,PUNTA RAISI,CARINI,1.4473684210526316,1.0,76,2023-01-02,2023-03-31,11,1,0,38.147696,13.186624,11:55,76,3
REG,21724,PALERMO CENTRALE,PUNTA RAISI,ISOLA DELLE FEMMINE,1.868421052631579,2.0,76,2023-01-02,2023-03-31,22,3,0,38.194784,13.250188,12:05,76,4
REG,21724,PALERMO CENTRALE,PUNTA RAISI,S.LORENZO COLLI,-0.3815789473684211,-1.0,76,2023-01-02,2023-03-31,2,1,0,38.16292,13.316449,12:22,76,5
REG,21724,PALERMO CENTRALE,PUNTA RAISI,FRANCIA,0.47368421052631576,0.0,76,2023-01-02,2023-03-31,3,1,0,38.155233,13.321938,12:25,76,6
REG,21724,PALERMO CENTRALE,PUNTA RAISI,PALERMO NOTARBARTOLO,-0.5657894736842105,-1.0,76,2023-01-02,2023-03-31,1,0,0,38.132261,13.341572,12:29,76,7
REG,21724,PALERMO CENTRALE,PUNTA RAISI,LOLLI,2.3947368421052633,2.0,76,2023-01-02,2023-03-31,17,3,0,,,12:31,76,8
REG,21724,PALERMO CENTRALE,PUNTA RAISI,PALAZZO REALE-ORLEANS,0.4342105263157895,0.0,76,2023-01-02,2023-03-31,5,1,0,38.10878,13.353962,12:35,76,9
REG,21724,PALERMO CENTRALE,PUNTA RAISI,VESPRI,1.4605263157894737,1.0,76,2023-01-02,2023-03-31,11,2,0,38.101996,13.362701,12:38,76,10
REG,21724,PALERMO CENTRALE,PUNTA RAISI,GUADAGNA,1.5,1.0,76,2023-01-02,2023-03-31,11,2,0,,,12:41,76,11
REG,21724,PALERMO CENTRALE,PUNTA RAISI,PALERMO CENTRALE,-1.2236842105263157,-2.0,76,2023-01-02,2023-03-31,2,0,0,38.109187,13.367515,12:47,76,12
