train_class,train_number,train_arrival_stop_name,train_departure_stop_name,stop_name,avg_arrival_delay,median_arrival_delay,count_dates_stop,first_date,last_date,count_3m_delay,count_5m_delay,count_10m_delay,stop_lat,stop_lon,stop_time,count_dates_train,stop_number
REG,17522,BOLOGNA C.LE,IMOLA,IMOLA,2.8461538461538463,2.0,13,2023-01-01,2023-03-26,4,2,0,44.359418,11.718723,20:08,13,1
REG,17522,BOLOGNA C.LE,IMOLA,CASTEL S.PIETRO TERME,3.0,2.0,13,2023-01-01,2023-03-26,6,3,0,44.407376,11.597681,20:14,13,2
REG,17522,BOLOGNA C.LE,IMOLA,VARIGNANA,4.769230769230769,4.0,13,2023-01-01,2023-03-26,9,6,1,44.436796,11.523078,20:19,13,3
REG,17522,BOLOGNA C.LE,IMOLA,OZZANO DELL'EMILIA,4.461538461538462,4.0,13,2023-01-01,2023-03-26,8,6,1,44.450797,11.487297,20:23,13,4
REG,17522,BOLOGNA C.LE,IMOLA,BOLOGNA SAN VITALE,6.769230769230769,6.0,13,2023-01-01,2023-03-26,13,10,2,,,20:33,13,5
REG,17522,BOLOGNA C.LE,IMOLA,BOLOGNA C.LE,0.3076923076923077,-1.0,13,2023-01-01,2023-03-26,3,1,0,44.50626,11.342267,20:42,13,6
