train_class,train_number,train_arrival_stop_name,train_departure_stop_name,stop_name,avg_arrival_delay,median_arrival_delay,count_dates_stop,first_date,last_date,count_3m_delay,count_5m_delay,count_10m_delay,stop_lat,stop_lon,stop_time,count_dates_train,stop_number
REG,17751,MARZABOTTO,BOLOGNA C.LE,BOLOGNA C.LE,1.9491525423728813,2.0,59,2023-01-02,2023-03-31,7,1,1,44.50626,11.342267,11:37,59,1
REG,17751,MARZABOTTO,BOLOGNA C.LE,BOLOGNA BORGO PANIGALE,2.2711864406779663,2.0,59,2023-01-02,2023-03-31,9,2,0,44.515024,11.284728,11:43,59,2
REG,17751,MARZABOTTO,BOLOGNA C.LE,CASTELDEBOLE,0.01694915254237288,-1.0,59,2023-01-02,2023-03-31,5,2,0,44.503974,11.27456,11:46,59,3
REG,17751,MARZABOTTO,BOLOGNA C.LE,CASALECCHIO GARIBALDI,-0.3220338983050847,-1.0,59,2023-01-02,2023-03-31,2,2,0,44.482995,11.272474,11:50,59,4
REG,17751,MARZABOTTO,BOLOGNA C.LE,CASALECCHIO DI RENO,0.3620689655172414,0.0,58,2023-01-02,2023-03-31,1,1,0,44.474298,11.276097,11:53,59,5
REG,17751,MARZABOTTO,BOLOGNA C.LE,BORGONUOVO,-0.20689655172413793,-1.0,58,2023-01-02,2023-03-31,1,1,0,,,11:57,59,6
REG,17751,MARZABOTTO,BOLOGNA C.LE,SASSO MARCONI,-0.3220338983050847,-1.0,59,2023-01-02,2023-03-31,1,1,0,44.394939,11.254333,12:03,59,7
REG,17751,MARZABOTTO,BOLOGNA C.LE,LAMA DI RENO,2.6379310344827585,3.0,58,2023-01-02,2023-03-31,31,4,0,44.363501,11.216168,12:09,59,8
REG,17751,MARZABOTTO,BOLOGNA C.LE,MARZABOTTO,1.6101694915254237,2.0,59,2023-01-02,2023-03-31,16,1,0,44.341237,11.207351,12:13,59,9
