train_class,train_number,train_arrival_stop_name,train_departure_stop_name,stop_name,avg_arrival_delay,median_arrival_delay,count_dates_stop,first_date,last_date,count_3m_delay,count_5m_delay,count_10m_delay,stop_lat,stop_lon,stop_time,count_dates_train,stop_number
REG,11815,AOSTA,IVREA,IVREA,2.4507042253521125,1.0,71,2023-01-02,2023-03-31,9,7,6,45.461542,7.876348,06:28,71,1
REG,11815,AOSTA,IVREA,PONT SAINT MARTIN,5.23943661971831,4.0,71,2023-01-02,2023-03-31,59,32,6,45.589834,7.795024,06:41,71,2
REG,11815,AOSTA,IVREA,DONNAZ,6.408450704225352,5.0,71,2023-01-02,2023-03-31,69,48,10,45.602713,7.769563,06:45,71,3
REG,11815,AOSTA,IVREA,HONE BARD,5.323943661971831,4.0,71,2023-01-02,2023-03-31,59,32,6,45.613918,7.741345,06:50,71,4
REG,11815,AOSTA,IVREA,VERRES,3.0428571428571427,2.0,70,2023-01-02,2023-03-31,33,13,5,45.659822,7.690012,07:02,71,5
REG,11815,AOSTA,IVREA,CHATILLON SAINT VINCENT,2.6619718309859155,2.0,71,2023-01-02,2023-03-31,27,11,3,45.7434,7.619309,07:16,71,6
REG,11815,AOSTA,IVREA,NUS,3.915492957746479,3.0,71,2023-01-02,2023-03-31,45,17,4,45.738786,7.4712,07:26,71,7
REG,11815,AOSTA,IVREA,AOSTA,4.014084507042254,3.0,71,2023-01-02,2023-03-31,48,19,4,45.73407,7.322424,07:38,71,8
