train_class,train_number,train_arrival_stop_name,train_departure_stop_name,stop_name,avg_arrival_delay,median_arrival_delay,count_dates_stop,first_date,last_date,count_3m_delay,count_5m_delay,count_10m_delay,stop_lat,stop_lon,stop_time,count_dates_train,stop_number
REG,26206,CHIVASSO,PINEROLO,PINEROLO,1.3820224719101124,1.0,89,2023-01-01,2023-03-31,8,4,0,44.887673,7.337402,07:17,89,1
REG,26206,CHIVASSO,PINEROLO,PINEROLO OLIMPICA,3.3820224719101124,3.0,89,2023-01-01,2023-03-31,79,8,1,44.893325,7.349043,07:18,89,2
REG,26206,CHIVASSO,PINEROLO,PISCINA DI PINEROLO,-0.7528089887640449,-1.0,89,2023-01-01,2023-03-31,7,2,0,44.921744,7.425482,07:27,89,3
REG,26206,CHIVASSO,PINEROLO,AIRASCA,3.3258426966292136,4.0,89,2023-01-01,2023-03-31,46,42,2,44.928093,7.483536,07:32,89,4
REG,26206,CHIVASSO,PINEROLO,NONE,4.640449438202247,5.0,89,2023-01-01,2023-03-31,54,47,5,44.938011,7.540068,07:36,89,5
REG,26206,CHIVASSO,PINEROLO,CANDIOLO,5.325842696629214,6.0,89,2023-01-01,2023-03-31,63,52,7,44.961155,7.598973,07:41,89,6
REG,26206,CHIVASSO,PINEROLO,NICHELINO,6.181818181818182,6.0,88,2023-01-01,2023-03-31,73,57,11,44.99132,7.642068,07:46,89,7
REG,26206,CHIVASSO,PINEROLO,MONCALIERI SANGONE,6.078651685393258,6.0,89,2023-01-01,2023-03-31,73,60,11,45.000393,7.667991,07:50,89,8
REG,26206,CHIVASSO,PINEROLO,TORINO LINGOTTO,4.224719101123595,4.0,89,2023-01-01,2023-03-31,62,42,4,45.0266,7.657469,07:57,89,9
REG,26206,CHIVASSO,PINEROLO,TORINO PORTA SUSA,3.662921348314607,4.0,89,2023-01-01,2023-03-31,59,30,2,45.075906,7.667673,08:04,89,10
REG,26206,CHIVASSO,PINEROLO,TORINO REBAUDENGO FOSSATA,4.454545454545454,4.0,88,2023-01-01,2023-03-31,64,42,5,,,08:08,89,11
REG,26206,CHIVASSO,PINEROLO,TORINO STURA,4.409090909090909,4.0,88,2023-01-01,2023-03-31,63,39,5,45.121932,7.713202,08:12,89,12
REG,26206,CHIVASSO,PINEROLO,SETTIMO,4.284090909090909,4.0,88,2023-01-01,2023-03-31,57,33,6,45.139834,7.769335,08:17,89,13
REG,26206,CHIVASSO,PINEROLO,BRANDIZZO,3.590909090909091,3.0,88,2023-01-01,2023-03-31,47,30,3,45.178915,7.841218,08:23,89,14
REG,26206,CHIVASSO,PINEROLO,CHIVASSO,1.9101123595505618,1.0,89,2023-01-01,2023-03-31,33,17,2,45.193637,7.889666,08:31,89,15
