train_class,train_number,train_arrival_stop_name,train_departure_stop_name,stop_name,avg_arrival_delay,median_arrival_delay,count_dates_stop,first_date,last_date,count_3m_delay,count_5m_delay,count_10m_delay,stop_lat,stop_lon,stop_time,count_dates_train,stop_number
REG,19355,PISA CENTRALE,LA SPEZIA CENTRALE,LA SPEZIA CENTRALE,2.219178082191781,2.0,73,2023-01-02,2023-03-31,20,7,1,44.11141,9.813906,10:21,73,1
REG,19355,PISA CENTRALE,LA SPEZIA CENTRALE,LA SPEZIA MIGLIARINA,2.1095890410958904,2.0,73,2023-01-02,2023-03-31,21,8,1,44.123391,9.84028,10:25,73,2
REG,19355,PISA CENTRALE,LA SPEZIA CENTRALE,SARZANA,2.25,2.0,72,2023-01-02,2023-03-31,21,14,1,44.108865,9.960657,10:35,73,3
REG,19355,PISA CENTRALE,LA SPEZIA CENTRALE,MASSA CENTRO,2.5277777777777777,2.0,72,2023-01-02,2023-03-31,28,15,2,44.023741,10.136041,10:49,73,4
REG,19355,PISA CENTRALE,LA SPEZIA CENTRALE,FORTE DEI MARMI SERRAVEZZA Q.,2.6164383561643834,2.0,73,2023-01-02,2023-03-31,29,16,3,43.97777,10.19936,10:55,73,5
REG,19355,PISA CENTRALE,LA SPEZIA CENTRALE,PIETRASANTA,3.6527777777777777,3.0,72,2023-01-02,2023-03-31,42,23,4,43.95583,10.229731,10:59,73,6
REG,19355,PISA CENTRALE,LA SPEZIA CENTRALE,VIAREGGIO,3.5342465753424657,3.0,73,2023-01-02,2023-03-31,38,23,8,43.865947,10.257886,11:09,73,7
REG,19355,PISA CENTRALE,LA SPEZIA CENTRALE,TORRE DEL LAGO PUCCINI,4.602739726027397,4.0,73,2023-01-02,2023-03-31,46,28,10,43.826501,10.290287,11:14,73,8
REG,19355,PISA CENTRALE,LA SPEZIA CENTRALE,PISA SAN ROSSORE,5.410958904109589,4.0,73,2023-01-02,2023-03-31,53,33,11,43.723702,10.387363,11:24,73,9
REG,19355,PISA CENTRALE,LA SPEZIA CENTRALE,PISA CENTRALE,-5.835616438356165,-7.0,73,2023-01-02,2023-03-31,6,4,0,43.70794,10.398183,11:40,73,10
