train_class,train_number,train_arrival_stop_name,train_departure_stop_name,stop_name,avg_arrival_delay,median_arrival_delay,count_dates_stop,first_date,last_date,count_3m_delay,count_5m_delay,count_10m_delay,stop_lat,stop_lon,stop_time,count_dates_train,stop_number
REG,5180,VENAFRO,CASERTA,CASERTA,2.0405405405405403,2.0,74,2023-01-02,2023-03-31,8,5,1,41.068655,14.328457,08:05,74,1
REG,5180,VENAFRO,CASERTA,S.MARIA CAPUA VETERE,1.4594594594594594,1.0,74,2023-01-02,2023-03-31,7,5,2,41.07353,14.254081,08:11,74,2
REG,5180,VENAFRO,CASERTA,CAPUA,1.554054054054054,1.0,74,2023-01-02,2023-03-31,8,6,2,41.101306,14.210347,08:16,74,3
REG,5180,VENAFRO,CASERTA,SPARANISE,1.3918918918918919,1.0,74,2023-01-02,2023-03-31,9,4,2,41.185707,14.092954,08:30,74,4
REG,5180,VENAFRO,CASERTA,TEANO,1.6986301369863013,1.0,73,2023-01-02,2023-03-31,10,6,3,41.231804,14.077075,08:36,74,5
REG,5180,VENAFRO,CASERTA,VAIRANO,0.2328767123287671,-1.0,73,2023-01-02,2023-03-31,7,6,3,41.317446,14.104022,08:47,74,6
REG,5180,VENAFRO,CASERTA,VENAFRO,-1.7972972972972974,-3.0,74,2023-01-02,2023-03-31,7,6,4,41.482975,14.048722,09:10,74,7
