train_class,train_number,train_arrival_stop_name,train_departure_stop_name,stop_name,avg_arrival_delay,median_arrival_delay,count_dates_stop,first_date,last_date,count_3m_delay,count_5m_delay,count_10m_delay,stop_lat,stop_lon,stop_time,count_dates_train,stop_number
REG,26360,SUSA,TORINO P.NUOVA,TORINO P.NUOVA,2.263157894736842,2.0,76,2023-01-02,2023-03-31,21,3,1,45.060969,7.67747,09:45,76,1
REG,26360,SUSA,TORINO P.NUOVA,COLLEGNO,0.06578947368421052,0.0,76,2023-01-02,2023-03-31,6,3,0,45.078854,7.574131,09:58,76,2
REG,26360,SUSA,TORINO P.NUOVA,AVIGLIANA,1.7894736842105263,1.0,76,2023-01-02,2023-03-31,21,10,2,45.085276,7.401096,10:13,76,3
REG,26360,SUSA,TORINO P.NUOVA,S. AMBROGIO,2.8684210526315788,2.0,76,2023-01-02,2023-03-31,27,18,2,45.101161,7.360933,10:18,76,4
REG,26360,SUSA,TORINO P.NUOVA,CONDOVE,0.5263157894736842,-1.0,76,2023-01-02,2023-03-31,15,7,2,45.106689,7.317022,10:23,76,5
REG,26360,SUSA,TORINO P.NUOVA,S. ANTONINO VAIE,1.0789473684210527,0.0,76,2023-01-02,2023-03-31,14,8,3,45.109469,7.275931,10:27,76,6
REG,26360,SUSA,TORINO P.NUOVA,BORGONE,0.4605263157894737,-1.0,76,2023-01-02,2023-03-31,13,8,2,45.123191,7.236037,10:32,76,7
REG,26360,SUSA,TORINO P.NUOVA,BRUZOLO,0.8026315789473685,-1.0,76,2023-01-02,2023-03-31,14,8,3,45.131032,7.201497,10:36,76,8
REG,26360,SUSA,TORINO P.NUOVA,BUSSOLENO,1.88,1.0,75,2023-01-02,2023-03-31,15,9,3,45.139631,7.144819,10:42,76,9
REG,26360,SUSA,TORINO P.NUOVA,SUSA,0.618421052631579,-1.0,76,2023-01-02,2023-03-31,12,8,2,45.138622,7.052311,10:53,76,10
