train_class,train_number,train_arrival_stop_name,train_departure_stop_name,stop_name,avg_arrival_delay,median_arrival_delay,count_dates_stop,first_date,last_date,count_3m_delay,count_5m_delay,count_10m_delay,stop_lat,stop_lon,stop_time,count_dates_train,stop_number
REG,10860,MILANO GRECO PIRELLI,PIACENZA,PIACENZA,3.6470588235294117,1.0,85,2023-01-01,2023-03-31,20,14,8,45.052238,9.70633,09:07,85,1
REG,10860,MILANO GRECO PIRELLI,PIACENZA,CODOGNO,2.4352941176470586,0.0,85,2023-01-01,2023-03-31,17,13,8,45.154897,9.701376,09:18,85,2
REG,10860,MILANO GRECO PIRELLI,PIACENZA,CASALPUSTERLENGO,2.6,0.0,85,2023-01-01,2023-03-31,17,13,8,45.182473,9.653627,09:23,85,3
REG,10860,MILANO GRECO PIRELLI,PIACENZA,SECUGNAGO,2.7261904761904763,0.0,84,2023-01-01,2023-03-31,16,12,8,45.223253,9.58684,09:29,85,4
REG,10860,MILANO GRECO PIRELLI,PIACENZA,LODI,3.9529411764705884,1.0,85,2023-01-01,2023-03-31,22,13,9,45.308966,9.497585,09:37,85,5
REG,10860,MILANO GRECO PIRELLI,PIACENZA,MILANO ROGOREDO,3.3411764705882354,1.0,85,2023-01-01,2023-03-31,30,18,10,45.433866,9.2391,09:59,85,6
REG,10860,MILANO GRECO PIRELLI,PIACENZA,MILANO LAMBRATE,5.435294117647059,3.0,85,2023-01-01,2023-03-31,48,34,12,45.484933,9.237333,10:11,85,7
REG,10860,MILANO GRECO PIRELLI,PIACENZA,MILANO GRECO PIRELLI,7.235294117647059,4.0,85,2023-01-01,2023-03-31,61,41,17,45.51272,9.214456,10:18,85,8
