train_class,train_number,train_arrival_stop_name,train_departure_stop_name,stop_name,avg_arrival_delay,median_arrival_delay,count_dates_stop,first_date,last_date,count_3m_delay,count_5m_delay,count_10m_delay,stop_lat,stop_lon,stop_time,count_dates_train,stop_number
REG,12224,SESTRI LEVANTE,LA SPEZIA CENTRALE,LA SPEZIA CENTRALE,1.202247191011236,1.0,89,2023-01-01,2023-03-31,7,2,0,44.11141,9.813906,11:15,89,1
REG,12224,SESTRI LEVANTE,LA SPEZIA CENTRALE,CORNIGLIA,1.9325842696629214,2.0,89,2023-01-01,2023-03-31,22,7,1,44.119938,9.711051,11:29,89,2
REG,12224,SESTRI LEVANTE,LA SPEZIA CENTRALE,MONTEROSSO,3.6853932584269664,2.0,89,2023-01-01,2023-03-31,38,20,8,44.145967,9.649009,11:38,89,3
REG,12224,SESTRI LEVANTE,LA SPEZIA CENTRALE,LEVANTO,2.955056179775281,1.0,89,2023-01-01,2023-03-31,32,14,8,44.174167,9.616018,11:44,89,4
REG,12224,SESTRI LEVANTE,LA SPEZIA CENTRALE,FRAMURA,1.898876404494382,0.0,89,2023-01-01,2023-03-31,21,13,6,44.201903,9.555169,11:53,89,5
REG,12224,SESTRI LEVANTE,LA SPEZIA CENTRALE,DEIVA MARINA,0.5056179775280899,-2.0,89,2023-01-01,2023-03-31,14,11,5,44.217306,9.519022,11:59,89,6
REG,12224,SESTRI LEVANTE,LA SPEZIA CENTRALE,RIVA TRIGOSO,1.9325842696629214,1.0,89,2023-01-01,2023-03-31,16,11,4,44.26391,9.429277,12:10,89,7
REG,12224,SESTRI LEVANTE,LA SPEZIA CENTRALE,SESTRI LEVANTE,-1.898876404494382,-3.0,89,2023-01-01,2023-03-31,10,7,4,44.27626,9.397651,12:19,89,8
