train_class,train_number,train_arrival_stop_name,train_departure_stop_name,stop_name,avg_arrival_delay,median_arrival_delay,count_dates_stop,first_date,last_date,count_3m_delay,count_5m_delay,count_10m_delay,stop_lat,stop_lon,stop_time,count_dates_train,stop_number
REG,2921,MILANO CENTRALE,MALPENSA AEROPORTO T1,MALPENSA AEROPORTO T1,2.1341463414634148,2.0,82,2023-01-01,2023-03-23,26,8,1,45.627242,8.711081,06:43,82,1
REG,2921,MILANO CENTRALE,MALPENSA AEROPORTO T1,FERNO LONATE POZZOLO,1.9268292682926829,1.0,82,2023-01-01,2023-03-23,24,8,2,,,06:46,82,2
REG,2921,MILANO CENTRALE,MALPENSA AEROPORTO T1,BUSTO ARSIZIO N.,3.0864197530864197,3.0,81,2023-01-01,2023-03-22,41,15,2,,,06:51,82,3
REG,2921,MILANO CENTRALE,MALPENSA AEROPORTO T1,CASTELLANZA,3.0246913580246915,2.0,81,2023-01-01,2023-03-22,39,16,2,,,06:54,82,4
REG,2921,MILANO CENTRALE,MALPENSA AEROPORTO T1,RESCALDINA,2.6707317073170733,2.0,82,2023-01-01,2023-03-23,36,14,2,,,06:59,82,5
REG,2921,MILANO CENTRALE,MALPENSA AEROPORTO T1,SARONNO,3.2560975609756095,3.0,82,2023-01-01,2023-03-23,47,19,2,45.625309,9.030839,07:05,82,6
REG,2921,MILANO CENTRALE,MALPENSA AEROPORTO T1,MILANO BOVISA FNM,3.207317073170732,3.0,82,2023-01-01,2023-03-23,46,20,2,45.502993,9.159235,07:18,82,7
REG,2921,MILANO CENTRALE,MALPENSA AEROPORTO T1,MILANO PORTA GARIBALDI,2.0853658536585367,2.0,82,2023-01-01,2023-03-23,29,11,3,45.484917,9.187683,07:25,82,8
REG,2921,MILANO CENTRALE,MALPENSA AEROPORTO T1,MILANO CENTRALE,2.792682926829268,2.0,82,2023-01-01,2023-03-23,37,14,4,45.486347,9.204528,07:37,82,9
