train_class,train_number,train_arrival_stop_name,train_departure_stop_name,stop_name,avg_arrival_delay,median_arrival_delay,count_dates_stop,first_date,last_date,count_3m_delay,count_5m_delay,count_10m_delay,stop_lat,stop_lon,stop_time,count_dates_train,stop_number
IC,500,TORINO P.NUOVA,GENOVA BRIGNOLE,GENOVA BRIGNOLE,1.578125,1.0,64,2023-01-02,2023-03-31,8,2,1,44.407213,8.947553,06:48,64,1
IC,500,TORINO P.NUOVA,GENOVA BRIGNOLE,GENOVA P.PRINCIPE,0.25,0.0,64,2023-01-02,2023-03-31,5,1,1,44.417784,8.9207,06:54,64,2
IC,500,TORINO P.NUOVA,GENOVA BRIGNOLE,NOVI LIGURE,-0.0625,-1.0,64,2023-01-02,2023-03-31,10,4,2,44.762521,8.787289,07:32,64,3
IC,500,TORINO P.NUOVA,GENOVA BRIGNOLE,ALESSANDRIA,0.5,0.0,64,2023-01-02,2023-03-31,12,3,1,44.909091,8.606498,07:46,64,4
IC,500,TORINO P.NUOVA,GENOVA BRIGNOLE,ASTI,1.6875,1.0,64,2023-01-02,2023-03-31,18,10,2,44.89479,8.208112,08:05,64,5
IC,500,TORINO P.NUOVA,GENOVA BRIGNOLE,TORINO LINGOTTO,-0.921875,-1.0,64,2023-01-02,2023-03-31,7,4,1,45.0266,7.657469,08:37,64,6
IC,500,TORINO P.NUOVA,GENOVA BRIGNOLE,TORINO P.NUOVA,1.234375,1.0,64,2023-01-02,2023-03-31,16,5,1,45.060969,7.67747,08:45,64,7
