train_class,train_number,train_arrival_stop_name,train_departure_stop_name,stop_name,avg_arrival_delay,median_arrival_delay,count_dates_stop,first_date,last_date,count_3m_delay,count_5m_delay,count_10m_delay,stop_lat,stop_lon,stop_time,count_dates_train,stop_number
REG,23533,FASANO,BARLETTA,BARLETTA,2.78125,2.0,64,2023-01-02,2023-03-31,29,6,0,41.315227,16.278867,12:27,64,1
REG,23533,FASANO,BARLETTA,TRANI,1.53125,1.0,64,2023-01-02,2023-03-31,10,2,0,41.272693,16.417646,12:35,64,2
REG,23533,FASANO,BARLETTA,BISCEGLIE,1.90625,2.0,64,2023-01-02,2023-03-31,17,3,0,41.235445,16.499484,12:41,64,3
REG,23533,FASANO,BARLETTA,MOLFETTA,0.0625,0.0,64,2023-01-02,2023-03-31,2,1,0,41.196008,16.596793,12:49,64,4
REG,23533,FASANO,BARLETTA,GIOVINAZZO,0.140625,0.0,64,2023-01-02,2023-03-31,2,1,0,41.180968,16.669346,12:55,64,5
REG,23533,FASANO,BARLETTA,BARI S. SPIRITO,0.015625,0.0,64,2023-01-02,2023-03-31,3,1,0,41.159653,16.746324,13:01,64,6
REG,23533,FASANO,BARLETTA,BARI ZONA INDUSTRIALE,-0.9375,-2.0,64,2023-01-02,2023-03-31,4,2,0,,,13:10,64,7
REG,23533,FASANO,BARLETTA,BARI CENTRALE,-2.3125,-3.0,64,2023-01-02,2023-03-31,3,2,0,41.11774,16.869601,13:18,64,8
REG,23533,FASANO,BARLETTA,BARI TORRE A MARE,-0.96875,-2.0,64,2023-01-02,2023-03-31,4,2,0,41.082637,16.995772,13:36,64,9
REG,23533,FASANO,BARLETTA,MOLA DI BARI,1.953125,2.0,64,2023-01-02,2023-03-31,17,5,2,41.057227,17.080919,13:54,64,10
REG,23533,FASANO,BARLETTA,POLIGNANO A MARE,2.359375,2.0,64,2023-01-02,2023-03-31,24,10,2,40.990926,17.218676,14:03,64,11
REG,23533,FASANO,BARLETTA,MONOPOLI,2.78125,2.0,64,2023-01-02,2023-03-31,27,12,3,40.952017,17.292455,14:09,64,12
REG,23533,FASANO,BARLETTA,FASANO,2.0,1.0,64,2023-01-02,2023-03-31,22,11,2,40.851753,17.3859,14:20,64,13
