train_class,train_number,train_arrival_stop_name,train_departure_stop_name,stop_name,avg_arrival_delay,median_arrival_delay,count_dates_stop,first_date,last_date,count_3m_delay,count_5m_delay,count_10m_delay,stop_lat,stop_lon,stop_time,count_dates_train,stop_number
REG,16805,VENEZIA SANTA LUCIA,TREVISO C.,TREVISO C.,2.725806451612903,2.0,62,2023-01-02,2023-03-31,23,5,1,45.659608,12.24614,16:37,62,1
REG,16805,VENEZIA SANTA LUCIA,TREVISO C.,MOGLIANO VENETO,1.064516129032258,1.0,62,2023-01-02,2023-03-31,5,2,1,45.561964,12.23274,16:51,62,2
REG,16805,VENEZIA SANTA LUCIA,TREVISO C.,VENEZIA MESTRE,-1.064516129032258,-2.0,62,2023-01-02,2023-03-31,1,1,1,45.482123,12.232069,17:04,62,3
REG,16805,VENEZIA SANTA LUCIA,TREVISO C.,VENEZIA SANTA LUCIA,1.8064516129032258,2.0,62,2023-01-02,2023-03-31,26,5,1,45.441569,12.320882,17:17,62,4
