train_class,train_number,train_arrival_stop_name,train_departure_stop_name,stop_name,avg_arrival_delay,median_arrival_delay,count_dates_stop,first_date,last_date,count_3m_delay,count_5m_delay,count_10m_delay,stop_lat,stop_lon,stop_time,count_dates_train,stop_number
REG,19185,PIAZZA AL SERCHIO,PISA CENTRALE,PISA CENTRALE,1.9866666666666666,1.0,75,2023-01-02,2023-03-31,10,5,1,43.70794,10.398183,19:20,75,1
REG,19185,PIAZZA AL SERCHIO,PISA CENTRALE,PISA SAN ROSSORE,1.9466666666666668,1.0,75,2023-01-02,2023-03-31,9,6,1,43.723702,10.387363,19:24,75,2
REG,19185,PIAZZA AL SERCHIO,PISA CENTRALE,S.GIULIANO TERME,2.08,1.0,75,2023-01-02,2023-03-31,10,6,2,43.764895,10.436892,19:30,75,3
REG,19185,PIAZZA AL SERCHIO,PISA CENTRALE,RIPAFRATTA,3.1333333333333333,2.0,75,2023-01-02,2023-03-31,22,11,3,43.821711,10.415733,19:37,75,4
REG,19185,PIAZZA AL SERCHIO,PISA CENTRALE,LUCCA,2.1466666666666665,1.0,75,2023-01-02,2023-03-31,29,12,2,43.837186,10.506069,19:46,75,5
REG,19185,PIAZZA AL SERCHIO,PISA CENTRALE,S. PIETRO A VICO,5.173333333333333,4.0,75,2023-01-02,2023-03-31,58,36,5,43.875094,10.530945,19:53,75,6
REG,19185,PIAZZA AL SERCHIO,PISA CENTRALE,PONTE A MORIANO,6.12,5.0,75,2023-01-02,2023-03-31,70,48,6,43.908371,10.534264,19:57,75,7
REG,19185,PIAZZA AL SERCHIO,PISA CENTRALE,DIECIMO - PESCAGLIA,5.1866666666666665,4.0,75,2023-01-02,2023-03-31,57,34,7,43.959404,10.507844,20:06,75,8
REG,19185,PIAZZA AL SERCHIO,PISA CENTRALE,BORGO A MOZZANO,5.706666666666667,5.0,75,2023-01-02,2023-03-31,62,41,8,43.977207,10.541285,20:11,75,9
REG,19185,PIAZZA AL SERCHIO,PISA CENTRALE,BAGNI DI LUCCA,3.9466666666666668,3.0,75,2023-01-02,2023-03-31,42,23,5,44.003447,10.551631,20:16,75,10
REG,19185,PIAZZA AL SERCHIO,PISA CENTRALE,GHIVIZZANO - COREGLIA,4.743243243243243,4.0,74,2023-01-02,2023-03-31,49,30,5,44.027583,10.510183,20:22,75,11
REG,19185,PIAZZA AL SERCHIO,PISA CENTRALE,FORNACI DI BARGA,1.7066666666666668,1.0,75,2023-01-02,2023-03-31,23,11,2,44.045253,10.473173,20:29,75,12
REG,19185,PIAZZA AL SERCHIO,PISA CENTRALE,BARGA GALLICANO,4.506666666666667,3.0,75,2023-01-02,2023-03-31,48,29,4,44.068114,10.451938,20:38,75,13
REG,19185,PIAZZA AL SERCHIO,PISA CENTRALE,FOSCIANDORA - CESERANA,4.506666666666667,3.0,75,2023-01-02,2023-03-31,48,29,4,44.118559,10.444212,20:46,75,14
REG,19185,PIAZZA AL SERCHIO,PISA CENTRALE,CASTELNUOVO DI GARFAGNANA,3.3066666666666666,2.0,75,2023-01-02,2023-03-31,36,21,4,44.116351,10.409054,20:51,75,15
REG,19185,PIAZZA AL SERCHIO,PISA CENTRALE,POGGIO - CAREGGINE - VAGLI,4.4,4.0,75,2023-01-02,2023-03-31,50,27,5,44.148541,10.350626,21:00,75,16
REG,19185,PIAZZA AL SERCHIO,PISA CENTRALE,CAMPORGIANO,4.4,4.0,75,2023-01-02,2023-03-31,50,27,5,44.161448,10.334849,21:04,75,17
REG,19185,PIAZZA AL SERCHIO,PISA CENTRALE,PIAZZA AL SERCHIO,0.64,-1.0,75,2023-01-02,2023-03-31,12,10,1,44.182515,10.296615,21:12,75,18
