train_class,train_number,train_arrival_stop_name,train_departure_stop_name,stop_name,avg_arrival_delay,median_arrival_delay,count_dates_stop,first_date,last_date,count_3m_delay,count_5m_delay,count_10m_delay,stop_lat,stop_lon,stop_time,count_dates_train,stop_number
REG,26361,TORINO P.NUOVA,SUSA,SUSA,0.9770114942528736,1.0,87,2023-01-01,2023-03-31,2,1,0,45.138622,7.052311,08:09,87,1
REG,26361,TORINO P.NUOVA,SUSA,BUSSOLENO,-2.1839080459770117,-2.0,87,2023-01-01,2023-03-31,0,0,0,45.139631,7.144819,08:18,87,2
REG,26361,TORINO P.NUOVA,SUSA,BRUZOLO,0.09195402298850575,-1.0,87,2023-01-01,2023-03-31,4,2,2,45.131032,7.201497,08:23,87,3
REG,26361,TORINO P.NUOVA,SUSA,BORGONE,0.13793103448275862,-1.0,87,2023-01-01,2023-03-31,6,3,2,45.123191,7.236037,08:27,87,4
REG,26361,TORINO P.NUOVA,SUSA,S. ANTONINO VAIE,0.8160919540229885,0.0,87,2023-01-01,2023-03-31,10,3,2,45.109469,7.275931,08:31,87,5
REG,26361,TORINO P.NUOVA,SUSA,CONDOVE,0.7586206896551724,0.0,87,2023-01-01,2023-03-31,10,3,2,45.106689,7.317022,08:35,87,6
REG,26361,TORINO P.NUOVA,SUSA,S. AMBROGIO,1.6551724137931034,1.0,87,2023-01-01,2023-03-31,12,3,2,45.101161,7.360933,08:40,87,7
REG,26361,TORINO P.NUOVA,SUSA,AVIGLIANA,0.8390804597701149,0.0,87,2023-01-01,2023-03-31,9,4,2,45.085276,7.401096,08:44,87,8
REG,26361,TORINO P.NUOVA,SUSA,COLLEGNO,0.9540229885057471,0.0,87,2023-01-01,2023-03-31,13,4,2,45.078854,7.574131,08:59,87,9
REG,26361,TORINO P.NUOVA,SUSA,TORINO P.NUOVA,-0.011494252873563218,0.0,87,2023-01-01,2023-03-31,13,6,1,45.060969,7.67747,09:15,87,10
