train_class,train_number,train_arrival_stop_name,train_departure_stop_name,stop_name,avg_arrival_delay,median_arrival_delay,count_dates_stop,first_date,last_date,count_3m_delay,count_5m_delay,count_10m_delay,stop_lat,stop_lon,stop_time,count_dates_train,stop_number
REG,4441,LECCE,BARI CENTRALE,BARI CENTRALE,1.0163934426229508,0.0,61,2023-01-02,2023-03-31,4,3,1,41.11774,16.869601,21:02,61,1
REG,4441,LECCE,BARI CENTRALE,BARI TORRE A MARE,-2.1311475409836067,-3.0,61,2023-01-02,2023-03-31,3,1,1,41.082637,16.995772,21:12,61,2
REG,4441,LECCE,BARI CENTRALE,MONOPOLI,0.21311475409836064,-1.0,61,2023-01-02,2023-03-31,4,4,1,40.952017,17.292455,21:28,61,3
REG,4441,LECCE,BARI CENTRALE,FASANO,2.180327868852459,1.0,61,2023-01-02,2023-03-31,11,5,2,40.851753,17.3859,21:36,61,4
REG,4441,LECCE,BARI CENTRALE,OSTUNI,2.1311475409836067,1.0,61,2023-01-02,2023-03-31,16,5,2,40.752356,17.580809,21:50,61,5
REG,4441,LECCE,BARI CENTRALE,BRINDISI,0.9180327868852459,-1.0,61,2023-01-02,2023-03-31,9,6,3,40.634339,17.938978,22:14,61,6
REG,4441,LECCE,BARI CENTRALE,SQUINZANO,-0.16393442622950818,-2.0,61,2023-01-02,2023-03-31,6,5,4,40.439266,18.046097,22:29,61,7
REG,4441,LECCE,BARI CENTRALE,LECCE,-0.9508196721311475,-3.0,61,2023-01-02,2023-03-31,5,4,3,40.34566,18.165724,22:43,61,8
