train_class,train_number,train_arrival_stop_name,train_departure_stop_name,stop_name,avg_arrival_delay,median_arrival_delay,count_dates_stop,first_date,last_date,count_3m_delay,count_5m_delay,count_10m_delay,stop_lat,stop_lon,stop_time,count_dates_train,stop_number
REG,3552,VENEZIA SANTA LUCIA,TRIESTE CENTRALE,TRIESTE CENTRALE,2.1466666666666665,0.0,75,2023-01-02,2023-03-31,13,10,5,45.657456,13.771873,04:26,75,1
REG,3552,VENEZIA SANTA LUCIA,TRIESTE CENTRALE,MONFALCONE,3.7066666666666666,1.0,75,2023-01-02,2023-03-31,29,16,10,45.807683,13.542929,04:48,75,2
REG,3552,VENEZIA SANTA LUCIA,TRIESTE CENTRALE,TRIESTE AIRPORT,4.08,2.0,75,2023-01-02,2023-03-31,29,19,10,45.817482,13.485532,04:54,75,3
REG,3552,VENEZIA SANTA LUCIA,TRIESTE CENTRALE,CERVIGNANO A.G.,5.1066666666666665,3.0,75,2023-01-02,2023-03-31,38,20,11,45.823948,13.342866,05:02,75,4
REG,3552,VENEZIA SANTA LUCIA,TRIESTE CENTRALE,SAN GIORGIO DI NOGARO,5.48,3.0,75,2023-01-02,2023-03-31,41,23,10,45.82917,13.210315,05:10,75,5
REG,3552,VENEZIA SANTA LUCIA,TRIESTE CENTRALE,LATISANA LIGNANO B.,3.066666666666667,1.0,75,2023-01-02,2023-03-31,21,15,10,45.777733,13.001101,05:24,75,6
REG,3552,VENEZIA SANTA LUCIA,TRIESTE CENTRALE,VENEZIA MESTRE,-0.22666666666666666,-3.0,75,2023-01-02,2023-03-31,14,13,10,45.482123,12.232069,06:09,75,7
REG,3552,VENEZIA SANTA LUCIA,TRIESTE CENTRALE,VENEZIA SANTA LUCIA,2.44,1.0,75,2023-01-02,2023-03-31,15,13,8,45.441569,12.320882,06:21,75,8
