train_class,train_number,train_arrival_stop_name,train_departure_stop_name,stop_name,avg_arrival_delay,median_arrival_delay,count_dates_stop,first_date,last_date,count_3m_delay,count_5m_delay,count_10m_delay,stop_lat,stop_lon,stop_time,count_dates_train,stop_number
REG,20110,ROMA TERMINI,VELLETRI,VELLETRI,1.8533333333333333,1.0,75,2023-01-02,2023-03-31,8,2,1,41.682421,12.780864,06:57,75,1
REG,20110,ROMA TERMINI,VELLETRI,S. EUROSIA,1.2533333333333334,1.0,75,2023-01-02,2023-03-31,4,2,1,41.675927,12.755105,07:01,75,2
REG,20110,ROMA TERMINI,VELLETRI,S. GENNARO,0.5466666666666666,0.0,75,2023-01-02,2023-03-31,3,2,1,,,07:05,75,3
REG,20110,ROMA TERMINI,VELLETRI,LANUVIO,0.8133333333333334,1.0,75,2023-01-02,2023-03-31,4,2,1,41.672211,12.690885,07:10,75,4
REG,20110,ROMA TERMINI,VELLETRI,CECCHINA,1.6666666666666667,1.0,75,2023-01-02,2023-03-31,13,2,1,41.692029,12.650992,07:15,75,5
REG,20110,ROMA TERMINI,VELLETRI,CANCELLIERA,3.1486486486486487,2.0,74,2023-01-02,2023-03-31,29,6,2,41.710587,12.621758,07:20,75,6
REG,20110,ROMA TERMINI,VELLETRI,PAVONA,1.4533333333333334,1.0,75,2023-01-02,2023-03-31,12,5,3,41.723897,12.61116,07:25,75,7
REG,20110,ROMA TERMINI,VELLETRI,S. MARIA DELLE MOLE,8.306666666666667,6.0,75,2023-01-02,2023-03-31,74,56,18,41.774417,12.606225,07:35,75,8
REG,20110,ROMA TERMINI,VELLETRI,CASABIANCA,7.666666666666667,6.0,75,2023-01-02,2023-03-31,68,48,10,41.788327,12.60431,07:38,75,9
REG,20110,ROMA TERMINI,VELLETRI,CIAMPINO,5.973333333333334,4.0,75,2023-01-02,2023-03-31,50,33,8,41.804442,12.599546,07:43,75,10
REG,20110,ROMA TERMINI,VELLETRI,CAPANNELLE,7.346666666666667,5.0,75,2023-01-02,2023-03-31,62,44,11,41.830713,12.568884,07:48,75,11
REG,20110,ROMA TERMINI,VELLETRI,ROMA TERMINI,5.546666666666667,3.0,75,2023-01-02,2023-03-31,43,23,11,41.900636,12.502026,07:59,75,12
