train_class,train_number,train_arrival_stop_name,train_departure_stop_name,stop_name,avg_arrival_delay,median_arrival_delay,count_dates_stop,first_date,last_date,count_3m_delay,count_5m_delay,count_10m_delay,stop_lat,stop_lon,stop_time,count_dates_train,stop_number
IC,728,ROMA TERMINI,PALERMO CENTRALE,PALERMO CENTRALE,2.727272727272727,1.0,88,2023-01-01,2023-03-31,16,12,8,38.109187,13.367515,06:50,88,1
IC,728,ROMA TERMINI,PALERMO CENTRALE,TERMINI IMERESE,1.8850574712643677,-1.0,87,2023-01-01,2023-03-31,17,12,9,37.980132,13.703631,07:13,88,2
IC,728,ROMA TERMINI,PALERMO CENTRALE,CEFALU`,1.4252873563218391,-2.0,87,2023-01-01,2023-03-31,16,13,10,38.03285,14.019526,07:33,88,3
IC,728,ROMA TERMINI,PALERMO CENTRALE,S.AGATA M.,2.793103448275862,0.0,87,2023-01-01,2023-03-31,28,22,15,38.073554,14.640622,08:22,88,4
IC,728,ROMA TERMINI,PALERMO CENTRALE,CAPO D`ORLANDO-NASO,6.920454545454546,2.0,88,2023-01-01,2023-03-31,43,34,18,38.157941,14.744844,08:33,88,5
IC,728,ROMA TERMINI,PALERMO CENTRALE,PATTI-SAN PIERO PATTI,7.195402298850575,4.0,87,2023-01-01,2023-03-31,53,40,21,38.146905,14.975331,08:54,88,6
IC,728,ROMA TERMINI,PALERMO CENTRALE,BARCELLONA,4.886363636363637,2.0,88,2023-01-01,2023-03-31,40,32,16,38.14918,15.212499,09:08,88,7
IC,728,ROMA TERMINI,PALERMO CENTRALE,MILAZZO,5.160919540229885,2.0,87,2023-01-01,2023-03-31,39,30,16,38.21195,15.244203,09:15,88,8
IC,728,ROMA TERMINI,PALERMO CENTRALE,MESSINA CENTRALE,2.7294117647058824,0.0,85,2023-01-01,2023-03-31,25,17,8,38.184975,15.561278,09:40,88,9
IC,728,ROMA TERMINI,PALERMO CENTRALE,VILLA SAN GIOVANNI,12.261904761904763,7.0,84,2023-01-01,2023-03-31,65,65,41,38.216638,15.634336,11:20,88,10
IC,728,ROMA TERMINI,PALERMO CENTRALE,GIOIA TAURO,10.431818181818182,7.0,88,2023-01-01,2023-03-31,53,50,38,38.423436,15.897516,12:15,88,11
IC,728,ROMA TERMINI,PALERMO CENTRALE,LAMEZIA TERME CENTRALE,7.738636363636363,3.0,88,2023-01-01,2023-03-31,45,39,25,38.921347,16.255577,12:53,88,12
IC,728,ROMA TERMINI,PALERMO CENTRALE,PAOLA,4.409090909090909,-3.0,88,2023-01-01,2023-03-31,28,22,20,39.359442,16.033093,13:26,88,13
IC,728,ROMA TERMINI,PALERMO CENTRALE,SAPRI,9.761363636363637,1.0,88,2023-01-01,2023-03-31,35,28,24,40.078013,15.627204,14:18,88,14
IC,728,ROMA TERMINI,PALERMO CENTRALE,SALERNO,0.7613636363636364,-8.0,88,2023-01-01,2023-03-31,22,22,17,40.675137,14.772822,15:34,88,15
IC,728,ROMA TERMINI,PALERMO CENTRALE,NAPOLI CENTRALE,2.272727272727273,-3.0,88,2023-01-01,2023-03-31,27,23,13,40.852933,14.272908,16:17,88,16
IC,728,ROMA TERMINI,PALERMO CENTRALE,AVERSA,7.761363636363637,-1.0,88,2023-01-01,2023-03-31,28,21,12,40.973323,14.218578,16:47,88,17
IC,728,ROMA TERMINI,PALERMO CENTRALE,FORMIA-GAETA,14.556818181818182,7.0,88,2023-01-01,2023-03-31,82,61,27,41.258773,13.605996,17:20,88,18
IC,728,ROMA TERMINI,PALERMO CENTRALE,LATINA,11.602272727272727,3.0,88,2023-01-01,2023-03-31,50,34,21,41.538372,12.945888,17:58,88,19
IC,728,ROMA TERMINI,PALERMO CENTRALE,ROMA TERMINI,12.204545454545455,4.0,88,2023-01-01,2023-03-31,47,40,20,41.900636,12.502026,18:34,88,20
