train_class,train_number,train_arrival_stop_name,train_departure_stop_name,stop_name,avg_arrival_delay,median_arrival_delay,count_dates_stop,first_date,last_date,count_3m_delay,count_5m_delay,count_10m_delay,stop_lat,stop_lon,stop_time,count_dates_train,stop_number
REG,20120,ROMA TERMINI,VELLETRI,VELLETRI,1.8266666666666667,1.0,75,2023-01-02,2023-03-31,11,3,0,41.682421,12.780864,09:55,75,1
REG,20120,ROMA TERMINI,VELLETRI,S. EUROSIA,1.2666666666666666,1.0,75,2023-01-02,2023-03-31,7,2,0,41.675927,12.755105,09:59,75,2
REG,20120,ROMA TERMINI,VELLETRI,S. GENNARO,0.8133333333333334,1.0,75,2023-01-02,2023-03-31,6,2,0,,,10:03,75,3
REG,20120,ROMA TERMINI,VELLETRI,LANUVIO,-0.6266666666666667,-1.0,75,2023-01-02,2023-03-31,3,2,0,41.672211,12.690885,10:10,75,4
REG,20120,ROMA TERMINI,VELLETRI,CECCHINA,1.16,1.0,75,2023-01-02,2023-03-31,17,5,0,41.692029,12.650992,10:19,75,5
REG,20120,ROMA TERMINI,VELLETRI,CANCELLIERA,3.44,3.0,75,2023-01-02,2023-03-31,40,16,2,41.710587,12.621758,10:23,75,6
REG,20120,ROMA TERMINI,VELLETRI,PAVONA,2.6933333333333334,2.0,75,2023-01-02,2023-03-31,26,13,2,41.723897,12.61116,10:26,75,7
REG,20120,ROMA TERMINI,VELLETRI,S. MARIA DELLE MOLE,5.906666666666666,5.0,75,2023-01-02,2023-03-31,75,43,7,41.774417,12.606225,10:32,75,8
REG,20120,ROMA TERMINI,VELLETRI,CASABIANCA,4.066666666666666,3.0,75,2023-01-02,2023-03-31,43,19,5,41.788327,12.60431,10:36,75,9
REG,20120,ROMA TERMINI,VELLETRI,CIAMPINO,0.8666666666666667,-1.0,75,2023-01-02,2023-03-31,14,6,3,41.804442,12.599546,10:42,75,10
REG,20120,ROMA TERMINI,VELLETRI,CAPANNELLE,3.1066666666666665,2.0,75,2023-01-02,2023-03-31,32,14,3,41.830713,12.568884,10:47,75,11
REG,20120,ROMA TERMINI,VELLETRI,ROMA TERMINI,1.04,0.0,75,2023-01-02,2023-03-31,8,6,2,41.900636,12.502026,10:59,75,12
