train_class,train_number,train_arrival_stop_name,train_departure_stop_name,stop_name,avg_arrival_delay,median_arrival_delay,count_dates_stop,first_date,last_date,count_3m_delay,count_5m_delay,count_10m_delay,stop_lat,stop_lon,stop_time,count_dates_train,stop_number
REG,18395,FIRENZE S.M.N.,LA SPEZIA CENTRALE,LA SPEZIA CENTRALE,2.142857142857143,1.0,14,2023-01-01,2023-03-26,3,1,1,44.11141,9.813906,13:35,14,1
REG,18395,FIRENZE S.M.N.,LA SPEZIA CENTRALE,LA SPEZIA MIGLIARINA,2.4285714285714284,1.0,14,2023-01-01,2023-03-26,4,1,1,44.123391,9.84028,13:39,14,2
REG,18395,FIRENZE S.M.N.,LA SPEZIA CENTRALE,VEZZANO LIGURE,2.857142857142857,1.0,14,2023-01-01,2023-03-26,5,4,1,44.127081,9.88928,13:47,14,3
REG,18395,FIRENZE S.M.N.,LA SPEZIA CENTRALE,SARZANA,1.9285714285714286,1.0,14,2023-01-01,2023-03-26,4,3,1,44.108865,9.960657,13:54,14,4
REG,18395,FIRENZE S.M.N.,LA SPEZIA CENTRALE,MASSA CENTRO,2.7857142857142856,2.0,14,2023-01-01,2023-03-26,4,4,1,44.023741,10.136041,14:07,14,5
REG,18395,FIRENZE S.M.N.,LA SPEZIA CENTRALE,FORTE DEI MARMI SERRAVEZZA Q.,2.5714285714285716,2.0,14,2023-01-01,2023-03-26,5,2,1,43.97777,10.19936,14:13,14,6
REG,18395,FIRENZE S.M.N.,LA SPEZIA CENTRALE,PIETRASANTA,3.2142857142857144,2.0,14,2023-01-01,2023-03-26,7,4,1,43.95583,10.229731,14:17,14,7
REG,18395,FIRENZE S.M.N.,LA SPEZIA CENTRALE,VIAREGGIO,2.4285714285714284,1.0,14,2023-01-01,2023-03-26,4,3,1,43.865947,10.257886,14:27,14,8
REG,18395,FIRENZE S.M.N.,LA SPEZIA CENTRALE,PISA SAN ROSSORE,2.857142857142857,2.0,14,2023-01-01,2023-03-26,6,3,1,43.723702,10.387363,14:40,14,9
REG,18395,FIRENZE S.M.N.,LA SPEZIA CENTRALE,PISA CENTRALE,-4.714285714285714,-6.0,14,2023-01-01,2023-03-26,1,1,0,43.70794,10.398183,14:52,14,10
REG,18395,FIRENZE S.M.N.,LA SPEZIA CENTRALE,PONTEDERA CASCIANA TERME,-1.1428571428571428,-1.0,14,2023-01-01,2023-03-26,1,0,0,43.662145,10.628773,15:09,14,11
REG,18395,FIRENZE S.M.N.,LA SPEZIA CENTRALE,S.ROMANO MONTOPOLI S.CROCE,0.5714285714285714,0.0,14,2023-01-01,2023-03-26,1,0,0,43.690575,10.760152,15:17,14,12
REG,18395,FIRENZE S.M.N.,LA SPEZIA CENTRALE,EMPOLI,-0.7857142857142857,-1.0,14,2023-01-01,2023-03-26,0,0,0,43.715708,10.94915,15:31,14,13
REG,18395,FIRENZE S.M.N.,LA SPEZIA CENTRALE,FIRENZE RIFREDI,-1.8571428571428572,-2.0,14,2023-01-01,2023-03-26,0,0,0,43.800873,11.235729,15:59,14,14
REG,18395,FIRENZE S.M.N.,LA SPEZIA CENTRALE,FIRENZE S.M.N.,-2.5714285714285716,-3.0,14,2023-01-01,2023-03-26,0,0,0,43.776893,11.247373,16:08,14,15
