train_class,train_number,train_arrival_stop_name,train_departure_stop_name,stop_name,avg_arrival_delay,median_arrival_delay,count_dates_stop,first_date,last_date,count_3m_delay,count_5m_delay,count_10m_delay,stop_lat,stop_lon,stop_time,count_dates_train,stop_number
REG,12870,SIBARI,COSENZA,COSENZA,1.8870967741935485,2.0,62,2023-01-02,2023-03-31,13,1,0,39.318386,16.260955,15:42,62,1
REG,12870,SIBARI,COSENZA,CASTIGLIONE COSENTINO,2.161290322580645,2.0,62,2023-01-02,2023-03-31,22,1,0,39.35542,16.244388,15:47,62,2
REG,12870,SIBARI,COSENZA,TORANO LATTARICO,2.7096774193548385,3.0,62,2023-01-02,2023-03-31,34,7,0,39.49455,16.210509,16:00,62,3
REG,12870,SIBARI,COSENZA,S.MARCO ROGGIANO,1.5,1.0,62,2023-01-02,2023-03-31,14,4,0,39.605223,16.208776,16:12,62,4
REG,12870,SIBARI,COSENZA,SIBARI,-3.661290322580645,-4.0,62,2023-01-02,2023-03-31,2,2,1,39.749863,16.456922,16:35,62,5
