train_class,train_number,train_arrival_stop_name,train_departure_stop_name,stop_name,avg_arrival_delay,median_arrival_delay,count_dates_stop,first_date,last_date,count_3m_delay,count_5m_delay,count_10m_delay,stop_lat,stop_lon,stop_time,count_dates_train,stop_number
REG,23275,ROMA OSTIENSE,BRACCIANO,BRACCIANO,1.5714285714285714,1.0,14,2023-01-01,2023-03-26,1,0,0,42.103667,12.173023,21:15,14,1
REG,23275,ROMA OSTIENSE,BRACCIANO,VIGNA DI VALLE,2.7857142857142856,3.0,14,2023-01-01,2023-03-26,9,0,0,42.076863,12.210716,21:19,14,2
REG,23275,ROMA OSTIENSE,BRACCIANO,ANGUILLARA,2.9285714285714284,2.0,14,2023-01-01,2023-03-26,5,3,0,42.068133,12.304978,21:27,14,3
REG,23275,ROMA OSTIENSE,BRACCIANO,CESANO DI ROMA,1.8571428571428572,1.0,14,2023-01-01,2023-03-26,3,2,0,42.061833,12.326669,21:32,14,4
REG,23275,ROMA OSTIENSE,BRACCIANO,OLGIATA,3.5714285714285716,3.0,14,2023-01-01,2023-03-26,11,3,0,42.01538,12.363864,21:38,14,5
REG,23275,ROMA OSTIENSE,BRACCIANO,LA STORTA,2.642857142857143,2.0,14,2023-01-01,2023-03-26,5,2,0,42.001748,12.381254,21:41,14,6
REG,23275,ROMA OSTIENSE,BRACCIANO,LA GIUSTINIANA,3.2142857142857144,3.0,14,2023-01-01,2023-03-26,9,2,0,41.985243,12.403457,21:45,14,7
REG,23275,ROMA OSTIENSE,BRACCIANO,IPOGEO DEGLI OTTAVI,3.5,3.0,14,2023-01-01,2023-03-26,11,3,0,41.968391,12.409026,21:48,14,8
REG,23275,ROMA OSTIENSE,BRACCIANO,OTTAVIA,2.7857142857142856,3.0,14,2023-01-01,2023-03-26,8,1,0,,,21:51,14,9
REG,23275,ROMA OSTIENSE,BRACCIANO,ROMA S.FILIPPO NERI,2.142857142857143,2.0,14,2023-01-01,2023-03-26,5,1,0,41.950262,12.412414,21:54,14,10
REG,23275,ROMA OSTIENSE,BRACCIANO,ROMA MONTE MARIO,1.7142857142857142,2.0,14,2023-01-01,2023-03-26,3,1,0,41.939088,12.421732,21:57,14,11
REG,23275,ROMA OSTIENSE,BRACCIANO,GEMELLI,1.7857142857142858,2.0,14,2023-01-01,2023-03-26,3,1,0,41.927813,12.427797,22:00,14,12
REG,23275,ROMA OSTIENSE,BRACCIANO,ROMA BALDUINA,2.142857142857143,2.0,14,2023-01-01,2023-03-26,4,1,0,,,22:03,14,13
REG,23275,ROMA OSTIENSE,BRACCIANO,APPIANO,2.0,2.0,14,2023-01-01,2023-03-26,3,1,0,41.909342,12.43838,22:05,14,14
REG,23275,ROMA OSTIENSE,BRACCIANO,VALLE AURELIA,2.9285714285714284,3.0,14,2023-01-01,2023-03-26,9,1,0,41.899356,12.447667,22:08,14,15
REG,23275,ROMA OSTIENSE,BRACCIANO,ROMA S.PIETRO,0.0,0.0,14,2023-01-01,2023-03-26,1,0,0,41.896143,12.454497,22:12,14,16
REG,23275,ROMA OSTIENSE,BRACCIANO,QUATTRO VENTI,0.6428571428571429,0.0,14,2023-01-01,2023-03-26,1,0,0,41.880145,12.459731,22:16,14,17
REG,23275,ROMA OSTIENSE,BRACCIANO,ROMA TRASTEVERE,1.5,1.0,14,2023-01-01,2023-03-26,1,1,0,41.872279,12.466162,22:19,14,18
REG,23275,ROMA OSTIENSE,BRACCIANO,ROMA OSTIENSE,-1.5714285714285714,-2.0,14,2023-01-01,2023-03-26,0,0,0,41.87265,12.483917,22:24,14,19
