train_class,train_number,train_arrival_stop_name,train_departure_stop_name,stop_name,avg_arrival_delay,median_arrival_delay,count_dates_stop,first_date,last_date,count_3m_delay,count_5m_delay,count_10m_delay,stop_lat,stop_lon,stop_time,count_dates_train,stop_number
REG,11077,VOGHERA,ASTI,ASTI,2.4383561643835616,2.0,73,2023-01-02,2023-03-31,22,10,3,44.89479,8.208112,17:13,73,1
REG,11077,VOGHERA,ASTI,CASTELLO D`ANNONE,1.1944444444444444,1.0,72,2023-01-02,2023-03-31,16,6,2,44.878742,8.312724,17:20,73,2
REG,11077,VOGHERA,ASTI,ROCCHETTA TANARO CERRO,-0.027777777777777776,-1.0,72,2023-01-02,2023-03-31,7,5,0,44.875574,8.351402,17:24,73,3
REG,11077,VOGHERA,ASTI,FELIZZANO,1.3472222222222223,1.0,72,2023-01-02,2023-03-31,16,5,1,44.893367,8.437155,17:30,73,4
REG,11077,VOGHERA,ASTI,SOLERO,1.7916666666666667,2.0,72,2023-01-02,2023-03-31,18,5,1,44.915886,8.51043,17:35,73,5
REG,11077,VOGHERA,ASTI,ALESSANDRIA,0.3472222222222222,0.0,72,2023-01-02,2023-03-31,7,4,1,44.909091,8.606498,17:43,73,6
REG,11077,VOGHERA,ASTI,SPINETTA,3.013888888888889,2.0,72,2023-01-02,2023-03-31,29,9,3,44.882378,8.683146,17:51,73,7
REG,11077,VOGHERA,ASTI,S.GIULIANO PIEMONTE,2.732394366197183,2.0,71,2023-01-02,2023-03-31,24,9,4,44.890543,8.760933,17:57,73,8
REG,11077,VOGHERA,ASTI,TORTONA,2.5694444444444446,1.0,72,2023-01-02,2023-03-31,23,11,5,44.900126,8.861777,18:05,73,9
REG,11077,VOGHERA,ASTI,PONTECURONE,4.985714285714286,3.0,70,2023-01-02,2023-03-31,49,28,8,44.962014,8.929717,18:12,73,10
REG,11077,VOGHERA,ASTI,VOGHERA,2.5753424657534247,2.0,73,2023-01-02,2023-03-31,35,17,2,44.9978,9.007942,18:20,73,11
