train_class,train_number,train_arrival_stop_name,train_departure_stop_name,stop_name,avg_arrival_delay,median_arrival_delay,count_dates_stop,first_date,last_date,count_3m_delay,count_5m_delay,count_10m_delay,stop_lat,stop_lon,stop_time,count_dates_train,stop_number
REG,10616,TREVIGLIO,CREMONA,CREMONA,2.4942528735632186,1.0,87,2023-01-01,2023-03-31,18,10,6,45.143215,10.017951,07:41,87,1
REG,10616,TREVIGLIO,CREMONA,OLMENETA,1.1149425287356323,0.0,87,2023-01-01,2023-03-31,15,7,3,45.231099,10.03194,07:51,87,2
REG,10616,TREVIGLIO,CREMONA,CASALBUTTANO,1.0574712643678161,0.0,87,2023-01-01,2023-03-31,15,7,3,45.255398,9.962361,07:59,87,3
REG,10616,TREVIGLIO,CREMONA,SORESINA,5.574712643678161,5.0,87,2023-01-01,2023-03-31,66,46,14,45.283083,9.85664,08:07,87,4
REG,10616,TREVIGLIO,CREMONA,CASTELLEONE,5.172413793103448,4.0,87,2023-01-01,2023-03-31,60,43,13,45.301826,9.76779,08:14,87,5
REG,10616,TREVIGLIO,CREMONA,MADIGNANO,6.206896551724138,6.0,87,2023-01-01,2023-03-31,69,50,15,45.34383,9.730179,08:19,87,6
REG,10616,TREVIGLIO,CREMONA,CREMA,6.149425287356322,5.0,87,2023-01-01,2023-03-31,67,48,21,45.366864,9.694209,08:24,87,7
REG,10616,TREVIGLIO,CREMONA,CASALETTO VAPRIO,6.091954022988506,6.0,87,2023-01-01,2023-03-31,81,57,11,45.408641,9.631746,08:34,87,8
REG,10616,TREVIGLIO,CREMONA,CAPRALBA,6.790697674418604,6.0,86,2023-01-01,2023-03-31,83,65,15,45.443871,9.640015,08:39,87,9
REG,10616,TREVIGLIO,CREMONA,CARAVAGGIO,5.080459770114943,5.0,87,2023-01-01,2023-03-31,66,45,9,45.491158,9.637723,08:45,87,10
REG,10616,TREVIGLIO,CREMONA,TREVIGLIO,4.413793103448276,4.0,87,2023-01-01,2023-03-31,56,34,8,45.515063,9.587919,08:53,87,11
