train_class,train_number,train_arrival_stop_name,train_departure_stop_name,stop_name,avg_arrival_delay,median_arrival_delay,count_dates_stop,first_date,last_date,count_3m_delay,count_5m_delay,count_10m_delay,stop_lat,stop_lon,stop_time,count_dates_train,stop_number
REG,19908,FOGGIA,POTENZA CENTRALE,POTENZA CENTRALE,1.348314606741573,1.0,89,2023-01-01,2023-03-31,4,0,0,40.629469,15.806808,21:11,89,1
REG,19908,FOGGIA,POTENZA CENTRALE,POTENZA SUPERIORE,-0.5280898876404494,-1.0,89,2023-01-01,2023-03-31,2,1,0,40.64586,15.800966,21:17,89,2
REG,19908,FOGGIA,POTENZA CENTRALE,POTENZA MACCHIA ROMANA,3.2134831460674156,3.0,89,2023-01-01,2023-03-31,87,4,1,,,21:20,89,3
REG,19908,FOGGIA,POTENZA CENTRALE,AVIGLIANO LUCANIA,0.7528089887640449,1.0,89,2023-01-01,2023-03-31,4,2,0,40.714667,15.785619,21:29,89,4
REG,19908,FOGGIA,POTENZA CENTRALE,PIETRAGALLA,1.4719101123595506,1.0,89,2023-01-01,2023-03-31,6,2,0,40.753314,15.79211,21:35,89,5
REG,19908,FOGGIA,POTENZA CENTRALE,POSSIDENTE,1.4606741573033708,1.0,89,2023-01-01,2023-03-31,6,2,0,40.781144,15.777104,21:40,89,6
REG,19908,FOGGIA,POTENZA CENTRALE,CASTEL LAGOPESOLE,1.2247191011235956,1.0,89,2023-01-01,2023-03-31,5,2,0,40.787682,15.758093,21:43,89,7
REG,19908,FOGGIA,POTENZA CENTRALE,FILIANO,1.550561797752809,1.0,89,2023-01-01,2023-03-31,6,3,1,40.837161,15.752285,21:50,89,8
REG,19908,FOGGIA,POTENZA CENTRALE,FORENZA,1.5730337078651686,1.0,89,2023-01-01,2023-03-31,13,4,1,40.866839,15.725331,21:56,89,9
REG,19908,FOGGIA,POTENZA CENTRALE,RIONERO ATELLA RIPACANDITA,1.8876404494382022,1.0,89,2023-01-01,2023-03-31,17,7,2,40.922066,15.678699,22:05,89,10
REG,19908,FOGGIA,POTENZA CENTRALE,BARILE,6.056179775280899,5.0,89,2023-01-01,2023-03-31,79,56,12,40.943044,15.670959,22:11,89,11
REG,19908,FOGGIA,POTENZA CENTRALE,MELFI,0.21348314606741572,-1.0,89,2023-01-01,2023-03-31,18,8,2,40.989871,15.646895,22:23,89,12
REG,19908,FOGGIA,POTENZA CENTRALE,FOGGIA,-7.46067415730337,-8.0,89,2023-01-01,2023-03-31,1,1,1,41.466,15.555816,23:21,89,13
