train_class,train_number,train_arrival_stop_name,train_departure_stop_name,stop_name,avg_arrival_delay,median_arrival_delay,count_dates_stop,first_date,last_date,count_3m_delay,count_5m_delay,count_10m_delay,stop_lat,stop_lon,stop_time,count_dates_train,stop_number
REG,4899,BATTIPAGLIA,CASERTA,CASERTA,1.853932584269663,1.0,89,2023-01-01,2023-03-31,16,4,2,41.068655,14.328457,13:55,89,1
REG,4899,BATTIPAGLIA,CASERTA,CANCELLO,2.4831460674157304,2.0,89,2023-01-01,2023-03-31,34,11,2,40.993063,14.418877,14:09,89,2
REG,4899,BATTIPAGLIA,CASERTA,NOLA,3.056179775280899,2.0,89,2023-01-01,2023-03-31,40,17,4,40.923652,14.525004,14:20,89,3
REG,4899,BATTIPAGLIA,CASERTA,PALMA S.GENNARO,4.022471910112359,3.0,89,2023-01-01,2023-03-31,58,27,4,40.864149,14.540472,14:27,89,4
REG,4899,BATTIPAGLIA,CASERTA,SARNO,3.6931818181818183,3.0,88,2023-01-01,2023-03-31,50,26,4,40.813063,14.612442,14:35,89,5
REG,4899,BATTIPAGLIA,CASERTA,SALERNO,-2.797752808988764,-3.0,89,2023-01-01,2023-03-31,6,2,2,40.675137,14.772822,14:55,89,6
REG,4899,BATTIPAGLIA,CASERTA,PONTECAGNANO,2.0,1.0,89,2023-01-01,2023-03-31,19,9,3,40.641033,14.870272,15:02,89,7
REG,4899,BATTIPAGLIA,CASERTA,BATTIPAGLIA,1.5617977528089888,1.0,89,2023-01-01,2023-03-31,21,6,3,40.605789,14.98324,15:14,89,8
