train_class,train_number,train_arrival_stop_name,train_departure_stop_name,stop_name,avg_arrival_delay,median_arrival_delay,count_dates_stop,first_date,last_date,count_3m_delay,count_5m_delay,count_10m_delay,stop_lat,stop_lon,stop_time,count_dates_train,stop_number
REG,24330,MILANO BOVISA FNM,PAVIA,PAVIA,7.253164556962025,6.0,79,2023-01-01,2023-03-22,75,57,20,45.188843,9.144674,09:39,79,1
REG,24330,MILANO BOVISA FNM,PAVIA,CERTOSA DI PAVIA,5.3164556962025316,4.0,79,2023-01-01,2023-03-22,63,38,7,45.256927,9.154456,09:46,79,2
REG,24330,MILANO BOVISA FNM,PAVIA,VILLAMAGGIORE,4.746835443037975,4.0,79,2023-01-01,2023-03-22,55,31,6,45.32045,9.190674,09:52,79,3
REG,24330,MILANO BOVISA FNM,PAVIA,LOCATE TRIULZI,5.3544303797468356,4.0,79,2023-01-01,2023-03-22,61,38,9,45.35973,9.221398,09:58,79,4
REG,24330,MILANO BOVISA FNM,PAVIA,MILANO ROGOREDO,5.6835443037974684,5.0,79,2023-01-01,2023-03-22,63,41,13,45.433866,9.2391,10:06,79,5
REG,24330,MILANO BOVISA FNM,PAVIA,MILANO PORTA VITTORIA,4.3544303797468356,3.0,79,2023-01-01,2023-03-22,48,30,10,45.459579,9.21813,10:14,79,6
REG,24330,MILANO BOVISA FNM,PAVIA,MILANO DATEO,5.063291139240507,4.0,79,2023-01-01,2023-03-22,52,33,11,45.462341,9.209277,10:17,79,7
REG,24330,MILANO BOVISA FNM,PAVIA,MILANO VENEZIA,5.025316455696203,3.0,79,2023-01-01,2023-03-22,51,32,11,45.471121,9.201889,10:20,79,8
REG,24330,MILANO BOVISA FNM,PAVIA,MILANO REPUBBLICA,5.227848101265823,4.0,79,2023-01-01,2023-03-22,52,32,11,45.479984,9.198861,10:22,79,9
REG,24330,MILANO BOVISA FNM,PAVIA,MI P.GAR.SOTT.,5.3924050632911396,4.0,79,2023-01-01,2023-03-22,55,32,11,45.484228,9.185122,10:25,79,10
REG,24330,MILANO BOVISA FNM,PAVIA,MILANO LANCETTI,3.759493670886076,2.0,79,2023-01-01,2023-03-22,36,25,9,45.492632,9.175832,10:28,79,11
REG,24330,MILANO BOVISA FNM,PAVIA,MILANO BOVISA FNM,1.9873417721518987,0.0,79,2023-01-01,2023-03-22,26,19,6,45.502993,9.159235,10:35,79,12
