train_class,train_number,train_arrival_stop_name,train_departure_stop_name,stop_name,avg_arrival_delay,median_arrival_delay,count_dates_stop,first_date,last_date,count_3m_delay,count_5m_delay,count_10m_delay,stop_lat,stop_lon,stop_time,count_dates_train,stop_number
REG,17401,BOLOGNA C.LE,PARMA,PARMA,0.8571428571428571,0.0,84,2023-01-01,2023-03-31,6,1,1,44.810203,10.32837,04:11,84,1
REG,17401,BOLOGNA C.LE,PARMA,S.ILARIO,2.0476190476190474,2.0,84,2023-01-01,2023-03-31,20,5,1,44.765795,10.450469,04:18,84,2
REG,17401,BOLOGNA C.LE,PARMA,REGGIO EMILIA,3.0714285714285716,3.0,84,2023-01-01,2023-03-31,51,19,2,44.697793,10.643093,04:29,84,3
REG,17401,BOLOGNA C.LE,PARMA,RUBIERA,1.7142857142857142,1.0,84,2023-01-01,2023-03-31,23,10,3,44.65618,10.780252,04:38,84,4
REG,17401,BOLOGNA C.LE,PARMA,MODENA,2.9523809523809526,2.0,84,2023-01-01,2023-03-31,34,21,4,44.654461,10.930373,04:46,84,5
REG,17401,BOLOGNA C.LE,PARMA,CASTELFRANCO D'EMILIA,1.369047619047619,0.0,84,2023-01-01,2023-03-31,29,14,2,44.597381,11.056408,04:56,84,6
REG,17401,BOLOGNA C.LE,PARMA,SAMOGGIA,3.3780487804878048,2.0,82,2023-01-01,2023-03-31,31,17,5,44.567307,11.146221,05:02,84,7
REG,17401,BOLOGNA C.LE,PARMA,ANZOLA,3.0853658536585367,1.0,82,2023-01-01,2023-03-31,28,16,6,,,05:07,84,8
REG,17401,BOLOGNA C.LE,PARMA,BOLOGNA C.LE,-3.261904761904762,-5.0,84,2023-01-01,2023-03-31,8,6,3,44.50626,11.342267,05:23,84,9
