train_class,train_number,train_arrival_stop_name,train_departure_stop_name,stop_name,avg_arrival_delay,median_arrival_delay,count_dates_stop,first_date,last_date,count_3m_delay,count_5m_delay,count_10m_delay,stop_lat,stop_lon,stop_time,count_dates_train,stop_number
REG,11628,BIELLA S.PAOLO,NOVARA,NOVARA,1.8461538461538463,1.0,52,2023-01-02,2023-03-31,13,2,0,45.451376,8.624895,18:04,52,1
REG,11628,BIELLA S.PAOLO,NOVARA,CARPIGNANO SESIA,2.75,2.0,52,2023-01-02,2023-03-31,23,9,0,45.528934,8.422898,18:19,52,2
REG,11628,BIELLA S.PAOLO,NOVARA,ROVASENDA,2.826923076923077,3.0,52,2023-01-02,2023-03-31,30,6,0,45.537291,8.317376,18:27,52,3
REG,11628,BIELLA S.PAOLO,NOVARA,COSSATO,3.4038461538461537,3.0,52,2023-01-02,2023-03-31,33,14,0,45.564216,8.175964,18:38,52,4
REG,11628,BIELLA S.PAOLO,NOVARA,BIELLA S.PAOLO,-0.40384615384615385,-1.0,52,2023-01-02,2023-03-31,4,0,0,45.557334,8.067541,18:52,52,5
