train_class,train_number,train_arrival_stop_name,train_departure_stop_name,stop_name,avg_arrival_delay,median_arrival_delay,count_dates_stop,first_date,last_date,count_3m_delay,count_5m_delay,count_10m_delay,stop_lat,stop_lon,stop_time,count_dates_train,stop_number
REG,19193,PIAZZA AL SERCHIO,AULLA LUNIGIANA,AULLA LUNIGIANA,1.5263157894736843,1.0,76,2023-01-02,2023-03-31,5,2,1,44.210555,9.970015,07:28,76,1
REG,19193,PIAZZA AL SERCHIO,AULLA LUNIGIANA,FIVIZZANO ROMETTA - SOLIERA,2.25,2.0,76,2023-01-02,2023-03-31,14,2,1,44.201526,10.05953,07:37,76,2
REG,19193,PIAZZA AL SERCHIO,AULLA LUNIGIANA,FIVIZZANO - GASSANO,2.25,2.0,76,2023-01-02,2023-03-31,14,2,1,44.202672,10.091691,07:41,76,3
REG,19193,PIAZZA AL SERCHIO,AULLA LUNIGIANA,GRAGNOLA,-1.6578947368421053,-2.0,76,2023-01-02,2023-03-31,3,1,0,44.191069,10.109245,07:47,76,4
REG,19193,PIAZZA AL SERCHIO,AULLA LUNIGIANA,MONZONE-M.DEI BANCHI-ISOLANO,2.4473684210526314,2.0,76,2023-01-02,2023-03-31,25,10,0,44.165637,10.123827,07:57,76,5
REG,19193,PIAZZA AL SERCHIO,AULLA LUNIGIANA,MINUCCIANO - PIEVE - CASOLA,-0.9605263157894737,-2.0,76,2023-01-02,2023-03-31,6,1,0,44.194385,10.193837,08:07,76,6
REG,19193,PIAZZA AL SERCHIO,AULLA LUNIGIANA,PIAZZA AL SERCHIO,-0.4473684210526316,-1.0,76,2023-01-02,2023-03-31,6,2,0,44.182515,10.296615,08:18,76,7
