train_class,train_number,train_arrival_stop_name,train_departure_stop_name,stop_name,avg_arrival_delay,median_arrival_delay,count_dates_stop,first_date,last_date,count_3m_delay,count_5m_delay,count_10m_delay,stop_lat,stop_lon,stop_time,count_dates_train,stop_number
REG,10241,MILANO PORTA GARIBALDI,ARONA,ARONA,4.777777777777778,2.0,72,2023-01-02,2023-03-31,32,25,11,45.755392,8.559075,20:06,72,1
REG,10241,MILANO PORTA GARIBALDI,ARONA,DORMELLETTO,4.845070422535211,2.0,71,2023-01-02,2023-03-31,34,23,11,45.7233,8.581906,20:10,72,2
REG,10241,MILANO PORTA GARIBALDI,ARONA,SESTO CALENDE,5.555555555555555,3.0,72,2023-01-02,2023-03-31,44,31,11,45.726241,8.628135,20:15,72,3
REG,10241,MILANO PORTA GARIBALDI,ARONA,VERGIATE,4.859154929577465,3.0,71,2023-01-02,2023-03-31,38,27,11,45.717119,8.693187,20:21,72,4
REG,10241,MILANO PORTA GARIBALDI,ARONA,SOMMA LOMBARDO,5.430555555555555,3.0,72,2023-01-02,2023-03-31,44,31,13,45.686423,8.712991,20:25,72,5
REG,10241,MILANO PORTA GARIBALDI,ARONA,CASORATE SEMPIONE,6.180555555555555,4.0,72,2023-01-02,2023-03-31,50,35,13,45.675075,8.743954,20:29,72,6
REG,10241,MILANO PORTA GARIBALDI,ARONA,GALLARATE,5.527777777777778,3.0,72,2023-01-02,2023-03-31,42,31,14,45.659828,8.798243,20:34,72,7
REG,10241,MILANO PORTA GARIBALDI,ARONA,BUSTO ARSIZIO,6.583333333333333,5.0,72,2023-01-02,2023-03-31,55,38,16,45.616164,8.865031,20:40,72,8
REG,10241,MILANO PORTA GARIBALDI,ARONA,RHO FIERA MILANO,4.902777777777778,3.0,72,2023-01-02,2023-03-31,43,22,13,45.521157,9.088595,21:00,72,9
REG,10241,MILANO PORTA GARIBALDI,ARONA,MILANO PORTA GARIBALDI,4.055555555555555,2.0,72,2023-01-02,2023-03-31,36,27,9,45.484917,9.187683,21:14,72,10
