train_class,train_number,train_arrival_stop_name,train_departure_stop_name,stop_name,avg_arrival_delay,median_arrival_delay,count_dates_stop,first_date,last_date,count_3m_delay,count_5m_delay,count_10m_delay,stop_lat,stop_lon,stop_time,count_dates_train,stop_number
REG,23155,FELTRE,BELLUNO,BELLUNO,1.4,1.0,25,2023-02-27,2023-03-31,3,0,0,46.141594,12.209703,14:34,25,1
REG,23155,FELTRE,BELLUNO,SEDICO BRIBANO,-0.2,-1.0,25,2023-02-27,2023-03-31,0,0,0,46.095424,12.086508,14:45,25,2
REG,23155,FELTRE,BELLUNO,S.GIUSTINA CESIO,-0.28,-1.0,25,2023-02-27,2023-03-31,0,0,0,46.077655,12.04294,14:51,25,3
REG,23155,FELTRE,BELLUNO,BUSCHE LENTIAI MEL,-1.92,-2.0,25,2023-02-27,2023-03-31,0,0,0,46.040092,11.979251,15:04,25,4
REG,23155,FELTRE,BELLUNO,FELTRE,-0.08,0.0,25,2023-02-27,2023-03-31,0,0,0,46.012884,11.911493,15:12,25,5
