train_class,train_number,train_arrival_stop_name,train_departure_stop_name,stop_name,avg_arrival_delay,median_arrival_delay,count_dates_stop,first_date,last_date,count_3m_delay,count_5m_delay,count_10m_delay,stop_lat,stop_lon,stop_time,count_dates_train,stop_number
REG,12930,MESSINA CENTRALE,PATTI-SAN PIERO PATTI,PATTI-SAN PIERO PATTI,1.9473684210526316,2.0,38,2023-01-02,2023-03-31,8,1,0,38.146905,14.975331,22:46,38,1
REG,12930,MESSINA CENTRALE,PATTI-SAN PIERO PATTI,BARCELLONA,1.368421052631579,1.0,38,2023-01-02,2023-03-31,6,2,0,38.14918,15.212499,23:00,38,2
REG,12930,MESSINA CENTRALE,PATTI-SAN PIERO PATTI,MILAZZO,3.026315789473684,3.0,38,2023-01-02,2023-03-31,21,7,1,38.21195,15.244203,23:05,38,3
REG,12930,MESSINA CENTRALE,PATTI-SAN PIERO PATTI,PACE DEL MELA,4.684210526315789,4.0,38,2023-01-02,2023-03-31,31,18,2,38.202459,15.312676,23:09,38,4
REG,12930,MESSINA CENTRALE,PATTI-SAN PIERO PATTI,ROMETTA MESSINESE,3.5526315789473686,4.0,38,2023-01-02,2023-03-31,23,15,2,38.228455,15.405894,23:22,38,5
REG,12930,MESSINA CENTRALE,PATTI-SAN PIERO PATTI,MESSINA CENTRALE,2.9473684210526314,3.0,38,2023-01-02,2023-03-31,20,8,0,38.184975,15.561278,23:39,38,6
