train_class,train_number,train_arrival_stop_name,train_departure_stop_name,stop_name,avg_arrival_delay,median_arrival_delay,count_dates_stop,first_date,last_date,count_3m_delay,count_5m_delay,count_10m_delay,stop_lat,stop_lon,stop_time,count_dates_train,stop_number
FR,9741,VENEZIA SANTA LUCIA,MILANO CENTRALE,MILANO CENTRALE,3.0526315789473686,2.0,76,2023-01-01,2023-03-31,32,9,1,45.486347,9.204528,15:45,76,1
FR,9741,VENEZIA SANTA LUCIA,MILANO CENTRALE,BRESCIA,1.7432432432432432,1.0,74,2023-01-01,2023-03-31,22,12,1,45.532315,10.212828,16:21,76,2
FR,9741,VENEZIA SANTA LUCIA,MILANO CENTRALE,PESCHIERA DEL GARDA,3.608108108108108,2.0,74,2023-01-01,2023-03-31,34,16,5,45.438502,10.702509,16:42,76,3
FR,9741,VENEZIA SANTA LUCIA,MILANO CENTRALE,VERONA PORTA NUOVA,2.5405405405405403,2.0,74,2023-01-01,2023-03-31,26,14,4,45.428603,10.982377,16:58,76,4
FR,9741,VENEZIA SANTA LUCIA,MILANO CENTRALE,VICENZA,3.135135135135135,2.0,74,2023-01-01,2023-03-31,34,18,6,45.541102,11.540762,17:25,76,5
FR,9741,VENEZIA SANTA LUCIA,MILANO CENTRALE,PADOVA,2.48,1.0,75,2023-01-01,2023-03-31,19,12,6,45.417846,11.880794,17:44,76,6
FR,9741,VENEZIA SANTA LUCIA,MILANO CENTRALE,VENEZIA MESTRE,1.131578947368421,-2.0,76,2023-01-01,2023-03-31,12,9,6,45.482123,12.232069,18:00,76,7
FR,9741,VENEZIA SANTA LUCIA,MILANO CENTRALE,VENEZIA SANTA LUCIA,2.3157894736842106,-2.0,76,2023-01-01,2023-03-31,14,9,6,45.441569,12.320882,18:12,76,8
