train_class,train_number,train_arrival_stop_name,train_departure_stop_name,stop_name,avg_arrival_delay,median_arrival_delay,count_dates_stop,first_date,last_date,count_3m_delay,count_5m_delay,count_10m_delay,stop_lat,stop_lon,stop_time,count_dates_train,stop_number
REG,20262,ROMA TERMINI,NETTUNO,NETTUNO,2.8513513513513513,2.0,74,2023-01-02,2023-03-31,22,6,3,41.459558,12.662123,18:07,74,1
REG,20262,ROMA TERMINI,NETTUNO,ANZIO,3.4864864864864864,2.0,74,2023-01-02,2023-03-31,33,11,3,41.4532,12.633205,18:11,74,2
REG,20262,ROMA TERMINI,NETTUNO,ANZIO COLONIA,3.2432432432432434,2.0,74,2023-01-02,2023-03-31,27,9,3,41.459893,12.617442,18:14,74,3
REG,20262,ROMA TERMINI,NETTUNO,MARECHIARO,1.3918918918918919,1.0,74,2023-01-02,2023-03-31,11,6,3,41.470762,12.6123,18:18,74,4
REG,20262,ROMA TERMINI,NETTUNO,VILLA CLAUDIA,2.445945945945946,1.0,74,2023-01-02,2023-03-31,16,7,3,41.484326,12.61709,18:22,74,5
REG,20262,ROMA TERMINI,NETTUNO,LIDO DI LAVINIO,2.418918918918919,1.0,74,2023-01-02,2023-03-31,17,7,3,41.500599,12.625926,18:26,74,6
REG,20262,ROMA TERMINI,NETTUNO,PADIGLIONE,0.6351351351351351,0.0,74,2023-01-02,2023-03-31,9,5,2,41.513518,12.629476,18:30,74,7
REG,20262,ROMA TERMINI,NETTUNO,CAMPO DI CARNE,1.8513513513513513,1.0,74,2023-01-02,2023-03-31,14,6,3,41.552116,12.635125,18:35,74,8
REG,20262,ROMA TERMINI,NETTUNO,APRILIA,1.7837837837837838,1.0,74,2023-01-02,2023-03-31,12,7,2,41.592386,12.639126,18:41,74,9
REG,20262,ROMA TERMINI,NETTUNO,CAMPOLEONE,4.22972972972973,4.0,74,2023-01-02,2023-03-31,49,23,3,41.642396,12.648341,18:51,74,10
REG,20262,ROMA TERMINI,NETTUNO,TORRICOLA,3.364864864864865,2.0,74,2023-01-02,2023-03-31,32,19,4,41.809538,12.557716,19:05,74,11
REG,20262,ROMA TERMINI,NETTUNO,ROMA TERMINI,2.189189189189189,1.0,74,2023-01-02,2023-03-31,23,11,3,41.900636,12.502026,19:18,74,12
