train_class,train_number,train_arrival_stop_name,train_departure_stop_name,stop_name,avg_arrival_delay,median_arrival_delay,count_dates_stop,first_date,last_date,count_3m_delay,count_5m_delay,count_10m_delay,stop_lat,stop_lon,stop_time,count_dates_train,stop_number
REG,11523,NOVARA,ARONA,ARONA,1.03125,1.0,64,2023-01-02,2023-03-31,4,0,0,45.755392,8.559075,13:48,64,1
REG,11523,NOVARA,ARONA,DORMELLETTO PAESE,1.03125,1.0,64,2023-01-02,2023-03-31,4,0,0,45.730032,8.574324,13:52,64,2
REG,11523,NOVARA,ARONA,BORGO TICINO,1.0,1.0,64,2023-01-02,2023-03-31,6,0,0,45.691943,8.602483,13:58,64,3
REG,11523,NOVARA,ARONA,VARALLO POMBIA,1.734375,1.0,64,2023-01-02,2023-03-31,13,3,0,45.670032,8.620047,14:02,64,4
REG,11523,NOVARA,ARONA,MARANO TICINO,1.3125,1.0,64,2023-01-02,2023-03-31,5,0,0,45.629485,8.626172,14:07,64,5
REG,11523,NOVARA,ARONA,OLEGGIO,1.8125,1.0,64,2023-01-02,2023-03-31,18,2,0,45.598029,8.632586,14:11,64,6
REG,11523,NOVARA,ARONA,BELLINZAGO,1.953125,1.0,64,2023-01-02,2023-03-31,17,4,0,45.566681,8.627652,14:16,64,7
REG,11523,NOVARA,ARONA,VIGNALE,1.6875,1.0,64,2023-01-02,2023-03-31,22,3,0,45.478989,8.613132,14:23,64,8
REG,11523,NOVARA,ARONA,NOVARA,-0.765625,-1.0,64,2023-01-02,2023-03-31,4,1,0,45.451376,8.624895,14:32,64,9
