train_class,train_number,train_arrival_stop_name,train_departure_stop_name,stop_name,avg_arrival_delay,median_arrival_delay,count_dates_stop,first_date,last_date,count_3m_delay,count_5m_delay,count_10m_delay,stop_lat,stop_lon,stop_time,count_dates_train,stop_number
REG,17213,VENEZIA SANTA LUCIA,VICENZA,VICENZA,3.435483870967742,2.0,62,2023-01-02,2023-03-31,23,9,3,45.541102,11.540762,15:08,62,1
REG,17213,VENEZIA SANTA LUCIA,VICENZA,GRISIGNANO DI ZOCCO,4.016129032258065,3.0,62,2023-01-02,2023-03-31,40,13,3,45.48638,11.710762,15:19,62,2
REG,17213,VENEZIA SANTA LUCIA,VICENZA,PADOVA,-2.6774193548387095,-4.0,62,2023-01-02,2023-03-31,5,2,2,45.417846,11.880794,15:39,62,3
REG,17213,VENEZIA SANTA LUCIA,VICENZA,DOLO,2.0161290322580645,1.0,62,2023-01-02,2023-03-31,17,8,2,45.453466,12.07161,15:56,62,4
REG,17213,VENEZIA SANTA LUCIA,VICENZA,VENEZIA MESTRE,-2.306451612903226,-4.0,62,2023-01-02,2023-03-31,6,3,1,45.482123,12.232069,16:13,62,5
REG,17213,VENEZIA SANTA LUCIA,VICENZA,VENEZIA SANTA LUCIA,1.096774193548387,1.0,62,2023-01-02,2023-03-31,14,4,1,45.441569,12.320882,16:26,62,6
