train_class,train_number,train_arrival_stop_name,train_departure_stop_name,stop_name,avg_arrival_delay,median_arrival_delay,count_dates_stop,first_date,last_date,count_3m_delay,count_5m_delay,count_10m_delay,stop_lat,stop_lon,stop_time,count_dates_train,stop_number
REG,2714,TORINO P.NUOVA,AOSTA,AOSTA,1.3289473684210527,1.0,76,2023-01-02,2023-03-31,1,0,0,45.73407,7.322424,06:40,76,1
REG,2714,TORINO P.NUOVA,AOSTA,NUS,1.881578947368421,2.0,76,2023-01-02,2023-03-31,11,3,1,45.738786,7.4712,06:49,76,2
REG,2714,TORINO P.NUOVA,AOSTA,CHATILLON SAINT VINCENT,2.3815789473684212,2.0,76,2023-01-02,2023-03-31,17,5,5,45.7434,7.619309,06:59,76,3
REG,2714,TORINO P.NUOVA,AOSTA,VERRES,0.9078947368421053,0.0,76,2023-01-02,2023-03-31,15,9,3,45.659822,7.690012,07:17,76,4
REG,2714,TORINO P.NUOVA,AOSTA,PONT SAINT MARTIN,1.5921052631578947,1.0,76,2023-01-02,2023-03-31,17,10,3,45.589834,7.795024,07:27,76,5
REG,2714,TORINO P.NUOVA,AOSTA,IVREA,2.0,1.0,76,2023-01-02,2023-03-31,23,13,3,45.461542,7.876348,07:40,76,6
REG,2714,TORINO P.NUOVA,AOSTA,CHIVASSO,3.5921052631578947,2.0,76,2023-01-02,2023-03-31,38,20,5,45.193637,7.889666,08:06,76,7
REG,2714,TORINO P.NUOVA,AOSTA,TORINO PORTA SUSA,1.868421052631579,1.0,76,2023-01-02,2023-03-31,14,8,3,45.075906,7.667673,08:30,76,8
REG,2714,TORINO P.NUOVA,AOSTA,TORINO P.NUOVA,1.1842105263157894,-1.0,76,2023-01-02,2023-03-31,11,7,4,45.060969,7.67747,08:40,76,9
