train_class,train_number,train_arrival_stop_name,train_departure_stop_name,stop_name,avg_arrival_delay,median_arrival_delay,count_dates_stop,first_date,last_date,count_3m_delay,count_5m_delay,count_10m_delay,stop_lat,stop_lon,stop_time,count_dates_train,stop_number
REG,25375,GALLARATE,LUINO,LUINO,4.662650602409639,4.0,83,2023-01-01,2023-03-31,68,31,4,45.996643,8.737464,14:45,83,1
REG,25375,GALLARATE,LUINO,PORTO VALTRAVAGLIA,4.831325301204819,4.0,83,2023-01-01,2023-03-31,70,33,5,45.958219,8.674141,14:50,83,2
REG,25375,GALLARATE,LUINO,CALDE`,4.421686746987952,3.0,83,2023-01-01,2023-03-31,60,29,5,45.945812,8.663157,14:53,83,3
REG,25375,GALLARATE,LUINO,LAVENO MOMBELLO,4.686746987951807,4.0,83,2023-01-01,2023-03-31,66,31,6,45.903272,8.624583,14:59,83,4
REG,25375,GALLARATE,LUINO,SANGIANO,5.073170731707317,4.0,82,2023-01-01,2023-03-31,68,38,6,45.874464,8.630769,15:04,83,5
REG,25375,GALLARATE,LUINO,BESOZZO,3.7951807228915664,3.0,83,2023-01-01,2023-03-31,49,26,5,45.842188,8.662997,15:09,83,6
REG,25375,GALLARATE,LUINO,TRAVEDONA BIANDRONNO,3.7590361445783134,3.0,83,2023-01-01,2023-03-31,49,20,6,45.809601,8.696322,15:14,83,7
REG,25375,GALLARATE,LUINO,TERNATE VARANO BORGHI,2.1927710843373496,1.0,83,2023-01-01,2023-03-31,25,13,5,45.781835,8.700371,15:18,83,8
REG,25375,GALLARATE,LUINO,MORNAGO CIMBRO,0.2891566265060241,-1.0,83,2023-01-01,2023-03-31,14,11,5,45.729742,8.734193,15:26,83,9
REG,25375,GALLARATE,LUINO,BESNATE,0.9518072289156626,0.0,83,2023-01-01,2023-03-31,14,8,2,45.695409,8.761072,15:35,83,10
REG,25375,GALLARATE,LUINO,GALLARATE,0.1927710843373494,-1.0,83,2023-01-01,2023-03-31,11,5,2,45.659828,8.798243,15:41,83,11
