train_class,train_number,train_arrival_stop_name,train_departure_stop_name,stop_name,avg_arrival_delay,median_arrival_delay,count_dates_stop,first_date,last_date,count_3m_delay,count_5m_delay,count_10m_delay,stop_lat,stop_lon,stop_time,count_dates_train,stop_number
REG,20804,DECIMOMANNU,CAGLIARI,CAGLIARI,2.24,2.0,75,2023-01-02,2023-03-31,13,7,1,39.216078,9.107984,07:50,75,1
REG,20804,DECIMOMANNU,CAGLIARI,ELMAS AEROPORTO,1.24,1.0,75,2023-01-02,2023-03-31,9,5,1,,,07:57,75,2
REG,20804,DECIMOMANNU,CAGLIARI,CAGLIARI ELMAS,1.7733333333333334,1.0,75,2023-01-02,2023-03-31,13,5,1,39.264193,9.045497,08:00,75,3
REG,20804,DECIMOMANNU,CAGLIARI,ASSEMINI CARMINE,1.5945945945945945,1.0,74,2023-01-02,2023-03-31,13,4,1,,,08:04,75,4
REG,20804,DECIMOMANNU,CAGLIARI,ASSEMINI,-0.10810810810810811,-1.0,74,2023-01-02,2023-03-31,6,3,1,39.287603,8.997936,08:07,75,5
REG,20804,DECIMOMANNU,CAGLIARI,ASSEMINI S. LUCIA,-0.20270270270270271,-1.0,74,2023-01-02,2023-03-31,4,3,1,,,08:10,75,6
REG,20804,DECIMOMANNU,CAGLIARI,DECIMOMANNU,-0.3333333333333333,-1.0,75,2023-01-02,2023-03-31,5,3,2,39.304593,8.965808,08:16,75,7
