train_class,train_number,train_arrival_stop_name,train_departure_stop_name,stop_name,avg_arrival_delay,median_arrival_delay,count_dates_stop,first_date,last_date,count_3m_delay,count_5m_delay,count_10m_delay,stop_lat,stop_lon,stop_time,count_dates_train,stop_number
REG,16557,BELLUNO,CALALZO PIEVE CADORE CORTINA,CALALZO PIEVE CADORE CORTINA,1.489795918367347,1.0,49,2023-01-01,2023-03-31,1,1,0,46.443829,12.388668,15:28,49,1
REG,16557,BELLUNO,CALALZO PIEVE CADORE CORTINA,PERAROLO DI CADORE,-0.10204081632653061,0.0,49,2023-01-01,2023-03-31,1,0,0,46.386277,12.352493,15:39,49,2
REG,16557,BELLUNO,CALALZO PIEVE CADORE CORTINA,LONGARONE ZOLDO,3.204081632653061,3.0,49,2023-01-01,2023-03-31,33,4,1,46.267466,12.301953,15:55,49,3
REG,16557,BELLUNO,CALALZO PIEVE CADORE CORTINA,PONTE NELLE ALPI POLPET,1.0816326530612246,1.0,49,2023-01-01,2023-03-31,6,2,1,46.182328,12.277604,16:08,49,4
REG,16557,BELLUNO,CALALZO PIEVE CADORE CORTINA,BELLUNO,0.673469387755102,1.0,49,2023-01-01,2023-03-31,3,1,0,46.141594,12.209703,16:18,49,5
