train_class,train_number,train_arrival_stop_name,train_departure_stop_name,stop_name,avg_arrival_delay,median_arrival_delay,count_dates_stop,first_date,last_date,count_3m_delay,count_5m_delay,count_10m_delay,stop_lat,stop_lon,stop_time,count_dates_train,stop_number
REG,19294,PONTREMOLI,LA SPEZIA CENTRALE,LA SPEZIA CENTRALE,1.881578947368421,2.0,76,2023-01-02,2023-03-31,15,2,0,44.11141,9.813906,15:27,76,1
REG,19294,PONTREMOLI,LA SPEZIA CENTRALE,LA SPEZIA MIGLIARINA,0.40789473684210525,0.0,76,2023-01-02,2023-03-31,5,0,0,44.123391,9.84028,15:32,76,2
REG,19294,PONTREMOLI,LA SPEZIA CENTRALE,VEZZANO LIGURE,-0.868421052631579,-1.0,76,2023-01-02,2023-03-31,2,0,0,44.127081,9.88928,15:39,76,3
REG,19294,PONTREMOLI,LA SPEZIA CENTRALE,S. STEFANO DI MAGRA,0.11842105263157894,0.0,76,2023-01-02,2023-03-31,3,0,0,44.156857,9.915202,15:44,76,4
REG,19294,PONTREMOLI,LA SPEZIA CENTRALE,AULLA LUNIGIANA,1.1710526315789473,1.0,76,2023-01-02,2023-03-31,9,2,0,44.210555,9.970015,15:50,76,5
REG,19294,PONTREMOLI,LA SPEZIA CENTRALE,VILLAFRANCA - BAGNONE,1.644736842105263,1.0,76,2023-01-02,2023-03-31,18,8,0,44.294399,9.948096,15:58,76,6
REG,19294,PONTREMOLI,LA SPEZIA CENTRALE,FILATTIERA,-0.2631578947368421,-1.0,76,2023-01-02,2023-03-31,9,5,0,44.33137,9.933352,16:05,76,7
REG,19294,PONTREMOLI,LA SPEZIA CENTRALE,PONTREMOLI,1.105263157894737,1.0,76,2023-01-02,2023-03-31,13,6,1,44.371976,9.887795,16:13,76,8
