train_class,train_number,train_arrival_stop_name,train_departure_stop_name,stop_name,avg_arrival_delay,median_arrival_delay,count_dates_stop,first_date,last_date,count_3m_delay,count_5m_delay,count_10m_delay,stop_lat,stop_lon,stop_time,count_dates_train,stop_number
REG,18663,FIRENZE S.M.N.,PISTOIA,PISTOIA,2.4788732394366195,2.0,71,2023-01-02,2023-03-31,20,7,2,43.926804,10.914624,08:22,71,1
REG,18663,FIRENZE S.M.N.,PISTOIA,PRATO CENTRALE,1.0985915492957747,1.0,71,2023-01-02,2023-03-31,12,5,1,43.878737,11.109252,08:41,71,2
REG,18663,FIRENZE S.M.N.,PISTOIA,ZAMBRA,1.2,0.0,65,2023-01-03,2023-03-31,16,8,3,43.825856,11.206206,08:58,71,3
REG,18663,FIRENZE S.M.N.,PISTOIA,FIRENZE CASTELLO,2.380281690140845,1.0,71,2023-01-02,2023-03-31,25,10,3,43.819444,11.21838,09:01,71,4
REG,18663,FIRENZE S.M.N.,PISTOIA,FIRENZE RIFREDI,2.4507042253521125,2.0,71,2023-01-02,2023-03-31,25,12,3,43.800873,11.235729,09:05,71,5
REG,18663,FIRENZE S.M.N.,PISTOIA,FIRENZE S.M.N.,1.2112676056338028,1.0,71,2023-01-02,2023-03-31,22,7,2,43.776893,11.247373,09:14,71,6
