train_class,train_number,train_arrival_stop_name,train_departure_stop_name,stop_name,avg_arrival_delay,median_arrival_delay,count_dates_stop,first_date,last_date,count_3m_delay,count_5m_delay,count_10m_delay,stop_lat,stop_lon,stop_time,count_dates_train,stop_number
REG,3521,VENEZIA SANTA LUCIA,VERONA PORTA NUOVA,VERONA PORTA NUOVA,5.813559322033898,4.0,59,2023-01-02,2023-03-31,38,26,10,45.428603,10.982377,22:22,59,1
REG,3521,VENEZIA SANTA LUCIA,VERONA PORTA NUOVA,VERONA PORTA VESCOVO,6.11864406779661,4.0,59,2023-01-02,2023-03-31,41,28,10,45.435552,11.018841,22:26,59,2
REG,3521,VENEZIA SANTA LUCIA,VERONA PORTA NUOVA,SAN BONIFACIO,6.084745762711864,4.0,59,2023-01-02,2023-03-31,41,29,11,45.40276,11.27406,22:38,59,3
REG,3521,VENEZIA SANTA LUCIA,VERONA PORTA NUOVA,VICENZA,-2.3389830508474576,-4.0,59,2023-01-02,2023-03-31,11,7,3,45.541102,11.540762,23:01,59,4
REG,3521,VENEZIA SANTA LUCIA,VERONA PORTA NUOVA,PADOVA,-0.6101694915254238,-2.0,59,2023-01-02,2023-03-31,8,7,1,45.417846,11.880794,23:20,59,5
REG,3521,VENEZIA SANTA LUCIA,VERONA PORTA NUOVA,VENEZIA MESTRE,-0.423728813559322,-1.0,59,2023-01-02,2023-03-31,7,4,0,45.482123,12.232069,23:37,59,6
REG,3521,VENEZIA SANTA LUCIA,VERONA PORTA NUOVA,VENEZIA SANTA LUCIA,-0.8983050847457628,-1.0,59,2023-01-02,2023-03-31,2,0,0,45.441569,12.320882,23:50,59,7
