train_class,train_number,train_arrival_stop_name,train_departure_stop_name,stop_name,avg_arrival_delay,median_arrival_delay,count_dates_stop,first_date,last_date,count_3m_delay,count_5m_delay,count_10m_delay,stop_lat,stop_lon,stop_time,count_dates_train,stop_number
REG,5527,REGGIO CALABRIA CENTRALE,LAMEZIA TERME CENTRALE,LAMEZIA TERME CENTRALE,1.135135135135135,1.0,74,2023-01-02,2023-03-31,2,1,0,38.921347,16.255577,06:40,74,1
REG,5527,REGGIO CALABRIA CENTRALE,LAMEZIA TERME CENTRALE,LAMEZIA TERME SAMBIASE,2.4054054054054053,2.0,74,2023-01-02,2023-03-31,28,2,0,38.959927,16.284962,06:47,74,2
REG,5527,REGGIO CALABRIA CENTRALE,LAMEZIA TERME CENTRALE,LAMEZIA TERME NICASTRO,1.027027027027027,1.0,74,2023-01-02,2023-03-31,6,1,1,38.966779,16.320043,06:51,74,3
REG,5527,REGGIO CALABRIA CENTRALE,LAMEZIA TERME CENTRALE,CATANZARO,4.851351351351352,4.0,74,2023-01-02,2023-03-31,59,27,5,38.896222,16.599081,07:15,74,4
REG,5527,REGGIO CALABRIA CENTRALE,LAMEZIA TERME CENTRALE,CATANZARO LIDO,3.8378378378378377,3.0,74,2023-01-02,2023-03-31,44,19,3,38.821788,16.612975,07:24,74,5
REG,5527,REGGIO CALABRIA CENTRALE,LAMEZIA TERME CENTRALE,SOVERATO,0.7567567567567568,-1.0,74,2023-01-02,2023-03-31,14,5,2,38.684339,16.549416,07:53,74,6
REG,5527,REGGIO CALABRIA CENTRALE,LAMEZIA TERME CENTRALE,MONASTERACE STILO,1.1756756756756757,0.0,74,2023-01-02,2023-03-31,10,6,3,38.437591,16.574444,08:16,74,7
REG,5527,REGGIO CALABRIA CENTRALE,LAMEZIA TERME CENTRALE,ROCCELLA JONICA,2.315068493150685,1.0,73,2023-01-02,2023-03-31,14,7,3,38.322043,16.406917,08:31,74,8
REG,5527,REGGIO CALABRIA CENTRALE,LAMEZIA TERME CENTRALE,GIOIOSA JONICA,2.8783783783783785,1.0,74,2023-01-02,2023-03-31,19,10,5,38.300812,16.332501,08:38,74,9
REG,5527,REGGIO CALABRIA CENTRALE,LAMEZIA TERME CENTRALE,SIDERNO,3.6486486486486487,2.0,74,2023-01-02,2023-03-31,28,11,6,38.2708,16.302,08:43,74,10
REG,5527,REGGIO CALABRIA CENTRALE,LAMEZIA TERME CENTRALE,LOCRI,4.581081081081081,3.0,74,2023-01-02,2023-03-31,38,16,8,38.233154,16.264787,08:48,74,11
REG,5527,REGGIO CALABRIA CENTRALE,LAMEZIA TERME CENTRALE,BOVALINO,5.878378378378378,3.0,74,2023-01-02,2023-03-31,52,23,10,38.149087,16.180584,08:56,74,12
REG,5527,REGGIO CALABRIA CENTRALE,LAMEZIA TERME CENTRALE,BIANCO,8.428571428571429,5.0,63,2023-01-14,2023-03-31,57,37,11,38.089072,16.153348,09:02,74,13
REG,5527,REGGIO CALABRIA CENTRALE,LAMEZIA TERME CENTRALE,BRANCALEONE,6.662162162162162,4.0,74,2023-01-02,2023-03-31,50,27,10,37.965475,16.103301,09:16,74,14
REG,5527,REGGIO CALABRIA CENTRALE,LAMEZIA TERME CENTRALE,BOVA MARINA,9.232876712328768,6.0,73,2023-01-02,2023-03-31,60,49,16,37.930269,15.923897,09:29,74,15
REG,5527,REGGIO CALABRIA CENTRALE,LAMEZIA TERME CENTRALE,MELITO DI PORTO SALVO,-1.054054054054054,-5.0,74,2023-01-02,2023-03-31,10,10,8,37.916732,15.780816,09:49,74,16
REG,5527,REGGIO CALABRIA CENTRALE,LAMEZIA TERME CENTRALE,REGGIO CALABRIA CENTRALE,-2.72972972972973,-6.0,74,2023-01-02,2023-03-31,9,8,4,38.103884,15.635844,10:27,74,17
