train_class,train_number,train_arrival_stop_name,train_departure_stop_name,stop_name,avg_arrival_delay,median_arrival_delay,count_dates_stop,first_date,last_date,count_3m_delay,count_5m_delay,count_10m_delay,stop_lat,stop_lon,stop_time,count_dates_train,stop_number
REG,20150,ROMA TIBURTINA,VELLETRI,VELLETRI,1.912280701754386,2.0,57,2023-01-02,2023-03-31,7,1,1,41.682421,12.780864,16:27,57,1
REG,20150,ROMA TIBURTINA,VELLETRI,S. EUROSIA,1.0175438596491229,1.0,57,2023-01-02,2023-03-31,2,1,1,41.675927,12.755105,16:31,57,2
REG,20150,ROMA TIBURTINA,VELLETRI,S. GENNARO,1.5263157894736843,1.0,57,2023-01-02,2023-03-31,6,1,1,,,16:34,57,3
REG,20150,ROMA TIBURTINA,VELLETRI,LANUVIO,-0.42105263157894735,-1.0,57,2023-01-02,2023-03-31,1,1,1,41.672211,12.690885,16:41,57,4
REG,20150,ROMA TIBURTINA,VELLETRI,CECCHINA,1.8421052631578947,1.0,57,2023-01-02,2023-03-31,11,5,3,41.692029,12.650992,16:49,57,5
REG,20150,ROMA TIBURTINA,VELLETRI,CANCELLIERA,3.719298245614035,3.0,57,2023-01-02,2023-03-31,37,13,3,41.710587,12.621758,16:53,57,6
REG,20150,ROMA TIBURTINA,VELLETRI,PAVONA,0.14035087719298245,-1.0,57,2023-01-02,2023-03-31,10,4,1,41.723897,12.61116,16:59,57,7
REG,20150,ROMA TIBURTINA,VELLETRI,S. MARIA DELLE MOLE,5.175438596491228,4.0,57,2023-01-02,2023-03-31,51,28,5,41.774417,12.606225,17:05,57,8
REG,20150,ROMA TIBURTINA,VELLETRI,CASABIANCA,4.350877192982456,4.0,57,2023-01-02,2023-03-31,40,16,5,41.788327,12.60431,17:08,57,9
REG,20150,ROMA TIBURTINA,VELLETRI,CIAMPINO,2.1403508771929824,2.0,57,2023-01-02,2023-03-31,15,8,3,41.804442,12.599546,17:13,57,10
REG,20150,ROMA TIBURTINA,VELLETRI,CAPANNELLE,3.6666666666666665,3.0,57,2023-01-02,2023-03-31,32,13,5,41.830713,12.568884,17:17,57,11
REG,20150,ROMA TIBURTINA,VELLETRI,ROMA TIBURTINA,1.7543859649122806,1.0,57,2023-01-02,2023-03-31,16,6,4,41.910903,12.530749,17:33,57,12
