train_class,train_number,train_arrival_stop_name,train_departure_stop_name,stop_name,avg_arrival_delay,median_arrival_delay,count_dates_stop,first_date,last_date,count_3m_delay,count_5m_delay,count_10m_delay,stop_lat,stop_lon,stop_time,count_dates_train,stop_number
REG,19051,SIENA,EMPOLI,EMPOLI,3.1666666666666665,2.0,72,2023-01-02,2023-03-31,22,5,2,43.715708,10.94915,18:08,72,1
REG,19051,SIENA,EMPOLI,PONTE A ELSA,2.3194444444444446,1.0,72,2023-01-02,2023-03-31,9,4,2,43.694385,10.906008,18:12,72,2
REG,19051,SIENA,EMPOLI,GRANAIOLO,6.333333333333333,5.0,72,2023-01-02,2023-03-31,72,49,5,43.652244,10.945223,18:17,72,3
REG,19051,SIENA,EMPOLI,CERTALDO,5.75,4.0,72,2023-01-02,2023-03-31,64,34,8,43.547124,11.037711,18:30,72,4
REG,19051,SIENA,EMPOLI,POGGIBONSI,3.4027777777777777,2.0,72,2023-01-02,2023-03-31,32,18,5,43.468093,11.149455,18:44,72,5
REG,19051,SIENA,EMPOLI,CASTELLINA CH,0.7638888888888888,-1.0,72,2023-01-02,2023-03-31,13,6,3,43.408744,11.212379,18:59,72,6
REG,19051,SIENA,EMPOLI,P.M. BADESSE,1.8888888888888888,0.0,72,2023-01-02,2023-03-31,15,8,3,43.382144,11.277136,19:06,72,7
REG,19051,SIENA,EMPOLI,SIENA,2.0,0.0,72,2023-01-02,2023-03-31,11,7,3,43.331708,11.322972,19:16,72,8
