train_class,train_number,train_arrival_stop_name,train_departure_stop_name,stop_name,avg_arrival_delay,median_arrival_delay,count_dates_stop,first_date,last_date,count_3m_delay,count_5m_delay,count_10m_delay,stop_lat,stop_lon,stop_time,count_dates_train,stop_number
REG,21235,CAGLIARI,ORISTANO,ORISTANO,4.857142857142857,3.0,14,2023-01-01,2023-03-26,8,2,1,39.902033,8.603974,15:30,14,1
REG,21235,CAGLIARI,ORISTANO,MARRUBIU TERRALBA ARBOREA,3.5714285714285716,1.0,14,2023-01-01,2023-03-26,6,2,1,39.75293,8.641144,15:40,14,2
REG,21235,CAGLIARI,ORISTANO,URAS MOGORO,6.071428571428571,4.0,14,2023-01-01,2023-03-26,12,6,1,39.692629,8.696459,15:46,14,3
REG,21235,CAGLIARI,ORISTANO,SAN GAVINO,6.785714285714286,5.0,14,2023-01-01,2023-03-26,12,8,1,39.546206,8.788017,15:57,14,4
REG,21235,CAGLIARI,ORISTANO,SAMASSI SERRENTI,5.857142857142857,4.0,14,2023-01-01,2023-03-26,12,6,1,39.483075,8.899035,16:06,14,5
REG,21235,CAGLIARI,ORISTANO,SERRAMANNA NURAMINIS,6.071428571428571,4.0,14,2023-01-01,2023-03-26,12,7,1,39.426123,8.916579,16:11,14,6
REG,21235,CAGLIARI,ORISTANO,VILLASOR,5.928571428571429,4.0,14,2023-01-01,2023-03-26,12,7,1,39.381451,8.935907,16:17,14,7
REG,21235,CAGLIARI,ORISTANO,DECIMOMANNU,6.785714285714286,5.0,14,2023-01-01,2023-03-26,12,8,1,39.304593,8.965808,16:23,14,8
REG,21235,CAGLIARI,ORISTANO,ASSEMINI,5.857142857142857,4.0,14,2023-01-01,2023-03-26,10,7,1,39.287603,8.997936,16:28,14,9
REG,21235,CAGLIARI,ORISTANO,CAGLIARI ELMAS,3.642857142857143,2.0,14,2023-01-01,2023-03-26,7,5,1,39.264193,9.045497,16:34,14,10
REG,21235,CAGLIARI,ORISTANO,ELMAS AEROPORTO,2.9285714285714284,1.0,14,2023-01-01,2023-03-26,7,3,1,,,16:38,14,11
REG,21235,CAGLIARI,ORISTANO,CAGLIARI,2.0,1.0,14,2023-01-01,2023-03-26,4,1,1,39.216078,9.107984,16:46,14,12
