train_class,train_number,train_arrival_stop_name,train_departure_stop_name,stop_name,avg_arrival_delay,median_arrival_delay,count_dates_stop,first_date,last_date,count_3m_delay,count_5m_delay,count_10m_delay,stop_lat,stop_lon,stop_time,count_dates_train,stop_number
REG,2739,AOSTA,TORINO P.NUOVA,TORINO P.NUOVA,2.8133333333333335,2.0,75,2023-01-02,2023-03-31,24,8,2,45.060969,7.67747,18:25,75,1
REG,2739,AOSTA,TORINO P.NUOVA,TORINO PORTA SUSA,-0.09333333333333334,-1.0,75,2023-01-02,2023-03-31,9,4,1,45.075906,7.667673,18:33,75,2
REG,2739,AOSTA,TORINO P.NUOVA,CHIVASSO,2.3466666666666667,2.0,75,2023-01-02,2023-03-31,30,12,1,45.193637,7.889666,18:48,75,3
REG,2739,AOSTA,TORINO P.NUOVA,IVREA,4.76,3.0,75,2023-01-02,2023-03-31,42,28,5,45.461542,7.876348,19:22,75,4
REG,2739,AOSTA,TORINO P.NUOVA,PONT SAINT MARTIN,5.1466666666666665,3.0,75,2023-01-02,2023-03-31,45,30,8,45.589834,7.795024,19:36,75,5
REG,2739,AOSTA,TORINO P.NUOVA,VERRES,4.8933333333333335,3.0,75,2023-01-02,2023-03-31,39,22,7,45.659822,7.690012,19:47,75,6
REG,2739,AOSTA,TORINO P.NUOVA,CHATILLON SAINT VINCENT,4.706666666666667,2.0,75,2023-01-02,2023-03-31,37,21,7,45.7434,7.619309,19:59,75,7
REG,2739,AOSTA,TORINO P.NUOVA,NUS,6.346666666666667,4.0,75,2023-01-02,2023-03-31,62,33,10,45.738786,7.4712,20:09,75,8
REG,2739,AOSTA,TORINO P.NUOVA,AOSTA,5.933333333333334,4.0,75,2023-01-02,2023-03-31,55,28,10,45.73407,7.322424,20:20,75,9
