train_class,train_number,train_arrival_stop_name,train_departure_stop_name,stop_name,avg_arrival_delay,median_arrival_delay,count_dates_stop,first_date,last_date,count_3m_delay,count_5m_delay,count_10m_delay,stop_lat,stop_lon,stop_time,count_dates_train,stop_number
REG,19232,PARMA,PONTREMOLI,PONTREMOLI,1.9315068493150684,2.0,73,2023-01-02,2023-03-31,8,2,1,44.371976,9.887795,05:04,73,1
REG,19232,PARMA,PONTREMOLI,BORGO VAL DI TARO,0.3013698630136986,0.0,73,2023-01-02,2023-03-31,7,5,1,44.486522,9.781489,05:22,73,2
REG,19232,PARMA,PONTREMOLI,OSTIA PARMENSE,2.232876712328767,2.0,73,2023-01-02,2023-03-31,15,7,2,44.520136,9.844981,05:29,73,3
REG,19232,PARMA,PONTREMOLI,BERCETO,0.6027397260273972,0.0,73,2023-01-02,2023-03-31,9,5,0,44.555912,9.931759,05:40,73,4
REG,19232,PARMA,PONTREMOLI,FORNOVO,0.1232876712328767,0.0,73,2023-01-02,2023-03-31,6,3,0,44.693791,10.102014,05:59,73,5
REG,19232,PARMA,PONTREMOLI,OZZANO TARO,1.6027397260273972,1.0,73,2023-01-02,2023-03-31,11,5,0,44.712268,10.141022,06:04,73,6
REG,19232,PARMA,PONTREMOLI,COLLECCHIO,2.2739726027397262,1.0,73,2023-01-02,2023-03-31,23,9,2,44.755339,10.21228,06:09,73,7
REG,19232,PARMA,PONTREMOLI,VICOFERTILE,4.123287671232877,4.0,73,2023-01-02,2023-03-31,56,23,3,44.778436,10.25834,06:13,73,8
REG,19232,PARMA,PONTREMOLI,PARMA,2.6027397260273974,2.0,73,2023-01-02,2023-03-31,35,12,2,44.810203,10.32837,06:22,73,9
