train_class,train_number,train_arrival_stop_name,train_departure_stop_name,stop_name,avg_arrival_delay,median_arrival_delay,count_dates_stop,first_date,last_date,count_3m_delay,count_5m_delay,count_10m_delay,stop_lat,stop_lon,stop_time,count_dates_train,stop_number
REG,12442,SAVONA,SESTRI LEVANTE,SESTRI LEVANTE,7.7272727272727275,7.0,22,2023-01-01,2023-03-25,20,17,9,44.27626,9.397651,18:30,22,1
REG,12442,SAVONA,SESTRI LEVANTE,CHIAVARI,7.136363636363637,6.0,22,2023-01-01,2023-03-25,19,15,8,44.315156,9.322464,18:39,22,2
REG,12442,SAVONA,SESTRI LEVANTE,S. MARGHERITA LIGURE PORTOFINO,8.863636363636363,9.0,22,2023-01-01,2023-03-25,19,15,11,44.33676,9.216673,18:54,22,3
REG,12442,SAVONA,SESTRI LEVANTE,RECCO,8.954545454545455,9.0,22,2023-01-01,2023-03-25,16,16,9,44.361215,9.146788,19:03,22,4
REG,12442,SAVONA,SESTRI LEVANTE,GENOVA NERVI,7.863636363636363,5.0,22,2023-01-01,2023-03-25,15,15,9,44.381271,9.039895,19:21,22,5
REG,12442,SAVONA,SESTRI LEVANTE,GENOVA QUARTO DEI MILLE,8.818181818181818,6.0,22,2023-01-01,2023-03-25,17,15,10,44.388607,8.99597,19:27,22,6
REG,12442,SAVONA,SESTRI LEVANTE,GENOVA BRIGNOLE,7.2272727272727275,4.0,22,2023-01-01,2023-03-25,16,10,6,44.407213,8.947553,19:37,22,7
REG,12442,SAVONA,SESTRI LEVANTE,GENOVA P. PRINCIPE SOTTERRANEA,3.227272727272727,0.0,22,2023-01-01,2023-03-25,10,9,4,44.414803,8.918041,19:46,22,8
REG,12442,SAVONA,SESTRI LEVANTE,GENOVA SAMPIERDARENA,4.363636363636363,2.0,22,2023-01-01,2023-03-25,11,7,2,44.413102,8.887271,19:54,22,9
REG,12442,SAVONA,SESTRI LEVANTE,GENOVA SESTRI PONENTE,4.136363636363637,3.0,22,2023-01-01,2023-03-25,13,6,2,44.422374,8.847707,20:01,22,10
REG,12442,SAVONA,SESTRI LEVANTE,GENOVA VOLTRI,-0.22727272727272727,-2.0,22,2023-01-01,2023-03-25,3,2,2,44.428467,8.758163,20:18,22,11
REG,12442,SAVONA,SESTRI LEVANTE,ARENZANO,-0.9090909090909091,-2.0,22,2023-01-01,2023-03-25,2,2,1,44.403089,8.678322,20:26,22,12
REG,12442,SAVONA,SESTRI LEVANTE,COGOLETO,1.3636363636363635,1.0,22,2023-01-01,2023-03-25,2,2,1,44.389762,8.643906,20:30,22,13
REG,12442,SAVONA,SESTRI LEVANTE,VARAZZE,1.0,0.0,22,2023-01-01,2023-03-25,3,2,1,44.356842,8.566682,20:36,22,14
REG,12442,SAVONA,SESTRI LEVANTE,ALBISOLA,0.2727272727272727,-1.0,22,2023-01-01,2023-03-25,2,2,1,44.33469,8.512092,20:44,22,15
REG,12442,SAVONA,SESTRI LEVANTE,SAVONA,0.3181818181818182,-1.0,22,2023-01-01,2023-03-25,3,2,1,44.306892,8.470259,20:52,22,16
