train_class,train_number,train_arrival_stop_name,train_departure_stop_name,stop_name,avg_arrival_delay,median_arrival_delay,count_dates_stop,first_date,last_date,count_3m_delay,count_5m_delay,count_10m_delay,stop_lat,stop_lon,stop_time,count_dates_train,stop_number
REG,5547,REGGIO CALABRIA CENTRALE,LAMEZIA TERME CENTRALE,LAMEZIA TERME CENTRALE,1.2,1.0,75,2023-01-02,2023-03-31,4,2,0,38.921347,16.255577,16:40,75,1
REG,5547,REGGIO CALABRIA CENTRALE,LAMEZIA TERME CENTRALE,LAMEZIA TERME SAMBIASE,2.4,2.0,75,2023-01-02,2023-03-31,24,3,0,38.959927,16.284962,16:47,75,2
REG,5547,REGGIO CALABRIA CENTRALE,LAMEZIA TERME CENTRALE,LAMEZIA TERME NICASTRO,0.5066666666666667,0.0,75,2023-01-02,2023-03-31,4,1,0,38.966779,16.320043,16:51,75,3
REG,5547,REGGIO CALABRIA CENTRALE,LAMEZIA TERME CENTRALE,CATANZARO,4.973333333333334,4.0,75,2023-01-02,2023-03-31,63,36,8,38.896222,16.599081,17:15,75,4
REG,5547,REGGIO CALABRIA CENTRALE,LAMEZIA TERME CENTRALE,CATANZARO LIDO,3.72,3.0,75,2023-01-02,2023-03-31,50,26,2,38.821788,16.612975,17:24,75,5
REG,5547,REGGIO CALABRIA CENTRALE,LAMEZIA TERME CENTRALE,SOVERATO,4.013333333333334,3.0,75,2023-01-02,2023-03-31,42,23,11,38.684339,16.549416,17:48,75,6
REG,5547,REGGIO CALABRIA CENTRALE,LAMEZIA TERME CENTRALE,MONASTERACE STILO,7.84,7.0,75,2023-01-02,2023-03-31,63,58,23,38.437591,16.574444,18:06,75,7
REG,5547,REGGIO CALABRIA CENTRALE,LAMEZIA TERME CENTRALE,ROCCELLA JONICA,8.64,8.0,75,2023-01-02,2023-03-31,63,56,28,38.322043,16.406917,18:21,75,8
REG,5547,REGGIO CALABRIA CENTRALE,LAMEZIA TERME CENTRALE,GIOIOSA JONICA,6.493333333333333,5.0,75,2023-01-02,2023-03-31,54,42,18,38.300812,16.332501,18:31,75,9
REG,5547,REGGIO CALABRIA CENTRALE,LAMEZIA TERME CENTRALE,SIDERNO,7.64,6.0,75,2023-01-02,2023-03-31,62,52,14,38.2708,16.302,18:39,75,10
REG,5547,REGGIO CALABRIA CENTRALE,LAMEZIA TERME CENTRALE,LOCRI,8.52,7.0,75,2023-01-02,2023-03-31,66,54,18,38.233154,16.264787,18:44,75,11
REG,5547,REGGIO CALABRIA CENTRALE,LAMEZIA TERME CENTRALE,BOVALINO,8.96,7.0,75,2023-01-02,2023-03-31,70,56,20,38.149087,16.180584,18:52,75,12
REG,5547,REGGIO CALABRIA CENTRALE,LAMEZIA TERME CENTRALE,BIANCO,8.246153846153845,6.0,65,2023-01-14,2023-03-31,55,45,14,38.089072,16.153348,18:59,75,13
REG,5547,REGGIO CALABRIA CENTRALE,LAMEZIA TERME CENTRALE,BRANCALEONE,9.426666666666666,6.0,75,2023-01-02,2023-03-31,64,46,20,37.965475,16.103301,19:11,75,14
REG,5547,REGGIO CALABRIA CENTRALE,LAMEZIA TERME CENTRALE,BOVA MARINA,13.12,10.0,75,2023-01-02,2023-03-31,73,68,40,37.930269,15.923897,19:27,75,15
REG,5547,REGGIO CALABRIA CENTRALE,LAMEZIA TERME CENTRALE,MELITO DI PORTO SALVO,10.84,8.0,75,2023-01-02,2023-03-31,66,54,31,37.916732,15.780816,19:39,75,16
REG,5547,REGGIO CALABRIA CENTRALE,LAMEZIA TERME CENTRALE,REGGIO CALABRIA CENTRALE,9.693333333333333,6.0,75,2023-01-02,2023-03-31,58,44,20,38.103884,15.635844,20:03,75,17
