train_class,train_number,train_arrival_stop_name,train_departure_stop_name,stop_name,avg_arrival_delay,median_arrival_delay,count_dates_stop,first_date,last_date,count_3m_delay,count_5m_delay,count_10m_delay,stop_lat,stop_lon,stop_time,count_dates_train,stop_number
REG,3725,PADOVA,MONTEBELLUNA,MONTEBELLUNA,1.4285714285714286,1.0,14,2023-01-01,2023-03-26,1,0,0,45.776434,12.054,19:08,14,1
REG,3725,PADOVA,MONTEBELLUNA,FANZOLO,0.42857142857142855,0.0,14,2023-01-01,2023-03-26,1,0,0,45.708253,11.992069,19:15,14,2
REG,3725,PADOVA,MONTEBELLUNA,CASTELFRANCO VENETO,1.4285714285714286,1.0,14,2023-01-01,2023-03-26,1,0,0,45.666439,11.934315,19:23,14,3
REG,3725,PADOVA,MONTEBELLUNA,CAMPOSAMPIERO,1.5714285714285714,1.0,14,2023-01-01,2023-03-26,3,0,0,45.568922,11.928293,19:34,14,4
REG,3725,PADOVA,MONTEBELLUNA,PADOVA,-2.7857142857142856,-3.0,14,2023-01-01,2023-03-26,0,0,0,45.417846,11.880794,19:56,14,5
