train_class,train_number,train_arrival_stop_name,train_departure_stop_name,stop_name,avg_arrival_delay,median_arrival_delay,count_dates_stop,first_date,last_date,count_3m_delay,count_5m_delay,count_10m_delay,stop_lat,stop_lon,stop_time,count_dates_train,stop_number
REG,26276,PINEROLO,CHIVASSO,CHIVASSO,1.3707865168539326,1.0,89,2023-01-01,2023-03-31,7,1,0,45.193637,7.889666,17:27,89,1
REG,26276,PINEROLO,CHIVASSO,BRANDIZZO,0.6404494382022472,1.0,89,2023-01-01,2023-03-31,4,1,0,45.178915,7.841218,17:31,89,2
REG,26276,PINEROLO,CHIVASSO,SETTIMO,1.1685393258426966,1.0,89,2023-01-01,2023-03-31,7,1,0,45.139834,7.769335,17:37,89,3
REG,26276,PINEROLO,CHIVASSO,TORINO STURA,0.19101123595505617,0.0,89,2023-01-01,2023-03-31,5,0,0,45.121932,7.713202,17:43,89,4
REG,26276,PINEROLO,CHIVASSO,TORINO REBAUDENGO FOSSATA,0.21348314606741572,0.0,89,2023-01-01,2023-03-31,5,1,0,,,17:48,89,5
REG,26276,PINEROLO,CHIVASSO,TORINO PORTA SUSA,-0.2808988764044944,-1.0,89,2023-01-01,2023-03-31,7,2,0,45.075906,7.667673,17:53,89,6
REG,26276,PINEROLO,CHIVASSO,TORINO LINGOTTO,1.3370786516853932,1.0,89,2023-01-01,2023-03-31,13,6,1,45.0266,7.657469,17:59,89,7
REG,26276,PINEROLO,CHIVASSO,MONCALIERI SANGONE,2.4831460674157304,2.0,89,2023-01-01,2023-03-31,28,9,3,45.000393,7.667991,18:04,89,8
REG,26276,PINEROLO,CHIVASSO,NICHELINO,3.7191011235955056,3.0,89,2023-01-01,2023-03-31,54,19,5,44.99132,7.642068,18:07,89,9
REG,26276,PINEROLO,CHIVASSO,CANDIOLO,3.6853932584269664,3.0,89,2023-01-01,2023-03-31,52,22,4,44.961155,7.598973,18:13,89,10
REG,26276,PINEROLO,CHIVASSO,NONE,5.213483146067416,5.0,89,2023-01-01,2023-03-31,71,52,3,44.938011,7.540068,18:18,89,11
REG,26276,PINEROLO,CHIVASSO,AIRASCA,6.52808988764045,6.0,89,2023-01-01,2023-03-31,81,64,13,44.928093,7.483536,18:22,89,12
REG,26276,PINEROLO,CHIVASSO,PISCINA DI PINEROLO,7.123595505617978,7.0,89,2023-01-01,2023-03-31,81,61,28,44.921744,7.425482,18:27,89,13
REG,26276,PINEROLO,CHIVASSO,PINEROLO OLIMPICA,6.47191011235955,6.0,89,2023-01-01,2023-03-31,77,55,19,44.893325,7.349043,18:36,89,14
REG,26276,PINEROLO,CHIVASSO,PINEROLO,2.0898876404494384,1.0,89,2023-01-01,2023-03-31,37,22,3,44.887673,7.337402,18:41,89,15
