train_class,train_number,train_arrival_stop_name,train_departure_stop_name,stop_name,avg_arrival_delay,median_arrival_delay,count_dates_stop,first_date,last_date,count_3m_delay,count_5m_delay,count_10m_delay,stop_lat,stop_lon,stop_time,count_dates_train,stop_number
REG,18834,PISTOIA,MONTEVARCHI TERRANUOVA,MONTEVARCHI TERRANUOVA,1.5161290322580645,1.0,62,2023-01-02,2023-03-31,11,0,0,43.525165,11.563983,11:08,62,1
REG,18834,PISTOIA,MONTEVARCHI TERRANUOVA,S.GIOVANNI VALDARNO,2.3870967741935485,2.0,62,2023-01-02,2023-03-31,26,4,0,43.56601,11.527033,11:12,62,2
REG,18834,PISTOIA,MONTEVARCHI TERRANUOVA,FIGLINE VALDARNO,2.8870967741935485,3.0,62,2023-01-02,2023-03-31,32,7,1,43.621596,11.473652,11:18,62,3
REG,18834,PISTOIA,MONTEVARCHI TERRANUOVA,INCISA,-2.1129032258064515,-2.0,62,2023-01-02,2023-03-31,2,1,0,43.656541,11.452728,11:27,62,4
REG,18834,PISTOIA,MONTEVARCHI TERRANUOVA,RIGNANO SULL`ARNO REGGELLO,-2.9838709677419355,-3.0,62,2023-01-02,2023-03-31,3,0,0,43.720834,11.452383,11:36,62,5
REG,18834,PISTOIA,MONTEVARCHI TERRANUOVA,PONTASSIEVE,1.403225806451613,1.0,62,2023-01-02,2023-03-31,6,1,0,43.773949,11.437904,11:45,62,6
REG,18834,PISTOIA,MONTEVARCHI TERRANUOVA,COMPIOBBI,0.8387096774193549,1.0,62,2023-01-02,2023-03-31,6,2,0,43.782527,11.358695,11:54,62,7
REG,18834,PISTOIA,MONTEVARCHI TERRANUOVA,FIRENZE CAMPO MARTE,1.9838709677419355,1.0,62,2023-01-02,2023-03-31,27,16,1,43.776856,11.27702,12:05,62,8
REG,18834,PISTOIA,MONTEVARCHI TERRANUOVA,FIRENZE STATUTO,1.8548387096774193,1.0,62,2023-01-02,2023-03-31,26,14,1,43.787273,11.249738,12:10,62,9
REG,18834,PISTOIA,MONTEVARCHI TERRANUOVA,FIRENZE RIFREDI,0.43548387096774194,-1.0,62,2023-01-02,2023-03-31,16,6,2,43.800873,11.235729,12:16,62,10
REG,18834,PISTOIA,MONTEVARCHI TERRANUOVA,FIRENZE CASTELLO,0.03225806451612903,-1.0,62,2023-01-02,2023-03-31,5,2,1,43.819444,11.21838,12:23,62,11
REG,18834,PISTOIA,MONTEVARCHI TERRANUOVA,ZAMBRA,0.16129032258064516,-1.0,62,2023-01-02,2023-03-31,5,2,1,43.825856,11.206206,12:26,62,12
REG,18834,PISTOIA,MONTEVARCHI TERRANUOVA,PRATO CENTRALE,-1.5806451612903225,-2.0,62,2023-01-02,2023-03-31,1,1,1,43.878737,11.109252,12:46,62,13
REG,18834,PISTOIA,MONTEVARCHI TERRANUOVA,PISTOIA,-1.8387096774193548,-2.0,62,2023-01-02,2023-03-31,2,1,1,43.926804,10.914624,13:08,62,14
