train_class,train_number,train_arrival_stop_name,train_departure_stop_name,stop_name,avg_arrival_delay,median_arrival_delay,count_dates_stop,first_date,last_date,count_3m_delay,count_5m_delay,count_10m_delay,stop_lat,stop_lon,stop_time,count_dates_train,stop_number
REG,21733,PUNTA RAISI,PALERMO CENTRALE,PALERMO CENTRALE,0.9473684210526315,1.0,76,2023-01-02,2023-03-31,3,2,1,38.109187,13.367515,12:12,76,1
REG,21733,PUNTA RAISI,PALERMO CENTRALE,GUADAGNA,1.394736842105263,1.0,76,2023-01-02,2023-03-31,4,2,1,,,12:15,76,2
REG,21733,PUNTA RAISI,PALERMO CENTRALE,VESPRI,2.1184210526315788,2.0,76,2023-01-02,2023-03-31,10,2,1,38.101996,13.362701,12:18,76,3
REG,21733,PUNTA RAISI,PALERMO CENTRALE,PALAZZO REALE-ORLEANS,-0.631578947368421,-1.0,76,2023-01-02,2023-03-31,2,1,0,38.10878,13.353962,12:21,76,4
REG,21733,PUNTA RAISI,PALERMO CENTRALE,LOLLI,0.5,0.0,76,2023-01-02,2023-03-31,2,1,0,,,12:25,76,5
REG,21733,PUNTA RAISI,PALERMO CENTRALE,PALERMO NOTARBARTOLO,-1.5,-2.0,76,2023-01-02,2023-03-31,1,1,0,38.132261,13.341572,12:29,76,6
REG,21733,PUNTA RAISI,PALERMO CENTRALE,FRANCIA,0.6052631578947368,1.0,76,2023-01-02,2023-03-31,4,1,0,38.155233,13.321938,12:33,76,7
REG,21733,PUNTA RAISI,PALERMO CENTRALE,S.LORENZO COLLI,0.881578947368421,1.0,76,2023-01-02,2023-03-31,5,1,0,38.16292,13.316449,12:36,76,8
REG,21733,PUNTA RAISI,PALERMO CENTRALE,ISOLA DELLE FEMMINE,-0.4868421052631579,-1.0,76,2023-01-02,2023-03-31,2,0,0,38.194784,13.250188,12:52,76,9
REG,21733,PUNTA RAISI,PALERMO CENTRALE,CARINI,0.7368421052631579,1.0,76,2023-01-02,2023-03-31,6,0,0,38.147696,13.186624,13:02,76,10
REG,21733,PUNTA RAISI,PALERMO CENTRALE,PIRAINETO,0.618421052631579,1.0,76,2023-01-02,2023-03-31,4,0,0,38.169148,13.14256,13:07,76,11
REG,21733,PUNTA RAISI,PALERMO CENTRALE,PUNTA RAISI,1.3026315789473684,1.0,76,2023-01-02,2023-03-31,10,0,0,38.188892,13.110059,13:12,76,12
