train_class,train_number,train_arrival_stop_name,train_departure_stop_name,stop_name,avg_arrival_delay,median_arrival_delay,count_dates_stop,first_date,last_date,count_3m_delay,count_5m_delay,count_10m_delay,stop_lat,stop_lon,stop_time,count_dates_train,stop_number
REG,26466,ALBA,TORINO STURA,TORINO STURA,1.5066666666666666,1.0,75,2023-01-03,2023-03-31,5,0,0,45.121932,7.713202,16:27,75,1
REG,26466,ALBA,TORINO STURA,TORINO REBAUDENGO FOSSATA,1.5733333333333333,1.0,75,2023-01-03,2023-03-31,8,0,0,,,16:30,75,2
REG,26466,ALBA,TORINO STURA,TORINO PORTA SUSA,1.1333333333333333,1.0,75,2023-01-03,2023-03-31,5,0,0,45.075906,7.667673,16:34,75,3
REG,26466,ALBA,TORINO STURA,TORINO LINGOTTO,0.29333333333333333,0.0,75,2023-01-03,2023-03-31,5,0,0,45.0266,7.657469,16:41,75,4
REG,26466,ALBA,TORINO STURA,MONCALIERI,1.3066666666666666,1.0,75,2023-01-03,2023-03-31,13,4,0,44.998187,7.678027,16:46,75,5
REG,26466,ALBA,TORINO STURA,TROFARELLO,0.6,0.0,75,2023-01-03,2023-03-31,10,2,0,44.980471,7.735206,16:51,75,6
REG,26466,ALBA,TORINO STURA,CARMAGNOLA,0.12,0.0,75,2023-01-03,2023-03-31,6,1,0,44.846944,7.72797,17:04,75,7
REG,26466,ALBA,TORINO STURA,SOMMARIVA BOSCO,1.08,0.0,75,2023-01-03,2023-03-31,13,3,0,44.770754,7.777086,17:12,75,8
REG,26466,ALBA,TORINO STURA,SANFRE`,1.0933333333333333,0.0,75,2023-01-03,2023-03-31,14,3,0,44.74799,7.796793,17:16,75,9
REG,26466,ALBA,TORINO STURA,BANDITO,0.8133333333333334,0.0,75,2023-01-03,2023-03-31,9,1,0,44.722075,7.819452,17:20,75,10
REG,26466,ALBA,TORINO STURA,BRA,-0.6,0.0,75,2023-01-03,2023-03-31,1,1,0,44.693556,7.848643,17:29,75,11
REG,26466,ALBA,TORINO STURA,POCAPAGLIA,0.48,0.0,75,2023-01-03,2023-03-31,4,3,1,44.701066,7.892496,17:36,75,12
REG,26466,ALBA,TORINO STURA,S.VITTORIA,0.34782608695652173,0.0,69,2023-01-03,2023-03-31,4,2,0,44.69561,7.916909,17:40,75,13
REG,26466,ALBA,TORINO STURA,MUSSOTTO,0.34782608695652173,0.0,69,2023-01-03,2023-03-31,4,2,0,44.713227,8.015194,17:48,75,14
REG,26466,ALBA,TORINO STURA,ALBA,0.06666666666666667,0.0,75,2023-01-03,2023-03-31,4,2,0,44.697713,8.030629,17:53,75,15
