train_class,train_number,train_arrival_stop_name,train_departure_stop_name,stop_name,avg_arrival_delay,median_arrival_delay,count_dates_stop,first_date,last_date,count_3m_delay,count_5m_delay,count_10m_delay,stop_lat,stop_lon,stop_time,count_dates_train,stop_number
REG,23553,BARI CENTRALE,BARLETTA,BARLETTA,2.75,3.0,12,2023-01-07,2023-03-25,7,0,0,41.315227,16.278867,16:27,12,1
REG,23553,BARI CENTRALE,BARLETTA,TRANI,2.5,3.0,12,2023-01-07,2023-03-25,7,0,0,41.272693,16.417646,16:35,12,2
REG,23553,BARI CENTRALE,BARLETTA,BISCEGLIE,3.5833333333333335,3.0,12,2023-01-07,2023-03-25,8,3,0,41.235445,16.499484,16:41,12,3
REG,23553,BARI CENTRALE,BARLETTA,MOLFETTA,2.5,2.0,12,2023-01-07,2023-03-25,6,1,0,41.196008,16.596793,16:49,12,4
REG,23553,BARI CENTRALE,BARLETTA,GIOVINAZZO,3.75,3.0,12,2023-01-07,2023-03-25,8,3,0,41.180968,16.669346,16:54,12,5
REG,23553,BARI CENTRALE,BARLETTA,BARI S. SPIRITO,3.75,3.0,12,2023-01-07,2023-03-25,8,4,0,41.159653,16.746324,17:00,12,6
REG,23553,BARI CENTRALE,BARLETTA,BARI ZONA INDUSTRIALE,2.8333333333333335,2.0,12,2023-01-07,2023-03-25,5,3,0,,,17:09,12,7
REG,23553,BARI CENTRALE,BARLETTA,BARI CENTRALE,-1.0,-2.0,12,2023-01-07,2023-03-25,1,1,0,41.11774,16.869601,17:19,12,8
