train_class,train_number,train_arrival_stop_name,train_departure_stop_name,stop_name,avg_arrival_delay,median_arrival_delay,count_dates_stop,first_date,last_date,count_3m_delay,count_5m_delay,count_10m_delay,stop_lat,stop_lon,stop_time,count_dates_train,stop_number
REG,2128,TORINO P.NUOVA,GENOVA BRIGNOLE,GENOVA BRIGNOLE,2.3666666666666667,2.0,90,2023-01-01,2023-03-31,25,11,1,44.407213,8.947553,12:18,90,1
REG,2128,TORINO P.NUOVA,GENOVA BRIGNOLE,GENOVA P.PRINCIPE,1.7333333333333334,1.0,90,2023-01-01,2023-03-31,27,11,2,44.417784,8.9207,12:24,90,2
REG,2128,TORINO P.NUOVA,GENOVA BRIGNOLE,RONCO SCR.,0.9111111111111111,0.0,90,2023-01-01,2023-03-31,16,10,5,44.614537,8.949421,12:50,90,3
REG,2128,TORINO P.NUOVA,GENOVA BRIGNOLE,ARQUATA SCRIVIA,1.9555555555555555,1.0,90,2023-01-01,2023-03-31,22,11,6,44.692533,8.885342,12:59,90,4
REG,2128,TORINO P.NUOVA,GENOVA BRIGNOLE,NOVI LIGURE,0.45555555555555555,-1.0,90,2023-01-01,2023-03-31,10,7,3,44.762521,8.787289,13:13,90,5
REG,2128,TORINO P.NUOVA,GENOVA BRIGNOLE,ALESSANDRIA,-2.033333333333333,-4.0,90,2023-01-01,2023-03-31,7,6,1,44.909091,8.606498,13:29,90,6
REG,2128,TORINO P.NUOVA,GENOVA BRIGNOLE,ASTI,-1.6555555555555554,-3.0,90,2023-01-01,2023-03-31,9,4,2,44.89479,8.208112,13:52,90,7
REG,2128,TORINO P.NUOVA,GENOVA BRIGNOLE,TORINO LINGOTTO,1.1111111111111112,-1.0,90,2023-01-01,2023-03-31,15,11,3,45.0266,7.657469,14:21,90,8
REG,2128,TORINO P.NUOVA,GENOVA BRIGNOLE,TORINO P.NUOVA,1.4777777777777779,0.0,90,2023-01-01,2023-03-31,19,10,7,45.060969,7.67747,14:30,90,9
