train_class,train_number,train_arrival_stop_name,train_departure_stop_name,stop_name,avg_arrival_delay,median_arrival_delay,count_dates_stop,first_date,last_date,count_3m_delay,count_5m_delay,count_10m_delay,stop_lat,stop_lon,stop_time,count_dates_train,stop_number
REG,2426,DOMODOSSOLA,MILANO CENTRALE,MILANO CENTRALE,2.0,1.0,87,2023-01-01,2023-03-31,21,5,1,45.486347,9.204528,13:25,87,1
REG,2426,DOMODOSSOLA,MILANO CENTRALE,RHO FIERA MILANO,1.6436781609195403,1.0,87,2023-01-01,2023-03-31,23,7,2,45.521157,9.088595,13:35,87,2
REG,2426,DOMODOSSOLA,MILANO CENTRALE,BUSTO ARSIZIO,0.40229885057471265,0.0,87,2023-01-01,2023-03-31,14,8,2,45.616164,8.865031,13:53,87,3
REG,2426,DOMODOSSOLA,MILANO CENTRALE,GALLARATE,2.4367816091954024,1.0,87,2023-01-01,2023-03-31,29,14,4,45.659828,8.798243,13:59,87,4
REG,2426,DOMODOSSOLA,MILANO CENTRALE,SESTO CALENDE,2.0,1.0,87,2023-01-01,2023-03-31,28,11,4,45.726241,8.628135,14:11,87,5
REG,2426,DOMODOSSOLA,MILANO CENTRALE,ARONA,1.528735632183908,1.0,87,2023-01-01,2023-03-31,27,11,4,45.755392,8.559075,14:19,87,6
REG,2426,DOMODOSSOLA,MILANO CENTRALE,STRESA,0.7325581395348837,0.0,86,2023-01-01,2023-03-31,19,11,3,45.884486,8.531454,14:32,87,7
REG,2426,DOMODOSSOLA,MILANO CENTRALE,VERBANIA-PALLANZA,0.22988505747126436,-1.0,87,2023-01-01,2023-03-31,16,8,3,45.943821,8.47224,14:41,87,8
REG,2426,DOMODOSSOLA,MILANO CENTRALE,DOMODOSSOLA,-2.413793103448276,-3.0,87,2023-01-01,2023-03-31,6,4,1,46.115429,8.296684,15:04,87,9
