stop_name_region,train_class,avg_arrival_delay,median_arrival_delay,count_trains,count_stations,stop_id_region,count_stops,count_dates
Lombardia,EC,6.107825700311249,3.0,52,15,1.0,8996,364
Liguria,EC,11.442424242424243,4.0,5,10,2.0,165,107
Piemonte,EC,7.310334660179861,5.0,25,6,3.0,6783,335
Emilia-Romagna,EC,8.181634712411705,3.0,23,9,8.0,1982,363
Trentino-Alto Adige,EC,8.052072032978954,4.0,27,5,9.0,13827,364
Veneto,EC,7.852324616023246,4.0,42,10,12.0,9636,364
Toscana,EC,26.333333333333332,13.0,5,3,13.0,12,12
