stop_name_region,train_class,avg_arrival_delay,median_arrival_delay,count_trains,count_stations,stop_id_region,count_stops,count_dates
Lombardia,FB,5.892137096774194,2.0,2,2,1.0,992,337
Liguria,FB,6.376770979293165,4.0,11,7,2.0,12846,358
Piemonte,FB,6.889082209656372,3.0,3,5,3.0,2299,344
Lazio,FB,4.307679033649698,1.0,13,6,5.0,5795,364
Umbria,FB,5.049666868564507,2.0,2,3,6.0,1651,336
Emilia-Romagna,FB,6.805704099821747,2.0,2,3,8.0,1122,335
Marche,FB,4.779487179487179,2.0,2,4,11.0,2535,336
Toscana,FB,6.003876147847354,4.0,11,10,13.0,21671,358
