train_class,train_number,train_arrival_stop_name,train_departure_stop_name,stop_name,avg_arrival_delay,median_arrival_delay,count_dates_stop,first_date,last_date,count_3m_delay,count_5m_delay,count_10m_delay,stop_lat,stop_lon,stop_time,count_dates_train,stop_number
REG,16105,BASSANO DEL GRAPPA,TRENTO,TRENTO,1.1466666666666667,1.0,75,2023-01-02,2023-03-31,0,0,0,46.072414,11.118941,05:05,75,1
REG,16105,BASSANO DEL GRAPPA,TRENTO,VILLAZZANO,0.36,1.0,75,2023-01-02,2023-03-31,0,0,0,46.045911,11.13906,05:15,75,2
REG,16105,BASSANO DEL GRAPPA,TRENTO,POVO,-0.9333333333333333,-1.0,75,2023-01-02,2023-03-31,0,0,0,,,05:20,75,3
REG,16105,BASSANO DEL GRAPPA,TRENTO,PERGINE,-1.1333333333333333,-1.0,75,2023-01-02,2023-03-31,0,0,0,46.062482,11.232637,05:31,75,4
REG,16105,BASSANO DEL GRAPPA,TRENTO,S.CRISTOFORO AL LAGO-ISCHIA,1.7466666666666666,2.0,75,2023-01-02,2023-03-31,6,0,0,46.039743,11.23375,05:35,75,5
REG,16105,BASSANO DEL GRAPPA,TRENTO,CALCERANICA,2.16,2.0,75,2023-01-02,2023-03-31,23,0,0,46.007384,11.240713,05:40,75,6
REG,16105,BASSANO DEL GRAPPA,TRENTO,CALDONAZZO,-0.56,-1.0,75,2023-01-02,2023-03-31,0,0,0,45.997575,11.264815,05:46,75,7
REG,16105,BASSANO DEL GRAPPA,TRENTO,LEVICO,1.0666666666666667,1.0,75,2023-01-02,2023-03-31,4,0,0,46.005729,11.30493,05:51,75,8
REG,16105,BASSANO DEL GRAPPA,TRENTO,RONCEGNO BAGNI-MARTER,0.09333333333333334,0.0,75,2023-01-02,2023-03-31,2,0,0,46.03618,11.398818,06:02,75,9
REG,16105,BASSANO DEL GRAPPA,TRENTO,BORGO VALSUGANA CENTRO,1.3733333333333333,1.0,75,2023-01-02,2023-03-31,8,1,0,46.051182,11.453967,06:07,75,10
REG,16105,BASSANO DEL GRAPPA,TRENTO,BORGO VALSUGANA EST,0.6266666666666667,1.0,75,2023-01-02,2023-03-31,8,1,0,46.05224,11.462119,06:10,75,11
REG,16105,BASSANO DEL GRAPPA,TRENTO,STRIGNO,1.7466666666666666,1.0,75,2023-01-02,2023-03-31,10,2,0,46.051003,11.514327,06:15,75,12
REG,16105,BASSANO DEL GRAPPA,TRENTO,GRIGNO,2.2266666666666666,2.0,75,2023-01-02,2023-03-31,19,5,0,46.015059,11.624984,06:24,75,13
REG,16105,BASSANO DEL GRAPPA,TRENTO,TEZZE DI GRIGNO,2.533333333333333,2.0,75,2023-01-02,2023-03-31,28,4,0,45.990485,11.669726,06:30,75,14
REG,16105,BASSANO DEL GRAPPA,TRENTO,PRIMOLANO,2.8133333333333335,3.0,75,2023-01-02,2023-03-31,44,7,0,45.965315,11.700899,06:34,75,15
REG,16105,BASSANO DEL GRAPPA,TRENTO,CISMON DEL GRAPPA,1.36,1.0,75,2023-01-02,2023-03-31,17,4,0,45.919664,11.729272,06:42,75,16
REG,16105,BASSANO DEL GRAPPA,TRENTO,S.MARINO,0.8266666666666667,1.0,75,2023-01-02,2023-03-31,2,0,0,45.897699,11.692241,06:51,75,17
REG,16105,BASSANO DEL GRAPPA,TRENTO,CARPANE`VALSTAGNA,-0.8378378378378378,-1.0,74,2023-01-02,2023-03-31,2,0,0,45.860128,11.661183,06:57,75,18
REG,16105,BASSANO DEL GRAPPA,TRENTO,S.NAZARIO,1.8666666666666667,2.0,75,2023-01-02,2023-03-31,17,3,1,45.838117,11.691321,07:01,75,19
REG,16105,BASSANO DEL GRAPPA,TRENTO,SOLAGNA,1.8666666666666667,2.0,75,2023-01-02,2023-03-31,17,3,1,45.815434,11.72134,07:04,75,20
REG,16105,BASSANO DEL GRAPPA,TRENTO,BASSANO DEL GRAPPA,1.84,2.0,75,2023-01-02,2023-03-31,17,3,1,45.766697,11.741525,07:12,75,21
