train_class,train_number,train_arrival_stop_name,train_departure_stop_name,stop_name,avg_arrival_delay,median_arrival_delay,count_dates_stop,first_date,last_date,count_3m_delay,count_5m_delay,count_10m_delay,stop_lat,stop_lon,stop_time,count_dates_train,stop_number
REG,16071,SCHIO,VICENZA,VICENZA,1.6133333333333333,1.0,75,2023-01-02,2023-03-31,8,2,0,45.541102,11.540762,09:09,75,1
REG,16071,SCHIO,VICENZA,ANCONETTA,4.0,4.0,75,2023-01-02,2023-03-31,75,10,1,45.565249,11.567865,09:15,75,2
REG,16071,SCHIO,VICENZA,CAVAZZALE,-1.3733333333333333,-2.0,75,2023-01-02,2023-03-31,2,1,0,45.596079,11.569823,09:21,75,3
REG,16071,SCHIO,VICENZA,DUEVILLE,0.96,1.0,75,2023-01-02,2023-03-31,4,2,0,45.635,11.546108,09:27,75,4
REG,16071,SCHIO,VICENZA,VILLAVERLA MONTECCHIO,3.12,3.0,75,2023-01-02,2023-03-31,47,12,1,45.656998,11.524271,09:36,75,5
REG,16071,SCHIO,VICENZA,THIENE,2.7333333333333334,2.0,75,2023-01-02,2023-03-31,35,9,3,45.700697,11.475407,09:42,75,6
REG,16071,SCHIO,VICENZA,MARANO,4.16,4.0,75,2023-01-02,2023-03-31,57,24,4,45.706864,11.4246,09:48,75,7
REG,16071,SCHIO,VICENZA,SCHIO,-2.32,-3.0,75,2023-01-02,2023-03-31,5,4,2,45.710848,11.355508,10:00,75,8
