train_class,train_number,train_arrival_stop_name,train_departure_stop_name,stop_name,avg_arrival_delay,median_arrival_delay,count_dates_stop,first_date,last_date,count_3m_delay,count_5m_delay,count_10m_delay,stop_lat,stop_lon,stop_time,count_dates_train,stop_number
REG,19863,TARANTO,BARI CENTRALE,MODUGNO,0.75,1.0,12,2023-01-08,2023-03-26,2,0,0,,,00:02,12,1
REG,19863,TARANTO,BARI CENTRALE,BITETTO PALO DEL COLLE,0.9166666666666666,1.0,12,2023-01-08,2023-03-26,2,1,0,41.041481,16.74053,00:07,12,2
REG,19863,TARANTO,BARI CENTRALE,GRUMO APPULA,1.6666666666666667,1.0,12,2023-01-08,2023-03-26,2,1,0,41.01199,16.718777,00:12,12,3
REG,19863,TARANTO,BARI CENTRALE,ACQUAVIVA DELLE FONTI,1.25,0.0,12,2023-01-08,2023-03-26,2,2,0,40.892806,16.839826,00:23,12,4
REG,19863,TARANTO,BARI CENTRALE,GIOIA DEL COLLE,0.8333333333333334,0.0,12,2023-01-08,2023-03-26,2,2,0,40.796983,16.916569,00:32,12,5
REG,19863,TARANTO,BARI CENTRALE,CASTELLANETA,1.5833333333333333,1.0,12,2023-01-08,2023-03-26,2,2,0,,,00:45,12,6
REG,19863,TARANTO,BARI CENTRALE,PALAGIANELLO,0.8333333333333334,0.0,12,2023-01-08,2023-03-26,2,1,0,40.610906,16.975202,00:50,12,7
REG,19863,TARANTO,BARI CENTRALE,TARANTO,0.5,-1.0,12,2023-01-08,2023-03-26,2,1,1,40.483727,17.224059,01:12,12,8
REG,19863,TARANTO,BARI CENTRALE,BARI CENTRALE,3.4166666666666665,3.0,12,2023-01-08,2023-03-26,10,1,0,41.11774,16.869601,23:50,12,9
REG,19863,TARANTO,BARI CENTRALE,BARI VILLAGGIO DEL LAVORATORE,0.6666666666666666,1.0,12,2023-01-08,2023-03-26,1,0,0,,,23:57,12,10
