train_class,train_number,train_arrival_stop_name,train_departure_stop_name,stop_name,avg_arrival_delay,median_arrival_delay,count_dates_stop,first_date,last_date,count_3m_delay,count_5m_delay,count_10m_delay,stop_lat,stop_lon,stop_time,count_dates_train,stop_number
REG,2717,AOSTA,TORINO P.NUOVA,TORINO P.NUOVA,2.2162162162162162,2.0,74,2023-01-02,2023-03-31,10,3,1,45.060969,7.67747,07:25,74,1
REG,2717,AOSTA,TORINO P.NUOVA,TORINO PORTA SUSA,-0.2702702702702703,-1.0,74,2023-01-02,2023-03-31,7,2,1,45.075906,7.667673,07:33,74,2
REG,2717,AOSTA,TORINO P.NUOVA,CHIVASSO,2.8783783783783785,2.0,74,2023-01-02,2023-03-31,31,12,2,45.193637,7.889666,07:48,74,3
REG,2717,AOSTA,TORINO P.NUOVA,IVREA,3.7027027027027026,3.0,74,2023-01-02,2023-03-31,39,24,4,45.461542,7.876348,08:22,74,4
REG,2717,AOSTA,TORINO P.NUOVA,PONT SAINT MARTIN,5.148648648648648,4.0,74,2023-01-02,2023-03-31,48,37,8,45.589834,7.795024,08:36,74,5
REG,2717,AOSTA,TORINO P.NUOVA,VERRES,4.6438356164383565,4.0,73,2023-01-02,2023-03-31,46,33,7,45.659822,7.690012,08:47,74,6
REG,2717,AOSTA,TORINO P.NUOVA,CHATILLON SAINT VINCENT,4.917808219178082,4.0,73,2023-01-02,2023-03-31,46,32,8,45.7434,7.619309,08:59,74,7
REG,2717,AOSTA,TORINO P.NUOVA,NUS,5.904109589041096,4.0,73,2023-01-02,2023-03-31,62,35,9,45.738786,7.4712,09:09,74,8
REG,2717,AOSTA,TORINO P.NUOVA,AOSTA,5.1891891891891895,4.0,74,2023-01-02,2023-03-31,52,30,7,45.73407,7.322424,09:20,74,9
