train_class,train_number,train_arrival_stop_name,train_departure_stop_name,stop_name,avg_arrival_delay,median_arrival_delay,count_dates_stop,first_date,last_date,count_3m_delay,count_5m_delay,count_10m_delay,stop_lat,stop_lon,stop_time,count_dates_train,stop_number
REG,26626,TORINO STURA,ASTI,ASTI,1.7432432432432432,1.0,74,2023-01-02,2023-03-31,15,4,0,44.89479,8.208112,17:10,74,1
REG,26626,TORINO STURA,ASTI,S. DAMIANO D`ASTI,0.7534246575342466,1.0,73,2023-01-02,2023-03-31,7,3,0,44.878914,8.125956,17:16,74,2
REG,26626,TORINO STURA,ASTI,BALDICHIERI,2.410958904109589,2.0,73,2023-01-02,2023-03-31,29,5,0,44.899204,8.091198,17:21,74,3
REG,26626,TORINO STURA,ASTI,VILLAFRANCA C.,-0.7432432432432432,-1.0,74,2023-01-02,2023-03-31,4,0,0,44.908916,8.043692,17:26,74,4
REG,26626,TORINO STURA,ASTI,S. PAOLO SOLBRITO,1.3013698630136987,1.0,73,2023-01-02,2023-03-31,9,2,0,44.951753,7.975779,17:32,74,5
REG,26626,TORINO STURA,ASTI,VILLANOVA,0.3108108108108108,0.0,74,2023-01-02,2023-03-31,8,5,0,44.963159,7.947136,17:36,74,6
REG,26626,TORINO STURA,ASTI,PESSIONE,1.9726027397260273,1.0,73,2023-01-02,2023-03-31,15,7,0,44.965132,7.841321,17:42,74,7
REG,26626,TORINO STURA,ASTI,CAMBIANO SANTENA,0.4864864864864865,0.0,74,2023-01-02,2023-03-31,11,4,0,44.966491,7.773225,17:47,74,8
REG,26626,TORINO STURA,ASTI,TROFARELLO,0.5945945945945946,0.0,74,2023-01-02,2023-03-31,10,6,0,44.980471,7.735206,17:52,74,9
REG,26626,TORINO STURA,ASTI,MONCALIERI,2.2837837837837838,2.0,74,2023-01-02,2023-03-31,31,11,0,44.998187,7.678027,17:57,74,10
REG,26626,TORINO STURA,ASTI,TORINO LINGOTTO,1.0405405405405406,1.0,74,2023-01-02,2023-03-31,18,8,0,45.0266,7.657469,18:04,74,11
REG,26626,TORINO STURA,ASTI,TORINO PORTA SUSA,0.5135135135135135,0.0,74,2023-01-02,2023-03-31,15,3,0,45.075906,7.667673,18:12,74,12
REG,26626,TORINO STURA,ASTI,TORINO REBAUDENGO FOSSATA,1.4594594594594594,1.0,74,2023-01-02,2023-03-31,19,5,0,,,18:16,74,13
REG,26626,TORINO STURA,ASTI,TORINO STURA,1.0135135135135136,1.0,74,2023-01-02,2023-03-31,14,2,0,45.121932,7.713202,18:21,74,14
