train_class,train_number,train_arrival_stop_name,train_departure_stop_name,stop_name,avg_arrival_delay,median_arrival_delay,count_dates_stop,first_date,last_date,count_3m_delay,count_5m_delay,count_10m_delay,stop_lat,stop_lon,stop_time,count_dates_train,stop_number
REG,12728,ROMA TERMINI,MINTURNO,MINTURNO,2.4126984126984126,2.0,63,2023-01-02,2023-03-31,23,9,0,41.257621,13.720664,07:03,63,1
REG,12728,ROMA TERMINI,MINTURNO,FORMIA-GAETA,3.8095238095238093,3.0,63,2023-01-02,2023-03-31,43,14,1,41.258773,13.605996,07:10,63,2
REG,12728,ROMA TERMINI,MINTURNO,ITRI,2.8412698412698414,2.0,63,2023-01-02,2023-03-31,26,14,1,41.271328,13.545549,07:17,63,3
REG,12728,ROMA TERMINI,MINTURNO,FONDI - SPERLONGA,2.761904761904762,2.0,63,2023-01-02,2023-03-31,26,13,1,41.337663,13.424893,07:25,63,4
REG,12728,ROMA TERMINI,MINTURNO,MONTE S.BIAGIO,4.349206349206349,4.0,63,2023-01-02,2023-03-31,45,26,7,41.345967,13.347037,07:31,63,5
REG,12728,ROMA TERMINI,MINTURNO,PRIVERNO FOSSANOVA,7.190476190476191,8.0,63,2023-01-02,2023-03-31,52,39,21,41.421853,13.186406,07:43,63,6
REG,12728,ROMA TERMINI,MINTURNO,SEZZE ROMANO,8.370967741935484,8.0,62,2023-01-02,2023-03-31,62,60,21,41.495542,13.038452,07:55,63,7
REG,12728,ROMA TERMINI,MINTURNO,LATINA,-3.3492063492063493,-4.0,63,2023-01-02,2023-03-31,3,2,0,41.538372,12.945888,08:13,63,8
REG,12728,ROMA TERMINI,MINTURNO,CISTERNA DI LATINA,-0.07936507936507936,-1.0,63,2023-01-02,2023-03-31,7,4,0,41.586511,12.827538,08:23,63,9
REG,12728,ROMA TERMINI,MINTURNO,CAMPOLEONE,1.7580645161290323,0.0,62,2023-01-02,2023-03-31,15,7,1,41.642396,12.648341,08:34,63,10
REG,12728,ROMA TERMINI,MINTURNO,POMEZIA - S.PALOMBA,2.4285714285714284,1.0,63,2023-01-02,2023-03-31,23,10,1,41.706171,12.573611,08:41,63,11
REG,12728,ROMA TERMINI,MINTURNO,ROMA TERMINI,3.380952380952381,2.0,63,2023-01-02,2023-03-31,28,13,3,41.900636,12.502026,08:59,63,12
