train_class,train_number,train_arrival_stop_name,train_departure_stop_name,stop_name,avg_arrival_delay,median_arrival_delay,count_dates_stop,first_date,last_date,count_3m_delay,count_5m_delay,count_10m_delay,stop_lat,stop_lon,stop_time,count_dates_train,stop_number
REG,3967,BOLOGNA C.LE,VENEZIA SANTA LUCIA,VENEZIA SANTA LUCIA,1.4382022471910112,1.0,89,2023-01-01,2023-03-31,15,3,1,45.441569,12.320882,08:40,89,1
REG,3967,BOLOGNA C.LE,VENEZIA SANTA LUCIA,VENEZIA MESTRE,1.2247191011235956,1.0,89,2023-01-01,2023-03-31,25,7,1,45.482123,12.232069,08:50,89,2
REG,3967,BOLOGNA C.LE,VENEZIA SANTA LUCIA,PADOVA,3.146067415730337,3.0,89,2023-01-01,2023-03-31,46,20,4,45.417846,11.880794,09:07,89,3
REG,3967,BOLOGNA C.LE,VENEZIA SANTA LUCIA,TERME EUGANEE-ABANO-MONTEGR.,1.3595505617977528,1.0,89,2023-01-01,2023-03-31,24,10,3,45.32744,11.79604,09:18,89,4
REG,3967,BOLOGNA C.LE,VENEZIA SANTA LUCIA,MONSELICE,-1.1685393258426966,-2.0,89,2023-01-01,2023-03-31,9,6,1,45.246116,11.74789,09:28,89,5
REG,3967,BOLOGNA C.LE,VENEZIA SANTA LUCIA,ROVIGO,-1.4606741573033708,-2.0,89,2023-01-01,2023-03-31,13,6,2,45.076993,11.780892,09:47,89,6
REG,3967,BOLOGNA C.LE,VENEZIA SANTA LUCIA,FERRARA,0.5280898876404494,0.0,89,2023-01-01,2023-03-31,18,8,1,44.843047,11.603594,10:16,89,7
REG,3967,BOLOGNA C.LE,VENEZIA SANTA LUCIA,S.PIETRO IN CASALE,3.4157303370786516,2.0,89,2023-01-01,2023-03-31,42,15,4,44.697928,11.404763,10:29,89,8
REG,3967,BOLOGNA C.LE,VENEZIA SANTA LUCIA,BOLOGNA C.LE,0.898876404494382,0.0,89,2023-01-01,2023-03-31,19,9,3,44.50626,11.342267,10:48,89,9
