train_class,train_number,train_arrival_stop_name,train_departure_stop_name,stop_name,avg_arrival_delay,median_arrival_delay,count_dates_stop,first_date,last_date,count_3m_delay,count_5m_delay,count_10m_delay,stop_lat,stop_lon,stop_time,count_dates_train,stop_number
REG,12969,CATANIA CENTRALE,MESSINA CENTRALE,MESSINA CENTRALE,1.4189189189189189,1.0,74,2023-01-02,2023-03-31,9,7,3,38.184975,15.561278,12:00,74,1
REG,12969,CATANIA CENTRALE,MESSINA CENTRALE,GIAMPILIERI,2.0,1.0,74,2023-01-02,2023-03-31,17,8,1,38.080121,15.493863,12:10,74,2
REG,12969,CATANIA CENTRALE,MESSINA CENTRALE,SCALETTA ZANCLEA,4.260273972602739,2.0,73,2023-01-02,2023-03-31,32,20,12,38.04635,15.465376,12:14,74,3
REG,12969,CATANIA CENTRALE,MESSINA CENTRALE,ALI` TERME,1.554054054054054,-1.0,74,2023-01-02,2023-03-31,20,16,11,38.013952,15.435184,12:22,74,4
REG,12969,CATANIA CENTRALE,MESSINA CENTRALE,NIZZA DI SICILIA,4.486486486486487,3.0,74,2023-01-02,2023-03-31,43,29,8,37.996937,15.412334,12:41,74,5
REG,12969,CATANIA CENTRALE,MESSINA CENTRALE,ROCCALUMERA MANDANICI,4.121621621621622,3.0,74,2023-01-02,2023-03-31,44,32,8,37.972946,15.391411,12:44,74,6
REG,12969,CATANIA CENTRALE,MESSINA CENTRALE,FURCI,7.27027027027027,6.0,74,2023-01-02,2023-03-31,73,52,21,37.961714,15.380022,12:47,74,7
REG,12969,CATANIA CENTRALE,MESSINA CENTRALE,SANTA TERESA DI RIVA,2.9864864864864864,2.0,74,2023-01-02,2023-03-31,35,24,3,37.946295,15.367682,12:51,74,8
REG,12969,CATANIA CENTRALE,MESSINA CENTRALE,S.ALESSIO SICULO FORZA D`AGRO`,3.391891891891892,2.0,74,2023-01-02,2023-03-31,32,22,2,37.923992,15.347322,12:56,74,9
REG,12969,CATANIA CENTRALE,MESSINA CENTRALE,LETOJANNI,1.5135135135135136,0.0,74,2023-01-02,2023-03-31,22,13,3,37.877581,15.303128,13:04,74,10
REG,12969,CATANIA CENTRALE,MESSINA CENTRALE,TAORMINA,1.8783783783783783,0.0,74,2023-01-02,2023-03-31,23,13,4,37.845429,15.282584,13:09,74,11
REG,12969,CATANIA CENTRALE,MESSINA CENTRALE,ALCANTARA,1.3243243243243243,0.0,74,2023-01-02,2023-03-31,15,6,5,37.82145,15.251158,13:16,74,12
REG,12969,CATANIA CENTRALE,MESSINA CENTRALE,FIUMEFREDDO DI SICILIA,1.8767123287671232,1.0,73,2023-01-02,2023-03-31,17,8,3,37.795247,15.205615,13:22,74,13
REG,12969,CATANIA CENTRALE,MESSINA CENTRALE,GIARRE RIPOSTO,0.6486486486486487,-1.0,74,2023-01-02,2023-03-31,11,8,4,37.730346,15.193386,13:30,74,14
REG,12969,CATANIA CENTRALE,MESSINA CENTRALE,ACIREALE,0.7534246575342466,-1.0,73,2023-01-02,2023-03-31,11,9,4,37.600514,15.163697,13:43,74,15
REG,12969,CATANIA CENTRALE,MESSINA CENTRALE,CATANIA CENTRALE,-2.4054054054054053,-4.0,74,2023-01-02,2023-03-31,6,6,4,37.506211,15.099417,14:03,74,16
