train_class,train_number,train_arrival_stop_name,train_departure_stop_name,stop_name,avg_arrival_delay,median_arrival_delay,count_dates_stop,first_date,last_date,count_3m_delay,count_5m_delay,count_10m_delay,stop_lat,stop_lon,stop_time,count_dates_train,stop_number
REG,18837,MONTEVARCHI TERRANUOVA,PISTOIA,PISTOIA,1.5555555555555556,1.0,63,2023-01-02,2023-03-31,4,1,0,43.926804,10.914624,12:52,63,1
REG,18837,MONTEVARCHI TERRANUOVA,PISTOIA,PRATO CENTRALE,-0.8571428571428571,-1.0,63,2023-01-02,2023-03-31,1,0,0,43.878737,11.109252,13:11,63,2
REG,18837,MONTEVARCHI TERRANUOVA,PISTOIA,ZAMBRA,-1.8032786885245902,-2.0,61,2023-01-02,2023-03-31,0,0,0,43.825856,11.206206,13:30,63,3
REG,18837,MONTEVARCHI TERRANUOVA,PISTOIA,FIRENZE CASTELLO,-1.126984126984127,-1.0,63,2023-01-02,2023-03-31,0,0,0,43.819444,11.21838,13:34,63,4
REG,18837,MONTEVARCHI TERRANUOVA,PISTOIA,FIRENZE RIFREDI,-2.8253968253968256,-3.0,63,2023-01-02,2023-03-31,0,0,0,43.800873,11.235729,13:41,63,5
REG,18837,MONTEVARCHI TERRANUOVA,PISTOIA,FIRENZE STATUTO,-0.5483870967741935,-1.0,62,2023-01-02,2023-03-31,3,1,0,43.787273,11.249738,13:46,63,6
REG,18837,MONTEVARCHI TERRANUOVA,PISTOIA,FIRENZE CAMPO MARTE,-0.6507936507936508,-1.0,63,2023-01-02,2023-03-31,3,2,0,43.776856,11.27702,13:51,63,7
REG,18837,MONTEVARCHI TERRANUOVA,PISTOIA,COMPIOBBI,2.3492063492063493,2.0,63,2023-01-02,2023-03-31,22,5,0,43.782527,11.358695,14:00,63,8
REG,18837,MONTEVARCHI TERRANUOVA,PISTOIA,PONTASSIEVE,1.7777777777777777,1.0,63,2023-01-02,2023-03-31,16,4,0,43.773949,11.437904,14:09,63,9
REG,18837,MONTEVARCHI TERRANUOVA,PISTOIA,RIGNANO SULL`ARNO REGGELLO,1.3174603174603174,1.0,63,2023-01-02,2023-03-31,12,3,0,43.720834,11.452383,14:18,63,10
REG,18837,MONTEVARCHI TERRANUOVA,PISTOIA,INCISA,0.8571428571428571,1.0,63,2023-01-02,2023-03-31,12,3,0,43.656541,11.452728,14:25,63,11
REG,18837,MONTEVARCHI TERRANUOVA,PISTOIA,FIGLINE VALDARNO,2.2698412698412698,2.0,63,2023-01-02,2023-03-31,24,8,0,43.621596,11.473652,14:29,63,12
REG,18837,MONTEVARCHI TERRANUOVA,PISTOIA,S.GIOVANNI VALDARNO,2.253968253968254,2.0,63,2023-01-02,2023-03-31,25,7,2,43.56601,11.527033,14:35,63,13
REG,18837,MONTEVARCHI TERRANUOVA,PISTOIA,MONTEVARCHI TERRANUOVA,-1.746031746031746,-2.0,63,2023-01-02,2023-03-31,3,2,0,43.525165,11.563983,14:45,63,14
