train_class,train_number,train_arrival_stop_name,train_departure_stop_name,stop_name,avg_arrival_delay,median_arrival_delay,count_dates_stop,first_date,last_date,count_3m_delay,count_5m_delay,count_10m_delay,stop_lat,stop_lon,stop_time,count_dates_train,stop_number
REG,5271,SASSARI,OLBIA,OLBIA,0.9230769230769231,1.0,13,2023-01-01,2023-03-26,0,0,0,40.924595,9.498293,09:46,13,1
REG,5271,SASSARI,OLBIA,MONTI TELTI,-1.3076923076923077,-2.0,13,2023-01-01,2023-03-26,1,0,0,40.829632,9.322814,10:19,13,2
REG,5271,SASSARI,OLBIA,BERCHIDDA,-0.6153846153846154,-1.0,13,2023-01-01,2023-03-26,0,0,0,40.772052,9.181312,10:33,13,3
REG,5271,SASSARI,OLBIA,OSCHIRI,0.6923076923076923,1.0,13,2023-01-01,2023-03-26,0,0,0,40.713273,9.107749,10:41,13,4
REG,5271,SASSARI,OLBIA,OZIERI CHILIVANI,-1.0769230769230769,-2.0,13,2023-01-01,2023-03-26,1,1,0,40.609496,8.933744,11:01,13,5
REG,5271,SASSARI,OLBIA,PLOAGHE,1.8461538461538463,2.0,13,2023-01-01,2023-03-26,5,1,0,40.66132,8.728075,11:21,13,6
REG,5271,SASSARI,OLBIA,SASSARI,-0.15384615384615385,-1.0,13,2023-01-01,2023-03-26,1,1,0,40.729506,8.554157,11:46,13,7
