train_class,train_number,train_arrival_stop_name,train_departure_stop_name,stop_name,avg_arrival_delay,median_arrival_delay,count_dates_stop,first_date,last_date,count_3m_delay,count_5m_delay,count_10m_delay,stop_lat,stop_lon,stop_time,count_dates_train,stop_number
REG,20813,CAGLIARI,DECIMOMANNU,DECIMOMANNU,1.2763157894736843,1.0,76,2023-01-02,2023-03-31,2,1,0,39.304593,8.965808,12:40,76,1
REG,20813,CAGLIARI,DECIMOMANNU,ASSEMINI S. LUCIA,0.28,0.0,75,2023-01-02,2023-03-31,2,1,0,,,12:43,76,2
REG,20813,CAGLIARI,DECIMOMANNU,ASSEMINI,-1.2236842105263157,-2.0,76,2023-01-02,2023-03-31,1,0,0,39.287603,8.997936,12:46,76,3
REG,20813,CAGLIARI,DECIMOMANNU,ASSEMINI CARMINE,-1.881578947368421,-2.0,76,2023-01-02,2023-03-31,1,0,0,,,12:50,76,4
REG,20813,CAGLIARI,DECIMOMANNU,CAGLIARI ELMAS,0.05263157894736842,0.0,76,2023-01-02,2023-03-31,1,1,0,39.264193,9.045497,12:54,76,5
REG,20813,CAGLIARI,DECIMOMANNU,ELMAS AEROPORTO,-0.15789473684210525,-1.0,76,2023-01-02,2023-03-31,1,1,0,,,12:57,76,6
REG,20813,CAGLIARI,DECIMOMANNU,CAGLIARI,-0.3815789473684211,-1.0,76,2023-01-02,2023-03-31,3,1,1,39.216078,9.107984,13:07,76,7
