train_class,train_number,train_arrival_stop_name,train_departure_stop_name,stop_name,avg_arrival_delay,median_arrival_delay,count_dates_stop,first_date,last_date,count_3m_delay,count_5m_delay,count_10m_delay,stop_lat,stop_lon,stop_time,count_dates_train,stop_number
REG,16701,VERONA PORTA NUOVA,BOLZANO,MEZZOCORONA,4.488888888888889,4.0,90,2023-01-01,2023-03-31,56,33,10,46.207258,11.128595,18:15,90,1
REG,16701,VERONA PORTA NUOVA,BOLZANO,TRENTO,3.1666666666666665,2.0,90,2023-01-01,2023-03-31,44,25,11,46.072414,11.118941,18:31,90,2
REG,16701,VERONA PORTA NUOVA,BOLZANO,ROVERETO,4.177777777777778,3.0,90,2023-01-01,2023-03-31,46,31,13,45.890985,11.033518,18:46,90,3
REG,16701,VERONA PORTA NUOVA,BOLZANO,ALA,5.377777777777778,4.0,90,2023-01-01,2023-03-31,55,39,15,45.760087,10.996775,19:01,90,4
REG,16701,VERONA PORTA NUOVA,BOLZANO,PERI,5.7,4.0,90,2023-01-01,2023-03-31,55,44,21,45.658402,10.900314,19:16,90,5
REG,16701,VERONA PORTA NUOVA,BOLZANO,POSTO COMUNICAZIONE DOLCE`,6.377777777777778,5.0,90,2023-01-01,2023-03-31,58,48,24,45.601513,10.850588,19:22,90,6
REG,16701,VERONA PORTA NUOVA,BOLZANO,DOMEGLIARA,6.733333333333333,5.0,90,2023-01-01,2023-03-31,60,50,26,45.522348,10.820408,19:29,90,7
REG,16701,VERONA PORTA NUOVA,BOLZANO,VERONA PORTA NUOVA,-0.5444444444444444,-2.0,90,2023-01-01,2023-03-31,24,22,10,45.428603,10.982377,19:51,90,8
