train_class,train_number,train_arrival_stop_name,train_departure_stop_name,stop_name,avg_arrival_delay,median_arrival_delay,count_dates_stop,first_date,last_date,count_3m_delay,count_5m_delay,count_10m_delay,stop_lat,stop_lon,stop_time,count_dates_train,stop_number
REG,21602,ROCCELLA JONICA,REGGIO CALABRIA CENTRALE,REGGIO CALABRIA CENTRALE,1.68,1.0,75,2023-01-01,2023-03-31,13,4,1,38.103884,15.635844,20:13,75,1
REG,21602,ROCCELLA JONICA,REGGIO CALABRIA CENTRALE,REGGIO DI CALABRIA PELLARO,3.7866666666666666,3.0,75,2023-01-01,2023-03-31,58,16,2,38.02561,15.650064,20:23,75,2
REG,21602,ROCCELLA JONICA,REGGIO CALABRIA CENTRALE,SALINE DI REGGIO,3.84,3.0,75,2023-01-01,2023-03-31,54,22,3,37.938677,15.710664,20:35,75,3
REG,21602,ROCCELLA JONICA,REGGIO CALABRIA CENTRALE,MELITO DI PORTO SALVO,3.066666666666667,3.0,75,2023-01-01,2023-03-31,41,16,3,37.916732,15.780816,20:43,75,4
REG,21602,ROCCELLA JONICA,REGGIO CALABRIA CENTRALE,MARINA DI SAN LORENZO,3.04,3.0,75,2023-01-01,2023-03-31,40,18,2,37.919844,15.826365,20:48,75,5
REG,21602,ROCCELLA JONICA,REGGIO CALABRIA CENTRALE,CONDOFURI,3.04,3.0,75,2023-01-01,2023-03-31,41,20,2,37.92761,15.874952,20:53,75,6
REG,21602,ROCCELLA JONICA,REGGIO CALABRIA CENTRALE,BOVA MARINA,3.0,3.0,75,2023-01-01,2023-03-31,43,20,1,37.930269,15.923897,20:58,75,7
REG,21602,ROCCELLA JONICA,REGGIO CALABRIA CENTRALE,PALIZZI,3.56,3.0,75,2023-01-01,2023-03-31,49,21,1,37.91881,15.986405,21:04,75,8
REG,21602,ROCCELLA JONICA,REGGIO CALABRIA CENTRALE,BRANCALEONE,2.7066666666666666,3.0,75,2023-01-01,2023-03-31,39,17,2,37.965475,16.103301,21:15,75,9
REG,21602,ROCCELLA JONICA,REGGIO CALABRIA CENTRALE,FERRUZZANO,1.6933333333333334,2.0,75,2023-01-01,2023-03-31,25,11,2,38.016304,16.134486,21:22,75,10
REG,21602,ROCCELLA JONICA,REGGIO CALABRIA CENTRALE,AFRICO NUOVO,2.5733333333333333,2.0,75,2023-01-01,2023-03-31,27,12,2,38.053759,16.144283,21:27,75,11
REG,21602,ROCCELLA JONICA,REGGIO CALABRIA CENTRALE,BIANCO,1.9733333333333334,1.0,75,2023-01-01,2023-03-31,24,11,2,38.089072,16.153348,21:32,75,12
REG,21602,ROCCELLA JONICA,REGGIO CALABRIA CENTRALE,BOVALINO,-1.2933333333333332,-2.0,75,2023-01-01,2023-03-31,6,4,0,38.149087,16.180584,21:42,75,13
REG,21602,ROCCELLA JONICA,REGGIO CALABRIA CENTRALE,ARDORE,-0.4266666666666667,-1.0,75,2023-01-01,2023-03-31,5,0,0,38.175698,16.207311,21:51,75,14
REG,21602,ROCCELLA JONICA,REGGIO CALABRIA CENTRALE,LOCRI,0.30666666666666664,0.0,75,2023-01-01,2023-03-31,7,0,0,38.233154,16.264787,21:58,75,15
REG,21602,ROCCELLA JONICA,REGGIO CALABRIA CENTRALE,SIDERNO,1.64,2.0,75,2023-01-01,2023-03-31,17,5,0,38.2708,16.302,22:04,75,16
REG,21602,ROCCELLA JONICA,REGGIO CALABRIA CENTRALE,GIOIOSA JONICA,0.7733333333333333,1.0,75,2023-01-01,2023-03-31,10,1,0,38.300812,16.332501,22:10,75,17
REG,21602,ROCCELLA JONICA,REGGIO CALABRIA CENTRALE,ROCCELLA JONICA,-1.1066666666666667,-3.0,75,2023-01-01,2023-03-31,3,3,2,38.322043,16.406917,22:20,75,18
