train_class,train_number,train_arrival_stop_name,train_departure_stop_name,stop_name,avg_arrival_delay,median_arrival_delay,count_dates_stop,first_date,last_date,count_3m_delay,count_5m_delay,count_10m_delay,stop_lat,stop_lon,stop_time,count_dates_train,stop_number
REG,25025,MILANO PORTA GARIBALDI,CHIASSO,CHIASSO,2.2658227848101267,2.0,79,2023-01-01,2023-03-31,15,8,3,45.830736,9.03421,07:13,79,1
REG,25025,MILANO PORTA GARIBALDI,CHIASSO,COMO S. GIOVANNI,1.7848101265822784,1.0,79,2023-01-01,2023-03-31,15,4,3,45.808946,9.072331,07:18,79,2
REG,25025,MILANO PORTA GARIBALDI,CHIASSO,CARIMATE,3.1392405063291138,3.0,79,2023-01-01,2023-03-31,42,15,2,45.697094,9.107188,07:38,79,3
REG,25025,MILANO PORTA GARIBALDI,CHIASSO,CAMNAGO-LENTATE,3.8734177215189876,3.0,79,2023-01-01,2023-03-31,49,20,3,45.668425,9.133451,07:42,79,4
REG,25025,MILANO PORTA GARIBALDI,CHIASSO,SEREGNO,4.0886075949367084,3.0,79,2023-01-01,2023-03-31,52,22,3,45.64601,9.20285,07:48,79,5
REG,25025,MILANO PORTA GARIBALDI,CHIASSO,DESIO,3.848101265822785,3.0,79,2023-01-01,2023-03-31,47,23,3,45.620112,9.218495,07:52,79,6
REG,25025,MILANO PORTA GARIBALDI,CHIASSO,LISSONE-MUGGIO`,4.69620253164557,4.0,79,2023-01-01,2023-03-31,57,32,6,45.60592,9.235368,07:56,79,7
REG,25025,MILANO PORTA GARIBALDI,CHIASSO,MONZA,4.772151898734177,4.0,79,2023-01-01,2023-03-31,57,36,7,45.577789,9.273253,08:01,79,8
REG,25025,MILANO PORTA GARIBALDI,CHIASSO,SESTO S. GIOVANNI,8.177215189873417,7.0,79,2023-01-01,2023-03-31,73,67,28,45.541087,9.23926,08:06,79,9
REG,25025,MILANO PORTA GARIBALDI,CHIASSO,MILANO GRECO PIRELLI,8.481012658227849,7.0,79,2023-01-01,2023-03-31,74,67,28,45.51272,9.214456,08:11,79,10
REG,25025,MILANO PORTA GARIBALDI,CHIASSO,MILANO PORTA GARIBALDI,5.734177215189874,5.0,79,2023-01-01,2023-03-31,61,42,15,45.484917,9.187683,08:21,79,11
