train_class,train_number,train_arrival_stop_name,train_departure_stop_name,stop_name,avg_arrival_delay,median_arrival_delay,count_dates_stop,first_date,last_date,count_3m_delay,count_5m_delay,count_10m_delay,stop_lat,stop_lon,stop_time,count_dates_train,stop_number
REG,22068,SAN GAVINO,CAGLIARI,CAGLIARI,2.539473684210526,1.0,76,2023-01-02,2023-03-31,10,5,3,39.216078,9.107984,14:05,76,1
REG,22068,SAN GAVINO,CAGLIARI,ELMAS AEROPORTO,1.894736842105263,1.0,76,2023-01-02,2023-03-31,8,4,3,,,14:10,76,2
REG,22068,SAN GAVINO,CAGLIARI,DECIMOMANNU,0.881578947368421,0.0,76,2023-01-02,2023-03-31,9,3,3,39.304593,8.965808,14:19,76,3
REG,22068,SAN GAVINO,CAGLIARI,VILLASOR,0.42105263157894735,-1.0,76,2023-01-02,2023-03-31,8,3,3,39.381451,8.935907,14:27,76,4
REG,22068,SAN GAVINO,CAGLIARI,SERRAMANNA NURAMINIS,1.381578947368421,0.0,76,2023-01-02,2023-03-31,9,6,3,39.426123,8.916579,14:32,76,5
REG,22068,SAN GAVINO,CAGLIARI,SAMASSI SERRENTI,0.42105263157894735,-1.0,76,2023-01-02,2023-03-31,9,7,3,39.483075,8.899035,14:39,76,6
REG,22068,SAN GAVINO,CAGLIARI,SAN GAVINO,-0.39473684210526316,-2.0,76,2023-01-02,2023-03-31,10,9,1,39.546206,8.788017,14:50,76,7
