train_class,train_number,train_arrival_stop_name,train_departure_stop_name,stop_name,avg_arrival_delay,median_arrival_delay,count_dates_stop,first_date,last_date,count_3m_delay,count_5m_delay,count_10m_delay,stop_lat,stop_lon,stop_time,count_dates_train,stop_number
REG,16335,VENEZIA SANTA LUCIA,BASSANO DEL GRAPPA,BASSANO DEL GRAPPA,1.7333333333333334,2.0,90,2023-01-01,2023-03-31,4,1,0,45.766697,11.741525,12:21,90,1
REG,16335,VENEZIA SANTA LUCIA,BASSANO DEL GRAPPA,CASTELLO DI GODEGO,-1.4333333333333333,-2.0,90,2023-01-01,2023-03-31,0,0,0,45.688082,11.87759,12:34,90,2
REG,16335,VENEZIA SANTA LUCIA,BASSANO DEL GRAPPA,CASTELFRANCO VENETO,-1.9222222222222223,-2.0,90,2023-01-01,2023-03-31,1,0,0,45.666439,11.934315,12:44,90,3
REG,16335,VENEZIA SANTA LUCIA,BASSANO DEL GRAPPA,PIOMBINO DESE,1.8444444444444446,2.0,90,2023-01-01,2023-03-31,15,1,0,45.60944,12.00058,12:52,90,4
REG,16335,VENEZIA SANTA LUCIA,BASSANO DEL GRAPPA,NOALE SCORZE`,1.9222222222222223,2.0,90,2023-01-01,2023-03-31,21,3,0,45.553833,12.074888,13:00,90,5
REG,16335,VENEZIA SANTA LUCIA,BASSANO DEL GRAPPA,MAERNE DI MARTELLAGO,2.7333333333333334,2.0,90,2023-01-01,2023-03-31,45,9,1,45.514799,12.150629,13:08,90,6
REG,16335,VENEZIA SANTA LUCIA,BASSANO DEL GRAPPA,SPINEA,1.488888888888889,1.0,90,2023-01-01,2023-03-31,18,6,0,45.491568,12.177168,13:13,90,7
REG,16335,VENEZIA SANTA LUCIA,BASSANO DEL GRAPPA,VENEZIA MESTRE,0.45555555555555555,0.0,90,2023-01-01,2023-03-31,14,4,0,45.482123,12.232069,13:21,90,8
REG,16335,VENEZIA SANTA LUCIA,BASSANO DEL GRAPPA,VENEZIA SANTA LUCIA,-0.5111111111111111,-1.0,90,2023-01-01,2023-03-31,7,1,1,45.441569,12.320882,13:33,90,9
