train_class,train_number,train_arrival_stop_name,train_departure_stop_name,stop_name,avg_arrival_delay,median_arrival_delay,count_dates_stop,first_date,last_date,count_3m_delay,count_5m_delay,count_10m_delay,stop_lat,stop_lon,stop_time,count_dates_train,stop_number
REG,24690,NOVARA,TREVIGLIO,TREVIGLIO,2.0483870967741935,1.0,62,2023-01-02,2023-03-31,8,5,2,45.515063,9.587919,18:25,62,1
REG,24690,NOVARA,TREVIGLIO,CASSANO D`ADDA,2.032258064516129,1.0,62,2023-01-02,2023-03-31,15,8,3,45.514372,9.512746,18:31,62,2
REG,24690,NOVARA,TREVIGLIO,MELZO,1.0,0.0,62,2023-01-02,2023-03-31,9,6,3,45.502191,9.420653,18:43,62,3
REG,24690,NOVARA,TREVIGLIO,PIOLTELLO LIMITO,1.5483870967741935,0.0,62,2023-01-02,2023-03-31,11,9,3,45.486019,9.329319,18:52,62,4
REG,24690,NOVARA,TREVIGLIO,MILANO FORLANINI,3.1451612903225805,2.0,62,2023-01-02,2023-03-31,23,12,3,,,19:02,62,5
REG,24690,NOVARA,TREVIGLIO,MILANO PORTA VITTORIA,0.532258064516129,-1.0,62,2023-01-02,2023-03-31,11,4,3,45.459579,9.21813,19:07,62,6
REG,24690,NOVARA,TREVIGLIO,MILANO DATEO,2.8548387096774195,2.0,62,2023-01-02,2023-03-31,25,8,3,45.462341,9.209277,19:10,62,7
REG,24690,NOVARA,TREVIGLIO,MILANO VENEZIA,3.032258064516129,2.0,62,2023-01-02,2023-03-31,25,10,3,45.471121,9.201889,19:13,62,8
REG,24690,NOVARA,TREVIGLIO,MILANO REPUBBLICA,3.4838709677419355,2.0,62,2023-01-02,2023-03-31,30,13,3,45.479984,9.198861,19:15,62,9
REG,24690,NOVARA,TREVIGLIO,MI P.GAR.SOTT.,4.048387096774194,3.0,62,2023-01-02,2023-03-31,44,17,3,45.484228,9.185122,19:18,62,10
REG,24690,NOVARA,TREVIGLIO,MILANO LANCETTI,2.5806451612903225,2.0,62,2023-01-02,2023-03-31,19,7,3,45.492632,9.175832,19:21,62,11
REG,24690,NOVARA,TREVIGLIO,MILANO VILLAPIZZONE,4.629032258064516,4.0,62,2023-01-02,2023-03-31,51,22,3,,,19:24,62,12
REG,24690,NOVARA,TREVIGLIO,MILANO CERTOSA,4.693548387096774,4.0,62,2023-01-02,2023-03-31,49,24,3,45.507019,9.133863,19:27,62,13
REG,24690,NOVARA,TREVIGLIO,RHO FIERA MILANO,5.0,4.0,62,2023-01-02,2023-03-31,51,26,5,45.521157,9.088595,19:31,62,14
REG,24690,NOVARA,TREVIGLIO,RHO,4.5,4.0,62,2023-01-02,2023-03-31,43,21,7,45.523813,9.043563,19:36,62,15
REG,24690,NOVARA,TREVIGLIO,VITTUONE ARLUNO,6.32258064516129,5.0,62,2023-01-02,2023-03-31,49,35,14,45.491054,8.947299,19:45,62,16
REG,24690,NOVARA,TREVIGLIO,MAGENTA,4.483870967741935,4.0,62,2023-01-02,2023-03-31,40,28,8,45.468204,8.880633,19:54,62,17
REG,24690,NOVARA,TREVIGLIO,TRECATE,4.806451612903226,4.0,62,2023-01-02,2023-03-31,40,29,7,45.428589,8.739561,20:02,62,18
REG,24690,NOVARA,TREVIGLIO,NOVARA,4.951612903225806,4.0,62,2023-01-02,2023-03-31,41,30,7,45.451376,8.624895,20:12,62,19
