train_class,train_number,train_arrival_stop_name,train_departure_stop_name,stop_name,avg_arrival_delay,median_arrival_delay,count_dates_stop,first_date,last_date,count_3m_delay,count_5m_delay,count_10m_delay,stop_lat,stop_lon,stop_time,count_dates_train,stop_number
REG,16995,MODENA,MANTOVA,MANTOVA,4.743243243243243,4.0,74,2023-01-02,2023-03-30,60,32,8,45.158746,10.783165,07:32,74,1
REG,16995,MODENA,MANTOVA,BORGOCHIESANUOVA,3.8513513513513513,3.0,74,2023-01-02,2023-03-30,43,24,6,,,07:35,74,2
REG,16995,MODENA,MANTOVA,LEVATA,3.081081081081081,2.0,74,2023-01-02,2023-03-30,36,16,4,,,07:38,74,3
REG,16995,MODENA,MANTOVA,ROMANORE,5.72972972972973,5.0,74,2023-01-02,2023-03-30,66,41,10,45.063834,10.750997,07:43,74,4
REG,16995,MODENA,MANTOVA,SUZZARA,6.27027027027027,6.0,74,2023-01-02,2023-03-30,67,46,9,44.994432,10.756138,07:51,74,5
REG,16995,MODENA,MANTOVA,PALIDANO,5.205479452054795,4.0,73,2023-01-02,2023-03-30,64,36,7,44.972228,10.777412,07:58,74,6
REG,16995,MODENA,MANTOVA,GONZAGA-REGGIOLO,3.945945945945946,3.0,74,2023-01-02,2023-03-30,48,23,4,44.939239,10.815533,08:04,74,7
REG,16995,MODENA,MANTOVA,VILLANOVA DI REGGIOLO,5.148648648648648,4.0,74,2023-01-02,2023-03-30,53,34,10,44.915925,10.842455,08:08,74,8
REG,16995,MODENA,MANTOVA,ROLO NOVI FABBRICO,3.8783783783783785,3.0,74,2023-01-02,2023-03-30,41,25,8,44.886561,10.867882,08:14,74,9
REG,16995,MODENA,MANTOVA,CARPI,2.7162162162162162,2.0,74,2023-01-02,2023-03-30,30,16,3,44.782919,10.891952,08:24,74,10
REG,16995,MODENA,MANTOVA,QUATTRO VILLE,3.0675675675675675,2.0,74,2023-01-02,2023-03-30,28,14,3,,,08:33,74,11
REG,16995,MODENA,MANTOVA,MODENA,-0.7027027027027027,-2.0,74,2023-01-02,2023-03-30,12,3,2,44.654461,10.930373,08:42,74,12
