train_class,train_number,train_arrival_stop_name,train_departure_stop_name,stop_name,avg_arrival_delay,median_arrival_delay,count_dates_stop,first_date,last_date,count_3m_delay,count_5m_delay,count_10m_delay,stop_lat,stop_lon,stop_time,count_dates_train,stop_number
REG,17031,PORTOGRUARO CAORLE,VENEZIA SANTA LUCIA,VENEZIA SANTA LUCIA,0.9204545454545454,1.0,88,2023-01-01,2023-03-31,4,2,1,45.441569,12.320882,06:09,88,1
REG,17031,PORTOGRUARO CAORLE,VENEZIA SANTA LUCIA,VENEZIA MESTRE,0.6818181818181818,1.0,88,2023-01-01,2023-03-31,3,1,1,45.482123,12.232069,06:20,88,2
REG,17031,PORTOGRUARO CAORLE,VENEZIA SANTA LUCIA,QUARTO D`ALTINO,1.2840909090909092,1.0,88,2023-01-01,2023-03-31,7,4,2,45.574576,12.365032,06:38,88,3
REG,17031,PORTOGRUARO CAORLE,VENEZIA SANTA LUCIA,S. DONA` DI PIAVE,1.2272727272727273,1.0,88,2023-01-01,2023-03-31,13,4,2,45.63983,12.559791,06:55,88,4
REG,17031,PORTOGRUARO CAORLE,VENEZIA SANTA LUCIA,S. STINO DI LIVENZA,1.0,0.0,88,2023-01-01,2023-03-31,9,4,2,45.721088,12.682769,07:08,88,5
REG,17031,PORTOGRUARO CAORLE,VENEZIA SANTA LUCIA,PORTOGRUARO CAORLE,2.125,1.0,88,2023-01-01,2023-03-31,26,8,3,45.781438,12.832375,07:21,88,6
