train_class,train_number,train_arrival_stop_name,train_departure_stop_name,stop_name,avg_arrival_delay,median_arrival_delay,count_dates_stop,first_date,last_date,count_3m_delay,count_5m_delay,count_10m_delay,stop_lat,stop_lon,stop_time,count_dates_train,stop_number
REG,10175,COLICO,CHIAVENNA,CHIAVENNA,1.6853932584269662,1.0,89,2023-01-01,2023-03-31,8,3,3,46.321258,9.407129,16:35,89,1
REG,10175,COLICO,CHIAVENNA,PRATA CAMPORTACCIO,0.2247191011235955,0.0,89,2023-01-01,2023-03-31,3,3,3,,,16:37,89,2
REG,10175,COLICO,CHIAVENNA,S. CASSIANO VALCHIAVENNA,-0.449438202247191,-1.0,89,2023-01-01,2023-03-31,3,3,3,46.275438,9.397419,16:43,89,3
REG,10175,COLICO,CHIAVENNA,SAMOLACO,-0.24719101123595505,-1.0,89,2023-01-01,2023-03-31,4,3,3,46.246436,9.423582,16:47,89,4
REG,10175,COLICO,CHIAVENNA,NOVATE-MEZZOLA,0.3707865168539326,0.0,89,2023-01-01,2023-03-31,5,3,3,46.216595,9.446573,16:51,89,5
REG,10175,COLICO,CHIAVENNA,VERCEIA,1.1685393258426966,0.0,89,2023-01-01,2023-03-31,7,4,4,46.202832,9.458412,16:54,89,6
REG,10175,COLICO,CHIAVENNA,DUBINO,1.7640449438202248,1.0,89,2023-01-01,2023-03-31,8,5,4,46.172802,9.432188,16:59,89,7
REG,10175,COLICO,CHIAVENNA,COLICO,2.606741573033708,1.0,89,2023-01-01,2023-03-31,20,7,5,46.138019,9.375222,17:07,89,8
