train_class,train_number,train_arrival_stop_name,train_departure_stop_name,stop_name,avg_arrival_delay,median_arrival_delay,count_dates_stop,first_date,last_date,count_3m_delay,count_5m_delay,count_10m_delay,stop_lat,stop_lon,stop_time,count_dates_train,stop_number
REG,16087,SCHIO,VICENZA,VICENZA,1.7236842105263157,1.0,76,2023-01-02,2023-03-31,12,4,0,45.541102,11.540762,16:09,76,1
REG,16087,SCHIO,VICENZA,ANCONETTA,3.973684210526316,4.0,76,2023-01-02,2023-03-31,76,15,1,45.565249,11.567865,16:15,76,2
REG,16087,SCHIO,VICENZA,CAVAZZALE,-1.486842105263158,-2.0,76,2023-01-02,2023-03-31,2,1,0,45.596079,11.569823,16:21,76,3
REG,16087,SCHIO,VICENZA,DUEVILLE,0.9605263157894737,1.0,76,2023-01-02,2023-03-31,4,1,0,45.635,11.546108,16:27,76,4
REG,16087,SCHIO,VICENZA,VILLAVERLA MONTECCHIO,3.263157894736842,3.0,76,2023-01-02,2023-03-31,48,8,3,45.656998,11.524271,16:36,76,5
REG,16087,SCHIO,VICENZA,THIENE,2.5526315789473686,2.0,76,2023-01-02,2023-03-31,30,6,3,45.700697,11.475407,16:42,76,6
REG,16087,SCHIO,VICENZA,MARANO,4.171052631578948,4.0,76,2023-01-02,2023-03-31,61,23,3,45.706864,11.4246,16:48,76,7
REG,16087,SCHIO,VICENZA,SCHIO,-2.4342105263157894,-3.0,76,2023-01-02,2023-03-31,5,3,1,45.710848,11.355508,17:00,76,8
