train_class,train_number,train_arrival_stop_name,train_departure_stop_name,stop_name,avg_arrival_delay,median_arrival_delay,count_dates_stop,first_date,last_date,count_3m_delay,count_5m_delay,count_10m_delay,stop_lat,stop_lon,stop_time,count_dates_train,stop_number
REG,17091,ROVIGO,VENEZIA SANTA LUCIA,VENEZIA SANTA LUCIA,0.9682539682539683,1.0,63,2023-01-02,2023-03-31,9,0,0,45.441569,12.320882,13:51,63,1
REG,17091,ROVIGO,VENEZIA SANTA LUCIA,VENEZIA MESTRE,0.1111111111111111,0.0,63,2023-01-02,2023-03-31,3,0,0,45.482123,12.232069,14:02,63,2
REG,17091,ROVIGO,VENEZIA SANTA LUCIA,DOLO,-1.126984126984127,-1.0,63,2023-01-02,2023-03-31,0,0,0,45.453466,12.07161,14:18,63,3
REG,17091,ROVIGO,VENEZIA SANTA LUCIA,PADOVA,0.42857142857142855,-1.0,63,2023-01-02,2023-03-31,10,2,1,45.417846,11.880794,14:39,63,4
REG,17091,ROVIGO,VENEZIA SANTA LUCIA,ABANO TERME,-0.9838709677419355,-2.0,62,2023-01-02,2023-03-31,2,1,0,45.355199,11.811533,14:48,63,5
REG,17091,ROVIGO,VENEZIA SANTA LUCIA,TERME EUGANEE-ABANO-MONTEGR.,-0.746031746031746,-1.0,63,2023-01-02,2023-03-31,3,1,1,45.32744,11.79604,14:53,63,6
REG,17091,ROVIGO,VENEZIA SANTA LUCIA,BATTAGLIA TERME,-0.14516129032258066,-1.0,62,2023-01-02,2023-03-31,2,1,1,45.291475,11.77838,14:57,63,7
REG,17091,ROVIGO,VENEZIA SANTA LUCIA,MONSELICE,1.2903225806451613,1.0,62,2023-01-02,2023-03-31,7,3,1,45.246116,11.74789,15:03,63,8
REG,17091,ROVIGO,VENEZIA SANTA LUCIA,S.ELENA - ESTE,0.6190476190476191,0.0,63,2023-01-02,2023-03-31,13,8,0,45.199209,11.712883,15:15,63,9
REG,17091,ROVIGO,VENEZIA SANTA LUCIA,STANGHELLA,0.9523809523809523,0.0,63,2023-01-02,2023-03-31,14,7,0,45.13209,11.749094,15:21,63,10
REG,17091,ROVIGO,VENEZIA SANTA LUCIA,ROVIGO,-3.3174603174603177,-4.0,63,2023-01-02,2023-03-31,3,0,0,45.076993,11.780892,15:33,63,11
