train_class,train_number,train_arrival_stop_name,train_departure_stop_name,stop_name,avg_arrival_delay,median_arrival_delay,count_dates_stop,first_date,last_date,count_3m_delay,count_5m_delay,count_10m_delay,stop_lat,stop_lon,stop_time,count_dates_train,stop_number
REG,18961,BORGO S. LORENZO,FIRENZE S.M.N.,FIRENZE S.M.N.,3.4285714285714284,1.0,14,2023-01-01,2023-03-26,2,1,1,43.776893,11.247373,15:55,14,1
REG,18961,BORGO S. LORENZO,FIRENZE S.M.N.,FIRENZE CAMPO MARTE,3.7142857142857144,1.0,14,2023-01-01,2023-03-26,2,1,1,43.776856,11.27702,16:00,14,2
REG,18961,BORGO S. LORENZO,FIRENZE S.M.N.,PONTASSIEVE,3.4285714285714284,1.0,14,2023-01-01,2023-03-26,1,1,1,43.773949,11.437904,16:18,14,3
REG,18961,BORGO S. LORENZO,FIRENZE S.M.N.,RUFINA,3.357142857142857,1.0,14,2023-01-01,2023-03-26,3,1,1,43.822236,11.485072,16:28,14,4
REG,18961,BORGO S. LORENZO,FIRENZE S.M.N.,SCOPETI,3.857142857142857,2.0,14,2023-01-01,2023-03-26,4,1,1,43.841117,11.497001,16:33,14,5
REG,18961,BORGO S. LORENZO,FIRENZE S.M.N.,CONTEA LONDA,1.7142857142857142,-1.0,14,2023-01-01,2023-03-26,2,1,1,43.865124,11.531603,16:40,14,6
REG,18961,BORGO S. LORENZO,FIRENZE S.M.N.,DICOMANO,4.142857142857143,2.0,14,2023-01-01,2023-03-26,6,2,1,43.893489,11.519148,16:46,14,7
REG,18961,BORGO S. LORENZO,FIRENZE S.M.N.,VICCHIO,3.142857142857143,1.0,14,2023-01-01,2023-03-26,5,1,1,43.933463,11.457634,16:56,14,8
REG,18961,BORGO S. LORENZO,FIRENZE S.M.N.,BORGO S.L.RIMORELLI,6.642857142857143,4.0,14,2023-01-01,2023-03-26,13,7,1,43.953279,11.400076,17:02,14,9
REG,18961,BORGO S. LORENZO,FIRENZE S.M.N.,BORGO S. LORENZO,0.42857142857142855,-2.0,14,2023-01-01,2023-03-26,2,1,1,43.959822,11.380422,17:10,14,10
