train_class,train_number,train_arrival_stop_name,train_departure_stop_name,stop_name,avg_arrival_delay,median_arrival_delay,count_dates_stop,first_date,last_date,count_3m_delay,count_5m_delay,count_10m_delay,stop_lat,stop_lon,stop_time,count_dates_train,stop_number
REG,16139,MERANO,BOLZANO,PONTE D`ADIGE,-0.4375,-1.0,64,2023-01-02,2023-03-31,3,1,0,46.485444,11.297719,16:45,64,1
REG,16139,MERANO,BOLZANO,TERLANO-ANDRIANO,3.90625,4.0,64,2023-01-02,2023-03-31,50,23,0,46.528517,11.248394,16:52,64,2
REG,16139,MERANO,BOLZANO,MERANO MAIA BASSA,3.1875,3.0,64,2023-01-02,2023-03-31,38,13,1,46.656202,11.147931,17:09,64,3
REG,16139,MERANO,BOLZANO,MERANO,2.515625,2.0,64,2023-01-02,2023-03-31,29,13,2,46.673066,11.148978,17:15,64,4
