train_class,train_number,train_arrival_stop_name,train_departure_stop_name,stop_name,avg_arrival_delay,median_arrival_delay,count_dates_stop,first_date,last_date,count_3m_delay,count_5m_delay,count_10m_delay,stop_lat,stop_lon,stop_time,count_dates_train,stop_number
REG,18836,PRATO CENTRALE,MONTEVARCHI TERRANUOVA,MONTEVARCHI TERRANUOVA,1.6885245901639345,1.0,61,2023-01-02,2023-03-31,11,5,0,43.525165,11.563983,12:13,61,1
REG,18836,PRATO CENTRALE,MONTEVARCHI TERRANUOVA,S.GIOVANNI VALDARNO,2.819672131147541,2.0,61,2023-01-02,2023-03-31,25,7,1,43.56601,11.527033,12:17,61,2
REG,18836,PRATO CENTRALE,MONTEVARCHI TERRANUOVA,FIGLINE VALDARNO,3.0655737704918034,3.0,61,2023-01-02,2023-03-31,37,9,1,43.621596,11.473652,12:23,61,3
REG,18836,PRATO CENTRALE,MONTEVARCHI TERRANUOVA,INCISA,2.1475409836065573,2.0,61,2023-01-02,2023-03-31,20,6,0,43.656541,11.452728,12:28,61,4
REG,18836,PRATO CENTRALE,MONTEVARCHI TERRANUOVA,RIGNANO SULL`ARNO REGGELLO,1.2131147540983607,1.0,61,2023-01-02,2023-03-31,9,4,1,43.720834,11.452383,12:35,61,5
REG,18836,PRATO CENTRALE,MONTEVARCHI TERRANUOVA,PONTASSIEVE,1.9180327868852458,1.0,61,2023-01-02,2023-03-31,16,5,1,43.773949,11.437904,12:44,61,6
REG,18836,PRATO CENTRALE,MONTEVARCHI TERRANUOVA,COMPIOBBI,-0.11475409836065574,-1.0,61,2023-01-02,2023-03-31,4,2,0,43.782527,11.358695,12:54,61,7
REG,18836,PRATO CENTRALE,MONTEVARCHI TERRANUOVA,FIRENZE CAMPO MARTE,1.3278688524590163,1.0,61,2023-01-02,2023-03-31,19,8,1,43.776856,11.27702,13:05,61,8
REG,18836,PRATO CENTRALE,MONTEVARCHI TERRANUOVA,FIRENZE STATUTO,1.0819672131147542,0.0,61,2023-01-02,2023-03-31,16,6,1,43.787273,11.249738,13:10,61,9
REG,18836,PRATO CENTRALE,MONTEVARCHI TERRANUOVA,FIRENZE RIFREDI,-0.819672131147541,-2.0,61,2023-01-02,2023-03-31,5,3,1,43.800873,11.235729,13:16,61,10
REG,18836,PRATO CENTRALE,MONTEVARCHI TERRANUOVA,FIRENZE CASTELLO,-0.2459016393442623,-1.0,61,2023-01-02,2023-03-31,6,3,1,43.819444,11.21838,13:23,61,11
REG,18836,PRATO CENTRALE,MONTEVARCHI TERRANUOVA,ZAMBRA,0.39344262295081966,-1.0,61,2023-01-02,2023-03-31,6,4,1,43.825856,11.206206,13:26,61,12
REG,18836,PRATO CENTRALE,MONTEVARCHI TERRANUOVA,PRATO CENTRALE,-1.2131147540983607,-2.0,61,2023-01-02,2023-03-31,1,0,0,43.878737,11.109252,13:48,61,13
