train_class,train_number,train_arrival_stop_name,train_departure_stop_name,stop_name,avg_arrival_delay,median_arrival_delay,count_dates_stop,first_date,last_date,count_3m_delay,count_5m_delay,count_10m_delay,stop_lat,stop_lon,stop_time,count_dates_train,stop_number
REG,10675,PAVIA,VERCELLI,VERCELLI,1.3820224719101124,1.0,89,2023-01-01,2023-03-31,15,2,1,45.329909,8.416028,12:00,89,1
REG,10675,PAVIA,VERCELLI,ROBBIO,3.606741573033708,3.0,89,2023-01-01,2023-03-31,68,13,2,45.293542,8.597051,12:13,89,2
REG,10675,PAVIA,VERCELLI,NICORVO,4.404494382022472,4.0,89,2023-01-01,2023-03-31,80,26,3,45.275462,8.6712,12:19,89,3
REG,10675,PAVIA,VERCELLI,GAMBOLO`REMONDO`,2.6741573033707864,2.0,89,2023-01-01,2023-03-31,15,5,3,45.23587,8.79757,12:43,89,4
REG,10675,PAVIA,VERCELLI,TROMELLO,2.6741573033707864,2.0,89,2023-01-01,2023-03-31,15,5,3,45.211988,8.872154,12:50,89,5
REG,10675,PAVIA,VERCELLI,GARLASCO,-0.550561797752809,-1.0,89,2023-01-01,2023-03-31,8,5,3,45.198948,8.926829,12:57,89,6
REG,10675,PAVIA,VERCELLI,GROPELLO CAIROLI,3.7752808988764044,3.0,89,2023-01-01,2023-03-31,61,25,2,45.173101,8.991626,13:08,89,7
REG,10675,PAVIA,VERCELLI,VILLANOVA D`ARDENGHI,3.7752808988764044,3.0,89,2023-01-01,2023-03-31,61,25,2,45.156982,9.037176,13:13,89,8
REG,10675,PAVIA,VERCELLI,CAVA CARBONARA,0.4606741573033708,-1.0,89,2023-01-01,2023-03-31,11,7,5,45.147055,9.071387,13:19,89,9
REG,10675,PAVIA,VERCELLI,PAVIA,3.0224719101123596,2.0,89,2023-01-01,2023-03-31,38,18,6,45.188843,9.144674,13:28,89,10
