train_class,train_number,train_arrival_stop_name,train_departure_stop_name,stop_name,avg_arrival_delay,median_arrival_delay,count_dates_stop,first_date,last_date,count_3m_delay,count_5m_delay,count_10m_delay,stop_lat,stop_lon,stop_time,count_dates_train,stop_number
REG,26928,BARDONECCHIA,TORINO P.NUOVA,TORINO P.NUOVA,3.236842105263158,2.0,76,2023-01-02,2023-03-31,34,9,2,45.060969,7.67747,19:15,76,1
REG,26928,BARDONECCHIA,TORINO P.NUOVA,COLLEGNO,0.6710526315789473,-1.0,76,2023-01-02,2023-03-31,11,5,2,45.078854,7.574131,19:28,76,2
REG,26928,BARDONECCHIA,TORINO P.NUOVA,AVIGLIANA,1.5526315789473684,1.0,76,2023-01-02,2023-03-31,15,7,2,45.085276,7.401096,19:43,76,3
REG,26928,BARDONECCHIA,TORINO P.NUOVA,BUSSOLENO,-1.4342105263157894,-3.0,76,2023-01-02,2023-03-31,7,4,2,45.139631,7.144819,19:58,76,4
REG,26928,BARDONECCHIA,TORINO P.NUOVA,CHIOMONTE,0.18421052631578946,-1.0,76,2023-01-02,2023-03-31,7,3,3,45.119876,6.988716,20:13,76,5
REG,26928,BARDONECCHIA,TORINO P.NUOVA,SALBERTRAND,1.4736842105263157,1.0,76,2023-01-02,2023-03-31,12,4,4,45.073478,6.887428,20:21,76,6
REG,26928,BARDONECCHIA,TORINO P.NUOVA,OULX CESANA CLAVIERE SESTRIERE,2.710526315789474,2.0,76,2023-01-02,2023-03-31,23,9,5,45.038789,6.831432,20:27,76,7
REG,26928,BARDONECCHIA,TORINO P.NUOVA,BEAULARD,3.5733333333333333,2.0,75,2023-01-02,2023-03-31,35,13,5,45.046495,6.759713,20:33,76,8
REG,26928,BARDONECCHIA,TORINO P.NUOVA,BARDONECCHIA,1.105263157894737,0.0,76,2023-01-02,2023-03-31,13,5,5,45.076447,6.709959,20:41,76,9
