train_class,train_number,train_arrival_stop_name,train_departure_stop_name,stop_name,avg_arrival_delay,median_arrival_delay,count_dates_stop,first_date,last_date,count_3m_delay,count_5m_delay,count_10m_delay,stop_lat,stop_lon,stop_time,count_dates_train,stop_number
REG,2517,MILANO PORTA GARIBALDI,PORTO CERESIO,PORTO CERESIO,1.8072289156626506,1.0,83,2023-01-01,2023-03-31,9,3,1,45.903675,8.900357,05:16,83,1
REG,2517,MILANO PORTA GARIBALDI,PORTO CERESIO,BISUSCHIO VIGGIU,2.0963855421686746,2.0,83,2023-01-01,2023-03-31,16,2,1,45.870658,8.887544,05:21,83,2
REG,2517,MILANO PORTA GARIBALDI,PORTO CERESIO,ARCISATE,1.180722891566265,1.0,83,2023-01-01,2023-03-31,7,2,1,45.858579,8.86241,05:26,83,3
REG,2517,MILANO PORTA GARIBALDI,PORTO CERESIO,INDUNO OLONA,2.9036144578313254,2.0,83,2023-01-01,2023-03-31,35,9,1,45.846432,8.838357,05:30,83,4
REG,2517,MILANO PORTA GARIBALDI,PORTO CERESIO,VARESE,1.4698795180722892,1.0,83,2023-01-01,2023-03-31,18,6,1,45.816201,8.833089,05:35,83,5
REG,2517,MILANO PORTA GARIBALDI,PORTO CERESIO,GALLARATE,0.27710843373493976,-1.0,83,2023-01-01,2023-03-31,14,4,2,45.659828,8.798243,05:51,83,6
REG,2517,MILANO PORTA GARIBALDI,PORTO CERESIO,BUSTO ARSIZIO,2.4578313253012047,2.0,83,2023-01-01,2023-03-31,30,13,2,45.616164,8.865031,05:57,83,7
REG,2517,MILANO PORTA GARIBALDI,PORTO CERESIO,LEGNANO,2.6867469879518073,2.0,83,2023-01-01,2023-03-31,33,16,2,45.593653,8.910638,06:02,83,8
REG,2517,MILANO PORTA GARIBALDI,PORTO CERESIO,RHO FIERA MILANO,2.7951807228915664,2.0,83,2023-01-01,2023-03-31,37,25,3,45.521157,9.088595,06:15,83,9
REG,2517,MILANO PORTA GARIBALDI,PORTO CERESIO,MILANO PORTA GARIBALDI,0.24096385542168675,-1.0,83,2023-01-01,2023-03-31,22,13,1,45.484917,9.187683,06:28,83,10
