train_class,train_number,train_arrival_stop_name,train_departure_stop_name,stop_name,avg_arrival_delay,median_arrival_delay,count_dates_stop,first_date,last_date,count_3m_delay,count_5m_delay,count_10m_delay,stop_lat,stop_lon,stop_time,count_dates_train,stop_number
REG,5336,NAPOLI CENTRALE,PAOLA,PAOLA,2.015873015873016,1.0,63,2023-01-02,2023-03-31,11,5,3,39.359442,16.033093,13:47,63,1
REG,5336,NAPOLI CENTRALE,PAOLA,FUSCALDO,2.3225806451612905,1.0,62,2023-01-02,2023-03-31,12,5,3,39.409692,16.011475,13:52,63,2
REG,5336,NAPOLI CENTRALE,PAOLA,CETRARO,2.7142857142857144,2.0,63,2023-01-02,2023-03-31,26,8,3,39.512553,15.939263,14:02,63,3
REG,5336,NAPOLI CENTRALE,PAOLA,CAPO BONIFATI,4.714285714285714,4.0,63,2023-01-02,2023-03-31,47,23,5,39.558342,15.874052,14:08,63,4
REG,5336,NAPOLI CENTRALE,PAOLA,BELVEDERE MARITTIMO,5.5396825396825395,4.0,63,2023-01-02,2023-03-31,46,26,6,39.616549,15.853039,14:13,63,5
REG,5336,NAPOLI CENTRALE,PAOLA,DIAMANTE BUONVICINO,5.904761904761905,4.0,63,2023-01-02,2023-03-31,49,30,6,39.67701,15.824278,14:19,63,6
REG,5336,NAPOLI CENTRALE,PAOLA,SCALEA S.DOMENICA TALAO,-0.19047619047619047,-2.0,63,2023-01-02,2023-03-31,9,7,4,39.8083,15.80139,14:34,63,7
REG,5336,NAPOLI CENTRALE,PAOLA,PRAJA AJETA TORTORA,0.8095238095238095,-1.0,63,2023-01-02,2023-03-31,7,7,4,39.900832,15.780628,14:42,63,8
REG,5336,NAPOLI CENTRALE,PAOLA,MARATEA,0.9206349206349206,-1.0,63,2023-01-02,2023-03-31,7,5,4,39.995028,15.70975,14:53,63,9
REG,5336,NAPOLI CENTRALE,PAOLA,SAPRI,1.253968253968254,0.0,63,2023-01-02,2023-03-31,7,4,3,40.078013,15.627204,15:06,63,10
REG,5336,NAPOLI CENTRALE,PAOLA,POLICASTRO BUSSENTINO,2.8412698412698414,2.0,63,2023-01-02,2023-03-31,29,11,2,40.076482,15.528438,15:22,63,11
REG,5336,NAPOLI CENTRALE,PAOLA,PISCIOTTA PALINURO,2.6666666666666665,2.0,63,2023-01-02,2023-03-31,28,10,3,40.091539,15.243601,15:44,63,12
REG,5336,NAPOLI CENTRALE,PAOLA,ASCEA,3.3968253968253967,2.0,63,2023-01-02,2023-03-31,31,11,4,40.140955,15.172626,15:50,63,13
REG,5336,NAPOLI CENTRALE,PAOLA,VALLO DELLA LUC. CASTELNUOVO,3.6774193548387095,3.0,62,2023-01-02,2023-03-31,34,17,4,40.233316,15.266511,15:57,63,14
REG,5336,NAPOLI CENTRALE,PAOLA,OMIGNANO SALENTO,3.492063492063492,2.0,63,2023-01-02,2023-03-31,31,16,6,40.252688,15.134406,16:01,63,15
REG,5336,NAPOLI CENTRALE,PAOLA,AGROPOLI CASTELLABATE,0.49206349206349204,-1.0,63,2023-01-02,2023-03-31,13,9,4,40.351521,15.002053,16:15,63,16
REG,5336,NAPOLI CENTRALE,PAOLA,CAPACCIO ROCCADASPIDE,0.06349206349206349,-1.0,63,2023-01-02,2023-03-31,9,7,4,40.454518,15.013551,16:27,63,17
REG,5336,NAPOLI CENTRALE,PAOLA,BATTIPAGLIA,-1.5238095238095237,-3.0,63,2023-01-02,2023-03-31,7,5,2,40.605789,14.98324,16:40,63,18
REG,5336,NAPOLI CENTRALE,PAOLA,PONTECAGNANO,-0.8571428571428571,-3.0,63,2023-01-02,2023-03-31,9,9,2,40.641033,14.870272,16:49,63,19
REG,5336,NAPOLI CENTRALE,PAOLA,SALERNO,0.015873015873015872,-2.0,63,2023-01-02,2023-03-31,10,8,2,40.675137,14.772822,16:58,63,20
REG,5336,NAPOLI CENTRALE,PAOLA,NAPOLI CENTRALE,3.746031746031746,2.0,63,2023-01-02,2023-03-31,30,12,4,40.852933,14.272908,17:38,63,21
