train_class,train_number,train_arrival_stop_name,train_departure_stop_name,stop_name,avg_arrival_delay,median_arrival_delay,count_dates_stop,first_date,last_date,count_3m_delay,count_5m_delay,count_10m_delay,stop_lat,stop_lon,stop_time,count_dates_train,stop_number
REG,22861,LA SPEZIA CENTRALE,GENOVA VOLTRI,GENOVA VOLTRI,2.546875,2.0,64,2023-01-02,2023-03-31,19,10,0,44.428467,8.758163,16:56,64,1
REG,22861,LA SPEZIA CENTRALE,GENOVA VOLTRI,GENOVA SESTRI PONENTE,1.0,0.0,64,2023-01-02,2023-03-31,11,5,1,44.422374,8.847707,17:08,64,2
REG,22861,LA SPEZIA CENTRALE,GENOVA VOLTRI,GENOVA SAMPIERDARENA,2.34375,2.0,64,2023-01-02,2023-03-31,17,7,2,44.413102,8.887271,17:15,64,3
REG,22861,LA SPEZIA CENTRALE,GENOVA VOLTRI,GENOVA P.PRINCIPE,3.40625,3.0,64,2023-01-02,2023-03-31,40,11,2,44.417784,8.9207,17:22,64,4
REG,22861,LA SPEZIA CENTRALE,GENOVA VOLTRI,GENOVA BRIGNOLE,2.140625,1.0,64,2023-01-02,2023-03-31,20,8,5,44.407213,8.947553,17:30,64,5
REG,22861,LA SPEZIA CENTRALE,GENOVA VOLTRI,GENOVA QUARTO DEI MILLE,3.84375,2.0,64,2023-01-02,2023-03-31,31,20,5,44.388607,8.99597,17:45,64,6
REG,22861,LA SPEZIA CENTRALE,GENOVA VOLTRI,GENOVA NERVI,3.75,2.0,64,2023-01-02,2023-03-31,32,19,5,44.381271,9.039895,17:52,64,7
REG,22861,LA SPEZIA CENTRALE,GENOVA VOLTRI,RECCO,3.796875,2.0,64,2023-01-02,2023-03-31,30,22,8,44.361215,9.146788,18:01,64,8
REG,22861,LA SPEZIA CENTRALE,GENOVA VOLTRI,S. MARGHERITA LIGURE PORTOFINO,4.875,3.0,64,2023-01-02,2023-03-31,37,24,8,44.33676,9.216673,18:08,64,9
REG,22861,LA SPEZIA CENTRALE,GENOVA VOLTRI,CHIAVARI,4.125,2.0,64,2023-01-02,2023-03-31,30,21,8,44.315156,9.322464,18:22,64,10
REG,22861,LA SPEZIA CENTRALE,GENOVA VOLTRI,SESTRI LEVANTE,3.109375,1.0,64,2023-01-02,2023-03-31,24,21,6,44.27626,9.397651,18:32,64,11
REG,22861,LA SPEZIA CENTRALE,GENOVA VOLTRI,RIVA TRIGOSO,4.546875,4.0,64,2023-01-02,2023-03-31,45,30,7,44.26391,9.429277,18:45,64,12
REG,22861,LA SPEZIA CENTRALE,GENOVA VOLTRI,DEIVA MARINA,6.09375,6.0,64,2023-01-02,2023-03-31,55,43,9,44.217306,9.519022,18:54,64,13
REG,22861,LA SPEZIA CENTRALE,GENOVA VOLTRI,FRAMURA,4.75,4.0,64,2023-01-02,2023-03-31,47,28,7,44.201903,9.555169,19:00,64,14
REG,22861,LA SPEZIA CENTRALE,GENOVA VOLTRI,LEVANTO,-0.015625,-1.0,64,2023-01-02,2023-03-31,13,8,1,44.174167,9.616018,19:13,64,15
REG,22861,LA SPEZIA CENTRALE,GENOVA VOLTRI,MONTEROSSO,1.890625,1.0,64,2023-01-02,2023-03-31,16,10,2,44.145967,9.649009,19:18,64,16
REG,22861,LA SPEZIA CENTRALE,GENOVA VOLTRI,CORNIGLIA,1.046875,0.0,64,2023-01-02,2023-03-31,15,8,3,44.119938,9.711051,19:28,64,17
REG,22861,LA SPEZIA CENTRALE,GENOVA VOLTRI,LA SPEZIA CENTRALE,2.46875,1.0,64,2023-01-02,2023-03-31,20,10,3,44.11141,9.813906,19:42,64,18
