train_class,train_number,train_arrival_stop_name,train_departure_stop_name,stop_name,avg_arrival_delay,median_arrival_delay,count_dates_stop,first_date,last_date,count_3m_delay,count_5m_delay,count_10m_delay,stop_lat,stop_lon,stop_time,count_dates_train,stop_number
REG,21093,NAPOLI CENTRALE,MINTURNO,MINTURNO,3.287878787878788,1.0,66,2023-01-02,2023-03-31,13,8,5,41.257621,13.720664,18:46,66,1
REG,21093,NAPOLI CENTRALE,MINTURNO,SESSA AURUNCA R.,1.1666666666666667,-1.0,66,2023-01-02,2023-03-31,8,6,5,41.1955,13.8761,18:56,66,2
REG,21093,NAPOLI CENTRALE,MINTURNO,FALCIANO MONDRAGONE CAR.,2.8636363636363638,0.0,66,2023-01-02,2023-03-31,13,9,6,41.123525,13.971792,19:03,66,3
REG,21093,NAPOLI CENTRALE,MINTURNO,CANCELLO ARNONE,1.4242424242424243,-2.0,66,2023-01-02,2023-03-31,10,9,5,41.063369,14.02901,19:10,66,4
REG,21093,NAPOLI CENTRALE,MINTURNO,VILLA LITERNO,4.0606060606060606,2.0,66,2023-01-02,2023-03-31,25,12,7,41.004956,14.06753,19:17,66,5
REG,21093,NAPOLI CENTRALE,MINTURNO,S.MARCELLINO FRIGNANO,4.954545454545454,2.0,66,2023-01-02,2023-03-31,29,18,10,40.992103,14.171976,19:28,66,6
REG,21093,NAPOLI CENTRALE,MINTURNO,AVERSA,3.590909090909091,0.0,66,2023-01-02,2023-03-31,24,15,9,40.973323,14.218578,19:35,66,7
REG,21093,NAPOLI CENTRALE,MINTURNO,CASORIA,3.3484848484848486,-1.0,66,2023-01-02,2023-03-31,15,13,8,40.907762,14.29874,19:50,66,8
REG,21093,NAPOLI CENTRALE,MINTURNO,NAPOLI CENTRALE,1.8484848484848484,-1.0,66,2023-01-02,2023-03-31,13,9,6,40.852933,14.272908,20:04,66,9
