train_class,train_number,train_arrival_stop_name,train_departure_stop_name,stop_name,avg_arrival_delay,median_arrival_delay,count_dates_stop,first_date,last_date,count_3m_delay,count_5m_delay,count_10m_delay,stop_lat,stop_lon,stop_time,count_dates_train,stop_number
REG,2132,TORINO P.NUOVA,GENOVA P.PRINCIPE,GENOVA P.PRINCIPE,2.955056179775281,2.0,89,2023-01-01,2023-03-31,32,18,5,44.417784,8.9207,14:27,89,1
REG,2132,TORINO P.NUOVA,GENOVA P.PRINCIPE,RONCO SCR.,0.07865168539325842,-1.0,89,2023-01-01,2023-03-31,16,9,2,44.614537,8.949421,14:50,89,2
REG,2132,TORINO P.NUOVA,GENOVA P.PRINCIPE,ARQUATA SCRIVIA,1.4606741573033708,1.0,89,2023-01-01,2023-03-31,18,10,3,44.692533,8.885342,14:59,89,3
REG,2132,TORINO P.NUOVA,GENOVA P.PRINCIPE,NOVI LIGURE,-0.1348314606741573,-1.0,89,2023-01-01,2023-03-31,10,7,1,44.762521,8.787289,15:13,89,4
REG,2132,TORINO P.NUOVA,GENOVA P.PRINCIPE,ALESSANDRIA,-2.7865168539325844,-4.0,89,2023-01-01,2023-03-31,5,2,0,44.909091,8.606498,15:29,89,5
REG,2132,TORINO P.NUOVA,GENOVA P.PRINCIPE,ASTI,-2.865168539325843,-3.0,89,2023-01-01,2023-03-31,2,0,0,44.89479,8.208112,15:52,89,6
REG,2132,TORINO P.NUOVA,GENOVA P.PRINCIPE,TORINO LINGOTTO,-1.146067415730337,-2.0,89,2023-01-01,2023-03-31,6,2,0,45.0266,7.657469,16:21,89,7
REG,2132,TORINO P.NUOVA,GENOVA P.PRINCIPE,TORINO P.NUOVA,-1.303370786516854,-1.0,89,2023-01-01,2023-03-31,5,2,0,45.060969,7.67747,16:30,89,8
