train_class,train_number,train_arrival_stop_name,train_departure_stop_name,stop_name,avg_arrival_delay,median_arrival_delay,count_dates_stop,first_date,last_date,count_3m_delay,count_5m_delay,count_10m_delay,stop_lat,stop_lon,stop_time,count_dates_train,stop_number
REG,4087,FOLIGNO,FIRENZE S.M.N.,FIRENZE S.M.N.,1.3333333333333333,1.0,12,2023-01-07,2023-03-25,2,1,0,43.776893,11.247373,20:14,12,1
REG,4087,FOLIGNO,FIRENZE S.M.N.,FIRENZE CAMPO MARTE,-0.3333333333333333,-1.0,12,2023-01-07,2023-03-25,1,0,0,43.776856,11.27702,20:21,12,2
REG,4087,FOLIGNO,FIRENZE S.M.N.,FIGLINE VALDARNO,1.75,1.0,12,2023-01-07,2023-03-25,5,3,0,43.621596,11.473652,20:39,12,3
REG,4087,FOLIGNO,FIRENZE S.M.N.,S.GIOVANNI VALDARNO,2.75,2.0,12,2023-01-07,2023-03-25,6,4,0,43.56601,11.527033,20:45,12,4
REG,4087,FOLIGNO,FIRENZE S.M.N.,MONTEVARCHI TERRANUOVA,1.8333333333333333,-1.0,12,2023-01-07,2023-03-25,6,2,1,43.525165,11.563983,20:51,12,5
REG,4087,FOLIGNO,FIRENZE S.M.N.,AREZZO,0.6666666666666666,-1.0,12,2023-01-07,2023-03-25,2,1,1,43.461725,11.874189,21:16,12,6
REG,4087,FOLIGNO,FIRENZE S.M.N.,CASTIGLION FIORENTINO,2.25,1.0,12,2023-01-07,2023-03-25,3,2,1,43.34075,11.914362,21:27,12,7
REG,4087,FOLIGNO,FIRENZE S.M.N.,CAMUCIA CORTONA,2.5,1.0,12,2023-01-07,2023-03-25,5,2,1,43.261104,11.971245,21:34,12,8
REG,4087,FOLIGNO,FIRENZE S.M.N.,TERONTOLA CORTONA,2.25,1.0,12,2023-01-07,2023-03-25,4,1,1,43.210263,12.007906,21:40,12,9
REG,4087,FOLIGNO,FIRENZE S.M.N.,PASSIGNANO SUL TRASIMENO,1.75,1.0,12,2023-01-07,2023-03-25,3,1,1,43.188324,12.133128,21:50,12,10
REG,4087,FOLIGNO,FIRENZE S.M.N.,MAGIONE,1.0833333333333333,0.0,12,2023-01-07,2023-03-25,1,1,1,43.137356,12.202238,22:00,12,11
REG,4087,FOLIGNO,FIRENZE S.M.N.,ELLERA CORCIANO,3.1666666666666665,2.0,12,2023-01-07,2023-03-25,5,2,1,43.094699,12.318574,22:08,12,12
REG,4087,FOLIGNO,FIRENZE S.M.N.,PERUGIA,2.25,1.0,12,2023-01-07,2023-03-25,4,2,1,43.103808,12.375567,22:19,12,13
REG,4087,FOLIGNO,FIRENZE S.M.N.,BASTIA,3.25,2.0,12,2023-01-07,2023-03-25,6,3,1,43.07133,12.547735,22:37,12,14
REG,4087,FOLIGNO,FIRENZE S.M.N.,ASSISI,3.5833333333333335,2.0,12,2023-01-07,2023-03-25,6,3,1,43.058921,12.585304,22:41,12,15
REG,4087,FOLIGNO,FIRENZE S.M.N.,SPELLO,2.5833333333333335,1.0,12,2023-01-07,2023-03-25,6,2,1,42.9844,12.668884,22:50,12,16
REG,4087,FOLIGNO,FIRENZE S.M.N.,FOLIGNO,2.5,2.0,12,2023-01-07,2023-03-25,5,2,1,42.954261,12.711096,22:57,12,17
