train_class,train_number,train_arrival_stop_name,train_departure_stop_name,stop_name,avg_arrival_delay,median_arrival_delay,count_dates_stop,first_date,last_date,count_3m_delay,count_5m_delay,count_10m_delay,stop_lat,stop_lon,stop_time,count_dates_train,stop_number
REG,16699,ALA,BOLZANO,MEZZOCORONA,7.327868852459017,7.0,61,2023-01-02,2023-03-31,60,55,9,46.207258,11.128595,17:39,61,1
REG,16699,ALA,BOLZANO,TRENTO,2.377049180327869,2.0,61,2023-01-02,2023-03-31,21,10,3,46.072414,11.118941,17:56,61,2
REG,16699,ALA,BOLZANO,ROVERETO,3.2459016393442623,2.0,61,2023-01-02,2023-03-31,30,14,4,45.890985,11.033518,18:11,61,3
REG,16699,ALA,BOLZANO,ALA,2.2459016393442623,1.0,61,2023-01-02,2023-03-31,22,10,3,45.760087,10.996775,18:25,61,4
