train_class,train_number,train_arrival_stop_name,train_departure_stop_name,stop_name,avg_arrival_delay,median_arrival_delay,count_dates_stop,first_date,last_date,count_3m_delay,count_5m_delay,count_10m_delay,stop_lat,stop_lon,stop_time,count_dates_train,stop_number
REG,17702,PORRETTA  TERME,PISTOIA,PISTOIA,1.5393258426966292,1.0,89,2023-01-01,2023-03-31,8,2,2,43.926804,10.914624,06:00,89,1
REG,17702,PORRETTA  TERME,PISTOIA,PISTOIA OVEST,-0.6629213483146067,-1.0,89,2023-01-01,2023-03-31,2,2,1,,,06:03,89,2
REG,17702,PORRETTA  TERME,PISTOIA,CORBEZZI,2.2808988764044944,2.0,89,2023-01-01,2023-03-31,15,3,3,43.993948,10.919676,06:19,89,3
REG,17702,PORRETTA  TERME,PISTOIA,CASTAGNO,2.640449438202247,2.0,89,2023-01-01,2023-03-31,25,5,3,44.012359,10.91538,06:23,89,4
REG,17702,PORRETTA  TERME,PISTOIA,SAN MOMME`,1.6067415730337078,1.0,89,2023-01-01,2023-03-31,8,3,2,44.027999,10.914798,06:27,89,5
REG,17702,PORRETTA  TERME,PISTOIA,PRACCHIA,0.8314606741573034,0.0,89,2023-01-01,2023-03-31,6,3,2,44.05479,10.90691,06:32,89,6
REG,17702,PORRETTA  TERME,PISTOIA,BIAGIONI LAGACCI,2.942528735632184,2.0,87,2023-01-01,2023-03-31,37,5,2,44.086359,10.948257,06:38,89,7
REG,17702,PORRETTA  TERME,PISTOIA,MOLINO DEL PALLONE,1.1022727272727273,1.0,88,2023-01-01,2023-03-31,8,4,2,44.100128,10.961252,06:42,89,8
REG,17702,PORRETTA  TERME,PISTOIA,PONTE DELLA VENTURINA,3.9186046511627906,3.0,86,2023-01-01,2023-03-31,76,13,3,44.128589,10.990756,06:47,89,9
REG,17702,PORRETTA  TERME,PISTOIA,PORRETTA  TERME,1.4382022471910112,1.0,89,2023-01-01,2023-03-31,12,4,3,44.155757,10.978039,06:53,89,10
