train_class,train_number,train_arrival_stop_name,train_departure_stop_name,stop_name,avg_arrival_delay,median_arrival_delay,count_dates_stop,first_date,last_date,count_3m_delay,count_5m_delay,count_10m_delay,stop_lat,stop_lon,stop_time,count_dates_train,stop_number
REG,2540,PORTO CERESIO,MILANO PORTA GARIBALDI,MILANO PORTA GARIBALDI,1.9411764705882353,1.0,85,2023-01-01,2023-03-31,11,4,2,45.484917,9.187683,11:32,85,1
REG,2540,PORTO CERESIO,MILANO PORTA GARIBALDI,RHO FIERA MILANO,0.15294117647058825,0.0,85,2023-01-01,2023-03-31,8,3,2,45.521157,9.088595,11:42,85,2
REG,2540,PORTO CERESIO,MILANO PORTA GARIBALDI,LEGNANO,1.1176470588235294,1.0,85,2023-01-01,2023-03-31,19,9,2,45.593653,8.910638,11:55,85,3
REG,2540,PORTO CERESIO,MILANO PORTA GARIBALDI,BUSTO ARSIZIO,1.4941176470588236,1.0,85,2023-01-01,2023-03-31,21,10,2,45.616164,8.865031,12:00,85,4
REG,2540,PORTO CERESIO,MILANO PORTA GARIBALDI,GALLARATE,3.611764705882353,3.0,85,2023-01-01,2023-03-31,50,21,3,45.659828,8.798243,12:06,85,5
REG,2540,PORTO CERESIO,MILANO PORTA GARIBALDI,VARESE,1.8588235294117648,1.0,85,2023-01-01,2023-03-31,30,15,5,45.816201,8.833089,12:24,85,6
REG,2540,PORTO CERESIO,MILANO PORTA GARIBALDI,INDUNO OLONA,3.7176470588235295,2.0,85,2023-01-01,2023-03-31,42,23,9,45.846432,8.838357,12:29,85,7
REG,2540,PORTO CERESIO,MILANO PORTA GARIBALDI,ARCISATE,4.658823529411765,3.0,85,2023-01-01,2023-03-31,54,32,10,45.858579,8.86241,12:33,85,8
REG,2540,PORTO CERESIO,MILANO PORTA GARIBALDI,BISUSCHIO VIGGIU,4.764705882352941,3.0,85,2023-01-01,2023-03-31,54,33,10,45.870658,8.887544,12:37,85,9
REG,2540,PORTO CERESIO,MILANO PORTA GARIBALDI,PORTO CERESIO,3.3176470588235296,2.0,85,2023-01-01,2023-03-31,40,18,9,45.903675,8.900357,12:45,85,10
