train_class,train_number,train_arrival_stop_name,train_departure_stop_name,stop_name,avg_arrival_delay,median_arrival_delay,count_dates_stop,first_date,last_date,count_3m_delay,count_5m_delay,count_10m_delay,stop_lat,stop_lon,stop_time,count_dates_train,stop_number
REG,2006,TORINO P.NUOVA,MILANO PORTA GARIBALDI,MILANO PORTA GARIBALDI,2.8253968253968256,2.0,63,2023-01-02,2023-03-31,29,9,0,45.484917,9.187683,18:10,63,1
REG,2006,TORINO P.NUOVA,MILANO PORTA GARIBALDI,RHO FIERA MILANO,2.7301587301587302,2.0,63,2023-01-02,2023-03-31,28,11,1,45.521157,9.088595,18:19,63,2
REG,2006,TORINO P.NUOVA,MILANO PORTA GARIBALDI,NOVARA,1.5555555555555556,1.0,63,2023-01-02,2023-03-31,21,12,2,45.451376,8.624895,18:46,63,3
REG,2006,TORINO P.NUOVA,MILANO PORTA GARIBALDI,VERCELLI,2.6666666666666665,1.0,63,2023-01-02,2023-03-31,23,18,5,45.329909,8.416028,18:59,63,4
REG,2006,TORINO P.NUOVA,MILANO PORTA GARIBALDI,TORINO PORTA SUSA,2.1904761904761907,1.0,63,2023-01-02,2023-03-31,20,15,5,45.075906,7.667673,19:38,63,5
REG,2006,TORINO P.NUOVA,MILANO PORTA GARIBALDI,TORINO P.NUOVA,1.6507936507936507,0.0,63,2023-01-02,2023-03-31,16,9,4,45.060969,7.67747,19:50,63,6
