train_class,train_number,train_arrival_stop_name,train_departure_stop_name,stop_name,avg_arrival_delay,median_arrival_delay,count_dates_stop,first_date,last_date,count_3m_delay,count_5m_delay,count_10m_delay,stop_lat,stop_lon,stop_time,count_dates_train,stop_number
REG,5408,PALERMO CENTRALE,AGRIGENTO CENTRALE,AGRIGENTO CENTRALE,1.6741573033707866,1.0,89,2023-01-01,2023-03-31,10,4,1,37.309051,13.584412,08:15,89,1
REG,5408,PALERMO CENTRALE,AGRIGENTO CENTRALE,AGRIGENTO BASSA,0.6666666666666666,0.0,87,2023-01-01,2023-03-31,6,3,1,37.319148,13.588094,08:19,89,2
REG,5408,PALERMO CENTRALE,AGRIGENTO CENTRALE,ARAGONA CALDARE,-1.0795454545454546,-2.0,88,2023-01-01,2023-03-31,4,1,1,37.381097,13.636837,08:31,89,3
REG,5408,PALERMO CENTRALE,AGRIGENTO CENTRALE,CAMPOFRANCO,1.1590909090909092,1.0,88,2023-01-01,2023-03-31,8,2,1,37.510105,13.686777,08:44,89,4
REG,5408,PALERMO CENTRALE,AGRIGENTO CENTRALE,ACQUAVIVA,1.0224719101123596,1.0,89,2023-01-01,2023-03-31,7,2,1,37.570258,13.674927,08:51,89,5
REG,5408,PALERMO CENTRALE,AGRIGENTO CENTRALE,CAMMARATA S.GIOVANNI GEMINI,1.6404494382022472,1.0,89,2023-01-01,2023-03-31,12,4,3,37.653759,13.673791,09:00,89,6
REG,5408,PALERMO CENTRALE,AGRIGENTO CENTRALE,ROCCAPALUMBA-ALIA,-1.6179775280898876,-3.0,89,2023-01-01,2023-03-31,6,3,1,37.793751,13.673628,09:16,89,7
REG,5408,PALERMO CENTRALE,AGRIGENTO CENTRALE,MONTEMAGGIORE,-0.8409090909090909,-2.0,88,2023-01-01,2023-03-31,3,2,1,37.859037,13.693193,09:26,89,8
REG,5408,PALERMO CENTRALE,AGRIGENTO CENTRALE,TERMINI IMERESE,1.3932584269662922,0.0,89,2023-01-01,2023-03-31,11,7,5,37.980132,13.703631,09:48,89,9
REG,5408,PALERMO CENTRALE,AGRIGENTO CENTRALE,BAGHERIA,-0.24719101123595505,-2.0,89,2023-01-01,2023-03-31,9,9,7,38.089905,13.507215,10:05,89,10
REG,5408,PALERMO CENTRALE,AGRIGENTO CENTRALE,PALERMO CENTRALE,0.0898876404494382,-2.0,89,2023-01-01,2023-03-31,9,8,5,38.109187,13.367515,10:17,89,11
