train_class,train_number,train_arrival_stop_name,train_departure_stop_name,stop_name,avg_arrival_delay,median_arrival_delay,count_dates_stop,first_date,last_date,count_3m_delay,count_5m_delay,count_10m_delay,stop_lat,stop_lon,stop_time,count_dates_train,stop_number
REG,24335,PAVIA,MILANO BOVISA FNM,MILANO BOVISA FNM,3.721518987341772,3.0,79,2023-01-01,2023-03-23,69,14,2,45.502993,9.159235,11:25,79,1
REG,24335,PAVIA,MILANO BOVISA FNM,MILANO LANCETTI,-0.5822784810126582,-1.0,79,2023-01-01,2023-03-23,2,2,1,45.492632,9.175832,11:30,79,2
REG,24335,PAVIA,MILANO BOVISA FNM,MI P.GAR.SOTT.,2.2278481012658227,2.0,79,2023-01-01,2023-03-23,17,4,2,45.484228,9.185122,11:33,79,3
REG,24335,PAVIA,MILANO BOVISA FNM,MILANO REPUBBLICA,2.1153846153846154,2.0,78,2023-01-01,2023-03-23,17,4,2,45.479984,9.198861,11:35,79,4
REG,24335,PAVIA,MILANO BOVISA FNM,MILANO VENEZIA,2.3164556962025316,2.0,79,2023-01-01,2023-03-23,21,6,2,45.471121,9.201889,11:37,79,5
REG,24335,PAVIA,MILANO BOVISA FNM,MILANO DATEO,2.1645569620253164,2.0,79,2023-01-01,2023-03-23,22,6,1,45.462341,9.209277,11:40,79,6
REG,24335,PAVIA,MILANO BOVISA FNM,MILANO PORTA VITTORIA,-0.25316455696202533,-1.0,79,2023-01-01,2023-03-23,6,3,1,45.459579,9.21813,11:44,79,7
REG,24335,PAVIA,MILANO BOVISA FNM,MILANO ROGOREDO,-1.8227848101265822,-3.0,79,2023-01-01,2023-03-23,3,1,1,45.433866,9.2391,11:52,79,8
REG,24335,PAVIA,MILANO BOVISA FNM,LOCATE TRIULZI,2.217948717948718,2.0,78,2023-01-01,2023-03-22,24,8,1,45.35973,9.221398,12:00,79,9
REG,24335,PAVIA,MILANO BOVISA FNM,VILLAMAGGIORE,3.5789473684210527,3.0,76,2023-01-01,2023-03-22,47,21,2,45.32045,9.190674,12:07,79,10
REG,24335,PAVIA,MILANO BOVISA FNM,CERTOSA DI PAVIA,2.08974358974359,1.0,78,2023-01-01,2023-03-22,26,11,1,45.256927,9.154456,12:12,79,11
REG,24335,PAVIA,MILANO BOVISA FNM,PAVIA,0.6329113924050633,0.0,79,2023-01-01,2023-03-23,16,4,0,45.188843,9.144674,12:21,79,12
