train_class,train_number,train_arrival_stop_name,train_departure_stop_name,stop_name,avg_arrival_delay,median_arrival_delay,count_dates_stop,first_date,last_date,count_3m_delay,count_5m_delay,count_10m_delay,stop_lat,stop_lon,stop_time,count_dates_train,stop_number
REG,4887,SALERNO,CASERTA,CASERTA,3.493333333333333,3.0,75,2023-01-02,2023-03-31,41,18,3,41.068655,14.328457,17:42,75,1
REG,4887,SALERNO,CASERTA,CANCELLO,3.2666666666666666,3.0,75,2023-01-02,2023-03-31,38,17,4,40.993063,14.418877,17:57,75,2
REG,4887,SALERNO,CASERTA,NOLA,5.293333333333333,3.0,75,2023-01-02,2023-03-31,49,24,6,40.923652,14.525004,18:08,75,3
REG,4887,SALERNO,CASERTA,PALMA S.GENNARO,7.253333333333333,5.0,75,2023-01-02,2023-03-31,64,39,8,40.864149,14.540472,18:15,75,4
REG,4887,SALERNO,CASERTA,SARNO,7.653333333333333,5.0,75,2023-01-02,2023-03-31,64,46,8,40.813063,14.612442,18:23,75,5
REG,4887,SALERNO,CASERTA,SALERNO,2.933333333333333,0.0,75,2023-01-02,2023-03-31,18,11,7,40.675137,14.772822,18:45,75,6
