train_class,train_number,train_arrival_stop_name,train_departure_stop_name,stop_name,avg_arrival_delay,median_arrival_delay,count_dates_stop,first_date,last_date,count_3m_delay,count_5m_delay,count_10m_delay,stop_lat,stop_lon,stop_time,count_dates_train,stop_number
REG,10806,PIADENA,PARMA,PARMA,1.4366197183098592,0.0,71,2023-01-02,2023-03-31,7,5,3,44.810203,10.32837,17:12,71,1
REG,10806,PIADENA,PARMA,TORRILE S. POLO,2.9577464788732395,1.0,71,2023-01-02,2023-03-31,18,8,3,44.885677,10.362814,17:21,71,2
REG,10806,PIADENA,PARMA,COLORNO,1.5492957746478873,0.0,71,2023-01-02,2023-03-31,12,6,3,44.927943,10.382935,17:28,71,3
REG,10806,PIADENA,PARMA,MEZZANI RONDANI,2.5211267605633805,1.0,71,2023-01-02,2023-03-31,14,6,4,44.966764,10.398818,17:33,71,4
REG,10806,PIADENA,PARMA,CASALMAGGIORE,1.8028169014084507,0.0,71,2023-01-02,2023-03-31,15,6,3,44.993139,10.425023,17:38,71,5
REG,10806,PIADENA,PARMA,S. GIOVANNI IN CROCE,1.9154929577464788,0.0,71,2023-01-02,2023-03-31,15,7,2,45.075783,10.377527,17:47,71,6
REG,10806,PIADENA,PARMA,PIADENA,2.9014084507042255,1.0,71,2023-01-02,2023-03-31,24,10,2,45.127608,10.369962,17:56,71,7
