train_class,train_number,train_arrival_stop_name,train_departure_stop_name,stop_name,avg_arrival_delay,median_arrival_delay,count_dates_stop,first_date,last_date,count_3m_delay,count_5m_delay,count_10m_delay,stop_lat,stop_lon,stop_time,count_dates_train,stop_number
REG,24675,PIOLTELLO LIMITO,NOVARA,NOVARA,2.367816091954023,1.0,87,2023-01-02,2023-03-31,22,8,3,45.451376,8.624895,20:48,87,1
REG,24675,PIOLTELLO LIMITO,NOVARA,TRECATE,2.4022988505747125,1.0,87,2023-01-02,2023-03-31,25,9,3,45.428589,8.739561,20:55,87,2
REG,24675,PIOLTELLO LIMITO,NOVARA,MAGENTA,2.9080459770114944,2.0,87,2023-01-02,2023-03-31,34,13,4,45.468204,8.880633,21:03,87,3
REG,24675,PIOLTELLO LIMITO,NOVARA,VITTUONE ARLUNO,2.218390804597701,1.0,87,2023-01-02,2023-03-31,25,10,2,45.491054,8.947299,21:11,87,4
REG,24675,PIOLTELLO LIMITO,NOVARA,RHO,2.586206896551724,1.0,87,2023-01-02,2023-03-31,31,17,4,45.523813,9.043563,21:21,87,5
REG,24675,PIOLTELLO LIMITO,NOVARA,RHO FIERA MILANO,2.9770114942528734,2.0,87,2023-01-02,2023-03-31,36,22,4,45.521157,9.088595,21:25,87,6
REG,24675,PIOLTELLO LIMITO,NOVARA,MILANO CERTOSA,1.5862068965517242,0.0,87,2023-01-02,2023-03-31,24,14,3,45.507019,9.133863,21:31,87,7
REG,24675,PIOLTELLO LIMITO,NOVARA,MILANO VILLAPIZZONE,3.0804597701149423,2.0,87,2023-01-02,2023-03-31,30,18,3,,,21:34,87,8
REG,24675,PIOLTELLO LIMITO,NOVARA,MILANO LANCETTI,3.8505747126436782,3.0,87,2023-01-02,2023-03-31,46,20,4,45.492632,9.175832,21:37,87,9
REG,24675,PIOLTELLO LIMITO,NOVARA,MI P.GAR.SOTT.,5.241379310344827,4.0,87,2023-01-02,2023-03-31,64,31,11,45.484228,9.185122,21:40,87,10
REG,24675,PIOLTELLO LIMITO,NOVARA,MILANO REPUBBLICA,5.103448275862069,4.0,87,2023-01-02,2023-03-31,61,29,11,45.479984,9.198861,21:42,87,11
REG,24675,PIOLTELLO LIMITO,NOVARA,MILANO VENEZIA,5.264367816091954,4.0,87,2023-01-02,2023-03-31,63,33,11,45.471121,9.201889,21:44,87,12
REG,24675,PIOLTELLO LIMITO,NOVARA,MILANO DATEO,5.011494252873563,3.0,87,2023-01-02,2023-03-31,58,32,11,45.462341,9.209277,21:47,87,13
REG,24675,PIOLTELLO LIMITO,NOVARA,MILANO PORTA VITTORIA,2.7241379310344827,1.0,87,2023-01-02,2023-03-31,31,20,6,45.459579,9.21813,21:51,87,14
REG,24675,PIOLTELLO LIMITO,NOVARA,MILANO FORLANINI,2.632183908045977,1.0,87,2023-01-02,2023-03-31,26,19,6,,,21:55,87,15
REG,24675,PIOLTELLO LIMITO,NOVARA,PIOLTELLO LIMITO,2.160919540229885,1.0,87,2023-01-02,2023-03-31,27,18,4,45.486019,9.329319,22:07,87,16
