train_class,train_number,train_arrival_stop_name,train_departure_stop_name,stop_name,avg_arrival_delay,median_arrival_delay,count_dates_stop,first_date,last_date,count_3m_delay,count_5m_delay,count_10m_delay,stop_lat,stop_lon,stop_time,count_dates_train,stop_number
REG,4543,ROMA TIBURTINA PIAZZALE EST,AVEZZANO,AVEZZANO,1.4943820224719102,1.0,89,2023-01-01,2023-03-31,7,1,1,42.039495,13.426446,05:45,89,1
REG,4543,ROMA TIBURTINA PIAZZALE EST,AVEZZANO,TAGLIACOZZO,-2.397727272727273,-3.0,88,2023-01-01,2023-03-31,1,1,0,42.070701,13.255664,05:59,89,2
REG,4543,ROMA TIBURTINA PIAZZALE EST,AVEZZANO,CARSOLI,0.21348314606741572,-1.0,89,2023-01-01,2023-03-31,7,3,2,42.09578,13.080388,06:15,89,3
REG,4543,ROMA TIBURTINA PIAZZALE EST,AVEZZANO,ARSOLI,1.101123595505618,1.0,89,2023-01-01,2023-03-31,3,2,1,42.045852,13.013064,06:26,89,4
REG,4543,ROMA TIBURTINA PIAZZALE EST,AVEZZANO,ROVIANO,-0.15730337078651685,-1.0,89,2023-01-01,2023-03-31,4,4,2,42.026476,12.991119,06:32,89,5
REG,4543,ROMA TIBURTINA PIAZZALE EST,AVEZZANO,MANDELA-SAMBUCI,1.651685393258427,0.0,89,2023-01-01,2023-03-31,8,3,2,42.016212,12.921976,06:41,89,6
REG,4543,ROMA TIBURTINA PIAZZALE EST,AVEZZANO,TIVOLI,-2.5681818181818183,-5.0,88,2023-01-01,2023-03-31,4,2,1,41.961849,12.805047,06:59,89,7
REG,4543,ROMA TIBURTINA PIAZZALE EST,AVEZZANO,MARCELLINA-PALOMBARA,0.23863636363636365,-2.0,88,2023-01-01,2023-03-31,5,3,2,41.999609,12.79134,07:08,89,8
REG,4543,ROMA TIBURTINA PIAZZALE EST,AVEZZANO,GUIDONIA-MONTECELIO-S.ANGELO,-0.2159090909090909,-2.0,88,2023-01-01,2023-03-31,5,2,2,41.993405,12.725681,07:18,89,9
REG,4543,ROMA TIBURTINA PIAZZALE EST,AVEZZANO,BAGNI DI TIVOLI,4.295454545454546,2.0,88,2023-01-01,2023-03-31,38,9,3,41.949593,12.722208,07:25,89,10
REG,4543,ROMA TIBURTINA PIAZZALE EST,AVEZZANO,LUNGHEZZA,5.438202247191011,4.0,89,2023-01-01,2023-03-31,67,27,3,41.923253,12.667212,07:32,89,11
REG,4543,ROMA TIBURTINA PIAZZALE EST,AVEZZANO,PONTE DI NONA,4.617977528089888,3.0,89,2023-01-01,2023-03-31,49,13,3,42.061563,13.581585,07:35,89,12
REG,4543,ROMA TIBURTINA PIAZZALE EST,AVEZZANO,ROMA TIBURTINA PIAZZALE EST,-2.808988764044944,-4.0,89,2023-01-01,2023-03-31,3,3,3,41.910903,12.530749,08:06,89,13
