train_class,train_number,train_arrival_stop_name,train_departure_stop_name,stop_name,avg_arrival_delay,median_arrival_delay,count_dates_stop,first_date,last_date,count_3m_delay,count_5m_delay,count_10m_delay,stop_lat,stop_lon,stop_time,count_dates_train,stop_number
REG,16744,BELLUNO,PADOVA,PADOVA,1.3846153846153846,1.0,39,2023-01-02,2023-02-24,1,0,0,45.417846,11.880794,16:25,39,1
REG,16744,BELLUNO,PADOVA,CASTELFRANCO VENETO,3.282051282051282,3.0,39,2023-01-02,2023-02-24,23,5,1,45.666439,11.934315,16:50,39,2
REG,16744,BELLUNO,PADOVA,MONTEBELLUNA,3.6666666666666665,3.0,39,2023-01-02,2023-02-24,25,6,2,45.776434,12.054,17:05,39,3
REG,16744,BELLUNO,PADOVA,CORNUDA,5.3076923076923075,5.0,39,2023-01-02,2023-02-24,34,20,3,45.833846,12.012886,17:12,39,4
REG,16744,BELLUNO,PADOVA,ALANO FENER VALDOBBIADENE,4.717948717948718,4.0,39,2023-01-02,2023-02-24,29,12,3,45.90229,11.944546,17:22,39,5
REG,16744,BELLUNO,PADOVA,FELTRE,4.0,3.0,39,2023-01-02,2023-02-24,26,10,3,46.012884,11.911493,17:38,39,6
REG,16744,BELLUNO,PADOVA,S.GIUSTINA CESIO,2.1538461538461537,1.0,39,2023-01-02,2023-02-24,9,5,3,46.077655,12.04294,17:55,39,7
REG,16744,BELLUNO,PADOVA,SEDICO BRIBANO,2.358974358974359,1.0,39,2023-01-02,2023-02-24,9,5,3,46.095424,12.086508,18:01,39,8
REG,16744,BELLUNO,PADOVA,BELLUNO,0.02564102564102564,-2.0,39,2023-01-02,2023-02-24,5,3,3,46.141594,12.209703,18:15,39,9
