train_class,train_number,train_arrival_stop_name,train_departure_stop_name,stop_name,avg_arrival_delay,median_arrival_delay,count_dates_stop,first_date,last_date,count_3m_delay,count_5m_delay,count_10m_delay,stop_lat,stop_lon,stop_time,count_dates_train,stop_number
REG,21260,VILLA LITERNO,NAPOLI CAMPI FLEGREI,NAPOLI CAMPI FLEGREI,1.7701149425287357,1.0,87,2023-01-02,2023-03-31,14,3,1,40.822462,14.194649,05:00,87,1
REG,21260,VILLA LITERNO,NAPOLI CAMPI FLEGREI,CAVALLEGGERI AOSTA,-0.034482758620689655,-1.0,87,2023-01-02,2023-03-31,3,2,1,40.819292,14.185679,05:02,87,2
REG,21260,VILLA LITERNO,NAPOLI CAMPI FLEGREI,BAGNOLI AGNANO TERME,0.5365853658536586,1.0,41,2023-01-02,2023-03-31,2,1,0,40.819444,14.166694,05:06,87,3
REG,21260,VILLA LITERNO,NAPOLI CAMPI FLEGREI,POZZUOLI SOLFATARA,1.3448275862068966,1.0,87,2023-01-02,2023-03-31,13,6,1,40.827586,14.126163,05:11,87,4
REG,21260,VILLA LITERNO,NAPOLI CAMPI FLEGREI,GIUGLIANO QUALIANO,1.7241379310344827,2.0,87,2023-01-02,2023-03-31,23,6,0,40.935018,14.10378,05:22,87,5
REG,21260,VILLA LITERNO,NAPOLI CAMPI FLEGREI,VILLA LITERNO,1.5172413793103448,1.0,87,2023-01-02,2023-03-31,23,4,0,41.004956,14.06753,05:30,87,6
