train_class,train_number,train_arrival_stop_name,train_departure_stop_name,stop_name,avg_arrival_delay,median_arrival_delay,count_dates_stop,first_date,last_date,count_3m_delay,count_5m_delay,count_10m_delay,stop_lat,stop_lon,stop_time,count_dates_train,stop_number
REG,20121,VELLETRI,ROMA TERMINI,ROMA TERMINI,0.45555555555555555,0.0,90,2023-01-01,2023-03-31,3,2,0,41.900636,12.502026,11:28,90,1
REG,20121,VELLETRI,ROMA TERMINI,CAPANNELLE,0.8888888888888888,0.0,90,2023-01-01,2023-03-31,9,6,2,41.830713,12.568884,11:36,90,2
REG,20121,VELLETRI,ROMA TERMINI,CIAMPINO,0.4111111111111111,0.0,90,2023-01-01,2023-03-31,9,7,2,41.804442,12.599546,11:43,90,3
REG,20121,VELLETRI,ROMA TERMINI,CASABIANCA,3.1333333333333333,2.0,90,2023-01-01,2023-03-31,40,16,4,41.788327,12.60431,11:47,90,4
REG,20121,VELLETRI,ROMA TERMINI,S. MARIA DELLE MOLE,0.9777777777777777,0.0,90,2023-01-01,2023-03-31,16,9,1,41.774417,12.606225,11:51,90,5
REG,20121,VELLETRI,ROMA TERMINI,PAVONA,2.522222222222222,1.0,90,2023-01-01,2023-03-31,29,17,5,41.723897,12.61116,11:57,90,6
REG,20121,VELLETRI,ROMA TERMINI,CANCELLIERA,2.2808988764044944,1.0,89,2023-01-01,2023-03-31,25,16,5,41.710587,12.621758,12:01,90,7
REG,20121,VELLETRI,ROMA TERMINI,CECCHINA,1.3707865168539326,0.0,89,2023-01-01,2023-03-31,21,12,3,41.692029,12.650992,12:06,90,8
REG,20121,VELLETRI,ROMA TERMINI,LANUVIO,0.4943820224719101,-1.0,89,2023-01-01,2023-03-31,15,6,3,41.672211,12.690885,12:13,90,9
REG,20121,VELLETRI,ROMA TERMINI,S. GENNARO,2.8222222222222224,2.0,90,2023-01-01,2023-03-31,32,12,3,,,12:18,90,10
REG,20121,VELLETRI,ROMA TERMINI,S. EUROSIA,2.033333333333333,1.0,90,2023-01-01,2023-03-31,19,7,3,41.675927,12.755105,12:23,90,11
REG,20121,VELLETRI,ROMA TERMINI,VELLETRI,-1.3111111111111111,-2.0,90,2023-01-01,2023-03-31,4,3,3,41.682421,12.780864,12:31,90,12
