train_class,train_number,train_arrival_stop_name,train_departure_stop_name,stop_name,avg_arrival_delay,median_arrival_delay,count_dates_stop,first_date,last_date,count_3m_delay,count_5m_delay,count_10m_delay,stop_lat,stop_lon,stop_time,count_dates_train,stop_number
FR,9736,MILANO CENTRALE,VENEZIA SANTA LUCIA,VENEZIA SANTA LUCIA,0.7888888888888889,0.0,90,2023-01-01,2023-03-31,6,2,1,45.441569,12.320882,13:48,90,1
FR,9736,MILANO CENTRALE,VENEZIA SANTA LUCIA,VENEZIA MESTRE,0.7444444444444445,1.0,90,2023-01-01,2023-03-31,12,3,1,45.482123,12.232069,13:58,90,2
FR,9736,MILANO CENTRALE,VENEZIA SANTA LUCIA,PADOVA,0.35555555555555557,0.0,90,2023-01-01,2023-03-31,10,6,2,45.417846,11.880794,14:14,90,3
FR,9736,MILANO CENTRALE,VENEZIA SANTA LUCIA,VICENZA,-1.3058823529411765,-2.0,85,2023-01-01,2023-03-31,7,5,2,45.541102,11.540762,14:32,90,4
FR,9736,MILANO CENTRALE,VENEZIA SANTA LUCIA,VERONA PORTA NUOVA,0.2159090909090909,-1.0,88,2023-01-01,2023-03-31,14,8,4,45.428603,10.982377,15:00,90,5
FR,9736,MILANO CENTRALE,VENEZIA SANTA LUCIA,DESENZANO,2.3068181818181817,1.0,88,2023-01-01,2023-03-31,30,12,5,45.462677,10.536322,15:21,90,6
FR,9736,MILANO CENTRALE,VENEZIA SANTA LUCIA,BRESCIA,2.2613636363636362,1.0,88,2023-01-01,2023-03-31,25,14,7,45.532315,10.212828,15:37,90,7
FR,9736,MILANO CENTRALE,VENEZIA SANTA LUCIA,MILANO CENTRALE,3.9555555555555557,2.0,90,2023-01-01,2023-03-31,41,25,12,45.486347,9.204528,16:15,90,8
