train_class,train_number,train_arrival_stop_name,train_departure_stop_name,stop_name,avg_arrival_delay,median_arrival_delay,count_dates_stop,first_date,last_date,count_3m_delay,count_5m_delay,count_10m_delay,stop_lat,stop_lon,stop_time,count_dates_train,stop_number
REG,2201,BERGAMO,MILANO CENTRALE,MILANO CENTRALE,2.36,1.0,25,2023-01-01,2023-03-26,7,2,1,45.486347,9.204528,10:05,25,1
REG,2201,BERGAMO,MILANO CENTRALE,MILANO LAMBRATE,4.04,3.0,25,2023-01-01,2023-03-26,15,10,1,45.484933,9.237333,10:11,25,2
REG,2201,BERGAMO,MILANO CENTRALE,PIOLTELLO LIMITO,4.84,4.0,25,2023-01-01,2023-03-26,19,12,1,45.486019,9.329319,10:19,25,3
REG,2201,BERGAMO,MILANO CENTRALE,TREVIGLIO OVEST,2.48,2.0,25,2023-01-01,2023-03-26,11,7,1,45.521762,9.580281,10:35,25,4
REG,2201,BERGAMO,MILANO CENTRALE,VERDELLO DALMINE,2.84,2.0,25,2023-01-01,2023-03-26,10,7,1,45.605715,9.619797,10:43,25,5
REG,2201,BERGAMO,MILANO CENTRALE,BERGAMO,-3.12,-4.0,25,2023-01-01,2023-03-26,1,1,1,45.690271,9.675082,11:00,25,6
