train_class,train_number,train_arrival_stop_name,train_departure_stop_name,stop_name,avg_arrival_delay,median_arrival_delay,count_dates_stop,first_date,last_date,count_3m_delay,count_5m_delay,count_10m_delay,stop_lat,stop_lon,stop_time,count_dates_train,stop_number
EC,88,BRENNERO,BOLOGNA C.LE,BOLOGNA C.LE,1.9775280898876404,1.0,89,2023-01-01,2023-03-31,14,4,2,44.50626,11.342267,07:45,89,1
EC,88,BRENNERO,BOLOGNA C.LE,VERONA PORTA NUOVA,1.2696629213483146,1.0,89,2023-01-01,2023-03-31,25,11,3,45.428603,10.982377,08:47,89,2
EC,88,BRENNERO,BOLOGNA C.LE,ROVERETO,7.662921348314606,5.0,89,2023-01-01,2023-03-31,69,56,19,45.890985,11.033518,09:41,89,3
EC,88,BRENNERO,BOLOGNA C.LE,TRENTO,6.179775280898877,4.0,89,2023-01-01,2023-03-31,59,40,14,46.072414,11.118941,09:57,89,4
EC,88,BRENNERO,BOLOGNA C.LE,BRESSANONE,6.629213483146067,4.0,89,2023-01-01,2023-03-31,56,36,21,46.710088,11.649677,11:02,89,5
EC,88,BRENNERO,BOLOGNA C.LE,BRENNERO,3.438202247191011,-1.0,89,2023-01-01,2023-03-31,33,26,16,47.004117,11.505711,11:48,89,6
