train_class,train_number,train_arrival_stop_name,train_departure_stop_name,stop_name,avg_arrival_delay,median_arrival_delay,count_dates_stop,first_date,last_date,count_3m_delay,count_5m_delay,count_10m_delay,stop_lat,stop_lon,stop_time,count_dates_train,stop_number
REG,23790,ANCONA,ASCOLI PICENO,ASCOLI PICENO,2.3442622950819674,1.0,61,2023-01-02,2023-03-31,11,5,3,42.855474,13.587939,20:52,61,1
REG,23790,ANCONA,ASCOLI PICENO,OFFIDA CASTEL DI LAMA,1.7704918032786885,1.0,61,2023-01-02,2023-03-31,9,4,3,42.862074,13.720285,21:02,61,2
REG,23790,ANCONA,ASCOLI PICENO,PORTO D`ASCOLI,2.9672131147540983,2.0,61,2023-01-02,2023-03-31,14,5,4,42.912792,13.896813,21:18,61,3
REG,23790,ANCONA,ASCOLI PICENO,S.BENEDETTO DEL TRONTO,5.262295081967213,4.0,61,2023-01-02,2023-03-31,55,24,6,42.954386,13.882297,21:23,61,4
REG,23790,ANCONA,ASCOLI PICENO,CUPRAMARITTIMA,4.885245901639344,4.0,61,2023-01-02,2023-03-31,49,19,4,43.02349,13.860812,21:31,61,5
REG,23790,ANCONA,ASCOLI PICENO,PEDASO,4.672131147540983,3.0,61,2023-01-02,2023-03-31,48,18,5,43.094694,13.844906,21:37,61,6
REG,23790,ANCONA,ASCOLI PICENO,PORTO S. GIORGIO FERMO,3.7049180327868854,2.0,61,2023-01-02,2023-03-31,30,14,4,43.17972,13.7975,21:44,61,7
REG,23790,ANCONA,ASCOLI PICENO,PORTO S. ELPIDIO,3.737704918032787,2.0,61,2023-01-02,2023-03-31,30,16,3,43.256855,13.760749,21:50,61,8
REG,23790,ANCONA,ASCOLI PICENO,CIVITANOVA MARCHE,3.9508196721311477,3.0,61,2023-01-02,2023-03-31,36,17,3,43.3091,13.7257,21:55,61,9
REG,23790,ANCONA,ASCOLI PICENO,LORETO,4.032786885245901,3.0,61,2023-01-02,2023-03-31,37,19,4,43.448376,13.620455,22:07,61,10
REG,23790,ANCONA,ASCOLI PICENO,VARANO,2.901639344262295,2.0,61,2023-01-02,2023-03-31,26,14,3,43.574729,13.523436,22:20,61,11
REG,23790,ANCONA,ASCOLI PICENO,ANCONA,0.6065573770491803,0.0,61,2023-01-02,2023-03-31,10,4,3,43.607734,13.497665,22:29,61,12
