train_class,train_number,train_arrival_stop_name,train_departure_stop_name,stop_name,avg_arrival_delay,median_arrival_delay,count_dates_stop,first_date,last_date,count_3m_delay,count_5m_delay,count_10m_delay,stop_lat,stop_lon,stop_time,count_dates_train,stop_number
REG,21916,MELITO DI PORTO SALVO,REGGIO CALABRIA CENTRALE,REGGIO CALABRIA CENTRALE,1.423728813559322,1.0,59,2023-01-09,2023-03-31,9,1,1,38.103884,15.635844,06:18,59,1
REG,21916,MELITO DI PORTO SALVO,REGGIO CALABRIA CENTRALE,REGGIO DI CALABRIA S.GREGORIO,-0.1694915254237288,-1.0,59,2023-01-09,2023-03-31,2,1,1,38.061274,15.652053,06:29,59,2
REG,21916,MELITO DI PORTO SALVO,REGGIO CALABRIA CENTRALE,REGGIO DI CALABRIA PELLARO,-0.13559322033898305,-1.0,59,2023-01-09,2023-03-31,2,1,1,38.02561,15.650064,06:34,59,3
REG,21916,MELITO DI PORTO SALVO,REGGIO CALABRIA CENTRALE,SALINE DI REGGIO,-0.23728813559322035,-1.0,59,2023-01-09,2023-03-31,1,1,0,37.938677,15.710664,06:49,59,4
REG,21916,MELITO DI PORTO SALVO,REGGIO CALABRIA CENTRALE,MELITO DI PORTO SALVO,-1.5593220338983051,-2.0,59,2023-01-09,2023-03-31,1,1,0,37.916732,15.780816,06:58,59,5
