train_class,train_number,train_arrival_stop_name,train_departure_stop_name,stop_name,avg_arrival_delay,median_arrival_delay,count_dates_stop,first_date,last_date,count_3m_delay,count_5m_delay,count_10m_delay,stop_lat,stop_lon,stop_time,count_dates_train,stop_number
REG,18295,PISA CENTRALE,FIRENZE S.M.N.,FIRENZE S.M.N.,2.513157894736842,1.0,76,2023-01-02,2023-03-31,20,13,4,43.776893,11.247373,13:38,76,1
REG,18295,PISA CENTRALE,FIRENZE S.M.N.,FIRENZE RIFREDI,1.8289473684210527,1.0,76,2023-01-02,2023-03-31,18,11,4,43.800873,11.235729,13:43,76,2
REG,18295,PISA CENTRALE,FIRENZE S.M.N.,EMPOLI,2.763157894736842,2.0,76,2023-01-02,2023-03-31,32,13,3,43.715708,10.94915,14:12,76,3
REG,18295,PISA CENTRALE,FIRENZE S.M.N.,S.ROMANO MONTOPOLI S.CROCE,2.6842105263157894,2.0,76,2023-01-02,2023-03-31,32,14,3,43.690575,10.760152,14:25,76,4
REG,18295,PISA CENTRALE,FIRENZE S.M.N.,PONTEDERA CASCIANA TERME,2.3815789473684212,1.0,76,2023-01-02,2023-03-31,29,12,4,43.662145,10.628773,14:34,76,5
REG,18295,PISA CENTRALE,FIRENZE S.M.N.,CASCINA,0.9868421052631579,0.0,76,2023-01-02,2023-03-31,18,8,3,43.674542,10.545225,14:41,76,6
REG,18295,PISA CENTRALE,FIRENZE S.M.N.,NAVACCHIO,0.7236842105263158,0.0,76,2023-01-02,2023-03-31,10,7,3,43.685941,10.486806,14:49,76,7
REG,18295,PISA CENTRALE,FIRENZE S.M.N.,PISA CENTRALE,1.0263157894736843,0.0,76,2023-01-02,2023-03-31,16,7,3,43.70794,10.398183,14:59,76,8
