train_class,train_number,train_arrival_stop_name,train_departure_stop_name,stop_name,avg_arrival_delay,median_arrival_delay,count_dates_stop,first_date,last_date,count_3m_delay,count_5m_delay,count_10m_delay,stop_lat,stop_lon,stop_time,count_dates_train,stop_number
REG,24705,PIOLTELLO LIMITO,NOVARA,NOVARA,0.96,1.0,25,2023-01-01,2023-03-26,0,0,0,45.451376,8.624895,10:40,25,1
REG,24705,PIOLTELLO LIMITO,NOVARA,TRECATE,2.12,2.0,25,2023-01-01,2023-03-26,6,0,0,45.428589,8.739561,10:46,25,2
REG,24705,PIOLTELLO LIMITO,NOVARA,MAGENTA,2.64,2.0,25,2023-01-01,2023-03-26,11,1,0,45.468204,8.880633,10:54,25,3
REG,24705,PIOLTELLO LIMITO,NOVARA,VITTUONE ARLUNO,2.84,2.0,25,2023-01-01,2023-03-26,12,3,0,45.491054,8.947299,11:02,25,4
REG,24705,PIOLTELLO LIMITO,NOVARA,RHO,-3.24,-3.0,25,2023-01-01,2023-03-26,0,0,0,45.523813,9.043563,11:21,25,5
REG,24705,PIOLTELLO LIMITO,NOVARA,RHO FIERA MILANO,0.32,0.0,25,2023-01-01,2023-03-26,3,0,0,45.521157,9.088595,11:25,25,6
REG,24705,PIOLTELLO LIMITO,NOVARA,MILANO CERTOSA,-0.96,-2.0,25,2023-01-01,2023-03-26,1,0,0,45.507019,9.133863,11:31,25,7
REG,24705,PIOLTELLO LIMITO,NOVARA,MILANO VILLAPIZZONE,1.32,1.0,25,2023-01-01,2023-03-26,1,0,0,,,11:34,25,8
REG,24705,PIOLTELLO LIMITO,NOVARA,MILANO LANCETTI,1.88,1.0,25,2023-01-01,2023-03-26,7,2,0,45.492632,9.175832,11:37,25,9
REG,24705,PIOLTELLO LIMITO,NOVARA,MI P.GAR.SOTT.,3.52,3.0,25,2023-01-01,2023-03-26,18,6,0,45.484228,9.185122,11:40,25,10
REG,24705,PIOLTELLO LIMITO,NOVARA,MILANO REPUBBLICA,3.44,3.0,25,2023-01-01,2023-03-26,16,5,0,45.479984,9.198861,11:42,25,11
REG,24705,PIOLTELLO LIMITO,NOVARA,MILANO VENEZIA,3.72,3.0,25,2023-01-01,2023-03-26,20,5,0,45.471121,9.201889,11:44,25,12
REG,24705,PIOLTELLO LIMITO,NOVARA,MILANO DATEO,3.48,3.0,25,2023-01-01,2023-03-26,16,5,0,45.462341,9.209277,11:47,25,13
REG,24705,PIOLTELLO LIMITO,NOVARA,MILANO PORTA VITTORIA,1.4,1.0,25,2023-01-01,2023-03-26,5,2,0,45.459579,9.21813,11:51,25,14
REG,24705,PIOLTELLO LIMITO,NOVARA,MILANO FORLANINI,1.32,1.0,25,2023-01-01,2023-03-26,4,2,0,,,11:55,25,15
REG,24705,PIOLTELLO LIMITO,NOVARA,PIOLTELLO LIMITO,0.0,0.0,25,2023-01-01,2023-03-26,3,1,0,45.486019,9.329319,12:07,25,16
