train_class,train_number,train_arrival_stop_name,train_departure_stop_name,stop_name,avg_arrival_delay,median_arrival_delay,count_dates_stop,first_date,last_date,count_3m_delay,count_5m_delay,count_10m_delay,stop_lat,stop_lon,stop_time,count_dates_train,stop_number
REG,16353,VENEZIA SANTA LUCIA,BASSANO DEL GRAPPA,BASSANO DEL GRAPPA,3.901639344262295,4.0,61,2023-01-02,2023-03-31,57,15,0,45.766697,11.741525,14:46,61,1
REG,16353,VENEZIA SANTA LUCIA,BASSANO DEL GRAPPA,CASTELLO DI GODEGO,4.409836065573771,4.0,61,2023-01-02,2023-03-31,58,25,0,45.688082,11.87759,14:54,61,2
REG,16353,VENEZIA SANTA LUCIA,BASSANO DEL GRAPPA,CASTELFRANCO VENETO,2.5081967213114753,2.0,61,2023-01-02,2023-03-31,25,5,1,45.666439,11.934315,15:02,61,3
REG,16353,VENEZIA SANTA LUCIA,BASSANO DEL GRAPPA,PIOMBINO DESE,1.5573770491803278,1.0,61,2023-01-02,2023-03-31,12,5,0,45.60944,12.00058,15:14,61,4
REG,16353,VENEZIA SANTA LUCIA,BASSANO DEL GRAPPA,NOALE SCORZE`,-2.4918032786885247,-3.0,61,2023-01-02,2023-03-31,3,2,1,45.553833,12.074888,15:28,61,5
REG,16353,VENEZIA SANTA LUCIA,BASSANO DEL GRAPPA,MAERNE DI MARTELLAGO,1.819672131147541,1.0,61,2023-01-02,2023-03-31,11,5,2,45.514799,12.150629,15:37,61,6
REG,16353,VENEZIA SANTA LUCIA,BASSANO DEL GRAPPA,SPINEA,0.9016393442622951,-1.0,61,2023-01-02,2023-03-31,6,5,2,45.491568,12.177168,15:42,61,7
REG,16353,VENEZIA SANTA LUCIA,BASSANO DEL GRAPPA,VENEZIA MESTRE,1.1147540983606556,-1.0,61,2023-01-02,2023-03-31,9,7,3,45.482123,12.232069,15:50,61,8
REG,16353,VENEZIA SANTA LUCIA,BASSANO DEL GRAPPA,VENEZIA SANTA LUCIA,2.459016393442623,1.0,61,2023-01-02,2023-03-31,15,9,4,45.441569,12.320882,16:03,61,9
