train_class,train_number,train_arrival_stop_name,train_departure_stop_name,stop_name,avg_arrival_delay,median_arrival_delay,count_dates_stop,first_date,last_date,count_3m_delay,count_5m_delay,count_10m_delay,stop_lat,stop_lon,stop_time,count_dates_train,stop_number
REG,16311,VENEZIA SANTA LUCIA,BASSANO DEL GRAPPA,BASSANO DEL GRAPPA,1.6923076923076923,2.0,78,2023-01-01,2023-03-31,5,1,0,45.766697,11.741525,08:21,78,1
REG,16311,VENEZIA SANTA LUCIA,BASSANO DEL GRAPPA,CASTELLO DI GODEGO,-1.5384615384615385,-2.0,78,2023-01-01,2023-03-31,1,1,0,45.688082,11.87759,08:34,78,2
REG,16311,VENEZIA SANTA LUCIA,BASSANO DEL GRAPPA,CASTELFRANCO VENETO,-0.9102564102564102,-1.0,78,2023-01-01,2023-03-31,5,0,0,45.666439,11.934315,08:44,78,3
REG,16311,VENEZIA SANTA LUCIA,BASSANO DEL GRAPPA,PIOMBINO DESE,1.9871794871794872,2.0,78,2023-01-01,2023-03-31,15,3,0,45.60944,12.00058,08:52,78,4
REG,16311,VENEZIA SANTA LUCIA,BASSANO DEL GRAPPA,NOALE SCORZE`,2.1153846153846154,2.0,78,2023-01-01,2023-03-31,15,4,1,45.553833,12.074888,09:00,78,5
REG,16311,VENEZIA SANTA LUCIA,BASSANO DEL GRAPPA,MAERNE DI MARTELLAGO,3.551282051282051,3.0,78,2023-01-01,2023-03-31,51,20,2,45.514799,12.150629,09:08,78,6
REG,16311,VENEZIA SANTA LUCIA,BASSANO DEL GRAPPA,SPINEA,2.3506493506493507,2.0,77,2023-01-01,2023-03-31,30,10,0,45.491568,12.177168,09:13,78,7
REG,16311,VENEZIA SANTA LUCIA,BASSANO DEL GRAPPA,VENEZIA MESTRE,1.5454545454545454,1.0,77,2023-01-01,2023-03-31,24,9,0,45.482123,12.232069,09:21,78,8
REG,16311,VENEZIA SANTA LUCIA,BASSANO DEL GRAPPA,VENEZIA SANTA LUCIA,0.1282051282051282,0.0,78,2023-01-01,2023-03-31,14,3,0,45.441569,12.320882,09:33,78,9
