train_class,train_number,train_arrival_stop_name,train_departure_stop_name,stop_name,avg_arrival_delay,median_arrival_delay,count_dates_stop,first_date,last_date,count_3m_delay,count_5m_delay,count_10m_delay,stop_lat,stop_lon,stop_time,count_dates_train,stop_number
REG,21884,CASTELVETRANO,TRAPANI,TRAPANI,1.2666666666666666,1.0,75,2023-01-02,2023-03-31,6,3,1,38.017092,12.518814,19:52,75,1
REG,21884,CASTELVETRANO,TRAPANI,MARAUSA,-0.25333333333333335,-2.0,75,2023-01-02,2023-03-31,6,4,2,37.92647,12.504113,20:05,75,2
REG,21884,CASTELVETRANO,TRAPANI,MOZIA-BIRGI,1.1066666666666667,0.0,75,2023-01-02,2023-03-31,9,6,2,37.884956,12.499016,20:11,75,3
REG,21884,CASTELVETRANO,TRAPANI,MARSALA,2.5733333333333333,1.0,75,2023-01-02,2023-03-31,20,10,6,37.793514,12.443174,20:28,75,4
REG,21884,CASTELVETRANO,TRAPANI,PETROSINO STRASATTI,1.2533333333333334,0.0,75,2023-01-02,2023-03-31,11,9,4,37.725466,12.509434,20:42,75,5
REG,21884,CASTELVETRANO,TRAPANI,MAZARA DEL VALLO,3.026666666666667,2.0,75,2023-01-02,2023-03-31,32,14,5,37.652448,12.594565,20:57,75,6
REG,21884,CASTELVETRANO,TRAPANI,CAMPOBELLO DI MAZARA,-0.36,-2.0,75,2023-01-02,2023-03-31,11,5,2,37.636256,12.733165,21:12,75,7
REG,21884,CASTELVETRANO,TRAPANI,CASTELVETRANO,-4.973333333333334,-6.0,75,2023-01-02,2023-03-31,3,2,2,37.684977,12.799552,21:28,75,8
