train_class,train_number,train_arrival_stop_name,train_departure_stop_name,stop_name,avg_arrival_delay,median_arrival_delay,count_dates_stop,first_date,last_date,count_3m_delay,count_5m_delay,count_10m_delay,stop_lat,stop_lon,stop_time,count_dates_train,stop_number
REG,10930,MILANO GRECO PIRELLI,BRESCIA,BRESCIA,2.6853932584269664,2.0,89,2023-01-01,2023-03-31,15,8,5,45.532315,10.212828,14:48,89,1
REG,10930,MILANO GRECO PIRELLI,BRESCIA,OSPITALETTO TRAVAGLIATO,2.6179775280898876,2.0,89,2023-01-01,2023-03-31,21,8,5,45.546042,10.074363,14:55,89,2
REG,10930,MILANO GRECO PIRELLI,BRESCIA,ROVATO,1.5280898876404494,1.0,89,2023-01-01,2023-03-31,14,8,5,45.55193,10.000924,15:01,89,3
REG,10930,MILANO GRECO PIRELLI,BRESCIA,ROMANO,1.404494382022472,0.0,89,2023-01-01,2023-03-31,15,9,5,45.523839,9.753402,15:18,89,4
REG,10930,MILANO GRECO PIRELLI,BRESCIA,TREVIGLIO,1.4157303370786516,-1.0,89,2023-01-01,2023-03-31,16,10,5,45.515063,9.587919,15:33,89,5
REG,10930,MILANO GRECO PIRELLI,BRESCIA,PIOLTELLO LIMITO,0.9101123595505618,-1.0,89,2023-01-01,2023-03-31,14,11,5,45.486019,9.329319,15:48,89,6
REG,10930,MILANO GRECO PIRELLI,BRESCIA,MILANO LAMBRATE,0.033707865168539325,-2.0,89,2023-01-01,2023-03-31,17,10,4,45.484933,9.237333,16:00,89,7
REG,10930,MILANO GRECO PIRELLI,BRESCIA,MILANO GRECO PIRELLI,3.134831460674157,1.0,89,2023-01-01,2023-03-31,31,16,5,45.51272,9.214456,16:08,89,8
