train_class,train_number,train_arrival_stop_name,train_departure_stop_name,stop_name,avg_arrival_delay,median_arrival_delay,count_dates_stop,first_date,last_date,count_3m_delay,count_5m_delay,count_10m_delay,stop_lat,stop_lon,stop_time,count_dates_train,stop_number
REG,2278,MILANO PORTA GARIBALDI,BERGAMO,BERGAMO,1.2380952380952381,1.0,63,2023-01-02,2023-03-31,2,0,0,45.690271,9.675082,17:30,63,1
REG,2278,MILANO PORTA GARIBALDI,BERGAMO,VERDELLO DALMINE,1.4761904761904763,1.0,63,2023-01-02,2023-03-31,6,2,0,45.605715,9.619797,17:38,63,2
REG,2278,MILANO PORTA GARIBALDI,BERGAMO,TREVIGLIO OVEST,2.0317460317460316,1.0,63,2023-01-02,2023-03-31,12,5,1,45.521762,9.580281,17:47,63,3
REG,2278,MILANO PORTA GARIBALDI,BERGAMO,PIOLTELLO LIMITO,4.7936507936507935,4.0,63,2023-01-02,2023-03-31,45,24,6,45.486019,9.329319,18:00,63,4
REG,2278,MILANO PORTA GARIBALDI,BERGAMO,MILANO LAMBRATE,2.1746031746031744,1.0,63,2023-01-02,2023-03-31,20,11,3,45.484933,9.237333,18:11,63,5
REG,2278,MILANO PORTA GARIBALDI,BERGAMO,MILANO PORTA GARIBALDI,0.7936507936507936,0.0,63,2023-01-02,2023-03-31,12,6,1,45.484917,9.187683,18:33,63,6
