train_class,train_number,train_arrival_stop_name,train_departure_stop_name,stop_name,avg_arrival_delay,median_arrival_delay,count_dates_stop,first_date,last_date,count_3m_delay,count_5m_delay,count_10m_delay,stop_lat,stop_lon,stop_time,count_dates_train,stop_number
REG,33908,BOLOGNA C.LE,PIANORO,PIANORO,1.6065573770491803,1.0,61,2023-01-21,2023-03-31,6,1,1,44.380589,11.340675,13:04,61,1
REG,33908,BOLOGNA C.LE,PIANORO,MUSIANO-PIAN DI MACINA,1.0163934426229508,1.0,61,2023-01-21,2023-03-31,4,1,1,44.402423,11.344912,13:07,61,2
REG,33908,BOLOGNA C.LE,PIANORO,BOLOGNA S.RUFFILLO,1.1639344262295082,1.0,61,2023-01-21,2023-03-31,5,1,1,44.462657,11.372967,13:12,61,3
REG,33908,BOLOGNA C.LE,PIANORO,BOLOGNA MAZZINI,2.098360655737705,2.0,61,2023-01-21,2023-03-31,16,1,1,44.482284,11.376271,13:15,61,4
REG,33908,BOLOGNA C.LE,PIANORO,BOLOGNA SAN VITALE,2.4098360655737703,2.0,61,2023-01-21,2023-03-31,11,5,1,,,13:19,61,5
REG,33908,BOLOGNA C.LE,PIANORO,BOLOGNA C.LE,-1.4426229508196722,-2.0,61,2023-01-21,2023-03-31,4,1,0,44.50626,11.342267,13:25,61,6
