train_class,train_number,train_arrival_stop_name,train_departure_stop_name,stop_name,avg_arrival_delay,median_arrival_delay,count_dates_stop,first_date,last_date,count_3m_delay,count_5m_delay,count_10m_delay,stop_lat,stop_lon,stop_time,count_dates_train,stop_number
REG,4155,ROMA TERMINI,ANCONA,ANCONA,3.8876404494382024,2.0,89,2023-01-01,2023-03-31,40,19,6,43.607734,13.497665,13:50,89,1
REG,4155,ROMA TERMINI,ANCONA,FALCONARA MARITTIMA,1.8876404494382022,1.0,89,2023-01-01,2023-03-31,20,12,3,43.630577,13.397378,14:02,89,2
REG,4155,ROMA TERMINI,ANCONA,CHIARAVALLE,-0.38202247191011235,-2.0,89,2023-01-01,2023-03-31,11,7,2,43.595503,13.327655,14:09,89,3
REG,4155,ROMA TERMINI,ANCONA,JESI,2.831460674157303,2.0,89,2023-01-01,2023-03-31,29,16,3,43.520164,13.251316,14:16,89,4
REG,4155,ROMA TERMINI,ANCONA,CASTELPLANIO CUPRAMONTANA,2.337078651685393,1.0,89,2023-01-01,2023-03-31,21,11,2,43.481403,13.084733,14:30,89,5
REG,4155,ROMA TERMINI,ANCONA,GENGA S.VITTORE TERME,2.9887640449438204,1.0,89,2023-01-01,2023-03-31,30,16,5,43.403011,12.977163,14:41,89,6
REG,4155,ROMA TERMINI,ANCONA,FABRIANO,2.0112359550561796,1.0,89,2023-01-01,2023-03-31,21,13,4,43.345429,12.905336,14:55,89,7
REG,4155,ROMA TERMINI,ANCONA,FOSSATO DI VICO GUBBIO,0.5168539325842697,-1.0,89,2023-01-01,2023-03-31,15,10,3,43.283798,12.757258,15:11,89,8
REG,4155,ROMA TERMINI,ANCONA,GUALDO TADINO,1.5168539325842696,0.0,89,2023-01-01,2023-03-31,18,12,3,43.233475,12.7672,15:18,89,9
REG,4155,ROMA TERMINI,ANCONA,NOCERA UMBRA,1.404494382022472,-1.0,89,2023-01-01,2023-03-31,17,14,6,43.100663,12.767207,15:32,89,10
REG,4155,ROMA TERMINI,ANCONA,FOLIGNO,1.7865168539325842,1.0,89,2023-01-01,2023-03-31,24,16,4,42.954261,12.711096,15:52,89,11
REG,4155,ROMA TERMINI,ANCONA,TREVI,2.640449438202247,1.0,89,2023-01-01,2023-03-31,30,19,4,42.8762,12.733709,16:00,89,12
REG,4155,ROMA TERMINI,ANCONA,SPOLETO,3.0898876404494384,2.0,89,2023-01-01,2023-03-31,40,21,4,42.748121,12.736142,16:13,89,13
REG,4155,ROMA TERMINI,ANCONA,TERNI,3.7191011235955056,3.0,89,2023-01-01,2023-03-31,51,19,4,42.570768,12.651091,16:45,89,14
REG,4155,ROMA TERMINI,ANCONA,ORTE,2.4269662921348316,1.0,89,2023-01-01,2023-03-31,25,15,5,42.43728,12.408986,17:08,89,15
REG,4155,ROMA TERMINI,ANCONA,ROMA TIBURTINA,6.238095238095238,2.0,84,2023-01-01,2023-03-31,40,22,10,41.910903,12.530749,17:48,89,16
REG,4155,ROMA TERMINI,ANCONA,ROMA TERMINI,6.078651685393258,2.0,89,2023-01-01,2023-03-31,30,19,11,41.900636,12.502026,17:58,89,17
