train_class,train_number,train_arrival_stop_name,train_departure_stop_name,stop_name,avg_arrival_delay,median_arrival_delay,count_dates_stop,first_date,last_date,count_3m_delay,count_5m_delay,count_10m_delay,stop_lat,stop_lon,stop_time,count_dates_train,stop_number
REG,21862,PIRAINETO,TRAPANI,TRAPANI,0.9166666666666666,1.0,12,2023-01-01,2023-03-26,0,0,0,38.017092,12.518814,09:10,12,1
REG,21862,PIRAINETO,TRAPANI,PACECO,-0.5833333333333334,-1.0,12,2023-01-01,2023-03-26,1,0,0,37.991354,12.550844,09:16,12,2
REG,21862,PIRAINETO,TRAPANI,MARAUSA,-1.25,-2.0,12,2023-01-01,2023-03-26,0,0,0,37.92647,12.504113,09:25,12,3
REG,21862,PIRAINETO,TRAPANI,MOZIA-BIRGI,0.5,1.0,12,2023-01-01,2023-03-26,1,0,0,37.884956,12.499016,09:30,12,4
REG,21862,PIRAINETO,TRAPANI,MARSALA,1.9166666666666667,-1.0,12,2023-01-01,2023-03-26,3,3,3,37.793514,12.443174,09:44,12,5
REG,21862,PIRAINETO,TRAPANI,PETROSINO STRASATTI,2.3333333333333335,1.0,12,2023-01-01,2023-03-26,3,3,3,37.725466,12.509434,09:55,12,6
REG,21862,PIRAINETO,TRAPANI,MAZARA DEL VALLO,1.75,-1.0,12,2023-01-01,2023-03-26,3,3,2,37.652448,12.594565,10:06,12,7
REG,21862,PIRAINETO,TRAPANI,CAMPOBELLO DI MAZARA,0.5,-2.0,12,2023-01-01,2023-03-26,3,3,0,37.636256,12.733165,10:19,12,8
REG,21862,PIRAINETO,TRAPANI,CASTELVETRANO,2.6666666666666665,2.0,12,2023-01-01,2023-03-26,5,3,0,37.684977,12.799552,10:28,12,9
REG,21862,PIRAINETO,TRAPANI,SALEMI GIBELLINA,2.9166666666666665,2.0,12,2023-01-01,2023-03-26,5,4,0,37.806619,12.865517,10:47,12,10
REG,21862,PIRAINETO,TRAPANI,ALCAMO DIRAMAZIONE,4.0,3.0,12,2023-01-01,2023-03-26,7,5,1,37.978894,12.915916,11:10,12,11
REG,21862,PIRAINETO,TRAPANI,CASTELLAMMARE DEL GOLFO,2.4166666666666665,2.0,12,2023-01-01,2023-03-26,6,3,1,38.024309,12.912209,11:18,12,12
REG,21862,PIRAINETO,TRAPANI,BALESTRATE,2.75,2.0,12,2023-01-01,2023-03-26,6,3,1,38.053364,13.007374,11:26,12,13
REG,21862,PIRAINETO,TRAPANI,TRAPPETO,2.4166666666666665,1.0,12,2023-01-01,2023-03-26,3,3,1,38.065089,13.036873,11:31,12,14
REG,21862,PIRAINETO,TRAPANI,PARTINICO,1.4166666666666667,0.0,12,2023-01-01,2023-03-26,3,3,0,38.05857,13.108956,11:41,12,15
REG,21862,PIRAINETO,TRAPANI,CINISI TERRASINI,1.0,1.0,12,2023-01-01,2023-03-26,3,1,0,38.155314,13.096673,11:55,12,16
REG,21862,PIRAINETO,TRAPANI,PIRAINETO,-2.0,-3.0,12,2023-01-01,2023-03-26,1,0,0,38.169148,13.14256,12:05,12,17
