train_class,train_number,train_arrival_stop_name,train_departure_stop_name,stop_name,avg_arrival_delay,median_arrival_delay,count_dates_stop,first_date,last_date,count_3m_delay,count_5m_delay,count_10m_delay,stop_lat,stop_lon,stop_time,count_dates_train,stop_number
REG,19261,LA SPEZIA CENTRALE,PARMA,PARMA,0.9310344827586207,0.0,87,2023-01-01,2023-03-31,8,4,0,44.810203,10.32837,13:44,87,1
REG,19261,LA SPEZIA CENTRALE,PARMA,VICOFERTILE,1.3793103448275863,1.0,87,2023-01-01,2023-03-31,10,4,0,44.778436,10.25834,13:50,87,2
REG,19261,LA SPEZIA CENTRALE,PARMA,COLLECCHIO,1.4482758620689655,1.0,87,2023-01-01,2023-03-31,16,4,0,44.755339,10.21228,13:55,87,3
REG,19261,LA SPEZIA CENTRALE,PARMA,OZZANO TARO,1.9885057471264367,2.0,87,2023-01-01,2023-03-31,19,5,0,44.712268,10.141022,14:01,87,4
REG,19261,LA SPEZIA CENTRALE,PARMA,FORNOVO,2.0114942528735633,2.0,87,2023-01-01,2023-03-31,32,11,1,44.693791,10.102014,14:06,87,5
REG,19261,LA SPEZIA CENTRALE,PARMA,BERCETO,-0.3793103448275862,-1.0,87,2023-01-01,2023-03-31,7,4,1,44.555912,9.931759,14:27,87,6
REG,19261,LA SPEZIA CENTRALE,PARMA,OSTIA PARMENSE,0.3793103448275862,-1.0,87,2023-01-01,2023-03-31,10,7,4,44.520136,9.844981,14:37,87,7
REG,19261,LA SPEZIA CENTRALE,PARMA,BORGO VAL DI TARO,2.4597701149425286,1.0,87,2023-01-01,2023-03-31,21,10,5,44.486522,9.781489,14:44,87,8
REG,19261,LA SPEZIA CENTRALE,PARMA,PONTREMOLI,1.5747126436781609,1.0,87,2023-01-01,2023-03-31,19,12,5,44.371976,9.887795,15:02,87,9
REG,19261,LA SPEZIA CENTRALE,PARMA,VILLAFRANCA - BAGNONE,2.7011494252873565,2.0,87,2023-01-01,2023-03-31,33,16,6,44.294399,9.948096,15:12,87,10
REG,19261,LA SPEZIA CENTRALE,PARMA,AULLA LUNIGIANA,-0.6436781609195402,-2.0,87,2023-01-01,2023-03-31,15,6,2,44.210555,9.970015,15:23,87,11
REG,19261,LA SPEZIA CENTRALE,PARMA,S. STEFANO DI MAGRA,-1.206896551724138,-2.0,87,2023-01-01,2023-03-31,7,4,2,44.156857,9.915202,15:33,87,12
REG,19261,LA SPEZIA CENTRALE,PARMA,VEZZANO LIGURE,-3.0,-4.0,87,2023-01-01,2023-03-31,3,3,2,44.127081,9.88928,15:42,87,13
REG,19261,LA SPEZIA CENTRALE,PARMA,LA SPEZIA MIGLIARINA,-0.9080459770114943,-2.0,87,2023-01-01,2023-03-31,4,4,2,44.123391,9.84028,15:50,87,14
REG,19261,LA SPEZIA CENTRALE,PARMA,LA SPEZIA CENTRALE,1.8275862068965518,1.0,87,2023-01-01,2023-03-31,15,9,2,44.11141,9.813906,15:56,87,15
