train_class,train_number,train_arrival_stop_name,train_departure_stop_name,stop_name,avg_arrival_delay,median_arrival_delay,count_dates_stop,first_date,last_date,count_3m_delay,count_5m_delay,count_10m_delay,stop_lat,stop_lon,stop_time,count_dates_train,stop_number
REG,18582,PISA CENTRALE,LUCCA,LUCCA,1.7619047619047619,1.0,63,2023-01-02,2023-03-31,4,2,1,43.837186,10.506069,16:11,63,1
REG,18582,PISA CENTRALE,LUCCA,RIPAFRATTA,1.8095238095238095,1.0,63,2023-01-02,2023-03-31,7,3,2,43.821711,10.415733,16:17,63,2
REG,18582,PISA CENTRALE,LUCCA,S.GIULIANO TERME,-0.3492063492063492,-1.0,63,2023-01-02,2023-03-31,4,4,2,43.764895,10.436892,16:26,63,3
REG,18582,PISA CENTRALE,LUCCA,PISA SAN ROSSORE,1.4603174603174602,1.0,63,2023-01-02,2023-03-31,15,6,2,43.723702,10.387363,16:37,63,4
REG,18582,PISA CENTRALE,LUCCA,PISA CENTRALE,1.1746031746031746,1.0,63,2023-01-02,2023-03-31,11,5,2,43.70794,10.398183,16:43,63,5
