train_class,train_number,train_arrival_stop_name,train_departure_stop_name,stop_name,avg_arrival_delay,median_arrival_delay,count_dates_stop,first_date,last_date,count_3m_delay,count_5m_delay,count_10m_delay,stop_lat,stop_lon,stop_time,count_dates_train,stop_number
REG,17194,VERONA PORTA NUOVA,VENEZIA SANTA LUCIA,VENEZIA SANTA LUCIA,1.5217391304347827,1.0,69,2023-01-02,2023-03-31,11,5,1,45.441569,12.320882,12:04,69,1
REG,17194,VERONA PORTA NUOVA,VENEZIA SANTA LUCIA,VENEZIA MESTRE,1.1304347826086956,1.0,69,2023-01-02,2023-03-31,12,2,1,45.482123,12.232069,12:15,69,2
REG,17194,VERONA PORTA NUOVA,VENEZIA SANTA LUCIA,DOLO,-0.4782608695652174,-1.0,69,2023-01-02,2023-03-31,2,2,1,45.453466,12.07161,12:30,69,3
REG,17194,VERONA PORTA NUOVA,VENEZIA SANTA LUCIA,PADOVA,-0.5652173913043478,-1.0,69,2023-01-02,2023-03-31,6,3,0,45.417846,11.880794,12:51,69,4
REG,17194,VERONA PORTA NUOVA,VENEZIA SANTA LUCIA,GRISIGNANO DI ZOCCO,0.6521739130434783,0.0,69,2023-01-02,2023-03-31,5,2,0,45.48638,11.710762,13:05,69,5
REG,17194,VERONA PORTA NUOVA,VENEZIA SANTA LUCIA,VICENZA,0.14492753623188406,-1.0,69,2023-01-02,2023-03-31,9,1,0,45.541102,11.540762,13:18,69,6
REG,17194,VERONA PORTA NUOVA,VENEZIA SANTA LUCIA,ALTAVILLA TAVERNELLE,1.434782608695652,1.0,69,2023-01-02,2023-03-31,14,4,0,45.511805,11.454702,13:25,69,7
REG,17194,VERONA PORTA NUOVA,VENEZIA SANTA LUCIA,SAN BONIFACIO,3.0869565217391304,3.0,69,2023-01-02,2023-03-31,40,10,2,45.40276,11.27406,13:41,69,8
REG,17194,VERONA PORTA NUOVA,VENEZIA SANTA LUCIA,CALDIERO,1.565217391304348,1.0,69,2023-01-02,2023-03-31,12,6,2,45.41407,11.169753,13:53,69,9
REG,17194,VERONA PORTA NUOVA,VENEZIA SANTA LUCIA,VERONA PORTA VESCOVO,2.710144927536232,2.0,69,2023-01-02,2023-03-31,24,10,3,45.435552,11.018841,14:03,69,10
REG,17194,VERONA PORTA NUOVA,VENEZIA SANTA LUCIA,VERONA PORTA NUOVA,-13.043478260869565,-14.0,69,2023-01-02,2023-03-31,0,0,0,45.428603,10.982377,14:26,69,11
