train_class,train_number,train_arrival_stop_name,train_departure_stop_name,stop_name,avg_arrival_delay,median_arrival_delay,count_dates_stop,first_date,last_date,count_3m_delay,count_5m_delay,count_10m_delay,stop_lat,stop_lon,stop_time,count_dates_train,stop_number
REG,18635,LUCCA,VIAREGGIO,VIAREGGIO,3.24,2.0,75,2023-01-02,2023-03-31,34,14,2,43.865947,10.257886,18:29,75,1
REG,18635,LUCCA,VIAREGGIO,MASSAROSA BOZZANO,3.52,3.0,75,2023-01-02,2023-03-31,44,19,2,43.855652,10.352022,18:37,75,2
REG,18635,LUCCA,VIAREGGIO,NOZZANO,9.173333333333334,9.0,75,2023-01-02,2023-03-31,74,72,32,43.829956,10.40716,18:43,75,3
REG,18635,LUCCA,VIAREGGIO,LUCCA,2.16,2.0,75,2023-01-02,2023-03-31,36,18,1,43.837186,10.506069,18:58,75,4
