train_class,train_number,train_arrival_stop_name,train_departure_stop_name,stop_name,avg_arrival_delay,median_arrival_delay,count_dates_stop,first_date,last_date,count_3m_delay,count_5m_delay,count_10m_delay,stop_lat,stop_lon,stop_time,count_dates_train,stop_number
REG,11395,NOVARA,CHIVASSO,CHIVASSO,3.09375,2.0,64,2023-01-02,2023-03-31,23,13,3,45.193637,7.889666,10:40,64,1
REG,11395,NOVARA,CHIVASSO,TORRAZZA P.,1.0317460317460319,0.0,63,2023-01-02,2023-03-31,12,3,2,45.211855,7.970255,10:46,64,2
REG,11395,NOVARA,CHIVASSO,SALUGGIA,1.9365079365079365,1.0,63,2023-01-02,2023-03-31,12,3,2,45.23443,8.017112,10:51,64,3
REG,11395,NOVARA,CHIVASSO,S. ANTONINO DI SALUGGIA,1.828125,1.0,64,2023-01-02,2023-03-31,10,3,2,45.253967,8.039728,10:55,64,4
REG,11395,NOVARA,CHIVASSO,LIVORNO FERRARIS,-0.9047619047619048,-2.0,63,2023-01-02,2023-03-31,4,3,1,45.283402,8.073493,11:01,64,5
REG,11395,NOVARA,CHIVASSO,BIANZE`,0.421875,0.0,64,2023-01-02,2023-03-31,6,2,1,45.309488,8.115523,11:06,64,6
REG,11395,NOVARA,CHIVASSO,TRONZANO,0.015625,-1.0,64,2023-01-02,2023-03-31,5,4,2,45.342929,8.168395,11:11,64,7
REG,11395,NOVARA,CHIVASSO,SANTHIA`,0.203125,-1.0,64,2023-01-02,2023-03-31,5,4,2,45.363726,8.180093,11:15,64,8
REG,11395,NOVARA,CHIVASSO,S. GERMANO VERCELLESE,1.796875,1.0,64,2023-01-02,2023-03-31,8,4,2,45.353603,8.249958,11:20,64,9
REG,11395,NOVARA,CHIVASSO,VERCELLI,-1.015625,-2.0,64,2023-01-02,2023-03-31,4,3,1,45.329909,8.416028,11:31,64,10
REG,11395,NOVARA,CHIVASSO,BORGO VERCELLI,0.53125,-1.0,64,2023-01-02,2023-03-31,4,3,1,45.359252,8.461474,11:36,64,11
REG,11395,NOVARA,CHIVASSO,NOVARA,0.25,-1.0,64,2023-01-02,2023-03-31,4,2,1,45.451376,8.624895,11:49,64,12
