train_class,train_number,train_arrival_stop_name,train_departure_stop_name,stop_name,avg_arrival_delay,median_arrival_delay,count_dates_stop,first_date,last_date,count_3m_delay,count_5m_delay,count_10m_delay,stop_lat,stop_lon,stop_time,count_dates_train,stop_number
REG,11545,NOVARA,ARONA,ARONA,0.7857142857142857,1.0,14,2023-01-01,2023-03-26,0,0,0,45.755392,8.559075,11:15,14,1
REG,11545,NOVARA,ARONA,BORGO TICINO,1.5714285714285714,2.0,14,2023-01-01,2023-03-26,1,0,0,45.691943,8.602483,11:22,14,2
REG,11545,NOVARA,ARONA,OLEGGIO,2.4285714285714284,2.0,14,2023-01-01,2023-03-26,7,0,0,45.598029,8.632586,11:31,14,3
REG,11545,NOVARA,ARONA,NOVARA,-0.35714285714285715,-1.0,14,2023-01-01,2023-03-26,2,0,0,45.451376,8.624895,11:48,14,4
