train_class,train_number,train_arrival_stop_name,train_departure_stop_name,stop_name,avg_arrival_delay,median_arrival_delay,count_dates_stop,first_date,last_date,count_3m_delay,count_5m_delay,count_10m_delay,stop_lat,stop_lon,stop_time,count_dates_train,stop_number
REG,20299,ROMA TIBURTINA PIAZZALE EST,GUIDONIA-MONTECELIO-S.ANGELO,GUIDONIA-MONTECELIO-S.ANGELO,4.434210526315789,3.0,76,2023-01-02,2023-03-31,43,25,6,41.993405,12.725681,19:15,76,1
REG,20299,ROMA TIBURTINA PIAZZALE EST,GUIDONIA-MONTECELIO-S.ANGELO,BAGNI DI TIVOLI,4.328947368421052,3.0,76,2023-01-02,2023-03-31,46,24,6,41.949593,12.722208,19:20,76,2
REG,20299,ROMA TIBURTINA PIAZZALE EST,GUIDONIA-MONTECELIO-S.ANGELO,LUNGHEZZA,4.197368421052632,3.0,76,2023-01-02,2023-03-31,46,23,5,41.923253,12.667212,19:26,76,3
REG,20299,ROMA TIBURTINA PIAZZALE EST,GUIDONIA-MONTECELIO-S.ANGELO,PONTE DI NONA,2.013157894736842,1.0,76,2023-01-02,2023-03-31,22,15,4,42.061563,13.581585,19:30,76,4
REG,20299,ROMA TIBURTINA PIAZZALE EST,GUIDONIA-MONTECELIO-S.ANGELO,SALONE,1.894736842105263,1.0,76,2023-01-02,2023-03-31,20,12,4,41.915253,12.636215,19:34,76,5
REG,20299,ROMA TIBURTINA PIAZZALE EST,GUIDONIA-MONTECELIO-S.ANGELO,LA RUSTICA UIR,0.15789473684210525,-1.0,76,2023-01-02,2023-03-31,12,5,3,,,19:38,76,6
REG,20299,ROMA TIBURTINA PIAZZALE EST,GUIDONIA-MONTECELIO-S.ANGELO,TOR SAPIENZA,-1.3157894736842106,-2.0,76,2023-01-02,2023-03-31,4,3,1,41.907095,12.594489,19:47,76,7
REG,20299,ROMA TIBURTINA PIAZZALE EST,GUIDONIA-MONTECELIO-S.ANGELO,ROMA PRENESTINA,-2.1710526315789473,-3.0,76,2023-01-02,2023-03-31,2,1,1,41.897571,12.545803,20:00,76,8
REG,20299,ROMA TIBURTINA PIAZZALE EST,GUIDONIA-MONTECELIO-S.ANGELO,ROMA TIBURTINA PIAZZALE EST,-0.5921052631578947,-1.0,76,2023-01-02,2023-03-31,2,1,1,41.910903,12.530749,20:06,76,9
