train_class,train_number,train_arrival_stop_name,train_departure_stop_name,stop_name,avg_arrival_delay,median_arrival_delay,count_dates_stop,first_date,last_date,count_3m_delay,count_5m_delay,count_10m_delay,stop_lat,stop_lon,stop_time,count_dates_train,stop_number
REG,10006,CREMONA,MANTOVA,MANTOVA,3.44,1.0,75,2023-01-02,2023-03-31,13,5,3,45.158746,10.783165,13:35,75,1
REG,10006,CREMONA,MANTOVA,CASTELLUCCHIO,2.36,0.0,75,2023-01-02,2023-03-31,12,8,3,45.144293,10.64749,13:43,75,2
REG,10006,CREMONA,MANTOVA,OSPITALETTO MANTOVANO,4.573333333333333,1.0,75,2023-01-02,2023-03-31,19,13,4,45.129748,10.604406,13:47,75,3
REG,10006,CREMONA,MANTOVA,S.MICHELE IN BOSCO,4.32,1.0,75,2023-01-02,2023-03-31,17,10,4,45.122404,10.57329,13:50,75,4
REG,10006,CREMONA,MANTOVA,MARCARIA,4.56,1.0,75,2023-01-02,2023-03-31,27,15,4,45.124518,10.533651,13:55,75,5
REG,10006,CREMONA,MANTOVA,BOZZOLO,6.373333333333333,4.0,75,2023-01-02,2023-03-31,47,35,7,45.107246,10.472655,14:05,75,6
REG,10006,CREMONA,MANTOVA,PIADENA,7.48,5.0,75,2023-01-02,2023-03-31,53,40,12,45.127608,10.369962,14:12,75,7
REG,10006,CREMONA,MANTOVA,TORRE DE` PICENARDI,7.826666666666667,5.0,75,2023-01-02,2023-03-31,53,42,15,45.137198,10.286849,14:18,75,8
REG,10006,CREMONA,MANTOVA,GAZZO PIEVE S. GIACOMO,9.253333333333334,7.0,75,2023-01-02,2023-03-31,67,48,21,45.137151,10.189922,14:24,75,9
REG,10006,CREMONA,MANTOVA,VILLETTA MALAGNINO,6.426666666666667,3.0,75,2023-01-02,2023-03-31,50,24,7,45.137019,10.111943,14:35,75,10
REG,10006,CREMONA,MANTOVA,CREMONA,4.1866666666666665,1.0,75,2023-01-02,2023-03-31,24,16,6,45.143215,10.017951,14:45,75,11
