train_class,train_number,train_arrival_stop_name,train_departure_stop_name,stop_name,avg_arrival_delay,median_arrival_delay,count_dates_stop,first_date,last_date,count_3m_delay,count_5m_delay,count_10m_delay,stop_lat,stop_lon,stop_time,count_dates_train,stop_number
REG,10630,TREVIGLIO,CREMONA,CREMONA,2.6931818181818183,2.0,88,2023-01-01,2023-03-31,23,8,4,45.143215,10.017951,14:41,88,1
REG,10630,TREVIGLIO,CREMONA,OLMENETA,0.23863636363636365,-1.0,88,2023-01-01,2023-03-31,9,7,4,45.231099,10.03194,14:51,88,2
REG,10630,TREVIGLIO,CREMONA,CASALBUTTANO,1.4090909090909092,1.0,88,2023-01-01,2023-03-31,15,9,6,45.255398,9.962361,14:59,88,3
REG,10630,TREVIGLIO,CREMONA,SORESINA,2.0113636363636362,1.0,88,2023-01-01,2023-03-31,25,12,6,45.283083,9.85664,15:07,88,4
REG,10630,TREVIGLIO,CREMONA,CASTELLEONE,2.6704545454545454,1.0,88,2023-01-01,2023-03-31,30,14,8,45.301826,9.76779,15:14,88,5
REG,10630,TREVIGLIO,CREMONA,MADIGNANO,4.284090909090909,2.0,88,2023-01-01,2023-03-31,43,21,9,45.34383,9.730179,15:19,88,6
REG,10630,TREVIGLIO,CREMONA,CREMA,4.034090909090909,2.0,88,2023-01-01,2023-03-31,44,22,11,45.366864,9.694209,15:24,88,7
REG,10630,TREVIGLIO,CREMONA,CASALETTO VAPRIO,5.465909090909091,5.0,88,2023-01-01,2023-03-31,75,46,10,45.408641,9.631746,15:34,88,8
REG,10630,TREVIGLIO,CREMONA,CAPRALBA,6.2727272727272725,5.0,88,2023-01-01,2023-03-31,81,59,10,45.443871,9.640015,15:39,88,9
REG,10630,TREVIGLIO,CREMONA,CARAVAGGIO,4.6022727272727275,4.0,88,2023-01-01,2023-03-31,60,31,9,45.491158,9.637723,15:45,88,10
REG,10630,TREVIGLIO,CREMONA,TREVIGLIO,3.772727272727273,3.0,88,2023-01-01,2023-03-31,51,22,7,45.515063,9.587919,15:53,88,11
