train_class,train_number,train_arrival_stop_name,train_departure_stop_name,stop_name,avg_arrival_delay,median_arrival_delay,count_dates_stop,first_date,last_date,count_3m_delay,count_5m_delay,count_10m_delay,stop_lat,stop_lon,stop_time,count_dates_train,stop_number
REG,4358,FOGGIA,BARI CENTRALE,BARI CENTRALE,2.3333333333333335,2.0,12,2023-01-07,2023-03-25,3,0,0,41.11774,16.869601,18:52,12,1
REG,4358,FOGGIA,BARI CENTRALE,BARI ZONA INDUSTRIALE,0.75,1.0,12,2023-01-07,2023-03-25,0,0,0,,,18:57,12,2
REG,4358,FOGGIA,BARI CENTRALE,BARI S. SPIRITO,0.8333333333333334,1.0,12,2023-01-07,2023-03-25,2,0,0,41.159653,16.746324,19:07,12,3
REG,4358,FOGGIA,BARI CENTRALE,GIOVINAZZO,4.833333333333333,1.0,12,2023-01-07,2023-03-25,2,2,2,41.180968,16.669346,19:13,12,4
REG,4358,FOGGIA,BARI CENTRALE,MOLFETTA,6.333333333333333,1.0,12,2023-01-07,2023-03-25,3,2,2,41.196008,16.596793,19:18,12,5
REG,4358,FOGGIA,BARI CENTRALE,BISCEGLIE,6.666666666666667,2.0,12,2023-01-07,2023-03-25,3,2,2,41.235445,16.499484,19:25,12,6
REG,4358,FOGGIA,BARI CENTRALE,TRANI,7.416666666666667,3.0,12,2023-01-07,2023-03-25,8,2,2,41.272693,16.417646,19:31,12,7
REG,4358,FOGGIA,BARI CENTRALE,BARLETTA,6.666666666666667,2.0,12,2023-01-07,2023-03-25,3,2,2,41.315227,16.278867,19:40,12,8
REG,4358,FOGGIA,BARI CENTRALE,TRINITAPOLI S.FERDIN. DI P.,8.25,3.0,12,2023-01-07,2023-03-25,9,3,2,41.349677,16.090839,19:49,12,9
REG,4358,FOGGIA,BARI CENTRALE,CERIGNOLA,7.916666666666667,3.0,12,2023-01-07,2023-03-25,8,3,2,41.315664,15.897298,19:59,12,10
REG,4358,FOGGIA,BARI CENTRALE,ORTANOVA,7.75,3.0,12,2023-01-07,2023-03-25,7,3,2,41.350441,15.732059,20:08,12,11
REG,4358,FOGGIA,BARI CENTRALE,INCORONATA,6.75,2.0,12,2023-01-07,2023-03-25,4,3,2,41.408174,15.650728,20:15,12,12
REG,4358,FOGGIA,BARI CENTRALE,FOGGIA,4.583333333333333,-1.0,12,2023-01-07,2023-03-25,2,2,2,41.466,15.555816,20:27,12,13
