train_class,train_number,train_arrival_stop_name,train_departure_stop_name,stop_name,avg_arrival_delay,median_arrival_delay,count_dates_stop,first_date,last_date,count_3m_delay,count_5m_delay,count_10m_delay,stop_lat,stop_lon,stop_time,count_dates_train,stop_number
REG,3229,CUNEO,TORINO P.NUOVA,TORINO P.NUOVA,1.8571428571428572,2.0,14,2023-01-01,2023-03-26,4,0,0,45.060969,7.67747,13:25,14,1
REG,3229,CUNEO,TORINO P.NUOVA,TORINO LINGOTTO,-1.0714285714285714,-1.0,14,2023-01-01,2023-03-26,0,0,0,45.0266,7.657469,13:33,14,2
REG,3229,CUNEO,TORINO P.NUOVA,CARMAGNOLA,1.2142857142857142,1.0,14,2023-01-01,2023-03-26,3,0,0,44.846944,7.72797,13:47,14,3
REG,3229,CUNEO,TORINO P.NUOVA,CAVALLERMAGGIORE,2.5714285714285716,1.0,14,2023-01-01,2023-03-26,4,2,1,44.708147,7.692108,13:56,14,4
REG,3229,CUNEO,TORINO P.NUOVA,SAVIGLIANO,2.642857142857143,1.0,14,2023-01-01,2023-03-26,4,3,1,44.651337,7.663748,14:02,14,5
REG,3229,CUNEO,TORINO P.NUOVA,FOSSANO,4.142857142857143,3.0,14,2023-01-01,2023-03-26,9,5,1,44.550231,7.717971,14:11,14,6
REG,3229,CUNEO,TORINO P.NUOVA,CENTALLO,5.071428571428571,4.0,14,2023-01-01,2023-03-26,13,7,1,44.496223,7.591035,14:21,14,7
REG,3229,CUNEO,TORINO P.NUOVA,CUNEO,1.2857142857142858,1.0,14,2023-01-01,2023-03-26,4,1,0,44.387914,7.536235,14:36,14,8
