train_class,train_number,train_arrival_stop_name,train_departure_stop_name,stop_name,avg_arrival_delay,median_arrival_delay,count_dates_stop,first_date,last_date,count_3m_delay,count_5m_delay,count_10m_delay,stop_lat,stop_lon,stop_time,count_dates_train,stop_number
REG,2834,SONDRIO,MILANO CENTRALE,MILANO CENTRALE,4.103448275862069,3.0,87,2023-01-01,2023-03-31,49,24,6,45.486347,9.204528,17:20,87,1
REG,2834,SONDRIO,MILANO CENTRALE,MONZA,5.174418604651163,4.0,86,2023-01-01,2023-03-31,58,29,9,45.577789,9.273253,17:31,87,2
REG,2834,SONDRIO,MILANO CENTRALE,LECCO,6.057471264367816,4.0,87,2023-01-01,2023-03-31,55,37,11,45.856471,9.393638,17:59,87,3
REG,2834,SONDRIO,MILANO CENTRALE,MANDELLO DEL LARIO,7.839080459770115,5.0,87,2023-01-01,2023-03-31,60,48,16,45.915208,9.322061,18:11,87,4
REG,2834,SONDRIO,MILANO CENTRALE,VARENNA ESINO,7.839080459770115,4.0,87,2023-01-01,2023-03-31,57,38,14,46.015,9.286405,18:24,87,5
REG,2834,SONDRIO,MILANO CENTRALE,BELLANO TARTAVELLE TERME,9.045977011494253,5.0,87,2023-01-01,2023-03-31,67,44,17,46.039448,9.302776,18:29,87,6
REG,2834,SONDRIO,MILANO CENTRALE,COLICO,8.080459770114942,4.0,87,2023-01-01,2023-03-31,58,39,14,46.138019,9.375222,18:46,87,7
REG,2834,SONDRIO,MILANO CENTRALE,MORBEGNO,8.977011494252874,4.0,87,2023-01-01,2023-03-31,56,42,18,46.136663,9.568646,18:59,87,8
REG,2834,SONDRIO,MILANO CENTRALE,SONDRIO,12.114942528735632,6.0,87,2023-01-01,2023-03-31,67,58,26,46.167064,9.872928,19:21,87,9
