train_class,train_number,train_arrival_stop_name,train_departure_stop_name,stop_name,avg_arrival_delay,median_arrival_delay,count_dates_stop,first_date,last_date,count_3m_delay,count_5m_delay,count_10m_delay,stop_lat,stop_lon,stop_time,count_dates_train,stop_number
REG,21974,LAMEZIA TERME CENTRALE,REGGIO CALABRIA CENTRALE,REGGIO CALABRIA CENTRALE,1.234375,1.0,64,2023-01-02,2023-03-31,6,1,0,38.103884,15.635844,19:58,64,1
REG,21974,LAMEZIA TERME CENTRALE,REGGIO CALABRIA CENTRALE,VILLA SAN GIOVANNI,-0.640625,-1.0,64,2023-01-02,2023-03-31,2,0,0,38.216638,15.634336,20:14,64,2
REG,21974,LAMEZIA TERME CENTRALE,REGGIO CALABRIA CENTRALE,BAGNARA,-1.546875,-2.0,64,2023-01-02,2023-03-31,1,0,0,38.282695,15.800327,20:31,64,3
REG,21974,LAMEZIA TERME CENTRALE,REGGIO CALABRIA CENTRALE,PALMI,-0.5,-1.0,64,2023-01-02,2023-03-31,3,1,0,38.364914,15.84438,20:39,64,4
REG,21974,LAMEZIA TERME CENTRALE,REGGIO CALABRIA CENTRALE,GIOIA TAURO,-0.8412698412698413,-1.0,63,2023-01-02,2023-03-30,3,1,0,38.423436,15.897516,20:46,64,5
REG,21974,LAMEZIA TERME CENTRALE,REGGIO CALABRIA CENTRALE,ROSARNO,-1.21875,-2.0,64,2023-01-02,2023-03-31,4,2,0,38.488593,15.970149,20:54,64,6
REG,21974,LAMEZIA TERME CENTRALE,REGGIO CALABRIA CENTRALE,VIBO VALENZIA PIZZO,-1.390625,-2.0,64,2023-01-02,2023-03-31,5,3,0,38.714593,16.139887,21:11,64,7
REG,21974,LAMEZIA TERME CENTRALE,REGGIO CALABRIA CENTRALE,LAMEZIA TERME CENTRALE,-2.453125,-3.0,64,2023-01-02,2023-03-31,3,1,0,38.921347,16.255577,21:30,64,8
