train_class,train_number,train_arrival_stop_name,train_departure_stop_name,stop_name,avg_arrival_delay,median_arrival_delay,count_dates_stop,first_date,last_date,count_3m_delay,count_5m_delay,count_10m_delay,stop_lat,stop_lon,stop_time,count_dates_train,stop_number
REG,18210,FIRENZE S.M.N.,SIENA,SIENA,1.5384615384615385,1.0,13,2023-01-01,2023-03-26,2,0,0,43.331708,11.322972,07:15,13,1
REG,18210,FIRENZE S.M.N.,SIENA,CASTELLINA CH,-2.6153846153846154,-3.0,13,2023-01-01,2023-03-26,0,0,0,43.408744,11.212379,07:31,13,2
REG,18210,FIRENZE S.M.N.,SIENA,POGGIBONSI,2.8461538461538463,3.0,13,2023-01-01,2023-03-26,7,2,0,43.468093,11.149455,07:41,13,3
REG,18210,FIRENZE S.M.N.,SIENA,CERTALDO,2.3846153846153846,2.0,13,2023-01-01,2023-03-26,6,1,0,43.547124,11.037711,07:52,13,4
REG,18210,FIRENZE S.M.N.,SIENA,EMPOLI,3.076923076923077,0.0,13,2023-01-01,2023-03-26,2,1,1,43.715708,10.94915,08:18,13,5
REG,18210,FIRENZE S.M.N.,SIENA,FIRENZE RIFREDI,4.6923076923076925,3.0,13,2023-01-01,2023-03-26,7,1,1,43.800873,11.235729,08:50,13,6
REG,18210,FIRENZE S.M.N.,SIENA,FIRENZE S.M.N.,2.0,0.0,13,2023-01-01,2023-03-26,1,1,1,43.776893,11.247373,08:59,13,7
