train_class,train_number,train_arrival_stop_name,train_departure_stop_name,stop_name,avg_arrival_delay,median_arrival_delay,count_dates_stop,first_date,last_date,count_3m_delay,count_5m_delay,count_10m_delay,stop_lat,stop_lon,stop_time,count_dates_train,stop_number
REG,24864,LECCO,MILANO PORTA GARIBALDI,MILANO PORTA GARIBALDI,2.6904761904761907,1.0,84,2023-01-01,2023-03-31,19,8,3,45.484917,9.187683,17:52,84,1
REG,24864,LECCO,MILANO PORTA GARIBALDI,MILANO GRECO PIRELLI,2.3214285714285716,1.0,84,2023-01-01,2023-03-31,26,9,3,45.51272,9.214456,17:58,84,2
REG,24864,LECCO,MILANO PORTA GARIBALDI,SESTO S. GIOVANNI,2.511904761904762,1.0,84,2023-01-01,2023-03-31,28,12,5,45.541087,9.23926,18:03,84,3
REG,24864,LECCO,MILANO PORTA GARIBALDI,MONZA,4.337349397590361,3.0,83,2023-01-01,2023-03-31,47,28,8,45.577789,9.273253,18:08,84,4
REG,24864,LECCO,MILANO PORTA GARIBALDI,ARCORE,4.890243902439025,4.0,82,2023-01-01,2023-03-31,51,33,10,45.623493,9.322798,18:14,84,5
REG,24864,LECCO,MILANO PORTA GARIBALDI,CARNATE USMATE,5.554216867469879,4.0,83,2023-01-01,2023-03-31,56,41,13,45.653072,9.375089,18:19,84,6
REG,24864,LECCO,MILANO PORTA GARIBALDI,OSNAGO,6.416666666666667,5.0,84,2023-01-01,2023-03-31,60,45,15,45.678532,9.386995,18:23,84,7
REG,24864,LECCO,MILANO PORTA GARIBALDI,CERNUSCO-MERATE,5.630952380952381,4.0,84,2023-01-01,2023-03-31,52,41,13,45.695096,9.396794,18:27,84,8
REG,24864,LECCO,MILANO PORTA GARIBALDI,OLGIATE-CALCO-BRIVIO,4.916666666666667,3.0,84,2023-01-01,2023-03-31,45,32,11,45.729166,9.40377,18:32,84,9
REG,24864,LECCO,MILANO PORTA GARIBALDI,AIRUNO,4.916666666666667,3.0,84,2023-01-01,2023-03-31,45,32,11,45.754086,9.422066,18:36,84,10
REG,24864,LECCO,MILANO PORTA GARIBALDI,CALOLZIOCORTE OLGINATE,5.988095238095238,4.0,84,2023-01-01,2023-03-31,55,32,10,45.801619,9.42698,18:42,84,11
REG,24864,LECCO,MILANO PORTA GARIBALDI,LECCO MAGGIANICO,4.144578313253012,3.0,83,2023-01-01,2023-03-31,47,23,9,45.831179,9.411691,18:48,84,12
REG,24864,LECCO,MILANO PORTA GARIBALDI,LECCO,4.714285714285714,3.0,84,2023-01-01,2023-03-31,53,27,9,45.856471,9.393638,18:54,84,13
