train_class,train_number,train_arrival_stop_name,train_departure_stop_name,stop_name,avg_arrival_delay,median_arrival_delay,count_dates_stop,first_date,last_date,count_3m_delay,count_5m_delay,count_10m_delay,stop_lat,stop_lon,stop_time,count_dates_train,stop_number
REG,22095,CATANIA CENTRALE,MESSINA CENTRALE,MESSINA CENTRALE,1.5,1.0,14,2023-01-01,2023-03-26,2,1,0,38.184975,15.561278,09:15,14,1
REG,22095,CATANIA CENTRALE,MESSINA CENTRALE,ALI` TERME,-0.6428571428571429,-2.0,14,2023-01-01,2023-03-26,2,1,1,38.013952,15.435184,09:34,14,2
REG,22095,CATANIA CENTRALE,MESSINA CENTRALE,SANTA TERESA DI RIVA,1.8571428571428572,2.0,14,2023-01-01,2023-03-26,7,4,0,37.946295,15.367682,09:47,14,3
REG,22095,CATANIA CENTRALE,MESSINA CENTRALE,TAORMINA,1.3571428571428572,1.0,14,2023-01-01,2023-03-26,7,1,0,37.845429,15.282584,10:00,14,4
REG,22095,CATANIA CENTRALE,MESSINA CENTRALE,GIARRE RIPOSTO,-0.9285714285714286,0.0,14,2023-01-01,2023-03-26,2,0,0,37.730346,15.193386,10:15,14,5
REG,22095,CATANIA CENTRALE,MESSINA CENTRALE,ACIREALE,0.21428571428571427,-1.0,14,2023-01-01,2023-03-26,3,0,0,37.600514,15.163697,10:25,14,6
REG,22095,CATANIA CENTRALE,MESSINA CENTRALE,CATANIA CENTRALE,2.2857142857142856,1.0,14,2023-01-01,2023-03-26,4,2,1,37.506211,15.099417,10:35,14,7
