train_class,train_number,train_arrival_stop_name,train_departure_stop_name,stop_name,avg_arrival_delay,median_arrival_delay,count_dates_stop,first_date,last_date,count_3m_delay,count_5m_delay,count_10m_delay,stop_lat,stop_lon,stop_time,count_dates_train,stop_number
REG,17374,MANIAGO,SACILE,SACILE,1.4927536231884058,1.0,69,2023-01-09,2023-03-31,2,0,0,45.948413,12.498498,07:00,69,1
REG,17374,MANIAGO,SACILE,BUDOIA POLCENIGO,-1.3623188405797102,-1.0,69,2023-01-09,2023-03-31,0,0,0,46.031464,12.537637,07:13,69,2
REG,17374,MANIAGO,SACILE,AVIANO,-0.36231884057971014,-1.0,69,2023-01-09,2023-03-31,0,0,0,46.064362,12.590686,07:21,69,3
REG,17374,MANIAGO,SACILE,MONTEREALE VALCELLINA,-0.8260869565217391,-1.0,69,2023-01-09,2023-03-31,1,0,0,46.148009,12.658923,07:36,69,4
REG,17374,MANIAGO,SACILE,MANIAGO,-1.855072463768116,-2.0,69,2023-01-09,2023-03-31,0,0,0,46.170057,12.714527,07:45,69,5
