train_class,train_number,train_arrival_stop_name,train_departure_stop_name,stop_name,avg_arrival_delay,median_arrival_delay,count_dates_stop,first_date,last_date,count_3m_delay,count_5m_delay,count_10m_delay,stop_lat,stop_lon,stop_time,count_dates_train,stop_number
REG,12022,ARQUATA SCRIVIA,GENOVA BRIGNOLE,GENOVA BRIGNOLE,2.8777777777777778,2.0,90,2023-01-01,2023-03-31,32,17,1,44.407213,8.947553,07:51,90,1
REG,12022,ARQUATA SCRIVIA,GENOVA BRIGNOLE,GENOVA P.PRINCIPE,1.0561797752808988,1.0,89,2023-01-01,2023-03-31,16,6,1,44.417784,8.9207,07:57,90,2
REG,12022,ARQUATA SCRIVIA,GENOVA BRIGNOLE,GENOVA SAMPIERDARENA,0.5662650602409639,-1.0,83,2023-01-01,2023-03-31,13,9,1,44.413102,8.887271,08:05,90,3
REG,12022,ARQUATA SCRIVIA,GENOVA BRIGNOLE,GENOVA RIVAROLO,-0.08433734939759036,-1.0,83,2023-01-01,2023-03-31,12,6,1,44.435955,8.89106,08:11,90,4
REG,12022,ARQUATA SCRIVIA,GENOVA BRIGNOLE,GENOVA BOLZANETO,1.4269662921348314,1.0,89,2023-01-01,2023-03-31,15,8,1,44.459208,8.900193,08:15,90,5
REG,12022,ARQUATA SCRIVIA,GENOVA BRIGNOLE,GENOVA PONTEDECIMO,-0.20224719101123595,-1.0,89,2023-01-01,2023-03-31,10,4,1,44.494189,8.905642,08:23,90,6
REG,12022,ARQUATA SCRIVIA,GENOVA BRIGNOLE,BUSALLA,-2.6,-3.0,90,2023-01-01,2023-03-31,4,2,2,44.57558,8.943611,08:39,90,7
REG,12022,ARQUATA SCRIVIA,GENOVA BRIGNOLE,RONCO SCR.,-0.1,-1.0,90,2023-01-01,2023-03-31,5,2,2,44.614537,8.949421,08:47,90,8
REG,12022,ARQUATA SCRIVIA,GENOVA BRIGNOLE,ARQUATA SCRIVIA,-3.988888888888889,-5.0,90,2023-01-01,2023-03-31,2,2,0,44.692533,8.885342,09:14,90,9
