train_class,train_number,train_arrival_stop_name,train_departure_stop_name,stop_name,avg_arrival_delay,median_arrival_delay,count_dates_stop,first_date,last_date,count_3m_delay,count_5m_delay,count_10m_delay,stop_lat,stop_lon,stop_time,count_dates_train,stop_number
REG,12235,LA SPEZIA CENTRALE,SESTRI LEVANTE,SESTRI LEVANTE,5.089887640449438,4.0,89,2023-01-01,2023-03-31,66,34,11,44.27626,9.397651,16:41,89,1
REG,12235,LA SPEZIA CENTRALE,SESTRI LEVANTE,RIVA TRIGOSO,5.033707865168539,4.0,89,2023-01-01,2023-03-31,65,35,10,44.26391,9.429277,16:44,89,2
REG,12235,LA SPEZIA CENTRALE,SESTRI LEVANTE,DEIVA MARINA,5.224719101123595,4.0,89,2023-01-01,2023-03-31,67,40,12,44.217306,9.519022,16:54,89,3
REG,12235,LA SPEZIA CENTRALE,SESTRI LEVANTE,FRAMURA,3.943820224719101,3.0,89,2023-01-01,2023-03-31,51,31,10,44.201903,9.555169,17:00,89,4
REG,12235,LA SPEZIA CENTRALE,SESTRI LEVANTE,LEVANTO,-0.9101123595505618,-2.0,89,2023-01-01,2023-03-31,18,11,2,44.174167,9.616018,17:14,89,5
REG,12235,LA SPEZIA CENTRALE,SESTRI LEVANTE,MONTEROSSO,2.258426966292135,1.0,89,2023-01-01,2023-03-31,23,13,5,44.145967,9.649009,17:19,89,6
REG,12235,LA SPEZIA CENTRALE,SESTRI LEVANTE,CORNIGLIA,3.752808988764045,2.0,89,2023-01-01,2023-03-31,39,24,8,44.119938,9.711051,17:27,89,7
REG,12235,LA SPEZIA CENTRALE,SESTRI LEVANTE,LA SPEZIA CENTRALE,3.191011235955056,3.0,89,2023-01-01,2023-03-31,47,22,7,44.11141,9.813906,17:45,89,8
