train_class,train_number,train_arrival_stop_name,train_departure_stop_name,stop_name,avg_arrival_delay,median_arrival_delay,count_dates_stop,first_date,last_date,count_3m_delay,count_5m_delay,count_10m_delay,stop_lat,stop_lon,stop_time,count_dates_train,stop_number
REG,2520,PORTO CERESIO,MILANO PORTA GARIBALDI,MILANO PORTA GARIBALDI,1.9176470588235295,1.0,85,2023-01-01,2023-03-31,13,4,1,45.484917,9.187683,06:32,85,1
REG,2520,PORTO CERESIO,MILANO PORTA GARIBALDI,RHO FIERA MILANO,0.23529411764705882,0.0,85,2023-01-01,2023-03-31,10,5,1,45.521157,9.088595,06:42,85,2
REG,2520,PORTO CERESIO,MILANO PORTA GARIBALDI,LEGNANO,0.3411764705882353,-1.0,85,2023-01-01,2023-03-31,10,6,1,45.593653,8.910638,06:55,85,3
REG,2520,PORTO CERESIO,MILANO PORTA GARIBALDI,BUSTO ARSIZIO,0.7294117647058823,0.0,85,2023-01-01,2023-03-31,11,5,1,45.616164,8.865031,07:00,85,4
REG,2520,PORTO CERESIO,MILANO PORTA GARIBALDI,GALLARATE,2.8117647058823527,2.0,85,2023-01-01,2023-03-31,34,13,2,45.659828,8.798243,07:06,85,5
REG,2520,PORTO CERESIO,MILANO PORTA GARIBALDI,VARESE,0.3764705882352941,0.0,85,2023-01-01,2023-03-31,12,9,1,45.816201,8.833089,07:24,85,6
REG,2520,PORTO CERESIO,MILANO PORTA GARIBALDI,INDUNO OLONA,2.4352941176470586,2.0,85,2023-01-01,2023-03-31,28,13,3,45.846432,8.838357,07:29,85,7
REG,2520,PORTO CERESIO,MILANO PORTA GARIBALDI,ARCISATE,3.2588235294117647,2.0,85,2023-01-01,2023-03-31,41,17,3,45.858579,8.86241,07:33,85,8
REG,2520,PORTO CERESIO,MILANO PORTA GARIBALDI,BISUSCHIO VIGGIU,3.4352941176470586,2.0,85,2023-01-01,2023-03-31,42,18,3,45.870658,8.887544,07:37,85,9
REG,2520,PORTO CERESIO,MILANO PORTA GARIBALDI,PORTO CERESIO,1.8588235294117648,1.0,85,2023-01-01,2023-03-31,23,9,3,45.903675,8.900357,07:45,85,10
