train_class,train_number,train_arrival_stop_name,train_departure_stop_name,stop_name,avg_arrival_delay,median_arrival_delay,count_dates_stop,first_date,last_date,count_3m_delay,count_5m_delay,count_10m_delay,stop_lat,stop_lon,stop_time,count_dates_train,stop_number
REG,22494,MANTOVA,MODENA,MODENA,2.1666666666666665,2.0,72,2023-01-02,2023-03-31,16,3,0,44.654461,10.930373,21:07,72,1
REG,22494,MANTOVA,MODENA,QUATTRO VILLE,1.4722222222222223,2.0,72,2023-01-02,2023-03-31,20,0,0,,,21:12,72,2
REG,22494,MANTOVA,MODENA,CARPI,1.125,1.0,72,2023-01-02,2023-03-31,16,4,0,44.782919,10.891952,21:22,72,3
REG,22494,MANTOVA,MODENA,ROLO NOVI FABBRICO,1.7361111111111112,1.0,72,2023-01-02,2023-03-31,20,4,0,44.886561,10.867882,21:34,72,4
REG,22494,MANTOVA,MODENA,VILLANOVA DI REGGIOLO,1.507462686567164,1.0,67,2023-01-02,2023-03-31,17,7,1,44.915925,10.842455,21:40,72,5
REG,22494,MANTOVA,MODENA,GONZAGA-REGGIOLO,1.6666666666666667,1.0,72,2023-01-02,2023-03-31,18,6,1,44.939239,10.815533,21:44,72,6
REG,22494,MANTOVA,MODENA,PALIDANO,3.507042253521127,3.0,71,2023-01-02,2023-03-31,47,14,1,44.972228,10.777412,21:49,72,7
REG,22494,MANTOVA,MODENA,SUZZARA,2.5,2.0,72,2023-01-02,2023-03-31,27,8,1,44.994432,10.756138,21:54,72,8
REG,22494,MANTOVA,MODENA,ROMANORE,3.638888888888889,3.0,72,2023-01-02,2023-03-31,39,17,2,45.063834,10.750997,22:01,72,9
REG,22494,MANTOVA,MODENA,LEVATA,4.791666666666667,4.0,72,2023-01-02,2023-03-31,60,33,4,,,22:07,72,10
REG,22494,MANTOVA,MODENA,BORGOCHIESANUOVA,3.625,3.0,72,2023-01-02,2023-03-31,38,18,3,,,22:10,72,11
REG,22494,MANTOVA,MODENA,MANTOVA,1.7222222222222223,1.0,72,2023-01-02,2023-03-31,23,10,3,45.158746,10.783165,22:17,72,12
