train_class,train_number,train_arrival_stop_name,train_departure_stop_name,stop_name,avg_arrival_delay,median_arrival_delay,count_dates_stop,first_date,last_date,count_3m_delay,count_5m_delay,count_10m_delay,stop_lat,stop_lon,stop_time,count_dates_train,stop_number
REG,18482,LUCCA,FIRENZE S.M.N.,FIRENZE S.M.N.,1.9080459770114941,1.0,87,2023-01-01,2023-03-31,13,6,2,43.776893,11.247373,18:37,87,1
REG,18482,LUCCA,FIRENZE S.M.N.,FIRENZE RIFREDI,0.7816091954022989,0.0,87,2023-01-01,2023-03-31,11,4,2,43.800873,11.235729,18:43,87,2
REG,18482,LUCCA,FIRENZE S.M.N.,PRATO CENTRALE,0.3563218390804598,-1.0,87,2023-01-01,2023-03-31,9,5,1,43.878737,11.109252,18:57,87,3
REG,18482,LUCCA,FIRENZE S.M.N.,PISTOIA,1.8604651162790697,1.0,86,2023-01-01,2023-03-31,17,8,2,43.926804,10.914624,19:14,87,4
REG,18482,LUCCA,FIRENZE S.M.N.,SERRAVALLE PISTOIESE,3.0689655172413794,1.0,87,2023-01-01,2023-03-31,28,21,9,43.908016,10.85168,19:20,87,5
REG,18482,LUCCA,FIRENZE S.M.N.,MONTECATINI TERME,3.8735632183908044,2.0,87,2023-01-01,2023-03-31,38,24,10,43.879327,10.780588,19:27,87,6
REG,18482,LUCCA,FIRENZE S.M.N.,MONTECATINI CENTRO,8.735632183908047,7.0,87,2023-01-01,2023-03-31,87,84,27,43.881216,10.77081,19:31,87,7
REG,18482,LUCCA,FIRENZE S.M.N.,BORGO A BUGGIANO,4.413793103448276,3.0,87,2023-01-01,2023-03-31,50,30,11,43.880724,10.730079,19:35,87,8
REG,18482,LUCCA,FIRENZE S.M.N.,PESCIA,1.6436781609195403,0.0,87,2023-01-01,2023-03-31,30,21,6,43.886811,10.686074,19:43,87,9
REG,18482,LUCCA,FIRENZE S.M.N.,MONTECARLO SAN SALVATORE,1.8505747126436782,2.0,87,2023-01-01,2023-03-31,36,18,2,43.850798,10.68537,19:56,87,10
REG,18482,LUCCA,FIRENZE S.M.N.,ALTOPASCIO,7.126436781609195,7.0,87,2023-01-01,2023-03-31,76,63,18,43.817418,10.672754,20:01,87,11
REG,18482,LUCCA,FIRENZE S.M.N.,PORCARI,8.310344827586206,7.0,87,2023-01-01,2023-03-31,86,78,23,43.831263,10.619212,20:06,87,12
REG,18482,LUCCA,FIRENZE S.M.N.,TASSIGNANO,7.954022988505747,7.0,87,2023-01-01,2023-03-31,86,75,21,43.834131,10.570495,20:11,87,13
REG,18482,LUCCA,FIRENZE S.M.N.,LUCCA,3.6091954022988504,3.0,87,2023-01-01,2023-03-31,46,27,5,43.837186,10.506069,20:23,87,14
