train_class,train_number,train_arrival_stop_name,train_departure_stop_name,stop_name,avg_arrival_delay,median_arrival_delay,count_dates_stop,first_date,last_date,count_3m_delay,count_5m_delay,count_10m_delay,stop_lat,stop_lon,stop_time,count_dates_train,stop_number
REG,1665,ASSO,M N CADORNA,MILANO NORD DOMODOSSOLA,0.0,0.0,73,2023-01-02,2023-03-31,0,0,0,,,17:42,73,1
REG,1665,ASSO,M N CADORNA,CESANO MADERNO,0.0273972602739726,0.0,73,2023-01-02,2023-03-31,0,0,0,,,18:01,73,2
REG,1665,ASSO,M N CADORNA,SEVESO,0.0273972602739726,0.0,73,2023-01-02,2023-03-31,0,0,0,45.648187,9.140488,18:04,73,3
REG,1665,ASSO,M N CADORNA,MEDA,0.0273972602739726,0.0,73,2023-01-02,2023-03-31,0,0,0,,,18:08,73,4
REG,1665,ASSO,M N CADORNA,CABIATE,0.0273972602739726,0.0,73,2023-01-02,2023-03-31,0,0,0,,,18:12,73,5
REG,1665,ASSO,M N CADORNA,MARIANO COMENSE,0.0273972602739726,0.0,73,2023-01-02,2023-03-31,0,0,0,45.693622,9.18147,18:15,73,6
REG,1665,ASSO,M N CADORNA,CARUGO - GIUSSANO,0.0273972602739726,0.0,73,2023-01-02,2023-03-31,0,0,0,,,18:19,73,7
REG,1665,ASSO,M N CADORNA,AROSIO,0.0273972602739726,0.0,73,2023-01-02,2023-03-31,0,0,0,,,18:23,73,8
REG,1665,ASSO,M N CADORNA,INVERIGO,0.0273972602739726,0.0,73,2023-01-02,2023-03-31,0,0,0,,,18:28,73,9
REG,1665,ASSO,M N CADORNA,MERONE,0.0273972602739726,0.0,73,2023-01-02,2023-03-31,0,0,0,45.781374,9.243772,18:38,73,10
REG,1665,ASSO,M N CADORNA,ERBA,0.0273972602739726,0.0,73,2023-01-02,2023-03-31,0,0,0,,,18:44,73,11
REG,1665,ASSO,M N CADORNA,PONTELAMBRO - CASTELMARTE,0.0410958904109589,0.0,73,2023-01-02,2023-03-31,0,0,0,,,18:50,73,12
REG,1665,ASSO,M N CADORNA,CANZO,0.0273972602739726,0.0,73,2023-01-02,2023-03-31,0,0,0,,,18:58,73,13
REG,1665,ASSO,M N CADORNA,ASSO,0.0136986301369863,0.0,73,2023-01-02,2023-03-31,0,0,0,45.855228,9.268513,19:01,73,14
