train_class,train_number,train_arrival_stop_name,train_departure_stop_name,stop_name,avg_arrival_delay,median_arrival_delay,count_dates_stop,first_date,last_date,count_3m_delay,count_5m_delay,count_10m_delay,stop_lat,stop_lon,stop_time,count_dates_train,stop_number
REG,10590,PAVIA,TORREBERETTI,TORREBERETTI,0.9583333333333334,1.0,48,2023-01-01,2023-03-31,2,1,1,45.060533,8.660431,20:18,48,1
REG,10590,PAVIA,TORREBERETTI,MEDE,1.5416666666666667,1.0,48,2023-01-01,2023-03-31,2,1,1,45.095009,8.742594,20:24,48,2
REG,10590,PAVIA,TORREBERETTI,LOMELLO,-0.375,-1.0,48,2023-01-01,2023-03-31,4,2,1,45.117276,8.799121,20:30,48,3
REG,10590,PAVIA,TORREBERETTI,FERRERA LOMELLINA,0.5,0.0,48,2023-01-01,2023-03-31,5,2,1,45.111807,8.862805,20:35,48,4
REG,10590,PAVIA,TORREBERETTI,SANNAZZARO,-1.5625,-2.0,48,2023-01-01,2023-03-31,3,1,0,45.10554,8.905149,20:41,48,5
REG,10590,PAVIA,TORREBERETTI,PIEVE ALBIGNOLA,0.0,-1.0,48,2023-01-01,2023-03-31,4,1,1,45.116248,8.959723,20:46,48,6
REG,10590,PAVIA,TORREBERETTI,ZINASCO NUOVO,0.6875,0.0,48,2023-01-01,2023-03-31,4,1,1,45.124555,8.999657,20:50,48,7
REG,10590,PAVIA,TORREBERETTI,SAIRANO ZINASCO,0.6875,0.0,48,2023-01-01,2023-03-31,4,1,1,45.133795,9.030153,20:54,48,8
REG,10590,PAVIA,TORREBERETTI,SAIRANO,0.6875,0.0,48,2023-01-01,2023-03-31,4,1,1,45.138858,9.046868,20:57,48,9
REG,10590,PAVIA,TORREBERETTI,PAVIA,1.4375,1.0,48,2023-01-01,2023-03-31,12,5,2,45.188843,9.144674,21:08,48,10
