train_class,train_number,train_arrival_stop_name,train_departure_stop_name,stop_name,avg_arrival_delay,median_arrival_delay,count_dates_stop,first_date,last_date,count_3m_delay,count_5m_delay,count_10m_delay,stop_lat,stop_lon,stop_time,count_dates_train,stop_number
REG,5608,PALERMO CENTRALE,PUNTA RAISI,PUNTA RAISI,1.1973684210526316,1.0,76,2023-01-02,2023-03-31,2,1,0,38.188892,13.110059,10:28,76,1
REG,5608,PALERMO CENTRALE,PUNTA RAISI,CARINI,-0.2894736842105263,-1.0,76,2023-01-02,2023-03-31,1,1,0,38.147696,13.186624,10:35,76,2
REG,5608,PALERMO CENTRALE,PUNTA RAISI,S.LORENZO COLLI,0.3466666666666667,0.0,75,2023-01-02,2023-03-31,2,2,1,38.16292,13.316449,10:51,76,3
REG,5608,PALERMO CENTRALE,PUNTA RAISI,FRANCIA,0.9078947368421053,0.0,76,2023-01-02,2023-03-31,4,2,1,38.155233,13.321938,10:54,76,4
REG,5608,PALERMO CENTRALE,PUNTA RAISI,PALERMO NOTARBARTOLO,-1.1842105263157894,-1.0,76,2023-01-02,2023-03-31,2,2,1,38.132261,13.341572,10:59,76,5
REG,5608,PALERMO CENTRALE,PUNTA RAISI,LOLLI,2.263157894736842,2.0,76,2023-01-02,2023-03-31,8,3,2,,,11:01,76,6
REG,5608,PALERMO CENTRALE,PUNTA RAISI,PALAZZO REALE-ORLEANS,0.15789473684210525,0.0,76,2023-01-02,2023-03-31,3,3,2,38.10878,13.353962,11:05,76,7
REG,5608,PALERMO CENTRALE,PUNTA RAISI,VESPRI,1.2894736842105263,1.0,76,2023-01-02,2023-03-31,5,3,2,38.101996,13.362701,11:08,76,8
REG,5608,PALERMO CENTRALE,PUNTA RAISI,GUADAGNA,1.3157894736842106,1.0,76,2023-01-02,2023-03-31,5,3,2,,,11:11,76,9
REG,5608,PALERMO CENTRALE,PUNTA RAISI,PALERMO CENTRALE,-1.2105263157894737,-2.0,76,2023-01-02,2023-03-31,2,2,1,38.109187,13.367515,11:17,76,10
