train_class,train_number,train_arrival_stop_name,train_departure_stop_name,stop_name,avg_arrival_delay,median_arrival_delay,count_dates_stop,first_date,last_date,count_3m_delay,count_5m_delay,count_10m_delay,stop_lat,stop_lon,stop_time,count_dates_train,stop_number
REG,26264,PINEROLO,CHIVASSO,CHIVASSO,1.0561797752808988,1.0,89,2023-01-01,2023-03-31,2,1,0,45.193637,7.889666,11:27,89,1
REG,26264,PINEROLO,CHIVASSO,BRANDIZZO,0.9213483146067416,1.0,89,2023-01-01,2023-03-31,5,1,1,45.178915,7.841218,11:31,89,2
REG,26264,PINEROLO,CHIVASSO,SETTIMO,1.449438202247191,1.0,89,2023-01-01,2023-03-31,18,1,1,45.139834,7.769335,11:37,89,3
REG,26264,PINEROLO,CHIVASSO,TORINO STURA,0.3707865168539326,0.0,89,2023-01-01,2023-03-31,8,1,0,45.121932,7.713202,11:43,89,4
REG,26264,PINEROLO,CHIVASSO,TORINO REBAUDENGO FOSSATA,0.033707865168539325,-1.0,89,2023-01-01,2023-03-31,4,1,0,,,11:48,89,5
REG,26264,PINEROLO,CHIVASSO,TORINO PORTA SUSA,-0.4943820224719101,-1.0,89,2023-01-01,2023-03-31,1,1,0,45.075906,7.667673,11:53,89,6
REG,26264,PINEROLO,CHIVASSO,TORINO LINGOTTO,0.9550561797752809,1.0,89,2023-01-01,2023-03-31,12,1,0,45.0266,7.657469,11:59,89,7
REG,26264,PINEROLO,CHIVASSO,MONCALIERI SANGONE,2.348314606741573,2.0,89,2023-01-01,2023-03-31,33,9,2,45.000393,7.667991,12:04,89,8
REG,26264,PINEROLO,CHIVASSO,NICHELINO,3.7865168539325844,3.0,89,2023-01-01,2023-03-31,64,22,2,44.99132,7.642068,12:07,89,9
REG,26264,PINEROLO,CHIVASSO,CANDIOLO,2.853932584269663,3.0,89,2023-01-01,2023-03-31,46,14,2,44.961155,7.598973,12:13,89,10
REG,26264,PINEROLO,CHIVASSO,NONE,2.764044943820225,2.0,89,2023-01-01,2023-03-31,44,15,2,44.938011,7.540068,12:18,89,11
REG,26264,PINEROLO,CHIVASSO,AIRASCA,4.056179775280899,4.0,89,2023-01-01,2023-03-31,62,32,2,44.928093,7.483536,12:22,89,12
REG,26264,PINEROLO,CHIVASSO,PISCINA DI PINEROLO,4.359550561797753,4.0,89,2023-01-01,2023-03-31,64,33,7,44.921744,7.425482,12:27,89,13
REG,26264,PINEROLO,CHIVASSO,PINEROLO OLIMPICA,3.9213483146067416,3.0,89,2023-01-01,2023-03-31,56,25,7,44.893325,7.349043,12:36,89,14
REG,26264,PINEROLO,CHIVASSO,PINEROLO,-0.7078651685393258,-2.0,89,2023-01-01,2023-03-31,14,8,2,44.887673,7.337402,12:41,89,15
