train_class,train_number,train_arrival_stop_name,train_departure_stop_name,stop_name,avg_arrival_delay,median_arrival_delay,count_dates_stop,first_date,last_date,count_3m_delay,count_5m_delay,count_10m_delay,stop_lat,stop_lon,stop_time,count_dates_train,stop_number
REG,23563,BARI CENTRALE,BARLETTA,BARLETTA,3.283333333333333,2.0,60,2023-01-02,2023-03-31,20,11,4,41.315227,16.278867,19:27,60,1
REG,23563,BARI CENTRALE,BARLETTA,TRANI,2.533333333333333,1.0,60,2023-01-02,2023-03-31,19,12,2,41.272693,16.417646,19:35,60,2
REG,23563,BARI CENTRALE,BARLETTA,BISCEGLIE,2.9833333333333334,2.0,60,2023-01-02,2023-03-31,26,14,4,41.235445,16.499484,19:41,60,3
REG,23563,BARI CENTRALE,BARLETTA,MOLFETTA,1.3333333333333333,0.0,60,2023-01-02,2023-03-31,15,11,1,41.196008,16.596793,19:49,60,4
REG,23563,BARI CENTRALE,BARLETTA,GIOVINAZZO,1.6666666666666667,1.0,60,2023-01-02,2023-03-31,19,11,1,41.180968,16.669346,19:55,60,5
REG,23563,BARI CENTRALE,BARLETTA,BARI S. SPIRITO,1.7333333333333334,1.0,60,2023-01-02,2023-03-31,21,12,0,41.159653,16.746324,20:01,60,6
REG,23563,BARI CENTRALE,BARLETTA,BARI ZONA INDUSTRIALE,0.8,0.0,60,2023-01-02,2023-03-31,17,9,0,,,20:10,60,7
REG,23563,BARI CENTRALE,BARLETTA,BARI CENTRALE,-0.6166666666666667,-1.0,60,2023-01-02,2023-03-31,9,3,0,41.11774,16.869601,20:18,60,8
