train_class,train_number,train_arrival_stop_name,train_departure_stop_name,stop_name,avg_arrival_delay,median_arrival_delay,count_dates_stop,first_date,last_date,count_3m_delay,count_5m_delay,count_10m_delay,stop_lat,stop_lon,stop_time,count_dates_train,stop_number
REG,24885,MILANO PORTA GARIBALDI,LECCO,LECCO,4.3580246913580245,3.0,81,2023-01-01,2023-03-31,42,23,7,45.856471,9.393638,22:06,81,1
REG,24885,MILANO PORTA GARIBALDI,LECCO,LECCO MAGGIANICO,4.592592592592593,3.0,81,2023-01-01,2023-03-31,45,26,7,45.831179,9.411691,22:10,81,2
REG,24885,MILANO PORTA GARIBALDI,LECCO,CALOLZIOCORTE OLGINATE,3.925925925925926,2.0,81,2023-01-01,2023-03-31,39,22,7,45.801619,9.42698,22:15,81,3
REG,24885,MILANO PORTA GARIBALDI,LECCO,AIRUNO,4.382716049382716,3.0,81,2023-01-01,2023-03-31,42,23,7,45.754086,9.422066,22:21,81,4
REG,24885,MILANO PORTA GARIBALDI,LECCO,OLGIATE-CALCO-BRIVIO,3.950617283950617,2.0,81,2023-01-01,2023-03-31,36,20,7,45.729166,9.40377,22:25,81,5
REG,24885,MILANO PORTA GARIBALDI,LECCO,CERNUSCO-MERATE,3.3580246913580245,1.0,81,2023-01-01,2023-03-31,25,18,5,45.695096,9.396794,22:30,81,6
REG,24885,MILANO PORTA GARIBALDI,LECCO,OSNAGO,2.9135802469135803,1.0,81,2023-01-01,2023-03-31,20,14,5,45.678532,9.386995,22:34,81,7
REG,24885,MILANO PORTA GARIBALDI,LECCO,CARNATE USMATE,0.43209876543209874,-2.0,81,2023-01-01,2023-03-31,16,8,5,45.653072,9.375089,22:39,81,8
REG,24885,MILANO PORTA GARIBALDI,LECCO,ARCORE,1.0,-1.0,81,2023-01-01,2023-03-31,17,9,5,45.623493,9.322798,22:44,81,9
REG,24885,MILANO PORTA GARIBALDI,LECCO,MONZA,1.2222222222222223,-1.0,81,2023-01-01,2023-03-31,18,9,4,45.577789,9.273253,22:50,81,10
REG,24885,MILANO PORTA GARIBALDI,LECCO,SESTO S. GIOVANNI,2.049382716049383,1.0,81,2023-01-01,2023-03-31,21,12,5,45.541087,9.23926,22:55,81,11
REG,24885,MILANO PORTA GARIBALDI,LECCO,MILANO GRECO PIRELLI,2.432098765432099,1.0,81,2023-01-01,2023-03-31,26,17,5,45.51272,9.214456,23:00,81,12
REG,24885,MILANO PORTA GARIBALDI,LECCO,MILANO PORTA GARIBALDI,1.876543209876543,0.0,81,2023-01-01,2023-03-31,23,11,5,45.484917,9.187683,23:08,81,13
