train_class,train_number,train_arrival_stop_name,train_departure_stop_name,stop_name,avg_arrival_delay,median_arrival_delay,count_dates_stop,first_date,last_date,count_3m_delay,count_5m_delay,count_10m_delay,stop_lat,stop_lon,stop_time,count_dates_train,stop_number
REG,21754,PALERMO CENTRALE,PUNTA RAISI,PUNTA RAISI,1.16,1.0,75,2023-01-02,2023-03-31,0,0,0,38.188892,13.110059,18:47,75,1
REG,21754,PALERMO CENTRALE,PUNTA RAISI,PIRAINETO,1.6933333333333334,2.0,75,2023-01-02,2023-03-31,6,0,0,38.169148,13.14256,18:50,75,2
REG,21754,PALERMO CENTRALE,PUNTA RAISI,CARINI,1.4933333333333334,1.0,75,2023-01-02,2023-03-31,6,0,0,38.147696,13.186624,18:55,75,3
REG,21754,PALERMO CENTRALE,PUNTA RAISI,ISOLA DELLE FEMMINE,2.026666666666667,2.0,75,2023-01-02,2023-03-31,24,2,0,38.194784,13.250188,19:05,75,4
REG,21754,PALERMO CENTRALE,PUNTA RAISI,S.LORENZO COLLI,-0.28,-1.0,75,2023-01-02,2023-03-31,3,0,0,38.16292,13.316449,19:22,75,5
REG,21754,PALERMO CENTRALE,PUNTA RAISI,FRANCIA,0.4666666666666667,0.0,75,2023-01-02,2023-03-31,3,0,0,38.155233,13.321938,19:25,75,6
REG,21754,PALERMO CENTRALE,PUNTA RAISI,PALERMO NOTARBARTOLO,-0.56,-1.0,75,2023-01-02,2023-03-31,0,0,0,38.132261,13.341572,19:29,75,7
REG,21754,PALERMO CENTRALE,PUNTA RAISI,LOLLI,2.28,2.0,75,2023-01-02,2023-03-31,17,1,0,,,19:31,75,8
REG,21754,PALERMO CENTRALE,PUNTA RAISI,PALAZZO REALE-ORLEANS,0.37333333333333335,0.0,75,2023-01-02,2023-03-31,3,0,0,38.10878,13.353962,19:35,75,9
REG,21754,PALERMO CENTRALE,PUNTA RAISI,VESPRI,1.1333333333333333,1.0,75,2023-01-02,2023-03-31,6,1,0,38.101996,13.362701,19:38,75,10
REG,21754,PALERMO CENTRALE,PUNTA RAISI,GUADAGNA,1.2133333333333334,1.0,75,2023-01-02,2023-03-31,6,1,0,,,19:41,75,11
REG,21754,PALERMO CENTRALE,PUNTA RAISI,PALERMO CENTRALE,-1.5866666666666667,-2.0,75,2023-01-02,2023-03-31,0,0,0,38.109187,13.367515,19:47,75,12
