train_class,train_number,train_arrival_stop_name,train_departure_stop_name,stop_name,avg_arrival_delay,median_arrival_delay,count_dates_stop,first_date,last_date,count_3m_delay,count_5m_delay,count_10m_delay,stop_lat,stop_lon,stop_time,count_dates_train,stop_number
REG,23562,BARLETTA,BARI CENTRALE,BARI CENTRALE,2.1666666666666665,2.0,12,2023-01-07,2023-03-25,3,0,0,41.11774,16.869601,20:40,12,1
REG,23562,BARLETTA,BARI CENTRALE,BARI ZONA INDUSTRIALE,0.5,0.0,12,2023-01-07,2023-03-25,1,0,0,,,20:45,12,2
REG,23562,BARLETTA,BARI CENTRALE,BARI S. SPIRITO,2.4166666666666665,2.0,12,2023-01-07,2023-03-25,4,1,0,41.159653,16.746324,20:53,12,3
REG,23562,BARLETTA,BARI CENTRALE,GIOVINAZZO,2.0,2.0,12,2023-01-07,2023-03-25,2,0,0,41.180968,16.669346,20:59,12,4
REG,23562,BARLETTA,BARI CENTRALE,MOLFETTA,1.25,1.0,12,2023-01-07,2023-03-25,2,0,0,41.196008,16.596793,21:05,12,5
REG,23562,BARLETTA,BARI CENTRALE,BISCEGLIE,1.5,1.0,12,2023-01-07,2023-03-25,3,0,0,41.235445,16.499484,21:12,12,6
REG,23562,BARLETTA,BARI CENTRALE,TRANI,1.5833333333333333,1.0,12,2023-01-07,2023-03-25,4,2,0,41.272693,16.417646,21:19,12,7
REG,23562,BARLETTA,BARI CENTRALE,BARLETTA,0.25,-1.0,12,2023-01-07,2023-03-25,2,1,1,41.315227,16.278867,21:30,12,8
