train_class,train_number,train_arrival_stop_name,train_departure_stop_name,stop_name,avg_arrival_delay,median_arrival_delay,count_dates_stop,first_date,last_date,count_3m_delay,count_5m_delay,count_10m_delay,stop_lat,stop_lon,stop_time,count_dates_train,stop_number
REG,10169,COLICO,CHIAVENNA,CHIAVENNA,1.2584269662921348,1.0,89,2023-01-01,2023-03-31,4,1,0,46.321258,9.407129,13:35,89,1
REG,10169,COLICO,CHIAVENNA,PRATA CAMPORTACCIO,-0.25842696629213485,-1.0,89,2023-01-01,2023-03-31,2,0,0,,,13:37,89,2
REG,10169,COLICO,CHIAVENNA,S. CASSIANO VALCHIAVENNA,-1.0561797752808988,-1.0,89,2023-01-01,2023-03-31,1,0,0,46.275438,9.397419,13:43,89,3
REG,10169,COLICO,CHIAVENNA,SAMOLACO,-0.8089887640449438,-1.0,89,2023-01-01,2023-03-31,1,0,0,46.246436,9.423582,13:47,89,4
REG,10169,COLICO,CHIAVENNA,NOVATE-MEZZOLA,-0.33707865168539325,-1.0,89,2023-01-01,2023-03-31,1,0,0,46.216595,9.446573,13:51,89,5
REG,10169,COLICO,CHIAVENNA,VERCEIA,-0.11235955056179775,0.0,89,2023-01-01,2023-03-31,3,0,0,46.202832,9.458412,13:54,89,6
REG,10169,COLICO,CHIAVENNA,DUBINO,0.4943820224719101,0.0,89,2023-01-01,2023-03-31,5,1,1,46.172802,9.432188,13:59,89,7
REG,10169,COLICO,CHIAVENNA,COLICO,1.6629213483146068,1.0,89,2023-01-01,2023-03-31,16,5,1,46.138019,9.375222,14:07,89,8
