train_class,train_number,train_arrival_stop_name,train_departure_stop_name,stop_name,avg_arrival_delay,median_arrival_delay,count_dates_stop,first_date,last_date,count_3m_delay,count_5m_delay,count_10m_delay,stop_lat,stop_lon,stop_time,count_dates_train,stop_number
REG,17949,BOLOGNA C.LE,FERRARA,FERRARA,7.044943820224719,7.0,89,2023-01-01,2023-03-31,82,71,9,44.843047,11.603594,07:32,89,1
REG,17949,BOLOGNA C.LE,FERRARA,POGGIO RENATICO,10.0561797752809,9.0,89,2023-01-01,2023-03-31,88,82,39,44.767292,11.483701,07:40,89,2
REG,17949,BOLOGNA C.LE,FERRARA,GALLIERA,10.674157303370787,10.0,89,2023-01-01,2023-03-31,87,81,48,44.737738,11.441551,07:45,89,3
REG,17949,BOLOGNA C.LE,FERRARA,S.PIETRO IN CASALE,9.044943820224718,8.0,89,2023-01-01,2023-03-31,85,76,23,44.697928,11.404763,07:50,89,4
REG,17949,BOLOGNA C.LE,FERRARA,S.GIORGIO P.,8.764044943820224,7.0,89,2023-01-01,2023-03-31,82,72,18,44.646641,11.37901,07:56,89,5
REG,17949,BOLOGNA C.LE,FERRARA,FUNO CENTERGROSS,8.955056179775282,7.0,89,2023-01-01,2023-03-31,80,74,21,44.593646,11.370672,08:01,89,6
REG,17949,BOLOGNA C.LE,FERRARA,CASTELMAGGIORE,7.573033707865169,6.0,89,2023-01-01,2023-03-31,74,62,17,44.576055,11.366901,08:05,89,7
REG,17949,BOLOGNA C.LE,FERRARA,BOLOGNA CORTICELLA,8.067415730337078,7.0,89,2023-01-01,2023-03-31,74,65,20,44.551985,11.35401,08:09,89,8
REG,17949,BOLOGNA C.LE,FERRARA,BOLOGNA C.LE,3.3820224719101124,2.0,89,2023-01-01,2023-03-31,36,22,9,44.50626,11.342267,08:22,89,9
