train_class,train_number,train_arrival_stop_name,train_departure_stop_name,stop_name,avg_arrival_delay,median_arrival_delay,count_dates_stop,first_date,last_date,count_3m_delay,count_5m_delay,count_10m_delay,stop_lat,stop_lon,stop_time,count_dates_train,stop_number
REG,16689,VERONA PORTA NUOVA,BOLZANO,MEZZOCORONA,10.241935483870968,9.0,62,2023-01-02,2023-03-31,62,60,30,46.207258,11.128595,15:12,62,1
REG,16689,VERONA PORTA NUOVA,BOLZANO,TRENTO,3.935483870967742,3.0,62,2023-01-02,2023-03-31,33,26,8,46.072414,11.118941,15:33,62,2
REG,16689,VERONA PORTA NUOVA,BOLZANO,ROVERETO,6.387096774193548,6.0,62,2023-01-02,2023-03-31,40,35,12,45.890985,11.033518,15:48,62,3
REG,16689,VERONA PORTA NUOVA,BOLZANO,ALA,7.161290322580645,7.0,62,2023-01-02,2023-03-31,42,36,12,45.760087,10.996775,16:03,62,4
REG,16689,VERONA PORTA NUOVA,BOLZANO,PERI,11.82258064516129,11.0,62,2023-01-02,2023-03-31,60,57,37,45.658402,10.900314,16:17,62,5
REG,16689,VERONA PORTA NUOVA,BOLZANO,POSTO COMUNICAZIONE DOLCE`,13.016129032258064,12.0,62,2023-01-02,2023-03-31,62,60,42,45.601513,10.850588,16:23,62,6
REG,16689,VERONA PORTA NUOVA,BOLZANO,DOMEGLIARA,13.67741935483871,12.0,62,2023-01-02,2023-03-31,62,60,46,45.522348,10.820408,16:30,62,7
REG,16689,VERONA PORTA NUOVA,BOLZANO,VERONA PORTA NUOVA,3.1129032258064515,2.0,62,2023-01-02,2023-03-31,28,19,10,45.428603,10.982377,16:55,62,8
