train_class,train_number,train_arrival_stop_name,train_departure_stop_name,stop_name,avg_arrival_delay,median_arrival_delay,count_dates_stop,first_date,last_date,count_3m_delay,count_5m_delay,count_10m_delay,stop_lat,stop_lon,stop_time,count_dates_train,stop_number
AV,9712,TORINO P.NUOVA,TRIESTE CENTRALE,TRIESTE CENTRALE,1.101123595505618,1.0,89,2023-01-01,2023-03-31,3,0,0,45.657456,13.771873,06:00,89,1
AV,9712,TORINO P.NUOVA,TRIESTE CENTRALE,MONFALCONE,2.157303370786517,2.0,89,2023-01-01,2023-03-31,34,15,2,45.807683,13.542929,06:23,89,2
AV,9712,TORINO P.NUOVA,TRIESTE CENTRALE,TRIESTE AIRPORT,1.3370786516853932,1.0,89,2023-01-01,2023-03-31,22,9,2,,,06:29,89,3
AV,9712,TORINO P.NUOVA,TRIESTE CENTRALE,CERVIGNANO A.G.,2.5168539325842696,2.0,89,2023-01-01,2023-03-31,30,15,2,45.823948,13.342866,06:37,89,4
AV,9712,TORINO P.NUOVA,TRIESTE CENTRALE,LATISANA LIGNANO B.,3.696629213483146,2.0,89,2023-01-01,2023-03-31,44,29,5,45.777733,13.001101,06:53,89,5
AV,9712,TORINO P.NUOVA,TRIESTE CENTRALE,VENEZIA MESTRE,1.797752808988764,1.0,89,2023-01-01,2023-03-31,22,12,4,45.482123,12.232069,07:41,89,6
AV,9712,TORINO P.NUOVA,TRIESTE CENTRALE,VERONA PORTA NUOVA,2.1149425287356323,2.0,87,2023-01-01,2023-03-31,34,19,4,45.428603,10.982377,08:44,89,7
AV,9712,TORINO P.NUOVA,TRIESTE CENTRALE,MILANO PORTA GARIBALDI,7.325842696629214,5.0,89,2023-01-01,2023-03-31,81,52,10,45.484917,9.187683,09:55,89,8
AV,9712,TORINO P.NUOVA,TRIESTE CENTRALE,TORINO PORTA SUSA,2.5113636363636362,0.0,88,2023-01-01,2023-03-31,25,16,7,45.075906,7.667673,10:48,89,9
AV,9712,TORINO P.NUOVA,TRIESTE CENTRALE,TORINO P.NUOVA,0.449438202247191,-2.0,89,2023-01-01,2023-03-31,15,9,4,45.060969,7.67747,11:00,89,10
