train_class,train_number,train_arrival_stop_name,train_departure_stop_name,stop_name,avg_arrival_delay,median_arrival_delay,count_dates_stop,first_date,last_date,count_3m_delay,count_5m_delay,count_10m_delay,stop_lat,stop_lon,stop_time,count_dates_train,stop_number
REG,21953,LOCRI,LAMEZIA TERME CENTRALE,LAMEZIA TERME CENTRALE,1.12,1.0,75,2023-01-02,2023-03-31,3,0,0,38.921347,16.255577,12:40,75,1
REG,21953,LOCRI,LAMEZIA TERME CENTRALE,LAMEZIA TERME SAMBIASE,2.2133333333333334,2.0,75,2023-01-02,2023-03-31,18,0,0,38.959927,16.284962,12:47,75,2
REG,21953,LOCRI,LAMEZIA TERME CENTRALE,LAMEZIA TERME NICASTRO,0.32,0.0,75,2023-01-02,2023-03-31,2,0,0,38.966779,16.320043,12:51,75,3
REG,21953,LOCRI,LAMEZIA TERME CENTRALE,CATANZARO,-0.05333333333333334,-1.0,75,2023-01-02,2023-03-31,5,0,0,38.896222,16.599081,13:15,75,4
REG,21953,LOCRI,LAMEZIA TERME CENTRALE,CATANZARO LIDO,-0.7866666666666666,-1.0,75,2023-01-02,2023-03-31,7,2,0,38.821788,16.612975,13:25,75,5
REG,21953,LOCRI,LAMEZIA TERME CENTRALE,MONTEPAONE - MONTAURO,2.6666666666666665,2.0,75,2023-01-02,2023-03-31,35,8,1,38.728548,16.541944,13:47,75,6
REG,21953,LOCRI,LAMEZIA TERME CENTRALE,SOVERATO,1.28,1.0,75,2023-01-02,2023-03-31,17,3,1,38.684339,16.549416,13:54,75,7
REG,21953,LOCRI,LAMEZIA TERME CENTRALE,BADOLATO,0.6266666666666667,0.0,75,2023-01-02,2023-03-31,12,3,1,38.572268,16.567646,14:04,75,8
REG,21953,LOCRI,LAMEZIA TERME CENTRALE,S.CATERINA DELL`JONIO,-2.8,-4.0,75,2023-01-02,2023-03-31,1,1,1,38.530452,16.571093,14:13,75,9
REG,21953,LOCRI,LAMEZIA TERME CENTRALE,GUARDAVALLE,0.5733333333333334,0.0,75,2023-01-02,2023-03-31,11,7,0,38.480266,16.578923,14:23,75,10
REG,21953,LOCRI,LAMEZIA TERME CENTRALE,MONASTERACE STILO,0.9333333333333333,1.0,75,2023-01-02,2023-03-31,12,4,0,38.437591,16.574444,14:28,75,11
REG,21953,LOCRI,LAMEZIA TERME CENTRALE,CAULONIA,2.933333333333333,2.0,75,2023-01-02,2023-03-31,27,12,3,38.343785,16.467278,14:37,75,12
REG,21953,LOCRI,LAMEZIA TERME CENTRALE,ROCCELLA JONICA,3.5342465753424657,3.0,73,2023-01-02,2023-03-31,43,17,4,38.322043,16.406917,14:43,75,13
REG,21953,LOCRI,LAMEZIA TERME CENTRALE,GIOIOSA JONICA,4.675675675675675,4.0,74,2023-01-02,2023-03-31,60,30,6,38.300812,16.332501,14:49,75,14
REG,21953,LOCRI,LAMEZIA TERME CENTRALE,SIDERNO,3.7466666666666666,3.0,75,2023-01-02,2023-03-31,47,21,3,38.2708,16.302,14:55,75,15
REG,21953,LOCRI,LAMEZIA TERME CENTRALE,LOCRI,-0.88,-1.0,75,2023-01-02,2023-03-31,10,3,0,38.233154,16.264787,15:05,75,16
