train_class,train_number,train_arrival_stop_name,train_departure_stop_name,stop_name,avg_arrival_delay,median_arrival_delay,count_dates_stop,first_date,last_date,count_3m_delay,count_5m_delay,count_10m_delay,stop_lat,stop_lon,stop_time,count_dates_train,stop_number
REG,17834,BOLOGNA C.LE,PRATO CENTRALE,PRATO CENTRALE,1.2272727272727273,1.0,66,2023-01-03,2023-03-31,1,0,0,43.878737,11.109252,15:40,66,1
REG,17834,BOLOGNA C.LE,PRATO CENTRALE,VAIANO,1.3484848484848484,1.0,66,2023-01-03,2023-03-31,4,0,0,43.961772,11.130773,15:47,66,2
REG,17834,BOLOGNA C.LE,PRATO CENTRALE,VERNIO MONTEPIANO CANTAGALLO,0.8787878787878788,1.0,66,2023-01-03,2023-03-31,5,0,0,44.043991,11.152342,15:55,66,3
REG,17834,BOLOGNA C.LE,PRATO CENTRALE,SAN BENEDETTO SAMBRO-CAST.PEPOLI,1.393939393939394,1.0,66,2023-01-03,2023-03-31,13,2,0,44.22866,11.19226,16:06,66,4
REG,17834,BOLOGNA C.LE,PRATO CENTRALE,GRIZZANA,1.9242424242424243,2.0,66,2023-01-03,2023-03-31,17,3,1,44.258292,11.181194,16:10,66,5
REG,17834,BOLOGNA C.LE,PRATO CENTRALE,MONZUNO,1.5454545454545454,1.0,66,2023-01-03,2023-03-31,19,2,1,44.322277,11.262082,16:17,66,6
REG,17834,BOLOGNA C.LE,PRATO CENTRALE,PIANORO,1.5151515151515151,1.0,66,2023-01-03,2023-03-31,20,2,1,44.380589,11.340675,16:24,66,7
REG,17834,BOLOGNA C.LE,PRATO CENTRALE,MUSIANO-PIAN DI MACINA,5.671875,5.0,64,2023-01-03,2023-03-31,60,48,4,44.402423,11.344912,16:28,66,8
REG,17834,BOLOGNA C.LE,PRATO CENTRALE,RASTIGNANO,5.092307692307692,5.0,65,2023-01-03,2023-03-31,60,37,1,44.443592,11.357617,16:33,66,9
REG,17834,BOLOGNA C.LE,PRATO CENTRALE,BOLOGNA S.RUFFILLO,4.363636363636363,4.0,66,2023-01-03,2023-03-31,53,28,1,44.462657,11.372967,16:36,66,10
REG,17834,BOLOGNA C.LE,PRATO CENTRALE,BOLOGNA MAZZINI,4.348484848484849,4.0,66,2023-01-03,2023-03-31,52,27,1,44.482284,11.376271,16:40,66,11
REG,17834,BOLOGNA C.LE,PRATO CENTRALE,BOLOGNA SAN VITALE,3.3181818181818183,2.0,66,2023-01-03,2023-03-31,33,16,3,,,16:45,66,12
REG,17834,BOLOGNA C.LE,PRATO CENTRALE,BOLOGNA C.LE,-5.363636363636363,-6.0,66,2023-01-03,2023-03-31,0,0,0,44.50626,11.342267,16:56,66,13
