train_class,train_number,train_arrival_stop_name,train_departure_stop_name,stop_name,avg_arrival_delay,median_arrival_delay,count_dates_stop,first_date,last_date,count_3m_delay,count_5m_delay,count_10m_delay,stop_lat,stop_lon,stop_time,count_dates_train,stop_number
REG,12780,VITERBO PORTA ROMANA,ROMA OSTIENSE,ROMA OSTIENSE,2.6901408450704225,2.0,71,2023-01-09,2023-03-31,30,9,1,41.87265,12.483917,05:00,71,1
REG,12780,VITERBO PORTA ROMANA,ROMA OSTIENSE,ROMA TRASTEVERE,3.0422535211267605,3.0,71,2023-01-09,2023-03-31,41,12,1,41.872279,12.466162,05:03,71,2
REG,12780,VITERBO PORTA ROMANA,ROMA OSTIENSE,ROMA S.PIETRO,1.5857142857142856,1.0,70,2023-01-09,2023-03-31,15,4,1,41.896143,12.454497,05:09,71,3
REG,12780,VITERBO PORTA ROMANA,ROMA OSTIENSE,VALLE AURELIA,4.253521126760563,4.0,71,2023-01-09,2023-03-31,71,19,1,41.899356,12.447667,05:12,71,4
REG,12780,VITERBO PORTA ROMANA,ROMA OSTIENSE,GEMELLI,1.5774647887323943,1.0,71,2023-01-09,2023-03-31,6,1,0,41.927813,12.427797,05:19,71,5
REG,12780,VITERBO PORTA ROMANA,ROMA OSTIENSE,ROMA MONTE MARIO,0.2676056338028169,0.0,71,2023-01-09,2023-03-31,2,1,0,41.939088,12.421732,05:22,71,6
REG,12780,VITERBO PORTA ROMANA,ROMA OSTIENSE,ROMA S.FILIPPO NERI,-0.3380281690140845,-1.0,71,2023-01-09,2023-03-31,1,1,0,41.950262,12.412414,05:25,71,7
REG,12780,VITERBO PORTA ROMANA,ROMA OSTIENSE,OTTAVIA,1.2394366197183098,1.0,71,2023-01-09,2023-03-31,5,1,0,,,05:28,71,8
REG,12780,VITERBO PORTA ROMANA,ROMA OSTIENSE,IPOGEO DEGLI OTTAVI,0.676056338028169,1.0,71,2023-01-09,2023-03-31,2,1,0,41.968391,12.409026,05:31,71,9
REG,12780,VITERBO PORTA ROMANA,ROMA OSTIENSE,LA GIUSTINIANA,1.2535211267605635,1.0,71,2023-01-09,2023-03-31,5,1,0,41.985243,12.403457,05:34,71,10
REG,12780,VITERBO PORTA ROMANA,ROMA OSTIENSE,LA STORTA,1.0,1.0,71,2023-01-09,2023-03-31,7,1,0,42.001748,12.381254,05:38,71,11
REG,12780,VITERBO PORTA ROMANA,ROMA OSTIENSE,OLGIATA,2.971830985915493,3.0,71,2023-01-09,2023-03-31,36,8,1,42.01538,12.363864,05:41,71,12
REG,12780,VITERBO PORTA ROMANA,ROMA OSTIENSE,CESANO DI ROMA,0.9014084507042254,1.0,71,2023-01-09,2023-03-31,8,1,1,42.061833,12.326669,05:48,71,13
REG,12780,VITERBO PORTA ROMANA,ROMA OSTIENSE,ANGUILLARA,1.591549295774648,1.0,71,2023-01-09,2023-03-31,16,3,1,42.068133,12.304978,05:53,71,14
REG,12780,VITERBO PORTA ROMANA,ROMA OSTIENSE,VIGNA DI VALLE,3.5492957746478875,3.0,71,2023-01-09,2023-03-31,41,16,4,42.076863,12.210716,06:13,71,15
REG,12780,VITERBO PORTA ROMANA,ROMA OSTIENSE,BRACCIANO,3.3943661971830985,3.0,71,2023-01-09,2023-03-31,37,16,4,42.103667,12.173023,06:19,71,16
REG,12780,VITERBO PORTA ROMANA,ROMA OSTIENSE,MANZIANA-CANALE MONTERANO,-0.16901408450704225,-1.0,71,2023-01-09,2023-03-31,6,2,0,42.128246,12.134934,06:39,71,17
REG,12780,VITERBO PORTA ROMANA,ROMA OSTIENSE,ORIOLO,0.30985915492957744,-1.0,71,2023-01-09,2023-03-31,7,3,1,42.166825,12.138499,06:46,71,18
REG,12780,VITERBO PORTA ROMANA,ROMA OSTIENSE,CAPRANICA,-8.071428571428571,-8.0,70,2023-01-09,2023-03-31,0,0,0,42.245195,12.157194,07:08,71,19
REG,12780,VITERBO PORTA ROMANA,ROMA OSTIENSE,VETRALLA,-0.5070422535211268,-1.0,71,2023-01-09,2023-03-31,1,1,0,42.304619,12.089137,07:25,71,20
REG,12780,VITERBO PORTA ROMANA,ROMA OSTIENSE,TRE CROCI,0.29577464788732394,0.0,71,2023-01-09,2023-03-31,4,1,0,42.331525,12.086159,07:29,71,21
REG,12780,VITERBO PORTA ROMANA,ROMA OSTIENSE,VITERBO PORTA ROMANA,-0.04225352112676056,-1.0,71,2023-01-09,2023-03-31,4,3,1,42.411974,12.110482,07:39,71,22
