train_class,train_number,train_arrival_stop_name,train_departure_stop_name,stop_name,avg_arrival_delay,median_arrival_delay,count_dates_stop,first_date,last_date,count_3m_delay,count_5m_delay,count_10m_delay,stop_lat,stop_lon,stop_time,count_dates_train,stop_number
REG,18629,LUCCA,VIAREGGIO,VIAREGGIO,2.9285714285714284,2.0,14,2023-01-01,2023-03-26,6,3,0,43.865947,10.257886,14:29,14,1
REG,18629,LUCCA,VIAREGGIO,MASSAROSA BOZZANO,3.7142857142857144,3.0,14,2023-01-01,2023-03-26,8,5,0,43.855652,10.352022,14:37,14,2
REG,18629,LUCCA,VIAREGGIO,NOZZANO,7.571428571428571,7.0,14,2023-01-01,2023-03-26,14,14,3,43.829956,10.40716,14:43,14,3
REG,18629,LUCCA,VIAREGGIO,LUCCA,0.35714285714285715,-1.0,14,2023-01-01,2023-03-26,3,2,0,43.837186,10.506069,14:58,14,4
