train_class,train_number,train_arrival_stop_name,train_departure_stop_name,stop_name,avg_arrival_delay,median_arrival_delay,count_dates_stop,first_date,last_date,count_3m_delay,count_5m_delay,count_10m_delay,stop_lat,stop_lon,stop_time,count_dates_train,stop_number
REG,25875,BERGAMO,MILANO PORTA GARIBALDI,MILANO PORTA GARIBALDI,4.022988505747127,3.0,87,2023-01-01,2023-03-31,47,24,6,45.484917,9.187683,20:31,87,1
REG,25875,BERGAMO,MILANO PORTA GARIBALDI,MILANO GRECO PIRELLI,3.0229885057471266,2.0,87,2023-01-01,2023-03-31,36,12,6,45.51272,9.214456,20:37,87,2
REG,25875,BERGAMO,MILANO PORTA GARIBALDI,SESTO S. GIOVANNI,2.7701149425287355,1.0,87,2023-01-01,2023-03-31,31,11,7,45.541087,9.23926,20:42,87,3
REG,25875,BERGAMO,MILANO PORTA GARIBALDI,MONZA,1.9310344827586208,1.0,87,2023-01-01,2023-03-31,22,9,6,45.577789,9.273253,20:48,87,4
REG,25875,BERGAMO,MILANO PORTA GARIBALDI,ARCORE,2.9767441860465116,2.0,86,2023-01-01,2023-03-31,33,13,8,45.623493,9.322798,20:54,87,5
REG,25875,BERGAMO,MILANO PORTA GARIBALDI,CARNATE USMATE,2.3448275862068964,1.0,87,2023-01-01,2023-03-31,29,11,7,45.653072,9.375089,21:00,87,6
REG,25875,BERGAMO,MILANO PORTA GARIBALDI,PADERNO ROBBIATE,5.337209302325581,4.0,86,2023-01-01,2023-03-31,59,36,9,45.678307,9.439202,21:06,87,7
REG,25875,BERGAMO,MILANO PORTA GARIBALDI,CALUSCO,6.011627906976744,5.0,86,2023-01-01,2023-03-31,66,45,10,45.684113,9.470646,21:13,87,8
REG,25875,BERGAMO,MILANO PORTA GARIBALDI,TERNO,6.6395348837209305,5.0,86,2023-01-01,2023-03-31,71,51,11,45.688658,9.536169,21:19,87,9
REG,25875,BERGAMO,MILANO PORTA GARIBALDI,PONTE S.PIETRO,6.895348837209302,7.0,86,2023-01-01,2023-03-31,69,49,10,45.69916,9.584322,21:26,87,10
REG,25875,BERGAMO,MILANO PORTA GARIBALDI,BERGAMO,7.2298850574712645,5.0,87,2023-01-01,2023-03-31,76,51,13,45.690271,9.675082,21:40,87,11
