train_class,train_number,train_arrival_stop_name,train_departure_stop_name,stop_name,avg_arrival_delay,median_arrival_delay,count_dates_stop,first_date,last_date,count_3m_delay,count_5m_delay,count_10m_delay,stop_lat,stop_lon,stop_time,count_dates_train,stop_number
REG,23853,FABRIANO,CIVITANOVA MARCHE,CIVITANOVA MARCHE,1.7692307692307692,1.0,13,2023-01-01,2023-03-26,2,2,0,43.3091,13.7257,13:00,13,1
REG,23853,FABRIANO,CIVITANOVA MARCHE,MONTECOSARO,1.0769230769230769,0.0,13,2023-01-01,2023-03-26,2,2,0,43.289297,13.646378,13:06,13,2
REG,23853,FABRIANO,CIVITANOVA MARCHE,MORROVALLE MONTE S.GIUSTO,1.5384615384615385,1.0,13,2023-01-01,2023-03-26,2,2,0,43.279189,13.58285,13:11,13,3
REG,23853,FABRIANO,CIVITANOVA MARCHE,CORRIDONIA MOGLIANO,1.0,1.0,13,2023-01-01,2023-03-26,2,1,0,43.281616,13.477697,13:20,13,4
REG,23853,FABRIANO,CIVITANOVA MARCHE,MACERATA,0.46153846153846156,-1.0,13,2023-01-01,2023-03-26,3,1,0,43.293094,13.455172,13:29,13,5
REG,23853,FABRIANO,CIVITANOVA MARCHE,TOLENTINO,3.1538461538461537,2.0,13,2023-01-01,2023-03-26,6,3,1,43.214556,13.290501,13:47,13,6
REG,23853,FABRIANO,CIVITANOVA MARCHE,S.SEVERINO MARCHE,3.0,2.0,13,2023-01-01,2023-03-26,5,4,1,43.22996,13.183491,13:59,13,7
REG,23853,FABRIANO,CIVITANOVA MARCHE,CASTELRAIMONDO CAMERINO,4.3076923076923075,3.0,13,2023-01-01,2023-03-26,8,5,2,43.210511,13.057274,14:11,13,8
REG,23853,FABRIANO,CIVITANOVA MARCHE,MATELICA,6.153846153846154,6.0,13,2023-01-01,2023-03-26,12,8,2,43.25394,13.01509,14:20,13,9
REG,23853,FABRIANO,CIVITANOVA MARCHE,FABRIANO,3.8461538461538463,3.0,13,2023-01-01,2023-03-26,7,6,1,43.345429,12.905336,14:44,13,10
