train_class,train_number,train_arrival_stop_name,train_departure_stop_name,stop_name,avg_arrival_delay,median_arrival_delay,count_dates_stop,first_date,last_date,count_3m_delay,count_5m_delay,count_10m_delay,stop_lat,stop_lon,stop_time,count_dates_train,stop_number
REG,18945,BORGO S. LORENZO,FIRENZE S.M.N.,FIRENZE S.M.N.,2.9722222222222223,2.0,72,2023-01-03,2023-03-31,33,11,2,43.776893,11.247373,10:52,72,1
REG,18945,BORGO S. LORENZO,FIRENZE S.M.N.,FIRENZE CAMPO MARTE,2.4583333333333335,2.0,72,2023-01-03,2023-03-31,31,8,2,43.776856,11.27702,10:58,72,2
REG,18945,BORGO S. LORENZO,FIRENZE S.M.N.,PONTASSIEVE,0.1527777777777778,-1.0,72,2023-01-03,2023-03-31,12,10,2,43.773949,11.437904,11:18,72,3
REG,18945,BORGO S. LORENZO,FIRENZE S.M.N.,RUFINA,2.111111111111111,1.0,72,2023-01-03,2023-03-31,19,6,3,43.822236,11.485072,11:28,72,4
REG,18945,BORGO S. LORENZO,FIRENZE S.M.N.,SCOPETI,2.9583333333333335,2.0,72,2023-01-03,2023-03-31,31,7,3,43.841117,11.497001,11:33,72,5
REG,18945,BORGO S. LORENZO,FIRENZE S.M.N.,CONTEA LONDA,2.0,1.0,72,2023-01-03,2023-03-31,21,5,3,43.865124,11.531603,11:39,72,6
REG,18945,BORGO S. LORENZO,FIRENZE S.M.N.,DICOMANO,3.138888888888889,3.0,72,2023-01-03,2023-03-31,37,14,3,43.893489,11.519148,11:45,72,7
REG,18945,BORGO S. LORENZO,FIRENZE S.M.N.,VICCHIO,1.0555555555555556,1.0,72,2023-01-03,2023-03-31,16,4,2,43.933463,11.457634,11:56,72,8
REG,18945,BORGO S. LORENZO,FIRENZE S.M.N.,BORGO S.L.RIMORELLI,4.930555555555555,4.0,72,2023-01-03,2023-03-31,70,33,2,43.953279,11.400076,12:02,72,9
REG,18945,BORGO S. LORENZO,FIRENZE S.M.N.,BORGO S. LORENZO,-1.8472222222222223,-2.0,72,2023-01-03,2023-03-31,3,2,1,43.959822,11.380422,12:10,72,10
