train_class,train_number,train_arrival_stop_name,train_departure_stop_name,stop_name,avg_arrival_delay,median_arrival_delay,count_dates_stop,first_date,last_date,count_3m_delay,count_5m_delay,count_10m_delay,stop_lat,stop_lon,stop_time,count_dates_train,stop_number
REG,90333,PARMA,SUZZARA,SUZZARA,1.013157894736842,1.0,76,2023-01-02,2023-03-31,2,1,0,44.994432,10.756138,16:23,76,1
REG,90333,PARMA,SUZZARA,LUZZARA,-0.03571428571428571,0.0,56,2023-01-02,2023-03-31,0,0,0,,,16:32,76,2
REG,90333,PARMA,SUZZARA,GUASTALLA,-4.7272727272727275,-5.0,55,2023-01-02,2023-03-31,0,0,0,,,16:44,76,3
REG,90333,PARMA,SUZZARA,GUALTIERI,0.48214285714285715,0.0,56,2023-01-02,2023-03-31,7,0,0,,,16:52,76,4
REG,90333,PARMA,SUZZARA,BORETTO,-0.10714285714285714,0.0,56,2023-01-02,2023-03-31,5,0,0,,,17:02,76,5
REG,90333,PARMA,SUZZARA,PARMA,1.368421052631579,1.0,76,2023-01-02,2023-03-31,21,8,1,44.810203,10.32837,17:39,76,6
