train_class,train_number,train_arrival_stop_name,train_departure_stop_name,stop_name,avg_arrival_delay,median_arrival_delay,count_dates_stop,first_date,last_date,count_3m_delay,count_5m_delay,count_10m_delay,stop_lat,stop_lon,stop_time,count_dates_train,stop_number
REG,5709,ARECHI,SALERNO,SALERNO,2.157142857142857,2.0,70,2023-01-01,2023-03-30,14,4,1,40.675137,14.772822,08:05,70,1
REG,5709,ARECHI,SALERNO,TORRIONE,2.157142857142857,2.0,70,2023-01-01,2023-03-30,14,4,1,,,08:09,70,2
REG,5709,ARECHI,SALERNO,PASTENA,2.157142857142857,2.0,70,2023-01-01,2023-03-30,14,4,1,,,08:12,70,3
REG,5709,ARECHI,SALERNO,MERCATELLO,0.8285714285714286,1.0,70,2023-01-01,2023-03-30,7,1,0,40.606491,15.38979,08:15,70,4
REG,5709,ARECHI,SALERNO,ARECHI,0.18571428571428572,0.0,70,2023-01-01,2023-03-30,1,1,0,,,08:24,70,5
