train_class,train_number,train_arrival_stop_name,train_departure_stop_name,stop_name,avg_arrival_delay,median_arrival_delay,count_dates_stop,first_date,last_date,count_3m_delay,count_5m_delay,count_10m_delay,stop_lat,stop_lon,stop_time,count_dates_train,stop_number
REG,23193,TREVISO C.,MONTEBELLUNA,MONTEBELLUNA,1.5294117647058822,1.0,34,2023-02-26,2023-03-31,2,0,0,45.776434,12.054,21:01,34,1
REG,23193,TREVISO C.,MONTEBELLUNA,TREVIGNANO SIGNORESSA,1.2352941176470589,1.0,34,2023-02-26,2023-03-31,2,0,0,45.74789,12.103123,21:06,34,2
REG,23193,TREVISO C.,MONTEBELLUNA,POSTIOMA,1.0,1.0,34,2023-02-26,2023-03-31,0,0,0,45.715862,12.148248,21:12,34,3
REG,23193,TREVISO C.,MONTEBELLUNA,PAESE CASTAGNOLE,1.7352941176470589,2.0,34,2023-02-26,2023-03-31,6,0,0,45.691182,12.182619,21:17,34,4
REG,23193,TREVISO C.,MONTEBELLUNA,TREVISO C.,-1.6176470588235294,-2.0,34,2023-02-26,2023-03-31,0,0,0,45.659608,12.24614,21:25,34,5
