train_class,train_number,train_arrival_stop_name,train_departure_stop_name,stop_name,avg_arrival_delay,median_arrival_delay,count_dates_stop,first_date,last_date,count_3m_delay,count_5m_delay,count_10m_delay,stop_lat,stop_lon,stop_time,count_dates_train,stop_number
REG,10639,CREMONA,TREVIGLIO,TREVIGLIO,2.44,1.0,25,2023-01-01,2023-03-26,6,3,2,45.515063,9.587919,19:07,25,1
REG,10639,CREMONA,TREVIGLIO,CARAVAGGIO,1.8,1.0,25,2023-01-01,2023-03-26,6,3,2,45.491158,9.637723,19:12,25,2
REG,10639,CREMONA,TREVIGLIO,CAPRALBA,3.8,2.0,25,2023-01-01,2023-03-26,8,3,2,45.443871,9.640015,19:17,25,3
REG,10639,CREMONA,TREVIGLIO,CASALETTO VAPRIO,3.32,1.0,25,2023-01-01,2023-03-26,9,5,2,45.408641,9.631746,19:22,25,4
REG,10639,CREMONA,TREVIGLIO,CREMA,7.04,3.0,25,2023-01-01,2023-03-26,14,10,3,45.366864,9.694209,19:28,25,5
REG,10639,CREMONA,TREVIGLIO,MADIGNANO,9.44,5.0,25,2023-01-01,2023-03-26,22,13,5,45.34383,9.730179,19:33,25,6
REG,10639,CREMONA,TREVIGLIO,CASTELLEONE,8.2,3.0,25,2023-01-01,2023-03-26,17,9,4,45.301826,9.76779,19:39,25,7
REG,10639,CREMONA,TREVIGLIO,SORESINA,7.64,3.0,25,2023-01-01,2023-03-26,13,9,4,45.283083,9.85664,19:46,25,8
REG,10639,CREMONA,TREVIGLIO,CASALBUTTANO,6.0,1.0,25,2023-01-01,2023-03-26,10,6,4,45.255398,9.962361,19:55,25,9
REG,10639,CREMONA,TREVIGLIO,OLMENETA,3.92,1.0,25,2023-01-01,2023-03-26,6,4,3,45.231099,10.03194,20:07,25,10
REG,10639,CREMONA,TREVIGLIO,CREMONA,4.32,1.0,25,2023-01-01,2023-03-26,8,4,3,45.143215,10.017951,20:19,25,11
