train_class,train_number,train_arrival_stop_name,train_departure_stop_name,stop_name,avg_arrival_delay,median_arrival_delay,count_dates_stop,first_date,last_date,count_3m_delay,count_5m_delay,count_10m_delay,stop_lat,stop_lon,stop_time,count_dates_train,stop_number
REG,16476,VERONA PORTA NUOVA,MANTOVA,MANTOVA,3.013157894736842,2.0,76,2023-01-02,2023-03-31,23,14,6,45.158746,10.783165,17:29,76,1
REG,16476,VERONA PORTA NUOVA,MANTOVA,S.ANTONIO MANTOVANO,1.5263157894736843,0.0,76,2023-01-02,2023-03-31,19,8,4,45.187447,10.785806,17:35,76,2
REG,16476,VERONA PORTA NUOVA,MANTOVA,ROVERBELLA,1.25,0.0,76,2023-01-02,2023-03-31,18,12,4,45.252645,10.796795,17:43,76,3
REG,16476,VERONA PORTA NUOVA,MANTOVA,MOZZECANE,0.9342105263157895,-1.0,76,2023-01-02,2023-03-31,16,9,2,45.306687,10.823657,17:50,76,4
REG,16476,VERONA PORTA NUOVA,MANTOVA,VILLAFRANCA DI VERONA,3.8552631578947367,3.0,76,2023-01-02,2023-03-31,45,21,4,45.349801,10.849016,18:00,76,5
REG,16476,VERONA PORTA NUOVA,MANTOVA,DOSSOBUONO,4.4868421052631575,3.0,76,2023-01-02,2023-03-31,51,25,4,45.392382,10.914831,18:06,76,6
REG,16476,VERONA PORTA NUOVA,MANTOVA,VERONA PORTA NUOVA,3.3421052631578947,2.0,76,2023-01-02,2023-03-31,36,15,4,45.428603,10.982377,18:17,76,7
