train_class,train_number,train_arrival_stop_name,train_departure_stop_name,stop_name,avg_arrival_delay,median_arrival_delay,count_dates_stop,first_date,last_date,count_3m_delay,count_5m_delay,count_10m_delay,stop_lat,stop_lon,stop_time,count_dates_train,stop_number
REG,12778,TIVOLI,ROMA TIBURTINA PIAZZALE EST,ROMA TIBURTINA PIAZZALE EST,0.797752808988764,1.0,89,2023-01-01,2023-03-31,3,1,0,41.910903,12.530749,22:00,89,1
REG,12778,TIVOLI,ROMA TIBURTINA PIAZZALE EST,ROMA PRENESTINA,0.7303370786516854,1.0,89,2023-01-01,2023-03-31,5,1,0,41.897571,12.545803,22:04,89,2
REG,12778,TIVOLI,ROMA TIBURTINA PIAZZALE EST,TOR SAPIENZA,-0.19101123595505617,-1.0,89,2023-01-01,2023-03-31,3,0,0,41.907095,12.594489,22:13,89,3
REG,12778,TIVOLI,ROMA TIBURTINA PIAZZALE EST,LA RUSTICA UIR,-0.19101123595505617,0.0,89,2023-01-01,2023-03-31,2,0,0,,,22:19,89,4
REG,12778,TIVOLI,ROMA TIBURTINA PIAZZALE EST,PONTE DI NONA,-1.0112359550561798,-1.0,89,2023-01-01,2023-03-31,1,0,0,42.061563,13.581585,22:24,89,5
REG,12778,TIVOLI,ROMA TIBURTINA PIAZZALE EST,LUNGHEZZA,-1.0112359550561798,-1.0,89,2023-01-01,2023-03-31,0,0,0,41.923253,12.667212,22:27,89,6
REG,12778,TIVOLI,ROMA TIBURTINA PIAZZALE EST,BAGNI DI TIVOLI,0.7078651685393258,1.0,89,2023-01-01,2023-03-31,5,0,0,41.949593,12.722208,22:33,89,7
REG,12778,TIVOLI,ROMA TIBURTINA PIAZZALE EST,GUIDONIA-MONTECELIO-S.ANGELO,1.9887640449438202,2.0,89,2023-01-01,2023-03-31,24,4,0,41.993405,12.725681,22:40,89,8
REG,12778,TIVOLI,ROMA TIBURTINA PIAZZALE EST,MARCELLINA-PALOMBARA,1.303370786516854,1.0,89,2023-01-01,2023-03-31,25,5,0,41.999609,12.79134,22:53,89,9
REG,12778,TIVOLI,ROMA TIBURTINA PIAZZALE EST,TIVOLI,2.606741573033708,2.0,89,2023-01-01,2023-03-31,40,14,1,41.961849,12.805047,23:00,89,10
