train_class,train_number,train_arrival_stop_name,train_departure_stop_name,stop_name,avg_arrival_delay,median_arrival_delay,count_dates_stop,first_date,last_date,count_3m_delay,count_5m_delay,count_10m_delay,stop_lat,stop_lon,stop_time,count_dates_train,stop_number
REG,11156,CHIVASSO,VALENZA,VALENZA,2.8026315789473686,3.0,76,2023-01-02,2023-03-31,46,3,1,45.023527,8.625808,07:17,76,1
REG,11156,CHIVASSO,VALENZA,GIAROLE,0.5131578947368421,0.0,76,2023-01-02,2023-03-31,4,1,0,45.056125,8.5609,07:23,76,2
REG,11156,CHIVASSO,VALENZA,BORGO S.MARTINO,2.08,2.0,75,2023-01-02,2023-03-31,21,2,1,45.087083,8.520661,07:27,76,3
REG,11156,CHIVASSO,VALENZA,CASALE MONFERRATO,0.5131578947368421,1.0,76,2023-01-02,2023-03-31,8,1,0,45.133928,8.460292,07:35,76,4
REG,11156,CHIVASSO,VALENZA,BALZOLA,4.253333333333333,4.0,75,2023-01-02,2023-03-31,65,28,2,45.173985,8.402174,07:44,76,5
REG,11156,CHIVASSO,VALENZA,MORANO SUL PO,3.2133333333333334,3.0,75,2023-01-02,2023-03-31,43,17,2,45.170793,8.366168,07:48,76,6
REG,11156,CHIVASSO,VALENZA,TRINO VERCELLESE,4.276315789473684,4.0,76,2023-01-02,2023-03-31,60,26,4,45.190066,8.294093,07:53,76,7
REG,11156,CHIVASSO,VALENZA,PALAZZOLO VERCELLESE,4.026666666666666,4.0,75,2023-01-02,2023-03-31,57,22,4,45.189004,8.232787,07:58,76,8
REG,11156,CHIVASSO,VALENZA,FONTANETTO PO,3.0657894736842106,3.0,76,2023-01-02,2023-03-31,45,17,4,45.191238,8.188697,08:04,76,9
REG,11156,CHIVASSO,VALENZA,CRESCENTINO,3.4210526315789473,4.0,76,2023-01-02,2023-03-31,51,29,0,45.194302,8.107175,08:14,76,10
REG,11156,CHIVASSO,VALENZA,BORGO REVEL,3.3333333333333335,3.0,75,2023-01-02,2023-03-31,47,24,0,45.189827,8.02021,08:20,76,11
REG,11156,CHIVASSO,VALENZA,VEROLENGO,2.52,2.0,75,2023-01-02,2023-03-31,32,15,0,45.193107,7.969511,08:25,76,12
REG,11156,CHIVASSO,VALENZA,CASTELROSSO,2.1578947368421053,1.0,76,2023-01-02,2023-03-31,28,10,0,45.201802,7.932162,08:31,76,13
REG,11156,CHIVASSO,VALENZA,CHIVASSO,3.0,3.0,76,2023-01-02,2023-03-31,41,20,1,45.193637,7.889666,08:36,76,14
