train_class,train_number,train_arrival_stop_name,train_departure_stop_name,stop_name,avg_arrival_delay,median_arrival_delay,count_dates_stop,first_date,last_date,count_3m_delay,count_5m_delay,count_10m_delay,stop_lat,stop_lon,stop_time,count_dates_train,stop_number
REG,12892,MESSINA CENTRALE,S.AGATA M.,S.AGATA M.,2.2666666666666666,1.0,75,2023-01-02,2023-03-31,11,4,2,38.073554,14.640622,12:06,75,1
REG,12892,MESSINA CENTRALE,S.AGATA M.,SAN MARCO D`ALUNZIO T.,2.0533333333333332,1.0,75,2023-01-02,2023-03-31,7,3,1,38.094202,14.675909,12:11,75,2
REG,12892,MESSINA CENTRALE,S.AGATA M.,ZAPPULLA,0.2,-1.0,75,2023-01-02,2023-03-31,5,3,1,38.116962,14.703086,12:15,75,3
REG,12892,MESSINA CENTRALE,S.AGATA M.,CAPO D`ORLANDO-NASO,1.24,0.0,75,2023-01-02,2023-03-31,5,3,1,38.157941,14.744844,12:21,75,4
REG,12892,MESSINA CENTRALE,S.AGATA M.,BROLO FICARRA,1.5466666666666666,1.0,75,2023-01-02,2023-03-31,7,4,2,38.159204,14.830176,12:28,75,5
REG,12892,MESSINA CENTRALE,S.AGATA M.,GIOJOSA MAREA,1.52,0.0,75,2023-01-02,2023-03-31,13,6,2,38.175149,14.894794,12:34,75,6
REG,12892,MESSINA CENTRALE,S.AGATA M.,SAN GIORGIO,2.3733333333333335,1.0,75,2023-01-02,2023-03-31,16,7,2,38.173967,14.94414,12:40,75,7
REG,12892,MESSINA CENTRALE,S.AGATA M.,PATTI-SAN PIERO PATTI,-0.52,-2.0,75,2023-01-02,2023-03-31,6,3,2,38.146905,14.975331,12:47,75,8
REG,12892,MESSINA CENTRALE,S.AGATA M.,BARCELLONA,-0.25333333333333335,-1.0,75,2023-01-02,2023-03-31,3,3,2,38.14918,15.212499,13:02,75,9
REG,12892,MESSINA CENTRALE,S.AGATA M.,MILAZZO,1.1066666666666667,0.0,75,2023-01-02,2023-03-31,3,3,2,38.21195,15.244203,13:07,75,10
REG,12892,MESSINA CENTRALE,S.AGATA M.,PACE DEL MELA,2.12,1.0,75,2023-01-02,2023-03-31,7,3,2,38.202459,15.312676,13:11,75,11
REG,12892,MESSINA CENTRALE,S.AGATA M.,ROMETTA MESSINESE,-0.49333333333333335,-1.0,75,2023-01-02,2023-03-31,2,2,1,38.228455,15.405894,13:24,75,12
REG,12892,MESSINA CENTRALE,S.AGATA M.,MESSINA CENTRALE,0.4533333333333333,0.0,75,2023-01-02,2023-03-31,2,2,1,38.184975,15.561278,13:42,75,13
