train_class,train_number,train_arrival_stop_name,train_departure_stop_name,stop_name,avg_arrival_delay,median_arrival_delay,count_dates_stop,first_date,last_date,count_3m_delay,count_5m_delay,count_10m_delay,stop_lat,stop_lon,stop_time,count_dates_train,stop_number
REG,1880,S.CANDIDO,BOLZANO,BRESSANONE,2.6984126984126986,2.0,63,2023-01-02,2023-03-31,27,7,1,46.710088,11.649677,17:35,63,1
REG,1880,S.CANDIDO,BOLZANO,RIO DI PUSTERIA,2.634920634920635,2.0,63,2023-01-02,2023-03-31,29,12,0,46.79712,11.670028,17:59,63,2
REG,1880,S.CANDIDO,BOLZANO,VANDOIES,3.0952380952380953,3.0,63,2023-01-02,2023-03-31,32,13,0,46.814822,11.723079,18:05,63,3
REG,1880,S.CANDIDO,BOLZANO,PERCA,1.4126984126984128,1.0,63,2023-01-02,2023-03-31,14,2,1,,,18:31,63,4
REG,1880,S.CANDIDO,BOLZANO,BRUNICO NORD,2.6666666666666665,2.0,63,2023-01-02,2023-03-31,21,8,2,,,18:37,63,5
REG,1880,S.CANDIDO,BOLZANO,VALDAORA - ANTERSELVA,0.25396825396825395,-1.0,63,2023-01-02,2023-03-31,8,2,1,46.769231,12.02898,18:44,63,6
REG,1880,S.CANDIDO,BOLZANO,MONGUELFO VALLE DI CASIES,1.4603174603174602,1.0,63,2023-01-02,2023-03-31,12,2,1,46.752775,12.107264,18:51,63,7
REG,1880,S.CANDIDO,BOLZANO,VILLABASSA - BRAIES,-1.9206349206349207,-3.0,63,2023-01-02,2023-03-31,2,1,1,46.736492,12.167041,18:59,63,8
REG,1880,S.CANDIDO,BOLZANO,S.CANDIDO,1.5873015873015872,1.0,63,2023-01-02,2023-03-31,6,2,1,46.732728,12.271917,19:10,63,9
