train_class,train_number,train_arrival_stop_name,train_departure_stop_name,stop_name,avg_arrival_delay,median_arrival_delay,count_dates_stop,first_date,last_date,count_3m_delay,count_5m_delay,count_10m_delay,stop_lat,stop_lon,stop_time,count_dates_train,stop_number
REG,19031,SIENA,EMPOLI,EMPOLI,2.3157894736842106,2.0,76,2023-01-02,2023-03-31,24,0,0,43.715708,10.94915,06:21,76,1
REG,19031,SIENA,EMPOLI,PONTE A ELSA,1.5657894736842106,1.0,76,2023-01-02,2023-03-31,5,0,0,43.694385,10.906008,06:25,76,2
REG,19031,SIENA,EMPOLI,GRANAIOLO,3.4473684210526314,3.0,76,2023-01-02,2023-03-31,55,10,2,43.652244,10.945223,06:30,76,3
REG,19031,SIENA,EMPOLI,CERTALDO,1.7236842105263157,1.0,76,2023-01-02,2023-03-31,18,6,2,43.547124,11.037711,06:44,76,4
REG,19031,SIENA,EMPOLI,POGGIBONSI,-2.236842105263158,-3.0,76,2023-01-02,2023-03-31,3,2,1,43.468093,11.149455,07:01,76,5
REG,19031,SIENA,EMPOLI,CASTELLINA CH,-0.7894736842105263,-2.0,76,2023-01-02,2023-03-31,6,3,0,43.408744,11.212379,07:13,76,6
REG,19031,SIENA,EMPOLI,P.M. BADESSE,6.0,6.0,76,2023-01-02,2023-03-31,71,64,5,43.382144,11.277136,07:19,76,7
REG,19031,SIENA,EMPOLI,SIENA,3.5657894736842106,3.0,76,2023-01-02,2023-03-31,56,21,1,43.331708,11.322972,07:31,76,8
