train_class,train_number,train_arrival_stop_name,train_departure_stop_name,stop_name,avg_arrival_delay,median_arrival_delay,count_dates_stop,first_date,last_date,count_3m_delay,count_5m_delay,count_10m_delay,stop_lat,stop_lon,stop_time,count_dates_train,stop_number
REG,23865,FABRIANO,ANCONA,ANCONA,1.7702702702702702,1.0,74,2023-01-02,2023-03-31,12,4,0,43.607734,13.497665,17:05,74,1
REG,23865,FABRIANO,ANCONA,LORETO,-0.24324324324324326,-1.0,74,2023-01-02,2023-03-31,7,2,0,43.448376,13.620455,17:21,74,2
REG,23865,FABRIANO,ANCONA,CIVITANOVA MARCHE,1.9054054054054055,2.0,74,2023-01-02,2023-03-31,27,7,1,43.3091,13.7257,17:36,74,3
REG,23865,FABRIANO,ANCONA,MONTECOSARO,3.445945945945946,3.0,74,2023-01-02,2023-03-31,46,20,2,43.289297,13.646378,17:43,74,4
REG,23865,FABRIANO,ANCONA,MORROVALLE MONTE S.GIUSTO,4.581081081081081,4.0,74,2023-01-02,2023-03-31,62,34,4,43.279189,13.58285,17:49,74,5
REG,23865,FABRIANO,ANCONA,MACERATA,2.108108108108108,2.0,74,2023-01-02,2023-03-31,28,10,1,43.293094,13.455172,18:07,74,6
REG,23865,FABRIANO,ANCONA,TOLENTINO,4.081081081081081,4.0,74,2023-01-02,2023-03-31,58,31,1,43.214556,13.290501,18:31,74,7
REG,23865,FABRIANO,ANCONA,S.SEVERINO MARCHE,4.594594594594595,5.0,74,2023-01-02,2023-03-31,64,38,1,43.22996,13.183491,18:43,74,8
REG,23865,FABRIANO,ANCONA,CASTELRAIMONDO CAMERINO,4.027027027027027,4.0,74,2023-01-02,2023-03-31,58,28,1,43.210511,13.057274,18:55,74,9
REG,23865,FABRIANO,ANCONA,MATELICA,5.472972972972973,5.0,74,2023-01-02,2023-03-31,68,49,4,43.25394,13.01509,19:04,74,10
REG,23865,FABRIANO,ANCONA,ALBACINA,5.9324324324324325,6.0,74,2023-01-02,2023-03-31,71,48,6,43.345686,12.986501,19:19,74,11
REG,23865,FABRIANO,ANCONA,FABRIANO,3.3513513513513513,3.0,74,2023-01-02,2023-03-31,42,20,0,43.345429,12.905336,19:30,74,12
