train_class,train_number,train_arrival_stop_name,train_departure_stop_name,stop_name,avg_arrival_delay,median_arrival_delay,count_dates_stop,first_date,last_date,count_3m_delay,count_5m_delay,count_10m_delay,stop_lat,stop_lon,stop_time,count_dates_train,stop_number
REG,12661,FORMIA-GAETA,ROMA TERMINI,ROMA TERMINI,1.3191489361702127,1.0,47,2023-01-02,2023-03-30,11,2,0,41.900636,12.502026,15:36,47,1
REG,12661,FORMIA-GAETA,ROMA TERMINI,POMEZIA - S.PALOMBA,3.6382978723404253,3.0,47,2023-01-02,2023-03-30,29,11,1,41.706171,12.573611,15:50,47,2
REG,12661,FORMIA-GAETA,ROMA TERMINI,CAMPOLEONE,1.9361702127659575,2.0,47,2023-01-02,2023-03-30,13,8,1,41.642396,12.648341,15:59,47,3
REG,12661,FORMIA-GAETA,ROMA TERMINI,CISTERNA DI LATINA,2.7872340425531914,2.0,47,2023-01-02,2023-03-30,19,11,2,41.586511,12.827538,16:08,47,4
REG,12661,FORMIA-GAETA,ROMA TERMINI,LATINA,2.617021276595745,2.0,47,2023-01-02,2023-03-30,16,10,2,41.538372,12.945888,16:16,47,5
REG,12661,FORMIA-GAETA,ROMA TERMINI,SEZZE ROMANO,1.8936170212765957,1.0,47,2023-01-02,2023-03-30,16,10,2,41.495542,13.038452,16:24,47,6
REG,12661,FORMIA-GAETA,ROMA TERMINI,PRIVERNO FOSSANOVA,0.3829787234042553,-1.0,47,2023-01-02,2023-03-30,12,5,1,41.421853,13.186406,16:35,47,7
REG,12661,FORMIA-GAETA,ROMA TERMINI,MONTE S.BIAGIO,1.7446808510638299,1.0,47,2023-01-02,2023-03-30,14,8,1,41.345967,13.347037,16:46,47,8
REG,12661,FORMIA-GAETA,ROMA TERMINI,FONDI - SPERLONGA,1.702127659574468,1.0,47,2023-01-02,2023-03-30,14,9,2,41.337663,13.424893,16:52,47,9
REG,12661,FORMIA-GAETA,ROMA TERMINI,ITRI,0.7659574468085106,0.0,47,2023-01-02,2023-03-30,11,5,1,41.271328,13.545549,17:02,47,10
REG,12661,FORMIA-GAETA,ROMA TERMINI,FORMIA-GAETA,-0.40425531914893614,-2.0,47,2023-01-02,2023-03-30,8,3,1,41.258773,13.605996,17:12,47,11
