train_class,train_number,train_arrival_stop_name,train_departure_stop_name,stop_name,avg_arrival_delay,median_arrival_delay,count_dates_stop,first_date,last_date,count_3m_delay,count_5m_delay,count_10m_delay,stop_lat,stop_lon,stop_time,count_dates_train,stop_number
REG,12290,VENTIMIGLIA,IMPERIA,IMPERIA,2.6666666666666665,2.0,12,2023-01-07,2023-03-25,6,1,0,43.896798,8.03139,07:05,12,1
REG,12290,VENTIMIGLIA,IMPERIA,TAGGIA ARMA,1.5833333333333333,2.0,12,2023-01-07,2023-03-25,3,0,0,43.844567,7.855324,07:16,12,2
REG,12290,VENTIMIGLIA,IMPERIA,BORDIGHERA,-0.5833333333333334,-1.0,12,2023-01-07,2023-03-25,0,0,0,43.778313,7.663504,07:32,12,3
REG,12290,VENTIMIGLIA,IMPERIA,VENTIMIGLIA,-2.8333333333333335,-2.0,12,2023-01-07,2023-03-25,0,0,0,43.792561,7.610224,07:45,12,4
