train_class,train_number,train_arrival_stop_name,train_departure_stop_name,stop_name,avg_arrival_delay,median_arrival_delay,count_dates_stop,first_date,last_date,count_3m_delay,count_5m_delay,count_10m_delay,stop_lat,stop_lon,stop_time,count_dates_train,stop_number
AV,9608,MILANO CENTRALE,SALERNO,SALERNO,0.4533333333333333,0.0,75,2023-01-02,2023-03-31,1,1,0,40.675137,14.772822,05:15,75,1
AV,9608,MILANO CENTRALE,SALERNO,NAPOLI AFRAGOLA,0.32432432432432434,0.0,74,2023-01-02,2023-03-31,9,4,0,,,05:40,75,2
AV,9608,MILANO CENTRALE,SALERNO,ROMA TERMINI,0.52,0.0,75,2023-01-02,2023-03-31,7,6,2,41.900636,12.502026,06:40,75,3
AV,9608,MILANO CENTRALE,SALERNO,BOLOGNA C.LE/AV,2.5866666666666664,-1.0,75,2023-01-02,2023-03-31,26,15,7,44.50626,11.342267,08:53,75,4
AV,9608,MILANO CENTRALE,SALERNO,MILANO CENTRALE,3.8266666666666667,1.0,75,2023-01-02,2023-03-31,26,19,8,45.486347,9.204528,10:00,75,5
