train_class,train_number,train_arrival_stop_name,train_departure_stop_name,stop_name,avg_arrival_delay,median_arrival_delay,count_dates_stop,first_date,last_date,count_3m_delay,count_5m_delay,count_10m_delay,stop_lat,stop_lon,stop_time,count_dates_train,stop_number
REG,4332,FOGGIA,BARI CENTRALE,BARI CENTRALE,2.25,2.0,12,2023-01-07,2023-03-25,1,1,0,41.11774,16.869601,14:05,12,1
REG,4332,FOGGIA,BARI CENTRALE,BARI ZONA INDUSTRIALE,0.25,0.0,12,2023-01-07,2023-03-25,1,1,0,,,14:10,12,2
REG,4332,FOGGIA,BARI CENTRALE,BARI S. SPIRITO,0.75,0.0,12,2023-01-07,2023-03-25,1,1,0,41.159653,16.746324,14:20,12,3
REG,4332,FOGGIA,BARI CENTRALE,GIOVINAZZO,0.5,0.0,12,2023-01-07,2023-03-25,1,1,0,41.180968,16.669346,14:26,12,4
REG,4332,FOGGIA,BARI CENTRALE,MOLFETTA,-0.3333333333333333,-1.0,12,2023-01-07,2023-03-25,1,1,0,41.196008,16.596793,14:32,12,5
REG,4332,FOGGIA,BARI CENTRALE,BISCEGLIE,1.4166666666666667,1.0,12,2023-01-07,2023-03-25,1,1,0,41.235445,16.499484,14:38,12,6
REG,4332,FOGGIA,BARI CENTRALE,TRANI,0.25,0.0,12,2023-01-07,2023-03-25,1,1,0,41.272693,16.417646,14:45,12,7
REG,4332,FOGGIA,BARI CENTRALE,BARLETTA,-0.16666666666666666,-1.0,12,2023-01-07,2023-03-25,1,1,0,41.315227,16.278867,14:54,12,8
REG,4332,FOGGIA,BARI CENTRALE,TRINITAPOLI S.FERDIN. DI P.,0.5,-1.0,12,2023-01-07,2023-03-25,1,1,0,41.349677,16.090839,15:04,12,9
REG,4332,FOGGIA,BARI CENTRALE,CERIGNOLA,1.3333333333333333,1.0,12,2023-01-07,2023-03-25,3,1,0,41.315664,15.897298,15:15,12,10
REG,4332,FOGGIA,BARI CENTRALE,ORTANOVA,4.25,5.0,12,2023-01-07,2023-03-25,10,8,0,41.350441,15.732059,15:25,12,11
REG,4332,FOGGIA,BARI CENTRALE,INCORONATA,3.6666666666666665,4.0,12,2023-01-07,2023-03-25,10,4,0,41.408174,15.650728,15:32,12,12
REG,4332,FOGGIA,BARI CENTRALE,FOGGIA,1.5833333333333333,1.0,12,2023-01-07,2023-03-25,3,1,0,41.466,15.555816,15:45,12,13
