train_class,train_number,train_arrival_stop_name,train_departure_stop_name,stop_name,avg_arrival_delay,median_arrival_delay,count_dates_stop,first_date,last_date,count_3m_delay,count_5m_delay,count_10m_delay,stop_lat,stop_lon,stop_time,count_dates_train,stop_number
REG,16516,TREVISO C.,VENEZIA SANTA LUCIA,VENEZIA SANTA LUCIA,2.1866666666666665,2.0,75,2023-01-02,2023-03-31,20,4,1,45.441569,12.320882,13:43,75,1
REG,16516,TREVISO C.,VENEZIA SANTA LUCIA,VENEZIA MESTRE,2.28,2.0,75,2023-01-02,2023-03-31,23,7,1,45.482123,12.232069,13:54,75,2
REG,16516,TREVISO C.,VENEZIA SANTA LUCIA,MOGLIANO VENETO,1.3866666666666667,1.0,75,2023-01-02,2023-03-31,14,4,1,45.561964,12.23274,14:06,75,3
REG,16516,TREVISO C.,VENEZIA SANTA LUCIA,TREVISO C.,1.5066666666666666,1.0,75,2023-01-02,2023-03-31,12,2,1,45.659608,12.24614,14:23,75,4
