train_class,train_number,train_arrival_stop_name,train_departure_stop_name,stop_name,avg_arrival_delay,median_arrival_delay,count_dates_stop,first_date,last_date,count_3m_delay,count_5m_delay,count_10m_delay,stop_lat,stop_lon,stop_time,count_dates_train,stop_number
REG,25079,MILANO PORTA GARIBALDI,COMO S. GIOVANNI,COMO S. GIOVANNI,2.125,2.0,88,2023-01-01,2023-03-30,28,3,1,45.808946,9.072331,20:49,88,1
REG,25079,MILANO PORTA GARIBALDI,COMO S. GIOVANNI,CARIMATE,1.5909090909090908,1.0,88,2023-01-01,2023-03-30,15,4,3,45.697094,9.107188,21:08,88,2
REG,25079,MILANO PORTA GARIBALDI,COMO S. GIOVANNI,CAMNAGO-LENTATE,2.159090909090909,1.0,88,2023-01-01,2023-03-30,20,5,3,45.668425,9.133451,21:12,88,3
REG,25079,MILANO PORTA GARIBALDI,COMO S. GIOVANNI,SEREGNO,2.0568181818181817,1.0,88,2023-01-01,2023-03-30,19,7,3,45.64601,9.20285,21:18,88,4
REG,25079,MILANO PORTA GARIBALDI,COMO S. GIOVANNI,DESIO,1.8636363636363635,1.0,88,2023-01-01,2023-03-30,16,7,2,45.620112,9.218495,21:22,88,5
REG,25079,MILANO PORTA GARIBALDI,COMO S. GIOVANNI,LISSONE-MUGGIO`,1.8068181818181819,1.0,88,2023-01-01,2023-03-30,17,7,2,45.60592,9.235368,21:26,88,6
REG,25079,MILANO PORTA GARIBALDI,COMO S. GIOVANNI,MONZA,1.9431818181818181,1.0,88,2023-01-01,2023-03-30,22,8,2,45.577789,9.273253,21:31,88,7
REG,25079,MILANO PORTA GARIBALDI,COMO S. GIOVANNI,SESTO S. GIOVANNI,4.379310344827586,3.0,87,2023-01-01,2023-03-30,59,26,3,45.541087,9.23926,21:36,88,8
REG,25079,MILANO PORTA GARIBALDI,COMO S. GIOVANNI,MILANO GRECO PIRELLI,4.215909090909091,3.0,88,2023-01-01,2023-03-30,53,25,4,45.51272,9.214456,21:41,88,9
REG,25079,MILANO PORTA GARIBALDI,COMO S. GIOVANNI,MILANO PORTA GARIBALDI,1.2840909090909092,0.0,88,2023-01-01,2023-03-30,22,9,3,45.484917,9.187683,21:51,88,10
