train_class,train_number,train_arrival_stop_name,train_departure_stop_name,stop_name,avg_arrival_delay,median_arrival_delay,count_dates_stop,first_date,last_date,count_3m_delay,count_5m_delay,count_10m_delay,stop_lat,stop_lon,stop_time,count_dates_train,stop_number
REG,17010,VENEZIA SANTA LUCIA,ROVIGO,ROVIGO,2.2555555555555555,2.0,90,2023-01-01,2023-03-31,17,9,1,45.076993,11.780892,10:27,90,1
REG,17010,VENEZIA SANTA LUCIA,ROVIGO,STANGHELLA,3.1,2.0,90,2023-01-01,2023-03-31,42,13,2,45.13209,11.749094,10:33,90,2
REG,17010,VENEZIA SANTA LUCIA,ROVIGO,S.ELENA - ESTE,0.45555555555555555,0.0,90,2023-01-01,2023-03-31,12,5,1,45.199209,11.712883,10:40,90,3
REG,17010,VENEZIA SANTA LUCIA,ROVIGO,MONSELICE,-1.4555555555555555,-2.0,90,2023-01-01,2023-03-31,8,5,1,45.246116,11.74789,10:49,90,4
REG,17010,VENEZIA SANTA LUCIA,ROVIGO,BATTAGLIA TERME,6.52808988764045,7.0,89,2023-01-01,2023-03-31,66,59,29,45.291475,11.77838,10:54,90,5
REG,17010,VENEZIA SANTA LUCIA,ROVIGO,TERME EUGANEE-ABANO-MONTEGR.,0.044444444444444446,0.0,90,2023-01-01,2023-03-31,30,17,0,45.32744,11.79604,11:05,90,6
REG,17010,VENEZIA SANTA LUCIA,ROVIGO,ABANO TERME,3.9555555555555557,3.0,90,2023-01-01,2023-03-31,50,26,5,45.355199,11.811533,11:10,90,7
REG,17010,VENEZIA SANTA LUCIA,ROVIGO,PADOVA,1.3222222222222222,0.0,90,2023-01-01,2023-03-31,18,14,3,45.417846,11.880794,11:19,90,8
REG,17010,VENEZIA SANTA LUCIA,ROVIGO,DOLO,0.8111111111111111,0.0,90,2023-01-01,2023-03-31,8,7,5,45.453466,12.07161,11:39,90,9
REG,17010,VENEZIA SANTA LUCIA,ROVIGO,VENEZIA MESTRE,-2.7444444444444445,-4.0,90,2023-01-01,2023-03-31,5,5,1,45.482123,12.232069,11:56,90,10
REG,17010,VENEZIA SANTA LUCIA,ROVIGO,VENEZIA SANTA LUCIA,0.7222222222222222,0.0,90,2023-01-01,2023-03-31,13,7,3,45.441569,12.320882,12:09,90,11
