train_class,train_number,train_arrival_stop_name,train_departure_stop_name,stop_name,avg_arrival_delay,median_arrival_delay,count_dates_stop,first_date,last_date,count_3m_delay,count_5m_delay,count_10m_delay,stop_lat,stop_lon,stop_time,count_dates_train,stop_number
REG,12050,BUSALLA,GENOVA BRIGNOLE,GENOVA BRIGNOLE,2.65625,2.0,64,2023-01-02,2023-03-31,26,9,0,44.407213,8.947553,14:48,64,1
REG,12050,BUSALLA,GENOVA BRIGNOLE,GENOVA P.PRINCIPE,0.6875,0.0,64,2023-01-02,2023-03-31,13,2,0,44.417784,8.9207,14:54,64,2
REG,12050,BUSALLA,GENOVA BRIGNOLE,GENOVA SAMPIERDARENA,0.46875,-1.0,64,2023-01-02,2023-03-31,9,8,0,44.413102,8.887271,15:02,64,3
REG,12050,BUSALLA,GENOVA BRIGNOLE,GENOVA RIVAROLO,-1.203125,-2.0,64,2023-01-02,2023-03-31,6,2,0,44.435955,8.89106,15:09,64,4
REG,12050,BUSALLA,GENOVA BRIGNOLE,GENOVA BOLZANETO,0.765625,1.0,64,2023-01-02,2023-03-31,6,3,0,44.459208,8.900193,15:13,64,5
REG,12050,BUSALLA,GENOVA BRIGNOLE,GENOVA PONTEDECIMO,-0.859375,-1.0,64,2023-01-02,2023-03-31,3,0,0,44.494189,8.905642,15:21,64,6
REG,12050,BUSALLA,GENOVA BRIGNOLE,BUSALLA,-2.640625,-3.0,64,2023-01-02,2023-03-31,2,2,1,44.57558,8.943611,15:38,64,7
