train_class,train_number,train_arrival_stop_name,train_departure_stop_name,stop_name,avg_arrival_delay,median_arrival_delay,count_dates_stop,first_date,last_date,count_3m_delay,count_5m_delay,count_10m_delay,stop_lat,stop_lon,stop_time,count_dates_train,stop_number
REG,10966,VOGHERA,PIACENZA,PIACENZA,0.918918918918919,1.0,74,2023-01-02,2023-03-31,3,0,0,45.052238,9.70633,13:35,74,1
REG,10966,VOGHERA,PIACENZA,S.NICOLO',1.445945945945946,1.0,74,2023-01-02,2023-03-31,10,5,1,45.058843,9.606443,13:42,74,2
REG,10966,VOGHERA,PIACENZA,CASTEL S.GIOVANNI,2.972972972972973,1.0,74,2023-01-02,2023-03-31,26,13,2,45.063272,9.436856,13:57,74,3
REG,10966,VOGHERA,PIACENZA,ARENA PO,2.5945945945945947,1.0,74,2023-01-02,2023-03-31,23,13,2,45.082065,9.360394,14:03,74,4
REG,10966,VOGHERA,PIACENZA,STRADELLA,3.5675675675675675,2.0,74,2023-01-02,2023-03-31,30,18,3,45.079465,9.300865,14:08,74,5
REG,10966,VOGHERA,PIACENZA,BRONI,3.972972972972973,3.0,74,2023-01-02,2023-03-31,40,18,4,45.066263,9.258751,14:13,74,6
REG,10966,VOGHERA,PIACENZA,VOGHERA,3.5,2.0,74,2023-01-02,2023-03-31,31,17,6,44.9978,9.007942,14:34,74,7
