train_class,train_number,train_arrival_stop_name,train_departure_stop_name,stop_name,avg_arrival_delay,median_arrival_delay,count_dates_stop,first_date,last_date,count_3m_delay,count_5m_delay,count_10m_delay,stop_lat,stop_lon,stop_time,count_dates_train,stop_number
REG,4111,ROMA TERMINI,FIRENZE S.M.N.,FIRENZE S.M.N.,2.6666666666666665,1.0,87,2023-01-02,2023-03-31,18,13,3,43.776893,11.247373,19:14,87,1
REG,4111,ROMA TERMINI,FIRENZE S.M.N.,FIRENZE CAMPO MARTE,0.9885057471264368,-1.0,87,2023-01-02,2023-03-31,14,10,3,43.776856,11.27702,19:21,87,2
REG,4111,ROMA TERMINI,FIRENZE S.M.N.,FIGLINE VALDARNO,3.1627906976744184,1.0,86,2023-01-02,2023-03-31,30,20,8,43.621596,11.473652,19:39,87,3
REG,4111,ROMA TERMINI,FIRENZE S.M.N.,S.GIOVANNI VALDARNO,4.793103448275862,3.0,87,2023-01-02,2023-03-31,46,26,9,43.56601,11.527033,19:45,87,4
REG,4111,ROMA TERMINI,FIRENZE S.M.N.,MONTEVARCHI TERRANUOVA,3.8850574712643677,2.0,87,2023-01-02,2023-03-31,39,22,8,43.525165,11.563983,19:51,87,5
REG,4111,ROMA TERMINI,FIRENZE S.M.N.,AREZZO,3.9310344827586206,2.0,87,2023-01-02,2023-03-31,40,22,11,43.461725,11.874189,20:16,87,6
REG,4111,ROMA TERMINI,FIRENZE S.M.N.,CASTIGLION FIORENTINO,5.080459770114943,3.0,87,2023-01-02,2023-03-31,46,27,12,43.34075,11.914362,20:27,87,7
REG,4111,ROMA TERMINI,FIRENZE S.M.N.,CAMUCIA CORTONA,5.64367816091954,3.0,87,2023-01-02,2023-03-31,51,31,12,43.261104,11.971245,20:34,87,8
REG,4111,ROMA TERMINI,FIRENZE S.M.N.,TERONTOLA CORTONA,5.183908045977011,3.0,87,2023-01-02,2023-03-31,46,30,11,43.210263,12.007906,20:41,87,9
REG,4111,ROMA TERMINI,FIRENZE S.M.N.,CASTIGLION DEL LAGO,4.988505747126437,3.0,87,2023-01-02,2023-03-31,46,26,11,43.123195,12.032077,20:48,87,10
REG,4111,ROMA TERMINI,FIRENZE S.M.N.,CHIUSI C.T.,4.195402298850575,2.0,87,2023-01-02,2023-03-31,41,22,11,43.002466,11.957893,21:00,87,11
REG,4111,ROMA TERMINI,FIRENZE S.M.N.,FABRO-FICULLE,5.540229885057471,3.0,87,2023-01-02,2023-03-31,53,34,12,42.874851,12.04123,21:11,87,12
REG,4111,ROMA TERMINI,FIRENZE S.M.N.,ORVIETO,4.839080459770115,3.0,87,2023-01-02,2023-03-31,47,28,11,42.723379,12.127412,21:28,87,13
REG,4111,ROMA TERMINI,FIRENZE S.M.N.,ATTIGLIANO,1.0804597701149425,-2.0,87,2023-01-02,2023-03-31,15,12,8,42.518054,12.294761,21:55,87,14
REG,4111,ROMA TERMINI,FIRENZE S.M.N.,ORTE,0.8160919540229885,-1.0,87,2023-01-02,2023-03-31,13,11,7,42.43728,12.408986,22:09,87,15
REG,4111,ROMA TERMINI,FIRENZE S.M.N.,ROMA TIBURTINA,3.9634146341463414,2.0,82,2023-01-02,2023-03-31,32,19,11,41.910903,12.530749,22:43,87,16
REG,4111,ROMA TERMINI,FIRENZE S.M.N.,ROMA TERMINI,-2.67816091954023,-6.0,87,2023-01-02,2023-03-31,10,10,7,41.900636,12.502026,23:00,87,17
