train_class,train_number,train_arrival_stop_name,train_departure_stop_name,stop_name,avg_arrival_delay,median_arrival_delay,count_dates_stop,first_date,last_date,count_3m_delay,count_5m_delay,count_10m_delay,stop_lat,stop_lon,stop_time,count_dates_train,stop_number
AV,9329,PERUGIA,TORINO P.NUOVA,TORINO P.NUOVA,4.415584415584416,3.0,77,2023-01-01,2023-03-31,42,20,6,45.060969,7.67747,17:40,77,1
AV,9329,PERUGIA,TORINO P.NUOVA,TORINO PORTA SUSA,3.0259740259740258,1.0,77,2023-01-01,2023-03-31,29,20,7,45.075906,7.667673,17:48,77,2
AV,9329,PERUGIA,TORINO P.NUOVA,RHO FIERA MILANO,5.532467532467533,4.0,77,2023-01-01,2023-03-31,51,35,10,,,18:26,77,3
AV,9329,PERUGIA,TORINO P.NUOVA,MILANO PORTA GARIBALDI,2.038961038961039,1.0,77,2023-01-01,2023-03-31,24,15,7,45.484917,9.187683,18:45,77,4
AV,9329,PERUGIA,TORINO P.NUOVA,MILANO ROGOREDO,6.64935064935065,5.0,77,2023-01-01,2023-03-31,60,39,18,45.433866,9.2391,19:02,77,5
AV,9329,PERUGIA,TORINO P.NUOVA,REGGIO EMILIA AV,9.618421052631579,8.0,76,2023-01-01,2023-03-31,70,58,31,44.779886,10.744171,19:40,77,6
AV,9329,PERUGIA,TORINO P.NUOVA,BOLOGNA C.LE/AV,8.454545454545455,6.0,77,2023-01-01,2023-03-31,65,53,20,44.50626,11.342267,20:09,77,7
AV,9329,PERUGIA,TORINO P.NUOVA,FIRENZE S.M.N.,8.792207792207792,7.0,77,2023-01-01,2023-03-31,65,51,20,43.776893,11.247373,20:50,77,8
AV,9329,PERUGIA,TORINO P.NUOVA,AREZZO,10.194805194805195,8.0,77,2023-01-01,2023-03-31,65,58,29,43.461725,11.874189,21:31,77,9
AV,9329,PERUGIA,TORINO P.NUOVA,TERONTOLA CORTONA,9.64935064935065,7.0,77,2023-01-01,2023-03-31,64,53,28,43.210263,12.007906,21:52,77,10
AV,9329,PERUGIA,TORINO P.NUOVA,PERUGIA,1.4025974025974026,-1.0,77,2023-01-01,2023-03-31,21,13,7,43.103808,12.375567,22:30,77,11
