train_class,train_number,train_arrival_stop_name,train_departure_stop_name,stop_name,avg_arrival_delay,median_arrival_delay,count_dates_stop,first_date,last_date,count_3m_delay,count_5m_delay,count_10m_delay,stop_lat,stop_lon,stop_time,count_dates_train,stop_number
REG,19924,TERMOLI,FOGGIA,FOGGIA,2.4473684210526314,2.0,76,2023-01-02,2023-03-31,12,6,3,41.466,15.555816,20:50,76,1
REG,19924,TERMOLI,FOGGIA,SAN SEVERO,0.6710526315789473,-1.0,76,2023-01-02,2023-03-31,10,4,3,41.684512,15.392567,21:06,76,2
REG,19924,TERMOLI,FOGGIA,CHIEUTI SERRACAPRIOLA,6.631578947368421,4.0,76,2023-01-02,2023-03-31,54,36,7,41.921962,15.156645,21:28,76,3
REG,19924,TERMOLI,FOGGIA,CAMPOMARINO,7.828947368421052,5.0,76,2023-01-02,2023-03-31,65,47,12,41.957398,15.042416,21:35,76,4
REG,19924,TERMOLI,FOGGIA,TERMOLI,5.184210526315789,3.0,76,2023-01-02,2023-03-31,42,25,7,42.000623,14.992805,21:44,76,5
