train_class,train_number,train_arrival_stop_name,train_departure_stop_name,stop_name,avg_arrival_delay,median_arrival_delay,count_dates_stop,first_date,last_date,count_3m_delay,count_5m_delay,count_10m_delay,stop_lat,stop_lon,stop_time,count_dates_train,stop_number
REG,10033,MORTARA,MI.P.GENOVA,MI.P.GENOVA,3.697674418604651,2.0,86,2023-01-01,2023-03-31,28,17,7,45.453379,9.169303,09:42,86,1
REG,10033,MORTARA,MI.P.GENOVA,MILANO S. CRISTOFORO,1.5176470588235293,-1.0,85,2023-01-01,2023-03-31,18,11,6,45.442404,9.130258,09:48,86,2
REG,10033,MORTARA,MI.P.GENOVA,ALBAIRATE VERMEZZO,1.4767441860465116,-1.0,86,2023-01-01,2023-03-31,18,12,6,,,09:59,86,3
REG,10033,MORTARA,MI.P.GENOVA,ABBIATEGRASSO,4.376470588235295,3.0,85,2023-01-01,2023-03-31,44,28,10,45.400631,8.921305,10:04,86,4
REG,10033,MORTARA,MI.P.GENOVA,VIGEVANO,5.7176470588235295,4.0,85,2023-01-01,2023-03-31,55,36,13,45.312712,8.861977,10:13,86,5
REG,10033,MORTARA,MI.P.GENOVA,PARONA LOMELLINA,6.709302325581396,5.0,86,2023-01-01,2023-03-31,68,45,13,45.280107,8.780315,10:19,86,6
REG,10033,MORTARA,MI.P.GENOVA,MORTARA,6.488372093023256,4.0,86,2023-01-01,2023-03-31,64,41,12,45.252171,8.731639,10:27,86,7
