train_class,train_number,train_arrival_stop_name,train_departure_stop_name,stop_name,avg_arrival_delay,median_arrival_delay,count_dates_stop,first_date,last_date,count_3m_delay,count_5m_delay,count_10m_delay,stop_lat,stop_lon,stop_time,count_dates_train,stop_number
REG,23763,ASCOLI PICENO,S.BENEDETTO DEL TRONTO,S.BENEDETTO DEL TRONTO,2.2142857142857144,1.0,14,2023-01-01,2023-03-26,3,2,1,42.954386,13.882297,13:00,14,1
REG,23763,ASCOLI PICENO,S.BENEDETTO DEL TRONTO,PORTO D`ASCOLI,4.214285714285714,3.0,14,2023-01-01,2023-03-26,11,4,1,42.912792,13.896813,13:04,14,2
REG,23763,ASCOLI PICENO,S.BENEDETTO DEL TRONTO,OFFIDA CASTEL DI LAMA,1.5,1.0,14,2023-01-01,2023-03-26,3,2,1,42.862074,13.720285,13:24,14,3
REG,23763,ASCOLI PICENO,S.BENEDETTO DEL TRONTO,ASCOLI PICENO,-0.5714285714285714,-2.0,14,2023-01-01,2023-03-26,1,1,0,42.855474,13.587939,13:40,14,4
