train_class,train_number,train_arrival_stop_name,train_departure_stop_name,stop_name,avg_arrival_delay,median_arrival_delay,count_dates_stop,first_date,last_date,count_3m_delay,count_5m_delay,count_10m_delay,stop_lat,stop_lon,stop_time,count_dates_train,stop_number
REG,5410,PALERMO CENTRALE,AGRIGENTO CENTRALE,AGRIGENTO CENTRALE,1.5058823529411764,1.0,85,2023-01-01,2023-03-31,7,1,0,37.309051,13.584412,10:15,85,1
REG,5410,PALERMO CENTRALE,AGRIGENTO CENTRALE,AGRIGENTO BASSA,0.5294117647058824,1.0,85,2023-01-01,2023-03-31,4,0,0,37.319148,13.588094,10:19,85,2
REG,5410,PALERMO CENTRALE,AGRIGENTO CENTRALE,ARAGONA CALDARE,0.35294117647058826,1.0,85,2023-01-01,2023-03-31,7,2,1,37.381097,13.636837,10:31,85,3
REG,5410,PALERMO CENTRALE,AGRIGENTO CENTRALE,CAMPOFRANCO,2.611764705882353,2.0,85,2023-01-01,2023-03-31,39,13,1,37.510105,13.686777,10:44,85,4
REG,5410,PALERMO CENTRALE,AGRIGENTO CENTRALE,ACQUAVIVA,2.8,2.0,85,2023-01-01,2023-03-31,38,13,1,37.570258,13.674927,10:51,85,5
REG,5410,PALERMO CENTRALE,AGRIGENTO CENTRALE,CAMMARATA S.GIOVANNI GEMINI,3.1294117647058823,3.0,85,2023-01-01,2023-03-31,43,16,1,37.653759,13.673791,11:00,85,6
REG,5410,PALERMO CENTRALE,AGRIGENTO CENTRALE,ROCCAPALUMBA-ALIA,0.7294117647058823,0.0,85,2023-01-01,2023-03-31,18,6,1,37.793751,13.673628,11:16,85,7
REG,5410,PALERMO CENTRALE,AGRIGENTO CENTRALE,MONTEMAGGIORE,-0.2,-1.0,85,2023-01-01,2023-03-31,10,7,1,37.859037,13.693193,11:26,85,8
REG,5410,PALERMO CENTRALE,AGRIGENTO CENTRALE,TERMINI IMERESE,-0.6352941176470588,-2.0,85,2023-01-01,2023-03-31,8,5,1,37.980132,13.703631,11:48,85,9
REG,5410,PALERMO CENTRALE,AGRIGENTO CENTRALE,BAGHERIA,-2.152941176470588,-3.0,85,2023-01-01,2023-03-31,5,1,1,38.089905,13.507215,12:05,85,10
REG,5410,PALERMO CENTRALE,AGRIGENTO CENTRALE,PALERMO CENTRALE,-0.4235294117647059,-2.0,85,2023-01-01,2023-03-31,3,3,3,38.109187,13.367515,12:17,85,11
