train_class,train_number,train_arrival_stop_name,train_departure_stop_name,stop_name,avg_arrival_delay,median_arrival_delay,count_dates_stop,first_date,last_date,count_3m_delay,count_5m_delay,count_10m_delay,stop_lat,stop_lon,stop_time,count_dates_train,stop_number
REG,3977,BOLOGNA C.LE,VENEZIA SANTA LUCIA,VENEZIA SANTA LUCIA,1.3777777777777778,1.0,90,2023-01-01,2023-03-31,11,2,1,45.441569,12.320882,13:40,90,1
REG,3977,BOLOGNA C.LE,VENEZIA SANTA LUCIA,VENEZIA MESTRE,0.9555555555555556,0.0,90,2023-01-01,2023-03-31,8,3,1,45.482123,12.232069,13:50,90,2
REG,3977,BOLOGNA C.LE,VENEZIA SANTA LUCIA,PADOVA,2.3777777777777778,1.0,90,2023-01-01,2023-03-31,20,9,2,45.417846,11.880794,14:07,90,3
REG,3977,BOLOGNA C.LE,VENEZIA SANTA LUCIA,TERME EUGANEE-ABANO-MONTEGR.,1.711111111111111,1.0,90,2023-01-01,2023-03-31,19,11,2,45.32744,11.79604,14:17,90,4
REG,3977,BOLOGNA C.LE,VENEZIA SANTA LUCIA,MONSELICE,0.8764044943820225,0.0,89,2023-01-01,2023-03-31,15,5,1,45.246116,11.74789,14:25,90,5
REG,3977,BOLOGNA C.LE,VENEZIA SANTA LUCIA,ROVIGO,-2.6741573033707864,-4.0,89,2023-01-01,2023-03-31,5,4,3,45.076993,11.780892,14:42,90,6
REG,3977,BOLOGNA C.LE,VENEZIA SANTA LUCIA,FERRARA,-1.595505617977528,-3.0,89,2023-01-01,2023-03-31,4,4,4,44.843047,11.603594,15:03,90,7
REG,3977,BOLOGNA C.LE,VENEZIA SANTA LUCIA,S.PIETRO IN CASALE,2.8,1.0,90,2023-01-01,2023-03-31,20,9,5,44.697928,11.404763,15:17,90,8
REG,3977,BOLOGNA C.LE,VENEZIA SANTA LUCIA,BOLOGNA C.LE,-4.5777777777777775,-5.0,90,2023-01-01,2023-03-31,3,3,2,44.50626,11.342267,15:46,90,9
