train_class,train_number,train_arrival_stop_name,train_departure_stop_name,stop_name,avg_arrival_delay,median_arrival_delay,count_dates_stop,first_date,last_date,count_3m_delay,count_5m_delay,count_10m_delay,stop_lat,stop_lon,stop_time,count_dates_train,stop_number
REG,23712,POTENZA CENTRALE,TARANTO,TARANTO,1.6333333333333333,1.0,90,2023-01-01,2023-03-31,9,2,0,40.483727,17.224059,18:30,90,1
REG,23712,POTENZA CENTRALE,TARANTO,PALAGIANO CHIATONA,5.833333333333333,4.0,90,2023-01-01,2023-03-31,59,42,16,40.516998,17.059217,18:41,90,2
REG,23712,POTENZA CENTRALE,TARANTO,CASTELLANETA MARINA,5.488888888888889,3.0,90,2023-01-01,2023-03-31,54,39,17,40.481111,16.965434,18:48,90,3
REG,23712,POTENZA CENTRALE,TARANTO,GINOSA,5.588888888888889,3.0,90,2023-01-01,2023-03-31,51,37,18,40.429201,16.890968,18:55,90,4
REG,23712,POTENZA CENTRALE,TARANTO,METAPONTO,5.166666666666667,3.0,90,2023-01-01,2023-03-31,48,34,17,40.368496,16.815176,19:03,90,5
REG,23712,POTENZA CENTRALE,TARANTO,BERNALDA,5.777777777777778,4.0,90,2023-01-01,2023-03-31,59,34,19,40.397616,16.682281,19:13,90,6
REG,23712,POTENZA CENTRALE,TARANTO,PISTICCI,4.988888888888889,3.0,90,2023-01-01,2023-03-31,48,32,17,40.420848,16.552181,19:23,90,7
REG,23712,POTENZA CENTRALE,TARANTO,FERRANDINA,3.422222222222222,1.0,90,2023-01-01,2023-03-31,36,25,12,40.516566,16.475276,19:34,90,8
REG,23712,POTENZA CENTRALE,TARANTO,SALANDRA,6.455555555555556,5.0,90,2023-01-01,2023-03-31,71,51,18,40.583446,16.351564,19:45,90,9
REG,23712,POTENZA CENTRALE,TARANTO,GRASSANO,5.7,4.0,90,2023-01-01,2023-03-31,63,43,15,40.593317,16.241049,19:53,90,10
REG,23712,POTENZA CENTRALE,TARANTO,ALBANO DI LUCANIA,4.5777777777777775,3.0,90,2023-01-01,2023-03-31,47,30,9,40.574707,16.021247,20:14,90,11
REG,23712,POTENZA CENTRALE,TARANTO,TRIVIGNO,1.8444444444444446,0.0,90,2023-01-01,2023-03-31,28,18,6,40.588598,15.997824,20:21,90,12
REG,23712,POTENZA CENTRALE,TARANTO,POTENZA CENTRALE,-0.7888888888888889,-2.0,90,2023-01-01,2023-03-31,16,11,2,40.629469,15.806808,20:48,90,13
