train_class,train_number,train_arrival_stop_name,train_departure_stop_name,stop_name,avg_arrival_delay,median_arrival_delay,count_dates_stop,first_date,last_date,count_3m_delay,count_5m_delay,count_10m_delay,stop_lat,stop_lon,stop_time,count_dates_train,stop_number
REG,20763,MONTEROTONDO,CESANO DI ROMA,CESANO DI ROMA,1.2666666666666666,1.0,60,2023-01-09,2023-03-31,1,0,0,42.061833,12.326669,15:45,60,1
REG,20763,MONTEROTONDO,CESANO DI ROMA,OLGIATA,2.6666666666666665,3.0,60,2023-01-09,2023-03-31,34,1,0,42.01538,12.363864,15:51,60,2
REG,20763,MONTEROTONDO,CESANO DI ROMA,LA STORTA,1.6333333333333333,2.0,60,2023-01-09,2023-03-31,7,0,0,42.001748,12.381254,15:54,60,3
REG,20763,MONTEROTONDO,CESANO DI ROMA,LA GIUSTINIANA,2.216666666666667,2.0,60,2023-01-09,2023-03-31,20,1,0,41.985243,12.403457,15:58,60,4
REG,20763,MONTEROTONDO,CESANO DI ROMA,IPOGEO DEGLI OTTAVI,2.55,2.0,60,2023-01-09,2023-03-31,26,1,0,41.968391,12.409026,16:01,60,5
REG,20763,MONTEROTONDO,CESANO DI ROMA,OTTAVIA,1.7833333333333334,2.0,60,2023-01-09,2023-03-31,14,0,0,,,16:04,60,6
REG,20763,MONTEROTONDO,CESANO DI ROMA,ROMA S.FILIPPO NERI,1.2333333333333334,1.0,60,2023-01-09,2023-03-31,12,0,0,41.950262,12.412414,16:07,60,7
REG,20763,MONTEROTONDO,CESANO DI ROMA,ROMA MONTE MARIO,0.9333333333333333,0.0,60,2023-01-09,2023-03-31,6,1,1,41.939088,12.421732,16:10,60,8
REG,20763,MONTEROTONDO,CESANO DI ROMA,GEMELLI,2.1166666666666667,2.0,60,2023-01-09,2023-03-31,19,1,1,41.927813,12.427797,16:13,60,9
REG,20763,MONTEROTONDO,CESANO DI ROMA,ROMA BALDUINA,2.45,2.0,60,2023-01-09,2023-03-31,24,3,1,,,16:16,60,10
REG,20763,MONTEROTONDO,CESANO DI ROMA,APPIANO,2.3333333333333335,2.0,60,2023-01-09,2023-03-31,22,3,1,41.909342,12.43838,16:18,60,11
REG,20763,MONTEROTONDO,CESANO DI ROMA,VALLE AURELIA,3.7457627118644066,3.0,59,2023-01-09,2023-03-31,49,8,1,41.899356,12.447667,16:21,60,12
REG,20763,MONTEROTONDO,CESANO DI ROMA,ROMA S.PIETRO,0.9666666666666667,1.0,60,2023-01-09,2023-03-31,6,2,1,41.896143,12.454497,16:25,60,13
REG,20763,MONTEROTONDO,CESANO DI ROMA,QUATTRO VENTI,1.7966101694915255,1.0,59,2023-01-09,2023-03-31,11,4,1,41.880145,12.459731,16:29,60,14
REG,20763,MONTEROTONDO,CESANO DI ROMA,ROMA TRASTEVERE,3.8135593220338984,3.0,59,2023-01-09,2023-03-31,34,7,2,41.872279,12.466162,16:32,60,15
REG,20763,MONTEROTONDO,CESANO DI ROMA,ROMA OSTIENSE,2.033333333333333,1.0,60,2023-01-09,2023-03-31,12,5,2,41.87265,12.483917,16:36,60,16
REG,20763,MONTEROTONDO,CESANO DI ROMA,ROMA TUSCOLANA,3.1666666666666665,1.0,54,2023-01-09,2023-03-31,16,12,6,41.879384,12.523505,16:43,60,17
REG,20763,MONTEROTONDO,CESANO DI ROMA,ROMA TIBURTINA,0.9259259259259259,-1.0,54,2023-01-09,2023-03-31,10,7,3,41.910903,12.530749,16:52,60,18
REG,20763,MONTEROTONDO,CESANO DI ROMA,ROMA NOMENTANA L.L.,3.316666666666667,1.0,60,2023-01-09,2023-03-31,18,10,4,41.932935,12.523628,16:57,60,19
REG,20763,MONTEROTONDO,CESANO DI ROMA,NUOVO SALARIO,4.933333333333334,3.0,60,2023-01-09,2023-03-31,42,17,5,41.956195,12.510317,17:02,60,20
REG,20763,MONTEROTONDO,CESANO DI ROMA,FIDENE,3.033333333333333,1.0,60,2023-01-09,2023-03-31,18,10,4,41.979773,12.508451,17:06,60,21
REG,20763,MONTEROTONDO,CESANO DI ROMA,SETTE BAGNI,2.8333333333333335,1.0,60,2023-01-09,2023-03-31,15,10,4,42.006438,12.520156,17:11,60,22
REG,20763,MONTEROTONDO,CESANO DI ROMA,MONTEROTONDO,2.1333333333333333,1.0,60,2023-01-09,2023-03-31,12,5,4,42.06409,12.595753,17:21,60,23
