train_class,train_number,train_arrival_stop_name,train_departure_stop_name,stop_name,avg_arrival_delay,median_arrival_delay,count_dates_stop,first_date,last_date,count_3m_delay,count_5m_delay,count_10m_delay,stop_lat,stop_lon,stop_time,count_dates_train,stop_number
ICN,1955,SIRACUSA,ROMA TERMINI,VILLA SAN GIOVANNI,7.985294117647059,4.0,68,2023-01-02,2023-03-30,38,31,24,38.216638,15.634336,03:30,68,1
ICN,1955,SIRACUSA,ROMA TERMINI,MESSINA CENTRALE,10.029411764705882,3.0,68,2023-01-02,2023-03-30,35,32,24,38.184975,15.561278,05:15,68,2
ICN,1955,SIRACUSA,ROMA TERMINI,TAORMINA,-1.338235294117647,-4.0,68,2023-01-02,2023-03-30,15,14,9,37.845429,15.282584,06:47,68,3
ICN,1955,SIRACUSA,ROMA TERMINI,GIARRE RIPOSTO,-3.0454545454545454,-2.0,66,2023-01-02,2023-03-30,13,12,11,37.730346,15.193386,07:12,68,4
ICN,1955,SIRACUSA,ROMA TERMINI,ACIREALE,-4.867647058823529,-5.0,68,2023-01-02,2023-03-30,13,12,8,37.600514,15.163697,07:26,68,5
ICN,1955,SIRACUSA,ROMA TERMINI,CATANIA CENTRALE,-5.220588235294118,-6.0,68,2023-01-02,2023-03-30,12,11,8,37.506211,15.099417,07:40,68,6
ICN,1955,SIRACUSA,ROMA TERMINI,LENTINI,0.39705882352941174,-1.0,68,2023-01-02,2023-03-30,19,17,15,37.300916,14.99758,08:13,68,7
ICN,1955,SIRACUSA,ROMA TERMINI,AUGUSTA,2.6176470588235294,0.0,68,2023-01-02,2023-03-30,28,24,15,37.24334,15.218628,08:36,68,8
ICN,1955,SIRACUSA,ROMA TERMINI,SIRACUSA,1.25,-2.0,68,2023-01-02,2023-03-30,25,20,14,37.068906,15.280896,09:01,68,9
ICN,1955,SIRACUSA,ROMA TERMINI,ROMA TERMINI,7.632352941176471,1.0,68,2023-01-02,2023-03-30,29,22,17,41.900636,12.502026,20:31,68,10
ICN,1955,SIRACUSA,ROMA TERMINI,LATINA,6.1911764705882355,-1.0,68,2023-01-02,2023-03-30,29,25,18,41.538372,12.945888,21:05,68,11
ICN,1955,SIRACUSA,ROMA TERMINI,FORMIA-GAETA,8.338235294117647,1.0,68,2023-01-02,2023-03-30,32,24,21,41.258773,13.605996,21:42,68,12
ICN,1955,SIRACUSA,ROMA TERMINI,NAPOLI CENTRALE,0.19402985074626866,-4.0,67,2023-01-02,2023-03-30,15,10,8,40.852933,14.272908,22:50,68,13
ICN,1955,SIRACUSA,ROMA TERMINI,SALERNO,-3.411764705882353,-9.0,68,2023-01-02,2023-03-30,9,8,7,40.675137,14.772822,23:46,68,14
