train_class,train_number,train_arrival_stop_name,train_departure_stop_name,stop_name,avg_arrival_delay,median_arrival_delay,count_dates_stop,first_date,last_date,count_3m_delay,count_5m_delay,count_10m_delay,stop_lat,stop_lon,stop_time,count_dates_train,stop_number
REG,12976,TAORMINA,CATANIA CENTRALE,CATANIA CENTRALE,1.9365079365079365,2.0,63,2023-01-02,2023-03-31,9,3,1,37.506211,15.099417,12:21,63,1
REG,12976,TAORMINA,CATANIA CENTRALE,ACIREALE,0.3103448275862069,0.0,58,2023-01-02,2023-03-31,2,1,1,37.600514,15.163697,12:39,63,2
REG,12976,TAORMINA,CATANIA CENTRALE,GIARRE RIPOSTO,0.03225806451612903,-1.0,62,2023-01-02,2023-03-31,3,1,0,37.730346,15.193386,12:54,63,3
REG,12976,TAORMINA,CATANIA CENTRALE,FIUMEFREDDO DI SICILIA,-0.20634920634920634,-1.0,63,2023-01-02,2023-03-31,2,0,0,37.795247,15.205615,13:04,63,4
REG,12976,TAORMINA,CATANIA CENTRALE,CALATABIANO,1.8412698412698412,1.0,63,2023-01-02,2023-03-31,13,2,1,37.814684,15.226568,13:09,63,5
REG,12976,TAORMINA,CATANIA CENTRALE,ALCANTARA,-0.07936507936507936,-1.0,63,2023-01-02,2023-03-31,3,1,1,37.82145,15.251158,13:13,63,6
REG,12976,TAORMINA,CATANIA CENTRALE,TAORMINA,-0.38095238095238093,-1.0,63,2023-01-02,2023-03-31,4,1,1,37.845429,15.282584,13:24,63,7
