train_class,train_number,train_arrival_stop_name,train_departure_stop_name,stop_name,avg_arrival_delay,median_arrival_delay,count_dates_stop,first_date,last_date,count_3m_delay,count_5m_delay,count_10m_delay,stop_lat,stop_lon,stop_time,count_dates_train,stop_number
REG,3965,BOLOGNA C.LE,VENEZIA SANTA LUCIA,VENEZIA SANTA LUCIA,1.2045454545454546,1.0,88,2023-01-01,2023-03-31,15,0,0,45.441569,12.320882,07:40,88,1
REG,3965,BOLOGNA C.LE,VENEZIA SANTA LUCIA,VENEZIA MESTRE,0.3068181818181818,0.0,88,2023-01-01,2023-03-31,8,3,0,45.482123,12.232069,07:50,88,2
REG,3965,BOLOGNA C.LE,VENEZIA SANTA LUCIA,PADOVA,2.8636363636363638,3.0,88,2023-01-01,2023-03-31,46,17,1,45.417846,11.880794,08:07,88,3
REG,3965,BOLOGNA C.LE,VENEZIA SANTA LUCIA,TERME EUGANEE-ABANO-MONTEGR.,2.1704545454545454,2.0,88,2023-01-01,2023-03-31,35,12,0,45.32744,11.79604,08:17,88,4
REG,3965,BOLOGNA C.LE,VENEZIA SANTA LUCIA,MONSELICE,1.1590909090909092,1.0,88,2023-01-01,2023-03-31,23,9,0,45.246116,11.74789,08:25,88,5
REG,3965,BOLOGNA C.LE,VENEZIA SANTA LUCIA,ROVIGO,-2.784090909090909,-4.0,88,2023-01-01,2023-03-31,4,3,0,45.076993,11.780892,08:42,88,6
REG,3965,BOLOGNA C.LE,VENEZIA SANTA LUCIA,FERRARA,-2.1136363636363638,-3.0,88,2023-01-01,2023-03-31,3,2,1,44.843047,11.603594,09:03,88,7
REG,3965,BOLOGNA C.LE,VENEZIA SANTA LUCIA,S.PIETRO IN CASALE,2.0681818181818183,1.0,88,2023-01-01,2023-03-31,13,4,2,44.697928,11.404763,09:17,88,8
REG,3965,BOLOGNA C.LE,VENEZIA SANTA LUCIA,BOLOGNA C.LE,-5.636363636363637,-6.0,88,2023-01-01,2023-03-31,2,2,2,44.50626,11.342267,09:46,88,9
