train_class,train_number,train_arrival_stop_name,train_departure_stop_name,stop_name,avg_arrival_delay,median_arrival_delay,count_dates_stop,first_date,last_date,count_3m_delay,count_5m_delay,count_10m_delay,stop_lat,stop_lon,stop_time,count_dates_train,stop_number
REG,18686,PISTOIA,FIRENZE S.M.N.,FIRENZE S.M.N.,1.5466666666666666,1.0,75,2023-01-02,2023-03-31,8,1,0,43.776893,11.247373,18:47,75,1
REG,18686,PISTOIA,FIRENZE S.M.N.,FIRENZE RIFREDI,1.9466666666666668,2.0,75,2023-01-02,2023-03-31,21,5,0,43.800873,11.235729,18:52,75,2
REG,18686,PISTOIA,FIRENZE S.M.N.,FIRENZE CASTELLO,2.1333333333333333,2.0,75,2023-01-02,2023-03-31,27,11,0,43.819444,11.21838,18:56,75,3
REG,18686,PISTOIA,FIRENZE S.M.N.,ZAMBRA,1.6,1.0,75,2023-01-02,2023-03-31,19,8,0,43.825856,11.206206,18:59,75,4
REG,18686,PISTOIA,FIRENZE S.M.N.,PRATO CENTRALE,0.6266666666666667,1.0,75,2023-01-02,2023-03-31,7,1,0,43.878737,11.109252,19:17,75,5
REG,18686,PISTOIA,FIRENZE S.M.N.,PISTOIA,0.0,-1.0,75,2023-01-02,2023-03-31,9,1,1,43.926804,10.914624,19:38,75,6
