train_class,train_number,train_arrival_stop_name,train_departure_stop_name,stop_name,avg_arrival_delay,median_arrival_delay,count_dates_stop,first_date,last_date,count_3m_delay,count_5m_delay,count_10m_delay,stop_lat,stop_lon,stop_time,count_dates_train,stop_number
REG,20195,CASSINO,AVEZZANO,AVEZZANO,1.4242424242424243,1.0,66,2023-01-02,2023-03-31,8,1,0,42.039495,13.426446,13:59,66,1
REG,20195,CASSINO,AVEZZANO,CAPISTRELLO,2.526315789473684,2.0,57,2023-01-02,2023-03-31,26,4,0,41.97051,13.399276,14:06,66,2
REG,20195,CASSINO,AVEZZANO,CIVITELLA ROVETO,2.7962962962962963,2.0,54,2023-01-02,2023-03-31,27,9,0,41.916419,13.424882,14:26,66,3
REG,20195,CASSINO,AVEZZANO,CIVITA D`ANTINO-MORINO,3.3962264150943398,3.0,53,2023-01-12,2023-03-31,33,11,1,41.870632,13.458868,14:34,66,4
REG,20195,CASSINO,AVEZZANO,BALSORANO,3.576923076923077,3.0,52,2023-01-02,2023-03-31,27,15,1,41.809427,13.556546,14:51,66,5
REG,20195,CASSINO,AVEZZANO,SORA,4.018867924528302,2.0,53,2023-01-12,2023-03-31,25,16,4,41.716618,13.618601,15:09,66,6
REG,20195,CASSINO,AVEZZANO,ARPINO,4.3584905660377355,3.0,53,2023-01-02,2023-03-31,27,17,4,41.648296,13.59959,15:24,66,7
REG,20195,CASSINO,AVEZZANO,ARCE,2.5,1.0,56,2023-01-11,2023-03-31,19,11,5,41.583695,13.571848,15:41,66,8
REG,20195,CASSINO,AVEZZANO,ROCCASECCA,-1.5,-2.0,66,2023-01-02,2023-03-31,9,5,3,41.526377,13.645814,15:55,66,9
REG,20195,CASSINO,AVEZZANO,PIEDIMONTE-V.S.L.-AQUINO,1.5151515151515151,1.0,66,2023-01-02,2023-03-31,12,5,4,,,16:04,66,10
REG,20195,CASSINO,AVEZZANO,CASSINO,0.6363636363636364,0.0,66,2023-01-02,2023-03-31,10,6,1,41.484306,13.832125,16:13,66,11
