train_class,train_number,train_arrival_stop_name,train_departure_stop_name,stop_name,avg_arrival_delay,median_arrival_delay,count_dates_stop,first_date,last_date,count_3m_delay,count_5m_delay,count_10m_delay,stop_lat,stop_lon,stop_time,count_dates_train,stop_number
REG,18977,BORGO S. LORENZO,FIRENZE S.M.N.,FIRENZE S.M.N.,3.7142857142857144,1.0,14,2023-01-01,2023-03-26,6,4,1,43.776893,11.247373,19:55,14,1
REG,18977,BORGO S. LORENZO,FIRENZE S.M.N.,FIRENZE CAMPO MARTE,3.9285714285714284,2.0,14,2023-01-01,2023-03-26,7,4,1,43.776856,11.27702,20:00,14,2
REG,18977,BORGO S. LORENZO,FIRENZE S.M.N.,PONTASSIEVE,1.5714285714285714,0.0,14,2023-01-01,2023-03-26,3,1,1,43.773949,11.437904,20:18,14,3
REG,18977,BORGO S. LORENZO,FIRENZE S.M.N.,RUFINA,3.0714285714285716,3.0,14,2023-01-01,2023-03-26,9,2,1,43.822236,11.485072,20:28,14,4
REG,18977,BORGO S. LORENZO,FIRENZE S.M.N.,SCOPETI,4.357142857142857,4.0,14,2023-01-01,2023-03-26,11,3,2,43.841117,11.497001,20:33,14,5
REG,18977,BORGO S. LORENZO,FIRENZE S.M.N.,CONTEA LONDA,3.357142857142857,3.0,14,2023-01-01,2023-03-26,8,2,1,43.865124,11.531603,20:39,14,6
REG,18977,BORGO S. LORENZO,FIRENZE S.M.N.,DICOMANO,4.285714285714286,4.0,14,2023-01-01,2023-03-26,12,6,0,43.893489,11.519148,20:45,14,7
REG,18977,BORGO S. LORENZO,FIRENZE S.M.N.,VICCHIO,3.7142857142857144,4.0,14,2023-01-01,2023-03-26,10,4,0,43.933463,11.457634,20:56,14,8
REG,18977,BORGO S. LORENZO,FIRENZE S.M.N.,BORGO S.L.RIMORELLI,6.857142857142857,7.0,14,2023-01-01,2023-03-26,14,12,1,43.953279,11.400076,21:02,14,9
REG,18977,BORGO S. LORENZO,FIRENZE S.M.N.,BORGO S. LORENZO,0.8571428571428571,1.0,14,2023-01-01,2023-03-26,2,1,0,43.959822,11.380422,21:10,14,10
