train_class,train_number,train_arrival_stop_name,train_departure_stop_name,stop_name,avg_arrival_delay,median_arrival_delay,count_dates_stop,first_date,last_date,count_3m_delay,count_5m_delay,count_10m_delay,stop_lat,stop_lon,stop_time,count_dates_train,stop_number
REG,16745,PADOVA,BELLUNO,BELLUNO,1.673913043478261,1.0,46,2023-01-02,2023-02-25,5,2,0,46.141594,12.209703,08:34,46,1
REG,16745,PADOVA,BELLUNO,SEDICO BRIBANO,0.2826086956521739,0.0,46,2023-01-02,2023-02-25,3,1,0,46.095424,12.086508,08:45,46,2
REG,16745,PADOVA,BELLUNO,S.GIUSTINA CESIO,0.10869565217391304,0.0,46,2023-01-02,2023-02-25,2,1,0,46.077655,12.04294,08:51,46,3
REG,16745,PADOVA,BELLUNO,FELTRE,-1.0217391304347827,-1.0,46,2023-01-02,2023-02-25,3,2,0,46.012884,11.911493,09:11,46,4
REG,16745,PADOVA,BELLUNO,ALANO FENER VALDOBBIADENE,0.2608695652173913,-1.0,46,2023-01-02,2023-02-25,6,2,1,45.90229,11.944546,09:27,46,5
REG,16745,PADOVA,BELLUNO,CORNUDA,1.565217391304348,1.0,46,2023-01-02,2023-02-25,9,3,1,45.833846,12.012886,09:36,46,6
REG,16745,PADOVA,BELLUNO,MONTEBELLUNA,1.4130434782608696,1.0,46,2023-01-02,2023-02-25,11,4,0,45.776434,12.054,09:45,46,7
REG,16745,PADOVA,BELLUNO,CASTELFRANCO VENETO,4.804347826086956,4.0,46,2023-01-02,2023-02-25,45,22,1,45.666439,11.934315,09:57,46,8
REG,16745,PADOVA,BELLUNO,CAMPOSAMPIERO,4.891304347826087,5.0,46,2023-01-02,2023-02-25,44,24,2,45.568922,11.928293,10:08,46,9
REG,16745,PADOVA,BELLUNO,PADOVA,-4.108695652173913,-4.0,46,2023-01-02,2023-02-25,1,0,0,45.417846,11.880794,10:33,46,10
