train_class,train_number,train_arrival_stop_name,train_departure_stop_name,stop_name,avg_arrival_delay,median_arrival_delay,count_dates_stop,first_date,last_date,count_3m_delay,count_5m_delay,count_10m_delay,stop_lat,stop_lon,stop_time,count_dates_train,stop_number
REG,17448,BOLOGNA C.LE,RIMINI,RIMINI,2.218390804597701,1.0,87,2023-01-01,2023-03-31,17,9,1,44.064176,12.574093,07:30,87,1
REG,17448,BOLOGNA C.LE,RIMINI,SANTARCANGELO DI ROMAGNA,0.3448275862068966,-1.0,87,2023-01-01,2023-03-31,11,6,2,44.070316,12.45454,07:37,87,2
REG,17448,BOLOGNA C.LE,RIMINI,SAVIGNANO SUL RUBICONE,2.2528735632183907,1.0,87,2023-01-01,2023-03-31,12,8,3,44.095191,12.40421,07:43,87,3
REG,17448,BOLOGNA C.LE,RIMINI,GAMBETTOLA,1.1149425287356323,0.0,87,2023-01-01,2023-03-31,11,7,2,44.116718,12.327555,07:49,87,4
REG,17448,BOLOGNA C.LE,RIMINI,CESENA,1.0114942528735633,0.0,87,2023-01-01,2023-03-31,11,8,1,44.145449,12.24964,07:55,87,5
REG,17448,BOLOGNA C.LE,RIMINI,FORLIMPOPOLI,2.1149425287356323,1.0,87,2023-01-01,2023-03-31,20,10,1,44.194165,12.128125,08:04,87,6
REG,17448,BOLOGNA C.LE,RIMINI,FORLI`,-0.3793103448275862,-1.0,87,2023-01-01,2023-03-31,10,4,1,44.22413,12.054871,08:11,87,7
REG,17448,BOLOGNA C.LE,RIMINI,FAENZA,0.2413793103448276,-1.0,87,2023-01-01,2023-03-31,7,5,2,44.293594,11.883268,08:22,87,8
REG,17448,BOLOGNA C.LE,RIMINI,CASTELBOLOGNESE,-0.034482758620689655,-1.0,87,2023-01-01,2023-03-31,11,3,2,44.325391,11.804174,08:30,87,9
REG,17448,BOLOGNA C.LE,RIMINI,IMOLA,2.7241379310344827,2.0,87,2023-01-01,2023-03-31,32,15,4,44.359418,11.718723,08:36,87,10
REG,17448,BOLOGNA C.LE,RIMINI,CASTEL S.PIETRO TERME,2.1954022988505746,1.0,87,2023-01-01,2023-03-31,28,12,4,44.407376,11.597681,08:44,87,11
REG,17448,BOLOGNA C.LE,RIMINI,BOLOGNA C.LE,1.7701149425287357,1.0,87,2023-01-01,2023-03-31,28,13,4,44.50626,11.342267,09:05,87,12
