train_class,train_number,train_arrival_stop_name,train_departure_stop_name,stop_name,avg_arrival_delay,median_arrival_delay,count_dates_stop,first_date,last_date,count_3m_delay,count_5m_delay,count_10m_delay,stop_lat,stop_lon,stop_time,count_dates_train,stop_number
FR,9610,MILANO CENTRALE,ROMA TERMINI,ROMA TERMINI,0.4318181818181818,0.0,88,2023-01-02,2023-03-31,5,4,0,41.900636,12.502026,07:20,88,1
FR,9610,MILANO CENTRALE,ROMA TERMINI,BOLOGNA C.LE/AV,4.545454545454546,4.0,88,2023-01-02,2023-03-31,51,38,12,44.506813,11.342622,09:23,88,2
FR,9610,MILANO CENTRALE,ROMA TERMINI,MILANO ROGOREDO,6.693181818181818,4.0,88,2023-01-02,2023-03-31,55,37,17,45.433866,9.2391,10:20,88,3
FR,9610,MILANO CENTRALE,ROMA TERMINI,MILANO CENTRALE,3.1818181818181817,0.0,88,2023-01-02,2023-03-31,26,18,12,45.486347,9.204528,10:35,88,4
