train_class,train_number,train_arrival_stop_name,train_departure_stop_name,stop_name,avg_arrival_delay,median_arrival_delay,count_dates_stop,first_date,last_date,count_3m_delay,count_5m_delay,count_10m_delay,stop_lat,stop_lon,stop_time,count_dates_train,stop_number
REG,19885,POTENZA CENTRALE,MELFI,MELFI,1.9054054054054055,1.0,74,2023-01-02,2023-03-31,6,4,3,40.989871,15.646895,08:59,74,1
REG,19885,POTENZA CENTRALE,MELFI,BARILE,1.9054054054054055,1.0,74,2023-01-02,2023-03-31,6,4,3,40.943044,15.670959,09:07,74,2
REG,19885,POTENZA CENTRALE,MELFI,RIONERO ATELLA RIPACANDITA,0.6891891891891891,0.0,74,2023-01-02,2023-03-31,5,4,2,40.922066,15.678699,09:11,74,3
REG,19885,POTENZA CENTRALE,MELFI,FORENZA,1.864864864864865,1.0,74,2023-01-02,2023-03-31,9,5,2,40.866839,15.725331,09:21,74,4
REG,19885,POTENZA CENTRALE,MELFI,CASTEL LAGOPESOLE,3.918918918918919,3.0,74,2023-01-02,2023-03-31,56,22,2,40.787682,15.758093,09:35,74,5
REG,19885,POTENZA CENTRALE,MELFI,POSSIDENTE,4.216216216216216,4.0,74,2023-01-02,2023-03-31,55,25,2,40.781144,15.777104,09:39,74,6
REG,19885,POTENZA CENTRALE,MELFI,PIETRAGALLA,4.216216216216216,4.0,74,2023-01-02,2023-03-31,55,25,2,40.753314,15.79211,09:44,74,7
REG,19885,POTENZA CENTRALE,MELFI,AVIGLIANO LUCANIA,2.135135135135135,2.0,74,2023-01-02,2023-03-31,25,11,2,40.714667,15.785619,09:50,74,8
REG,19885,POTENZA CENTRALE,MELFI,POTENZA MACCHIA ROMANA,1.5945945945945945,1.0,74,2023-01-02,2023-03-31,12,10,2,,,10:00,74,9
REG,19885,POTENZA CENTRALE,MELFI,POTENZA SUPERIORE,1.8918918918918919,1.0,74,2023-01-02,2023-03-31,16,12,3,40.64586,15.800966,10:03,74,10
REG,19885,POTENZA CENTRALE,MELFI,POTENZA CENTRALE,-1.0,-2.0,74,2023-01-02,2023-03-31,6,4,1,40.629469,15.806808,10:13,74,11
