train_class,train_number,train_arrival_stop_name,train_departure_stop_name,stop_name,avg_arrival_delay,median_arrival_delay,count_dates_stop,first_date,last_date,count_3m_delay,count_5m_delay,count_10m_delay,stop_lat,stop_lon,stop_time,count_dates_train,stop_number
REG,5705,ARECHI,SALERNO,SALERNO,1.640625,1.0,64,2023-01-02,2023-03-30,7,0,0,40.675137,14.772822,07:00,64,1
REG,5705,ARECHI,SALERNO,TORRIONE,1.640625,1.0,64,2023-01-02,2023-03-30,7,0,0,,,07:04,64,2
REG,5705,ARECHI,SALERNO,PASTENA,1.640625,1.0,64,2023-01-02,2023-03-30,7,0,0,,,07:07,64,3
REG,5705,ARECHI,SALERNO,MERCATELLO,0.09375,0.0,64,2023-01-02,2023-03-30,1,0,0,40.606491,15.38979,07:10,64,4
REG,5705,ARECHI,SALERNO,ARECHI,0.015625,0.0,64,2023-01-02,2023-03-30,0,0,0,,,07:19,64,5
