train_class,train_number,train_arrival_stop_name,train_departure_stop_name,stop_name,avg_arrival_delay,median_arrival_delay,count_dates_stop,first_date,last_date,count_3m_delay,count_5m_delay,count_10m_delay,stop_lat,stop_lon,stop_time,count_dates_train,stop_number
FR,8828,VENEZIA SANTA LUCIA,LECCE,LECCE,1.6049382716049383,2.0,81,2023-01-01,2023-03-31,5,0,0,40.34566,18.165724,12:57,81,1
FR,8828,VENEZIA SANTA LUCIA,LECCE,BRINDISI,-2.6790123456790123,-3.0,81,2023-01-01,2023-03-31,1,0,0,40.634339,17.938978,13:18,81,2
FR,8828,VENEZIA SANTA LUCIA,LECCE,BARI CENTRALE,-5.493827160493828,-5.0,81,2023-01-01,2023-03-31,4,3,1,41.11774,16.869601,14:26,81,3
FR,8828,VENEZIA SANTA LUCIA,LECCE,BARLETTA,-1.5802469135802468,-2.0,81,2023-01-01,2023-03-31,7,4,2,41.315227,16.278867,15:04,81,4
FR,8828,VENEZIA SANTA LUCIA,LECCE,FOGGIA,2.3209876543209877,1.0,81,2023-01-01,2023-03-31,19,11,5,41.466,15.555816,15:33,81,5
FR,8828,VENEZIA SANTA LUCIA,LECCE,TERMOLI,1.3580246913580247,0.0,81,2023-01-01,2023-03-31,26,16,5,42.000623,14.992805,16:18,81,6
FR,8828,VENEZIA SANTA LUCIA,LECCE,PESCARA,5.938271604938271,4.0,81,2023-01-01,2023-03-31,54,37,13,42.467789,14.205066,17:07,81,7
FR,8828,VENEZIA SANTA LUCIA,LECCE,ANCONA,1.6419753086419753,-2.0,81,2023-01-01,2023-03-31,17,14,10,43.607734,13.497665,18:22,81,8
FR,8828,VENEZIA SANTA LUCIA,LECCE,PESARO,5.2592592592592595,2.0,81,2023-01-01,2023-03-31,25,18,10,43.906014,12.904848,18:50,81,9
FR,8828,VENEZIA SANTA LUCIA,LECCE,RIMINI,0.6296296296296297,-4.0,81,2023-01-01,2023-03-31,16,13,8,44.064176,12.574093,19:13,81,10
FR,8828,VENEZIA SANTA LUCIA,LECCE,BOLOGNA C.LE,2.4444444444444446,1.0,81,2023-01-01,2023-03-31,24,18,7,44.50626,11.342267,20:15,81,11
FR,8828,VENEZIA SANTA LUCIA,LECCE,FERRARA,10.275,6.0,80,2023-01-01,2023-03-31,69,51,26,44.843047,11.603594,20:40,81,12
FR,8828,VENEZIA SANTA LUCIA,LECCE,ROVIGO,3.975,1.0,80,2023-01-01,2023-03-31,37,22,11,45.076993,11.780892,21:06,81,13
FR,8828,VENEZIA SANTA LUCIA,LECCE,PADOVA,-0.08641975308641975,-4.0,81,2023-01-01,2023-03-31,19,15,11,45.417846,11.880794,21:38,81,14
FR,8828,VENEZIA SANTA LUCIA,LECCE,VENEZIA MESTRE,3.432098765432099,-1.0,81,2023-01-01,2023-03-31,19,16,9,45.482123,12.232069,21:56,81,15
FR,8828,VENEZIA SANTA LUCIA,LECCE,VENEZIA SANTA LUCIA,1.0740740740740742,-3.0,81,2023-01-01,2023-03-31,14,11,8,45.441569,12.320882,22:09,81,16
