train_class,train_number,train_arrival_stop_name,train_departure_stop_name,stop_name,avg_arrival_delay,median_arrival_delay,count_dates_stop,first_date,last_date,count_3m_delay,count_5m_delay,count_10m_delay,stop_lat,stop_lon,stop_time,count_dates_train,stop_number
REG,24736,MILANO PORTA GARIBALDI,LECCO,LECCO,1.9411764705882353,1.0,85,2023-01-01,2023-03-30,21,8,0,45.856471,9.393638,09:07,85,1
REG,24736,MILANO PORTA GARIBALDI,LECCO,VALMADRERA,1.2588235294117647,1.0,85,2023-01-01,2023-03-30,15,5,0,45.846439,9.368183,09:12,85,2
REG,24736,MILANO PORTA GARIBALDI,LECCO,CIVATE,1.388235294117647,1.0,85,2023-01-01,2023-03-30,15,5,0,45.831295,9.352877,09:15,85,3
REG,24736,MILANO PORTA GARIBALDI,LECCO,SALA AL BARRO-GALBIATE,3.4941176470588236,3.0,85,2023-01-01,2023-03-30,63,15,0,45.821086,9.359223,09:17,85,4
REG,24736,MILANO PORTA GARIBALDI,LECCO,OGGIONO,1.7058823529411764,2.0,85,2023-01-01,2023-03-30,22,7,0,45.788993,9.33748,09:22,85,5
REG,24736,MILANO PORTA GARIBALDI,LECCO,MOLTENO,2.2470588235294118,2.0,85,2023-01-01,2023-03-30,35,11,2,45.780939,9.301683,09:27,85,6
REG,24736,MILANO PORTA GARIBALDI,LECCO,COSTA MASNAGA,2.1058823529411765,2.0,85,2023-01-01,2023-03-30,32,12,0,45.76343,9.285231,09:35,85,7
REG,24736,MILANO PORTA GARIBALDI,LECCO,CASSAGO-NIBIONNO-BULCIAGO,3.3294117647058825,3.0,85,2023-01-01,2023-03-30,45,23,1,45.746243,9.279834,09:39,85,8
REG,24736,MILANO PORTA GARIBALDI,LECCO,RENATE-VEDUGGIO,3.3529411764705883,3.0,85,2023-01-01,2023-03-30,45,23,1,45.728304,9.279834,09:42,85,9
REG,24736,MILANO PORTA GARIBALDI,LECCO,BESANA,3.9176470588235293,3.0,85,2023-01-01,2023-03-30,54,25,4,45.702824,9.28288,09:47,85,10
REG,24736,MILANO PORTA GARIBALDI,LECCO,VILLA RAVERIO,3.823529411764706,3.0,85,2023-01-01,2023-03-30,52,25,4,45.690418,9.261549,09:52,85,11
REG,24736,MILANO PORTA GARIBALDI,LECCO,CARATE-CALO`,3.3411764705882354,2.0,85,2023-01-01,2023-03-30,42,22,2,45.676451,9.252304,09:55,85,12
REG,24736,MILANO PORTA GARIBALDI,LECCO,TRIUGGIO-PONTE ALBIATE,1.9294117647058824,1.0,85,2023-01-01,2023-03-30,30,16,0,45.658956,9.266961,10:00,85,13
REG,24736,MILANO PORTA GARIBALDI,LECCO,VILLASANTA,1.035294117647059,0.0,85,2023-01-01,2023-03-30,20,8,1,45.603434,9.304923,10:15,85,14
REG,24736,MILANO PORTA GARIBALDI,LECCO,MONZA SOBBORGHI,1.7411764705882353,1.0,85,2023-01-01,2023-03-30,19,5,1,45.582082,9.284375,10:20,85,15
REG,24736,MILANO PORTA GARIBALDI,LECCO,MONZA,0.32941176470588235,-1.0,85,2023-01-01,2023-03-30,15,4,1,45.577789,9.273253,10:24,85,16
REG,24736,MILANO PORTA GARIBALDI,LECCO,SESTO S. GIOVANNI,2.8117647058823527,3.0,85,2023-01-01,2023-03-30,43,16,1,45.541087,9.23926,10:30,85,17
REG,24736,MILANO PORTA GARIBALDI,LECCO,MILANO GRECO PIRELLI,2.6588235294117646,2.0,85,2023-01-01,2023-03-30,40,15,2,45.51272,9.214456,10:35,85,18
REG,24736,MILANO PORTA GARIBALDI,LECCO,MILANO PORTA GARIBALDI,2.2941176470588234,2.0,85,2023-01-01,2023-03-30,31,14,4,45.484917,9.187683,10:43,85,19
