train_class,train_number,train_arrival_stop_name,train_departure_stop_name,stop_name,avg_arrival_delay,median_arrival_delay,count_dates_stop,first_date,last_date,count_3m_delay,count_5m_delay,count_10m_delay,stop_lat,stop_lon,stop_time,count_dates_train,stop_number
REG,19072,SIENA,CHIUSI C.T.,CHIUSI C.T.,1.4666666666666666,1.0,75,2023-01-02,2023-03-31,5,2,2,43.002466,11.957893,07:10,75,1
REG,19072,SIENA,CHIUSI C.T.,MONTEPULCIANO,-0.24,-1.0,75,2023-01-02,2023-03-31,3,3,1,43.135353,11.856865,07:26,75,2
REG,19072,SIENA,CHIUSI C.T.,TORRITA DI SIENA,2.36,2.0,75,2023-01-02,2023-03-31,18,4,2,43.174187,11.78758,07:32,75,3
REG,19072,SIENA,CHIUSI C.T.,SINALUNGA,2.8666666666666667,2.0,75,2023-01-02,2023-03-31,37,7,2,43.216189,11.744866,07:38,75,4
REG,19072,SIENA,CHIUSI C.T.,RAPOLANO TERME,3.026666666666667,2.0,75,2023-01-02,2023-03-31,31,11,5,43.283331,11.602504,07:53,75,5
REG,19072,SIENA,CHIUSI C.T.,ASCIANO,1.8266666666666667,1.0,75,2023-01-02,2023-03-31,13,6,4,43.235245,11.579237,08:01,75,6
REG,19072,SIENA,CHIUSI C.T.,ASCIANO MONTE OLIVETO MAGGIORE,2.8933333333333335,2.0,75,2023-01-02,2023-03-31,21,9,4,43.231706,11.563621,08:06,75,7
REG,19072,SIENA,CHIUSI C.T.,CASTELNUOVO BERARDENGA,1.2,0.0,75,2023-01-02,2023-03-31,11,7,3,43.306882,11.484912,08:18,75,8
REG,19072,SIENA,CHIUSI C.T.,SIENA,0.68,-1.0,75,2023-01-02,2023-03-31,6,4,3,43.331708,11.322972,08:35,75,9
