train_class,train_number,train_arrival_stop_name,train_departure_stop_name,stop_name,avg_arrival_delay,median_arrival_delay,count_dates_stop,first_date,last_date,count_3m_delay,count_5m_delay,count_10m_delay,stop_lat,stop_lon,stop_time,count_dates_train,stop_number
REG,22673,BERGAMO,TREVIGLIO,TREVIGLIO,2.506666666666667,1.0,75,2023-01-02,2023-03-31,22,10,4,45.515063,9.587919,19:38,75,1
REG,22673,BERGAMO,TREVIGLIO,TREVIGLIO OVEST,0.9733333333333334,0.0,75,2023-01-02,2023-03-31,12,8,3,45.521762,9.580281,19:41,75,2
REG,22673,BERGAMO,TREVIGLIO,VERDELLO DALMINE,0.12,-1.0,75,2023-01-02,2023-03-31,9,6,1,45.605715,9.619797,19:52,75,3
REG,22673,BERGAMO,TREVIGLIO,BERGAMO,0.9066666666666666,1.0,75,2023-01-02,2023-03-31,12,7,0,45.690271,9.675082,20:08,75,4
