train_class,train_number,train_arrival_stop_name,train_departure_stop_name,stop_name,avg_arrival_delay,median_arrival_delay,count_dates_stop,first_date,last_date,count_3m_delay,count_5m_delay,count_10m_delay,stop_lat,stop_lon,stop_time,count_dates_train,stop_number
AV,9624,MILANO CENTRALE,ROMA TERMINI,ROMA TERMINI,0.4606741573033708,0.0,89,2023-01-02,2023-03-31,5,2,0,41.900636,12.502026,10:20,89,1
AV,9624,MILANO CENTRALE,ROMA TERMINI,BOLOGNA C.LE/AV,1.9438202247191012,1.0,89,2023-01-02,2023-03-31,27,17,6,44.50626,11.342267,12:23,89,2
AV,9624,MILANO CENTRALE,ROMA TERMINI,MILANO ROGOREDO,5.943820224719101,5.0,89,2023-01-02,2023-03-31,64,48,18,45.433866,9.2391,13:20,89,3
AV,9624,MILANO CENTRALE,ROMA TERMINI,MILANO CENTRALE,1.1797752808988764,0.0,89,2023-01-02,2023-03-31,26,18,9,45.486347,9.204528,13:35,89,4
