train_class,train_number,train_arrival_stop_name,train_departure_stop_name,stop_name,avg_arrival_delay,median_arrival_delay,count_dates_stop,first_date,last_date,count_3m_delay,count_5m_delay,count_10m_delay,stop_lat,stop_lon,stop_time,count_dates_train,stop_number
REG,21376,POGGIO MIRTETO,ROMA TIBURTINA,ROMA TIBURTINA,1.8295454545454546,1.0,88,2023-01-01,2023-03-31,11,5,2,41.910903,12.530749,06:30,88,1
REG,21376,POGGIO MIRTETO,ROMA TIBURTINA,ROMA NOMENTANA L.L.,0.9772727272727273,1.0,88,2023-01-01,2023-03-31,8,4,1,41.932935,12.523628,06:34,88,2
REG,21376,POGGIO MIRTETO,ROMA TIBURTINA,NUOVO SALARIO,2.4318181818181817,2.0,88,2023-01-01,2023-03-31,21,3,1,41.956195,12.510317,06:40,88,3
REG,21376,POGGIO MIRTETO,ROMA TIBURTINA,FIDENE,0.7045454545454546,1.0,88,2023-01-01,2023-03-31,3,2,0,41.979773,12.508451,06:44,88,4
REG,21376,POGGIO MIRTETO,ROMA TIBURTINA,SETTE BAGNI,0.875,1.0,88,2023-01-01,2023-03-31,2,2,0,42.006438,12.520156,06:49,88,5
REG,21376,POGGIO MIRTETO,ROMA TIBURTINA,MONTEROTONDO,-0.6363636363636364,-1.0,88,2023-01-01,2023-03-31,2,0,0,42.06409,12.595753,06:58,88,6
REG,21376,POGGIO MIRTETO,ROMA TIBURTINA,PIANA BELLA MONTELIBRETTI,1.9318181818181819,2.0,88,2023-01-01,2023-03-31,15,3,0,42.105159,12.632938,07:03,88,7
REG,21376,POGGIO MIRTETO,ROMA TIBURTINA,FARA SABINA,1.375,1.0,88,2023-01-01,2023-03-31,10,2,0,42.155546,12.648323,07:09,88,8
REG,21376,POGGIO MIRTETO,ROMA TIBURTINA,POGGIO MIRTETO,-0.20454545454545456,-1.0,88,2023-01-01,2023-03-31,4,2,1,42.242187,12.633043,07:20,88,9
