train_class,train_number,train_arrival_stop_name,train_departure_stop_name,stop_name,avg_arrival_delay,median_arrival_delay,count_dates_stop,first_date,last_date,count_3m_delay,count_5m_delay,count_10m_delay,stop_lat,stop_lon,stop_time,count_dates_train,stop_number
REG,24344,MILANO BOVISA FNM,PAVIA,PAVIA,4.506172839506172,4.0,81,2023-01-01,2023-03-23,76,28,4,45.188843,9.144674,13:09,81,1
REG,24344,MILANO BOVISA FNM,PAVIA,CERTOSA DI PAVIA,2.3950617283950617,2.0,81,2023-01-01,2023-03-23,32,12,2,45.256927,9.154456,13:16,81,2
REG,24344,MILANO BOVISA FNM,PAVIA,VILLAMAGGIORE,1.8641975308641976,1.0,81,2023-01-01,2023-03-23,26,7,2,45.32045,9.190674,13:22,81,3
REG,24344,MILANO BOVISA FNM,PAVIA,LOCATE TRIULZI,2.567901234567901,2.0,81,2023-01-01,2023-03-23,32,14,2,45.35973,9.221398,13:28,81,4
REG,24344,MILANO BOVISA FNM,PAVIA,MILANO ROGOREDO,2.7,2.0,80,2023-01-01,2023-03-23,37,16,2,45.433866,9.2391,13:36,81,5
REG,24344,MILANO BOVISA FNM,PAVIA,MILANO PORTA VITTORIA,1.4814814814814814,1.0,81,2023-01-01,2023-03-23,26,9,2,45.459579,9.21813,13:44,81,6
REG,24344,MILANO BOVISA FNM,PAVIA,MILANO DATEO,2.382716049382716,1.0,81,2023-01-01,2023-03-23,30,11,3,45.462341,9.209277,13:47,81,7
REG,24344,MILANO BOVISA FNM,PAVIA,MILANO VENEZIA,2.3209876543209877,1.0,81,2023-01-01,2023-03-23,28,11,3,45.471121,9.201889,13:50,81,8
REG,24344,MILANO BOVISA FNM,PAVIA,MILANO REPUBBLICA,2.7160493827160495,2.0,81,2023-01-01,2023-03-23,30,13,3,45.479984,9.198861,13:52,81,9
REG,24344,MILANO BOVISA FNM,PAVIA,MI P.GAR.SOTT.,2.876543209876543,2.0,81,2023-01-01,2023-03-23,31,14,3,45.484228,9.185122,13:55,81,10
REG,24344,MILANO BOVISA FNM,PAVIA,MILANO LANCETTI,1.123456790123457,0.0,81,2023-01-01,2023-03-23,17,8,2,45.492632,9.175832,13:58,81,11
REG,24344,MILANO BOVISA FNM,PAVIA,MILANO BOVISA FNM,-0.9012345679012346,-2.0,81,2023-01-01,2023-03-23,9,4,1,45.502993,9.159235,14:05,81,12
