train_class,train_number,train_arrival_stop_name,train_departure_stop_name,stop_name,avg_arrival_delay,median_arrival_delay,count_dates_stop,first_date,last_date,count_3m_delay,count_5m_delay,count_10m_delay,stop_lat,stop_lon,stop_time,count_dates_train,stop_number
REG,25871,BERGAMO,MILANO PORTA GARIBALDI,MILANO PORTA GARIBALDI,4.2317073170731705,3.0,82,2023-01-01,2023-03-31,52,30,5,45.484917,9.187683,19:31,82,1
REG,25871,BERGAMO,MILANO PORTA GARIBALDI,MILANO GRECO PIRELLI,3.2195121951219514,3.0,82,2023-01-01,2023-03-31,43,18,6,45.51272,9.214456,19:37,82,2
REG,25871,BERGAMO,MILANO PORTA GARIBALDI,SESTO S. GIOVANNI,2.7195121951219514,2.0,82,2023-01-01,2023-03-31,37,12,5,45.541087,9.23926,19:42,82,3
REG,25871,BERGAMO,MILANO PORTA GARIBALDI,MONZA,1.7804878048780488,1.0,82,2023-01-01,2023-03-31,27,13,3,45.577789,9.273253,19:48,82,4
REG,25871,BERGAMO,MILANO PORTA GARIBALDI,ARCORE,2.4691358024691357,1.0,81,2023-01-01,2023-03-31,30,16,6,45.623493,9.322798,19:54,82,5
REG,25871,BERGAMO,MILANO PORTA GARIBALDI,CARNATE USMATE,2.0617283950617282,1.0,81,2023-01-01,2023-03-31,27,17,5,45.653072,9.375089,20:00,82,6
REG,25871,BERGAMO,MILANO PORTA GARIBALDI,PADERNO ROBBIATE,6.2875,6.0,80,2023-01-01,2023-03-31,69,51,14,45.678307,9.439202,20:06,82,7
REG,25871,BERGAMO,MILANO PORTA GARIBALDI,CALUSCO,6.95,6.0,80,2023-01-01,2023-03-31,69,57,22,45.684113,9.470646,20:13,82,8
REG,25871,BERGAMO,MILANO PORTA GARIBALDI,TERNO,7.325,7.0,80,2023-01-01,2023-03-31,71,59,24,45.688658,9.536169,20:19,82,9
REG,25871,BERGAMO,MILANO PORTA GARIBALDI,PONTE S.PIETRO,7.469135802469136,7.0,81,2023-01-01,2023-03-31,68,60,23,45.69916,9.584322,20:26,82,10
REG,25871,BERGAMO,MILANO PORTA GARIBALDI,BERGAMO,8.170731707317072,7.0,82,2023-01-01,2023-03-31,68,58,30,45.690271,9.675082,20:40,82,11
