train_class,train_number,train_arrival_stop_name,train_departure_stop_name,stop_name,avg_arrival_delay,median_arrival_delay,count_dates_stop,first_date,last_date,count_3m_delay,count_5m_delay,count_10m_delay,stop_lat,stop_lon,stop_time,count_dates_train,stop_number
REG,21626,PALERMO NOTARBARTOLO,GIACHERY,GIACHERY,0.6578947368421053,1.0,76,2023-01-02,2023-03-31,1,1,0,38.138135,13.355856,12:09,76,1
REG,21626,PALERMO NOTARBARTOLO,GIACHERY,FIERA,-2.789473684210526,-3.0,76,2023-01-02,2023-03-31,1,1,0,38.144004,13.351336,12:13,76,2
REG,21626,PALERMO NOTARBARTOLO,GIACHERY,FEDERICO,2.066666666666667,2.0,75,2023-01-02,2023-03-31,1,1,0,38.144862,13.344966,12:16,76,3
REG,21626,PALERMO NOTARBARTOLO,GIACHERY,PALERMO NOTARBARTOLO,-0.9210526315789473,-1.0,76,2023-01-02,2023-03-31,2,0,0,38.132261,13.341572,12:20,76,4
