train_class,train_number,train_arrival_stop_name,train_departure_stop_name,stop_name,avg_arrival_delay,median_arrival_delay,count_dates_stop,first_date,last_date,count_3m_delay,count_5m_delay,count_10m_delay,stop_lat,stop_lon,stop_time,count_dates_train,stop_number
REG,5526,CATANZARO LIDO,REGGIO CALABRIA CENTRALE,REGGIO CALABRIA CENTRALE,1.2906976744186047,1.0,86,2023-01-02,2023-03-31,8,2,1,38.103884,15.635844,05:00,86,1
REG,5526,CATANZARO LIDO,REGGIO CALABRIA CENTRALE,MELITO DI PORTO SALVO,0.023255813953488372,-1.0,86,2023-01-02,2023-03-31,7,3,1,37.916732,15.780816,05:22,86,2
REG,5526,CATANZARO LIDO,REGGIO CALABRIA CENTRALE,BOVA MARINA,1.313953488372093,1.0,86,2023-01-02,2023-03-31,15,5,2,37.930269,15.923897,05:31,86,3
REG,5526,CATANZARO LIDO,REGGIO CALABRIA CENTRALE,BRANCALEONE,2.8488372093023258,2.0,86,2023-01-02,2023-03-31,41,12,2,37.965475,16.103301,05:44,86,4
REG,5526,CATANZARO LIDO,REGGIO CALABRIA CENTRALE,BIANCO,0.6792452830188679,0.0,53,2023-01-16,2023-03-31,6,3,1,38.089072,16.153348,05:58,86,5
REG,5526,CATANZARO LIDO,REGGIO CALABRIA CENTRALE,BOVALINO,0.8255813953488372,1.0,86,2023-01-02,2023-03-31,11,3,2,38.149087,16.180584,06:06,86,6
REG,5526,CATANZARO LIDO,REGGIO CALABRIA CENTRALE,LOCRI,2.197674418604651,1.0,86,2023-01-02,2023-03-31,17,4,3,38.233154,16.264787,06:15,86,7
REG,5526,CATANZARO LIDO,REGGIO CALABRIA CENTRALE,SIDERNO,2.3255813953488373,1.0,86,2023-01-02,2023-03-31,23,7,3,38.2708,16.302,06:22,86,8
REG,5526,CATANZARO LIDO,REGGIO CALABRIA CENTRALE,GIOIOSA JONICA,1.6046511627906976,1.0,86,2023-01-02,2023-03-31,19,8,3,38.300812,16.332501,06:34,86,9
REG,5526,CATANZARO LIDO,REGGIO CALABRIA CENTRALE,ROCCELLA JONICA,1.802325581395349,1.0,86,2023-01-02,2023-03-31,20,8,3,38.322043,16.406917,06:41,86,10
REG,5526,CATANZARO LIDO,REGGIO CALABRIA CENTRALE,MONASTERACE STILO,3.607142857142857,2.0,84,2023-01-02,2023-03-31,35,18,5,38.437591,16.574444,06:56,86,11
REG,5526,CATANZARO LIDO,REGGIO CALABRIA CENTRALE,SOVERATO,4.151162790697675,3.0,86,2023-01-02,2023-03-31,56,25,5,38.684339,16.549416,07:16,86,12
REG,5526,CATANZARO LIDO,REGGIO CALABRIA CENTRALE,CATANZARO LIDO,4.267441860465116,3.0,86,2023-01-02,2023-03-31,56,19,7,38.821788,16.612975,07:30,86,13
