train_class,train_number,train_arrival_stop_name,train_departure_stop_name,stop_name,avg_arrival_delay,median_arrival_delay,count_dates_stop,first_date,last_date,count_3m_delay,count_5m_delay,count_10m_delay,stop_lat,stop_lon,stop_time,count_dates_train,stop_number
REG,20080,ROMA TERMINI,FRASCATI,FRASCATI,0.7027027027027027,0.0,74,2023-01-02,2023-03-31,7,4,0,41.806881,12.677962,15:36,74,1
REG,20080,ROMA TERMINI,FRASCATI,CIAMPINO,-0.32432432432432434,-1.0,74,2023-01-02,2023-03-31,10,3,0,41.804442,12.599546,15:49,74,2
REG,20080,ROMA TERMINI,FRASCATI,CAPANNELLE,1.5945945945945945,1.0,74,2023-01-02,2023-03-31,18,7,0,41.830713,12.568884,15:54,74,3
REG,20080,ROMA TERMINI,FRASCATI,ROMA TERMINI,-0.5135135135135135,-1.0,74,2023-01-02,2023-03-31,5,2,0,41.900636,12.502026,16:06,74,4
