train_class,train_number,train_arrival_stop_name,train_departure_stop_name,stop_name,avg_arrival_delay,median_arrival_delay,count_dates_stop,first_date,last_date,count_3m_delay,count_5m_delay,count_10m_delay,stop_lat,stop_lon,stop_time,count_dates_train,stop_number
REG,26282,PINEROLO,CHIVASSO,CHIVASSO,1.9078947368421053,1.0,76,2023-01-02,2023-03-31,14,8,1,45.193637,7.889666,20:27,76,1
REG,26282,PINEROLO,CHIVASSO,BRANDIZZO,1.4933333333333334,1.0,75,2023-01-02,2023-03-31,15,6,1,45.178915,7.841218,20:31,76,2
REG,26282,PINEROLO,CHIVASSO,SETTIMO,1.9078947368421053,1.0,76,2023-01-02,2023-03-31,18,9,1,45.139834,7.769335,20:37,76,3
REG,26282,PINEROLO,CHIVASSO,TORINO STURA,0.6710526315789473,0.0,76,2023-01-02,2023-03-31,13,4,1,45.121932,7.713202,20:43,76,4
REG,26282,PINEROLO,CHIVASSO,TORINO REBAUDENGO FOSSATA,0.7631578947368421,0.0,76,2023-01-02,2023-03-31,16,6,2,,,20:48,76,5
REG,26282,PINEROLO,CHIVASSO,TORINO PORTA SUSA,0.13157894736842105,-1.0,76,2023-01-02,2023-03-31,8,3,0,45.075906,7.667673,20:53,76,6
REG,26282,PINEROLO,CHIVASSO,TORINO LINGOTTO,1.6842105263157894,1.0,76,2023-01-02,2023-03-31,12,4,0,45.0266,7.657469,20:59,76,7
REG,26282,PINEROLO,CHIVASSO,MONCALIERI SANGONE,2.6184210526315788,2.0,76,2023-01-02,2023-03-31,29,12,1,45.000393,7.667991,21:04,76,8
REG,26282,PINEROLO,CHIVASSO,NICHELINO,3.6710526315789473,3.0,76,2023-01-02,2023-03-31,52,18,3,44.99132,7.642068,21:07,76,9
REG,26282,PINEROLO,CHIVASSO,CANDIOLO,2.473684210526316,2.0,76,2023-01-02,2023-03-31,30,12,1,44.961155,7.598973,21:13,76,10
REG,26282,PINEROLO,CHIVASSO,NONE,2.1578947368421053,2.0,76,2023-01-02,2023-03-31,30,9,1,44.938011,7.540068,21:18,76,11
REG,26282,PINEROLO,CHIVASSO,AIRASCA,4.197368421052632,3.0,76,2023-01-02,2023-03-31,44,19,2,44.928093,7.483536,21:22,76,12
REG,26282,PINEROLO,CHIVASSO,PISCINA DI PINEROLO,4.2894736842105265,3.0,76,2023-01-02,2023-03-31,47,21,2,44.921744,7.425482,21:27,76,13
REG,26282,PINEROLO,CHIVASSO,PINEROLO OLIMPICA,3.75,2.0,76,2023-01-02,2023-03-31,32,13,1,44.893325,7.349043,21:36,76,14
REG,26282,PINEROLO,CHIVASSO,PINEROLO,-0.631578947368421,-2.0,76,2023-01-02,2023-03-31,4,1,1,44.887673,7.337402,21:41,76,15
