train_class,train_number,train_arrival_stop_name,train_departure_stop_name,stop_name,avg_arrival_delay,median_arrival_delay,count_dates_stop,first_date,last_date,count_3m_delay,count_5m_delay,count_10m_delay,stop_lat,stop_lon,stop_time,count_dates_train,stop_number
REG,16800,UDINE,VENEZIA SANTA LUCIA,VENEZIA SANTA LUCIA,3.1818181818181817,3.0,88,2023-01-01,2023-03-31,51,16,2,45.441569,12.320882,15:13,88,1
REG,16800,UDINE,VENEZIA SANTA LUCIA,VENEZIA MESTRE,4.386363636363637,4.0,88,2023-01-01,2023-03-31,69,28,5,45.482123,12.232069,15:24,88,2
REG,16800,UDINE,VENEZIA SANTA LUCIA,MOGLIANO VENETO,2.75,2.0,88,2023-01-01,2023-03-31,33,19,1,45.561964,12.23274,15:36,88,3
REG,16800,UDINE,VENEZIA SANTA LUCIA,TREVISO C.,2.4204545454545454,2.0,88,2023-01-01,2023-03-31,31,14,1,45.659608,12.24614,15:50,88,4
REG,16800,UDINE,VENEZIA SANTA LUCIA,SPRESIANO,1.9772727272727273,1.0,88,2023-01-01,2023-03-31,25,12,1,45.77763,12.266984,16:04,88,5
REG,16800,UDINE,VENEZIA SANTA LUCIA,CONEGLIANO,-0.2840909090909091,-2.0,88,2023-01-01,2023-03-31,10,6,1,45.884706,12.298909,16:18,88,6
REG,16800,UDINE,VENEZIA SANTA LUCIA,SACILE,1.6022727272727273,1.0,88,2023-01-01,2023-03-31,16,5,2,45.948413,12.498498,16:33,88,7
REG,16800,UDINE,VENEZIA SANTA LUCIA,PORDENONE,0.2727272727272727,-1.0,88,2023-01-01,2023-03-31,8,5,2,45.956281,12.654126,16:46,88,8
REG,16800,UDINE,VENEZIA SANTA LUCIA,CASARSA,-0.11363636363636363,-1.0,88,2023-01-01,2023-03-31,4,3,2,45.953002,12.8406,17:01,88,9
REG,16800,UDINE,VENEZIA SANTA LUCIA,CODROIPO,-0.11363636363636363,-1.0,88,2023-01-01,2023-03-31,5,3,2,45.9657,12.976543,17:08,88,10
REG,16800,UDINE,VENEZIA SANTA LUCIA,BASILIANO,0.32954545454545453,0.0,88,2023-01-01,2023-03-31,7,2,2,46.012737,13.109233,17:16,88,11
REG,16800,UDINE,VENEZIA SANTA LUCIA,UDINE,-0.14772727272727273,-1.0,88,2023-01-01,2023-03-31,7,4,2,46.055791,13.242003,17:28,88,12
