train_class,train_number,train_arrival_stop_name,train_departure_stop_name,stop_name,avg_arrival_delay,median_arrival_delay,count_dates_stop,first_date,last_date,count_3m_delay,count_5m_delay,count_10m_delay,stop_lat,stop_lon,stop_time,count_dates_train,stop_number
REG,25456,COMO S. GIOVANNI,VARESE,VARESE,2.92,3.0,75,2023-01-02,2023-03-31,39,14,0,45.816201,8.833089,06:36,75,1
REG,25456,COMO S. GIOVANNI,VARESE,INDUNO OLONA,3.013333333333333,3.0,75,2023-01-02,2023-03-31,43,14,0,45.846432,8.838357,06:39,75,2
REG,25456,COMO S. GIOVANNI,VARESE,ARCISATE,2.986666666666667,3.0,75,2023-01-02,2023-03-31,38,13,1,45.858579,8.86241,06:43,75,3
REG,25456,COMO S. GIOVANNI,VARESE,STABIO,0.35135135135135137,0.0,74,2023-01-02,2023-03-31,8,3,0,,,06:52,75,4
REG,25456,COMO S. GIOVANNI,VARESE,COMO S. GIOVANNI,-0.24,-1.0,75,2023-01-02,2023-03-31,6,1,0,45.808946,9.072331,07:24,75,5
