train_class,train_number,train_arrival_stop_name,train_departure_stop_name,stop_name,avg_arrival_delay,median_arrival_delay,count_dates_stop,first_date,last_date,count_3m_delay,count_5m_delay,count_10m_delay,stop_lat,stop_lon,stop_time,count_dates_train,stop_number
REG,23106,BELLUNO,FELTRE,FELTRE,1.16,1.0,25,2023-02-27,2023-03-31,0,0,0,46.012884,11.911493,10:39,25,1
REG,23106,BELLUNO,FELTRE,BUSCHE LENTIAI MEL,-0.08333333333333333,0.0,24,2023-02-27,2023-03-31,0,0,0,46.040092,11.979251,10:46,25,2
REG,23106,BELLUNO,FELTRE,S.GIUSTINA CESIO,-0.56,-1.0,25,2023-02-27,2023-03-31,0,0,0,46.077655,12.04294,10:55,25,3
REG,23106,BELLUNO,FELTRE,SEDICO BRIBANO,-0.12,0.0,25,2023-02-27,2023-03-31,0,0,0,46.095424,12.086508,11:01,25,4
REG,23106,BELLUNO,FELTRE,BELLUNO,-2.28,-2.0,25,2023-02-27,2023-03-31,0,0,0,46.141594,12.209703,11:15,25,5
