train_class,train_number,train_arrival_stop_name,train_departure_stop_name,stop_name,avg_arrival_delay,median_arrival_delay,count_dates_stop,first_date,last_date,count_3m_delay,count_5m_delay,count_10m_delay,stop_lat,stop_lon,stop_time,count_dates_train,stop_number
REG,12360,SAVONA,GENOVA BRIGNOLE,GENOVA BRIGNOLE,2.5,2.0,64,2023-01-02,2023-03-31,23,4,1,44.407213,8.947553,11:40,64,1
REG,12360,SAVONA,GENOVA BRIGNOLE,GENOVA P. PRINCIPE SOTTERRANEA,-0.25,-1.0,64,2023-01-02,2023-03-31,4,2,0,44.414803,8.918041,11:46,64,2
REG,12360,SAVONA,GENOVA BRIGNOLE,GENOVA SAMPIERDARENA,2.265625,2.0,64,2023-01-02,2023-03-31,17,6,0,44.413102,8.887271,11:54,64,3
REG,12360,SAVONA,GENOVA BRIGNOLE,GENOVA SESTRI PONENTE,2.671875,2.0,64,2023-01-02,2023-03-31,29,8,0,44.422374,8.847707,12:01,64,4
REG,12360,SAVONA,GENOVA BRIGNOLE,GENOVA VOLTRI,0.875,0.0,64,2023-01-02,2023-03-31,7,5,1,44.428467,8.758163,12:16,64,5
REG,12360,SAVONA,GENOVA BRIGNOLE,ARENZANO,-0.390625,-1.0,64,2023-01-02,2023-03-31,5,2,1,44.403089,8.678322,12:24,64,6
REG,12360,SAVONA,GENOVA BRIGNOLE,COGOLETO,1.21875,1.0,64,2023-01-02,2023-03-31,8,3,1,44.389762,8.643906,12:28,64,7
REG,12360,SAVONA,GENOVA BRIGNOLE,VARAZZE,1.34375,1.0,64,2023-01-02,2023-03-31,11,2,1,44.356842,8.566682,12:34,64,8
REG,12360,SAVONA,GENOVA BRIGNOLE,ALBISOLA,0.5625,0.0,64,2023-01-02,2023-03-31,6,4,1,44.33469,8.512092,12:42,64,9
REG,12360,SAVONA,GENOVA BRIGNOLE,SAVONA,-1.265625,-2.0,64,2023-01-02,2023-03-31,2,2,0,44.306892,8.470259,12:50,64,10
