train_class,train_number,train_arrival_stop_name,train_departure_stop_name,stop_name,avg_arrival_delay,median_arrival_delay,count_dates_stop,first_date,last_date,count_3m_delay,count_5m_delay,count_10m_delay,stop_lat,stop_lon,stop_time,count_dates_train,stop_number
REG,3978,VENEZIA SANTA LUCIA,BOLOGNA C.LE,BOLOGNA C.LE,1.7701149425287357,2.0,87,2023-01-01,2023-03-31,11,1,0,44.50626,11.342267,13:12,87,1
REG,3978,VENEZIA SANTA LUCIA,BOLOGNA C.LE,S.PIETRO IN CASALE,-1.3218390804597702,-2.0,87,2023-01-01,2023-03-31,5,1,0,44.697928,11.404763,13:28,87,2
REG,3978,VENEZIA SANTA LUCIA,BOLOGNA C.LE,FERRARA,0.18604651162790697,-1.0,86,2023-01-01,2023-03-31,10,5,2,44.843047,11.603594,13:42,87,3
REG,3978,VENEZIA SANTA LUCIA,BOLOGNA C.LE,ROVIGO,2.3563218390804597,2.0,87,2023-01-01,2023-03-31,35,13,7,45.076993,11.780892,14:01,87,4
REG,3978,VENEZIA SANTA LUCIA,BOLOGNA C.LE,MONSELICE,-2.813953488372093,-3.0,86,2023-01-01,2023-03-31,5,3,1,45.246116,11.74789,14:26,87,5
REG,3978,VENEZIA SANTA LUCIA,BOLOGNA C.LE,TERME EUGANEE-ABANO-MONTEGR.,0.6744186046511628,0.0,86,2023-01-01,2023-03-31,11,6,2,45.32744,11.79604,14:34,87,6
REG,3978,VENEZIA SANTA LUCIA,BOLOGNA C.LE,PADOVA,-6.022988505747127,-7.0,87,2023-01-01,2023-03-31,4,3,0,45.417846,11.880794,14:51,87,7
REG,3978,VENEZIA SANTA LUCIA,BOLOGNA C.LE,VENEZIA MESTRE,1.7586206896551724,2.0,87,2023-01-01,2023-03-31,28,8,0,45.482123,12.232069,15:07,87,8
REG,3978,VENEZIA SANTA LUCIA,BOLOGNA C.LE,VENEZIA SANTA LUCIA,0.04597701149425287,0.0,87,2023-01-01,2023-03-31,14,3,0,45.441569,12.320882,15:20,87,9
