train_class,train_number,train_arrival_stop_name,train_departure_stop_name,stop_name,avg_arrival_delay,median_arrival_delay,count_dates_stop,first_date,last_date,count_3m_delay,count_5m_delay,count_10m_delay,stop_lat,stop_lon,stop_time,count_dates_train,stop_number
REG,18479,FIRENZE S.M.N.,LUCCA,LUCCA,1.9166666666666667,1.0,12,2023-01-01,2023-03-26,4,0,0,43.837186,10.506069,15:39,12,1
REG,18479,FIRENZE S.M.N.,LUCCA,TASSIGNANO,1.0,1.0,12,2023-01-01,2023-03-26,3,0,0,43.834131,10.570495,15:45,12,2
REG,18479,FIRENZE S.M.N.,LUCCA,PORCARI,1.75,1.0,12,2023-01-01,2023-03-26,4,1,0,43.831263,10.619212,15:49,12,3
REG,18479,FIRENZE S.M.N.,LUCCA,ALTOPASCIO,2.9166666666666665,3.0,12,2023-01-01,2023-03-26,7,1,0,43.817418,10.672754,15:54,12,4
REG,18479,FIRENZE S.M.N.,LUCCA,MONTECARLO SAN SALVATORE,2.0833333333333335,2.0,12,2023-01-01,2023-03-26,5,1,0,43.850798,10.68537,16:00,12,5
REG,18479,FIRENZE S.M.N.,LUCCA,PESCIA,-0.25,0.0,12,2023-01-01,2023-03-26,1,1,0,43.886811,10.686074,16:08,12,6
REG,18479,FIRENZE S.M.N.,LUCCA,BORGO A BUGGIANO,6.0,5.0,12,2023-01-01,2023-03-26,12,8,0,43.880724,10.730079,16:12,12,7
REG,18479,FIRENZE S.M.N.,LUCCA,MONTECATINI CENTRO,7.416666666666667,7.0,12,2023-01-01,2023-03-26,12,12,1,43.881216,10.77081,16:17,12,8
REG,18479,FIRENZE S.M.N.,LUCCA,MONTECATINI TERME,0.5833333333333334,0.0,12,2023-01-01,2023-03-26,2,0,0,43.879327,10.780588,16:25,12,9
REG,18479,FIRENZE S.M.N.,LUCCA,SERRAVALLE PISTOIESE,1.6666666666666667,1.0,12,2023-01-01,2023-03-26,3,1,0,43.908016,10.85168,16:31,12,10
REG,18479,FIRENZE S.M.N.,LUCCA,PISTOIA,-2.3333333333333335,-3.0,12,2023-01-01,2023-03-26,0,0,0,43.926804,10.914624,16:41,12,11
REG,18479,FIRENZE S.M.N.,LUCCA,PRATO CENTRALE,-0.75,-1.0,12,2023-01-01,2023-03-26,0,0,0,43.878737,11.109252,16:59,12,12
REG,18479,FIRENZE S.M.N.,LUCCA,FIRENZE RIFREDI,-1.3333333333333333,-1.0,12,2023-01-01,2023-03-26,0,0,0,43.800873,11.235729,17:15,12,13
REG,18479,FIRENZE S.M.N.,LUCCA,FIRENZE S.M.N.,-1.1666666666666667,-2.0,12,2023-01-01,2023-03-26,1,0,0,43.776893,11.247373,17:24,12,14
