train_class,train_number,train_arrival_stop_name,train_departure_stop_name,stop_name,avg_arrival_delay,median_arrival_delay,count_dates_stop,first_date,last_date,count_3m_delay,count_5m_delay,count_10m_delay,stop_lat,stop_lon,stop_time,count_dates_train,stop_number
REG,26968,BARDONECCHIA,TORINO P.NUOVA,TORINO P.NUOVA,3.5714285714285716,2.0,14,2023-01-01,2023-03-26,4,1,1,45.060969,7.67747,13:45,14,1
REG,26968,BARDONECCHIA,TORINO P.NUOVA,COLLEGNO,1.3571428571428572,-1.0,14,2023-01-01,2023-03-26,2,2,1,45.078854,7.574131,13:58,14,2
REG,26968,BARDONECCHIA,TORINO P.NUOVA,AVIGLIANA,1.3571428571428572,0.0,14,2023-01-01,2023-03-26,2,2,1,45.085276,7.401096,14:13,14,3
REG,26968,BARDONECCHIA,TORINO P.NUOVA,S. ANTONINO VAIE,0.21428571428571427,-1.0,14,2023-01-01,2023-03-26,2,1,1,45.109469,7.275931,14:21,14,4
REG,26968,BARDONECCHIA,TORINO P.NUOVA,BUSSOLENO,-1.5714285714285714,-3.0,14,2023-01-01,2023-03-26,1,1,1,45.139631,7.144819,14:31,14,5
REG,26968,BARDONECCHIA,TORINO P.NUOVA,CHIOMONTE,-0.21428571428571427,-1.0,14,2023-01-01,2023-03-26,1,1,0,45.119876,6.988716,14:46,14,6
REG,26968,BARDONECCHIA,TORINO P.NUOVA,SALBERTRAND,0.8571428571428571,0.0,14,2023-01-01,2023-03-26,1,1,0,45.073478,6.887428,14:54,14,7
REG,26968,BARDONECCHIA,TORINO P.NUOVA,OULX CESANA CLAVIERE SESTRIERE,1.4285714285714286,1.0,14,2023-01-01,2023-03-26,3,1,0,45.038789,6.831432,15:00,14,8
REG,26968,BARDONECCHIA,TORINO P.NUOVA,BEAULARD,2.7142857142857144,2.0,14,2023-01-01,2023-03-26,6,2,0,45.046495,6.759713,15:06,14,9
REG,26968,BARDONECCHIA,TORINO P.NUOVA,BARDONECCHIA,-0.14285714285714285,-1.0,14,2023-01-01,2023-03-26,2,1,0,45.076447,6.709959,15:14,14,10
