train_class,train_number,train_arrival_stop_name,train_departure_stop_name,stop_name,avg_arrival_delay,median_arrival_delay,count_dates_stop,first_date,last_date,count_3m_delay,count_5m_delay,count_10m_delay,stop_lat,stop_lon,stop_time,count_dates_train,stop_number
REG,5422,PALERMO CENTRALE,AGRIGENTO CENTRALE,AGRIGENTO CENTRALE,1.5681818181818181,1.0,88,2023-01-01,2023-03-31,9,3,0,37.309051,13.584412,17:15,88,1
REG,5422,PALERMO CENTRALE,AGRIGENTO CENTRALE,AGRIGENTO BASSA,0.1724137931034483,0.0,87,2023-01-02,2023-03-31,4,3,0,37.319148,13.588094,17:19,88,2
REG,5422,PALERMO CENTRALE,AGRIGENTO CENTRALE,ARAGONA CALDARE,0.7272727272727273,1.0,88,2023-01-01,2023-03-31,12,4,0,37.381097,13.636837,17:28,88,3
REG,5422,PALERMO CENTRALE,AGRIGENTO CENTRALE,CAMPOFRANCO,2.8181818181818183,3.0,88,2023-01-01,2023-03-31,45,17,2,37.510105,13.686777,17:44,88,4
REG,5422,PALERMO CENTRALE,AGRIGENTO CENTRALE,ACQUAVIVA,3.102272727272727,3.0,88,2023-01-01,2023-03-31,46,18,4,37.570258,13.674927,17:51,88,5
REG,5422,PALERMO CENTRALE,AGRIGENTO CENTRALE,CAMMARATA S.GIOVANNI GEMINI,3.9770114942528734,3.0,87,2023-01-01,2023-03-31,52,21,6,37.653759,13.673791,18:00,88,6
REG,5422,PALERMO CENTRALE,AGRIGENTO CENTRALE,ROCCAPALUMBA-ALIA,5.340909090909091,4.0,88,2023-01-01,2023-03-31,63,36,11,37.793751,13.673628,18:13,88,7
REG,5422,PALERMO CENTRALE,AGRIGENTO CENTRALE,MONTEMAGGIORE,5.977011494252873,4.0,87,2023-01-01,2023-03-31,59,40,15,37.859037,13.693193,18:26,88,8
REG,5422,PALERMO CENTRALE,AGRIGENTO CENTRALE,TERMINI IMERESE,3.9318181818181817,3.0,88,2023-01-01,2023-03-31,52,28,8,37.980132,13.703631,18:48,88,9
REG,5422,PALERMO CENTRALE,AGRIGENTO CENTRALE,BAGHERIA,1.4431818181818181,1.0,88,2023-01-01,2023-03-31,27,11,4,38.089905,13.507215,19:05,88,10
REG,5422,PALERMO CENTRALE,AGRIGENTO CENTRALE,PALERMO CENTRALE,0.6590909090909091,-1.0,88,2023-01-01,2023-03-31,17,8,2,38.109187,13.367515,19:17,88,11
