train_class,train_number,train_arrival_stop_name,train_departure_stop_name,stop_name,avg_arrival_delay,median_arrival_delay,count_dates_stop,first_date,last_date,count_3m_delay,count_5m_delay,count_10m_delay,stop_lat,stop_lon,stop_time,count_dates_train,stop_number
REG,12958,TAORMINA,CATANIA CENTRALE,CATANIA CENTRALE,2.216666666666667,2.0,60,2023-01-02,2023-03-31,13,3,3,37.506211,15.099417,05:50,60,1
REG,12958,TAORMINA,CATANIA CENTRALE,ACIREALE,0.26785714285714285,-1.0,56,2023-01-02,2023-03-31,6,4,1,37.600514,15.163697,06:04,60,2
REG,12958,TAORMINA,CATANIA CENTRALE,GIARRE RIPOSTO,0.8,0.0,60,2023-01-02,2023-03-31,6,5,1,37.730346,15.193386,06:14,60,3
REG,12958,TAORMINA,CATANIA CENTRALE,FIUMEFREDDO DI SICILIA,-2.5833333333333335,-4.0,60,2023-01-02,2023-03-31,4,2,1,37.795247,15.205615,06:26,60,4
REG,12958,TAORMINA,CATANIA CENTRALE,ALCANTARA,0.8333333333333334,0.0,60,2023-01-02,2023-03-31,12,6,1,37.82145,15.251158,06:36,60,5
REG,12958,TAORMINA,CATANIA CENTRALE,TAORMINA,-0.7166666666666667,-1.0,60,2023-01-02,2023-03-31,4,1,0,37.845429,15.282584,06:47,60,6
