train_class,train_number,train_arrival_stop_name,train_departure_stop_name,stop_name,avg_arrival_delay,median_arrival_delay,count_dates_stop,first_date,last_date,count_3m_delay,count_5m_delay,count_10m_delay,stop_lat,stop_lon,stop_time,count_dates_train,stop_number
AV,8596,GENOVA P.PRINCIPE,ROMA TERMINI,GENOVA BRIGNOLE,6.5394736842105265,4.0,76,2023-01-03,2023-03-31,47,37,17,44.407213,8.947553,00:22,76,1
AV,8596,GENOVA P.PRINCIPE,ROMA TERMINI,GENOVA P.PRINCIPE,5.407894736842105,3.0,76,2023-01-03,2023-03-31,41,29,14,44.417784,8.9207,00:30,76,2
AV,8596,GENOVA P.PRINCIPE,ROMA TERMINI,ROMA TERMINI,1.9342105263157894,1.0,76,2023-01-03,2023-03-31,20,11,2,41.900636,12.502026,20:23,76,3
AV,8596,GENOVA P.PRINCIPE,ROMA TERMINI,ROMA TIBURTINA,1.5138888888888888,1.0,72,2023-01-03,2023-03-31,20,14,1,41.910903,12.530749,20:30,76,4
AV,8596,GENOVA P.PRINCIPE,ROMA TERMINI,FIRENZE CAMPO MARTE,6.4868421052631575,5.0,76,2023-01-03,2023-03-31,55,44,15,43.776856,11.27702,21:52,76,5
AV,8596,GENOVA P.PRINCIPE,ROMA TERMINI,PISA CENTRALE,9.710526315789474,7.0,76,2023-01-03,2023-03-31,70,53,27,43.70794,10.398183,22:40,76,6
AV,8596,GENOVA P.PRINCIPE,ROMA TERMINI,LA SPEZIA CENTRALE,5.5394736842105265,3.0,76,2023-01-03,2023-03-31,42,30,15,44.11141,9.813906,23:25,76,7
