train_class,train_number,train_arrival_stop_name,train_departure_stop_name,stop_name,avg_arrival_delay,median_arrival_delay,count_dates_stop,first_date,last_date,count_3m_delay,count_5m_delay,count_10m_delay,stop_lat,stop_lon,stop_time,count_dates_train,stop_number
REG,16495,PORTOGRUARO CAORLE,TREVISO C.,TREVISO C.,0.7631578947368421,0.0,76,2023-01-02,2023-03-31,7,5,1,45.659608,12.24614,17:31,76,1
REG,16495,PORTOGRUARO CAORLE,TREVISO C.,OLMI SPERCENIGO,2.289473684210526,2.0,76,2023-01-02,2023-03-31,13,7,2,45.679467,12.338101,17:38,76,2
REG,16495,PORTOGRUARO CAORLE,TREVISO C.,S.BIAGIO DI CALLALTA,0.5657894736842105,0.0,76,2023-01-02,2023-03-31,7,7,2,45.686134,12.374316,17:43,76,3
REG,16495,PORTOGRUARO CAORLE,TREVISO C.,FAGARE,2.1184210526315788,2.0,76,2023-01-02,2023-03-31,10,7,1,45.70705,12.444296,17:49,76,4
REG,16495,PORTOGRUARO CAORLE,TREVISO C.,PONTE DI PIAVE,0.5526315789473685,0.0,76,2023-01-02,2023-03-31,8,2,1,45.719624,12.460683,17:53,76,5
REG,16495,PORTOGRUARO CAORLE,TREVISO C.,ODERZO,0.5789473684210527,0.0,76,2023-01-02,2023-03-31,5,2,1,45.775304,12.49293,18:00,76,6
REG,16495,PORTOGRUARO CAORLE,TREVISO C.,GORGO AL MONTICANO,2.1710526315789473,2.0,76,2023-01-02,2023-03-31,17,5,1,45.784444,12.553737,18:06,76,7
REG,16495,PORTOGRUARO CAORLE,TREVISO C.,MOTTA DI LIVENZA,0.21052631578947367,-1.0,76,2023-01-02,2023-03-31,7,3,1,45.779114,12.607118,18:11,76,8
REG,16495,PORTOGRUARO CAORLE,TREVISO C.,ANNONE VENETO,3.1842105263157894,3.0,76,2023-01-02,2023-03-31,43,13,1,45.774904,12.680334,18:16,76,9
REG,16495,PORTOGRUARO CAORLE,TREVISO C.,PORTOGRUARO CAORLE,-2.210526315789474,-3.0,76,2023-01-02,2023-03-31,2,1,0,45.781438,12.832375,18:30,76,10
