train_class,train_number,train_arrival_stop_name,train_departure_stop_name,stop_name,avg_arrival_delay,median_arrival_delay,count_dates_stop,first_date,last_date,count_3m_delay,count_5m_delay,count_10m_delay,stop_lat,stop_lon,stop_time,count_dates_train,stop_number
REG,5661,REGGIO CALABRIA CENTRALE,PAOLA,PAOLA,1.125,1.0,72,2023-01-02,2023-03-31,3,2,0,39.359442,16.033093,05:15,72,1
REG,5661,REGGIO CALABRIA CENTRALE,PAOLA,AMANTEA,-0.3611111111111111,-2.0,72,2023-01-02,2023-03-31,6,6,4,39.134353,16.068448,05:31,72,2
REG,5661,REGGIO CALABRIA CENTRALE,PAOLA,LAMEZIA TERME CENTRALE,-2.25,-3.0,72,2023-01-02,2023-03-31,6,5,3,38.921347,16.255577,05:50,72,3
REG,5661,REGGIO CALABRIA CENTRALE,PAOLA,VIBO VALENZIA PIZZO,1.2361111111111112,1.0,72,2023-01-02,2023-03-31,8,7,2,38.714593,16.139887,06:06,72,4
REG,5661,REGGIO CALABRIA CENTRALE,PAOLA,MILETO,1.5972222222222223,1.0,72,2023-01-02,2023-03-31,10,7,2,38.577082,16.060041,06:16,72,5
REG,5661,REGGIO CALABRIA CENTRALE,PAOLA,ROSARNO,1.2222222222222223,0.0,72,2023-01-02,2023-03-31,11,8,2,38.488593,15.970149,06:24,72,6
REG,5661,REGGIO CALABRIA CENTRALE,PAOLA,GIOIA TAURO,2.6805555555555554,2.0,72,2023-01-02,2023-03-31,25,9,4,38.423436,15.897516,06:31,72,7
REG,5661,REGGIO CALABRIA CENTRALE,PAOLA,PALMI,3.0277777777777777,2.0,72,2023-01-02,2023-03-31,31,12,2,38.364914,15.84438,06:38,72,8
REG,5661,REGGIO CALABRIA CENTRALE,PAOLA,BAGNARA,3.3472222222222223,2.0,72,2023-01-02,2023-03-31,33,12,3,38.282695,15.800327,06:46,72,9
REG,5661,REGGIO CALABRIA CENTRALE,PAOLA,VILLA SAN GIOVANNI,1.9577464788732395,1.0,71,2023-01-02,2023-03-31,20,9,3,38.216638,15.634336,07:02,72,10
REG,5661,REGGIO CALABRIA CENTRALE,PAOLA,REGGIO CALABRIA CENTRALE,-0.6527777777777778,-2.0,72,2023-01-02,2023-03-31,9,5,2,38.103884,15.635844,07:21,72,11
