train_class,train_number,train_arrival_stop_name,train_departure_stop_name,stop_name,avg_arrival_delay,median_arrival_delay,count_dates_stop,first_date,last_date,count_3m_delay,count_5m_delay,count_10m_delay,stop_lat,stop_lon,stop_time,count_dates_train,stop_number
REG,18909,FAENZA,FIRENZE S.M.N.,FIRENZE S.M.N.,1.4864864864864864,1.0,74,2023-01-02,2023-03-31,12,5,1,43.776893,11.247373,15:40,74,1
REG,18909,FAENZA,FIRENZE S.M.N.,BINARIO S.MARCO VECCHIO,2.7837837837837838,2.0,74,2023-01-02,2023-03-31,27,8,1,43.790336,11.267403,15:45,74,2
REG,18909,FAENZA,FIRENZE S.M.N.,FIESOLE CALDINE,1.3243243243243243,1.0,74,2023-01-02,2023-03-31,13,6,1,43.833697,11.266047,15:52,74,3
REG,18909,FAENZA,FIRENZE S.M.N.,VAGLIA,1.3108108108108107,0.0,74,2023-01-02,2023-03-31,17,10,2,43.924442,11.284576,16:08,74,4
REG,18909,FAENZA,FIRENZE S.M.N.,S.PIERO A SIEVE,0.972972972972973,0.0,74,2023-01-02,2023-03-31,15,8,2,43.958317,11.322742,16:15,74,5
REG,18909,FAENZA,FIRENZE S.M.N.,BORGO S. LORENZO,1.9324324324324325,1.0,74,2023-01-02,2023-03-31,17,11,4,43.959822,11.380422,16:20,74,6
REG,18909,FAENZA,FIRENZE S.M.N.,RONTA,1.2297297297297298,0.0,74,2023-01-02,2023-03-31,16,9,3,44.009432,11.434125,16:31,74,7
REG,18909,FAENZA,FIRENZE S.M.N.,CRESPINO DEL LAMONE,1.662162162162162,1.0,74,2023-01-02,2023-03-31,14,9,4,,,16:43,74,8
REG,18909,FAENZA,FIRENZE S.M.N.,BIFORCO,4.95945945945946,4.0,74,2023-01-02,2023-03-31,63,28,5,44.068431,11.602243,16:51,74,9
REG,18909,FAENZA,FIRENZE S.M.N.,MARRADI,4.094594594594595,3.0,74,2023-01-02,2023-03-31,42,18,5,44.07973,11.619174,16:55,74,10
REG,18909,FAENZA,FIRENZE S.M.N.,S.CASSIANO,5.635135135135135,4.0,74,2023-01-02,2023-03-31,64,34,6,44.143684,11.687503,17:03,74,11
REG,18909,FAENZA,FIRENZE S.M.N.,FOGNANO,8.094594594594595,7.0,74,2023-01-02,2023-03-31,73,63,13,,,17:10,74,12
REG,18909,FAENZA,FIRENZE S.M.N.,BRISIGHELLA,6.851351351351352,6.0,74,2023-01-02,2023-03-31,67,48,10,44.220565,11.769757,17:16,74,13
REG,18909,FAENZA,FIRENZE S.M.N.,FAENZA,5.72972972972973,4.0,74,2023-01-02,2023-03-31,55,32,7,44.293594,11.883268,17:29,74,14
