train_class,train_number,train_arrival_stop_name,train_departure_stop_name,stop_name,avg_arrival_delay,median_arrival_delay,count_dates_stop,first_date,last_date,count_3m_delay,count_5m_delay,count_10m_delay,stop_lat,stop_lon,stop_time,count_dates_train,stop_number
REG,4175,SULMONA,PESCARA,PESCARA,1.4375,1.0,64,2023-01-02,2023-03-31,2,1,0,42.467789,14.205066,06:56,64,1
REG,4175,SULMONA,PESCARA,PESCARA PORTA NUOVA,0.546875,0.0,64,2023-01-02,2023-03-31,1,1,0,42.458072,14.211663,06:59,64,2
REG,4175,SULMONA,PESCARA,PESCARA S. MARCO,4.703125,5.0,64,2023-01-02,2023-03-31,64,35,0,42.44613,14.208981,07:03,64,3
REG,4175,SULMONA,PESCARA,CHIETI-MAD.D.P.,3.875,4.0,64,2023-01-02,2023-03-31,58,11,1,,,07:10,64,4
REG,4175,SULMONA,PESCARA,CHIETI,1.171875,1.0,64,2023-01-02,2023-03-31,8,3,1,42.356905,14.13815,07:13,64,5
REG,4175,SULMONA,PESCARA,MANOPPELLO,1.984375,1.0,64,2023-01-02,2023-03-31,16,6,2,42.305848,14.061057,07:20,64,6
REG,4175,SULMONA,PESCARA,ALANNO,5.34375,5.0,64,2023-01-02,2023-03-31,64,48,2,42.287185,14.019595,07:30,64,7
REG,4175,SULMONA,PESCARA,SCAFA S.VALENTINO CARAMANICO T,0.046875,0.0,64,2023-01-02,2023-03-31,3,2,0,42.26717,13.99909,07:36,64,8
REG,4175,SULMONA,PESCARA,TORRE DEI PASSERI,0.921875,1.0,64,2023-01-02,2023-03-31,6,2,0,42.244022,13.937525,07:44,64,9
REG,4175,SULMONA,PESCARA,POPOLI VITTORITO,0.96875,1.0,64,2023-01-02,2023-03-31,7,1,1,42.172354,13.826152,07:57,64,10
REG,4175,SULMONA,PESCARA,PRATOLA PELIGNA,0.625,0.0,64,2023-01-02,2023-03-31,6,1,1,42.102423,13.876349,08:05,64,11
REG,4175,SULMONA,PESCARA,SULMONA,-1.984375,-3.0,64,2023-01-02,2023-03-31,1,1,1,42.060836,13.907156,08:15,64,12
