train_class,train_number,train_arrival_stop_name,train_departure_stop_name,stop_name,avg_arrival_delay,median_arrival_delay,count_dates_stop,first_date,last_date,count_3m_delay,count_5m_delay,count_10m_delay,stop_lat,stop_lon,stop_time,count_dates_train,stop_number
REG,11392,CHIVASSO,NOVARA,NOVARA,3.2142857142857144,1.0,14,2023-01-01,2023-03-26,5,3,1,45.451376,8.624895,13:05,14,1
REG,11392,CHIVASSO,NOVARA,BORGO VERCELLI,1.7857142857142858,0.0,14,2023-01-01,2023-03-26,4,3,1,45.359252,8.461474,13:16,14,2
REG,11392,CHIVASSO,NOVARA,VERCELLI,1.6428571428571428,0.0,14,2023-01-01,2023-03-26,4,3,1,45.329909,8.416028,13:21,14,3
REG,11392,CHIVASSO,NOVARA,S. GERMANO VERCELLESE,3.0,1.0,14,2023-01-01,2023-03-26,5,3,1,45.353603,8.249958,13:30,14,4
REG,11392,CHIVASSO,NOVARA,SANTHIA`,2.2142857142857144,1.0,14,2023-01-01,2023-03-26,4,3,1,45.363726,8.180093,13:35,14,5
REG,11392,CHIVASSO,NOVARA,TRONZANO,1.4285714285714286,0.0,14,2023-01-01,2023-03-26,4,1,1,45.342929,8.168395,13:39,14,6
REG,11392,CHIVASSO,NOVARA,BIANZE`,1.6428571428571428,1.0,14,2023-01-01,2023-03-26,4,1,1,45.309488,8.115523,13:44,14,7
REG,11392,CHIVASSO,NOVARA,LIVORNO FERRARIS,0.5,-1.0,14,2023-01-01,2023-03-26,2,1,0,45.283402,8.073493,13:49,14,8
REG,11392,CHIVASSO,NOVARA,S. ANTONINO DI SALUGGIA,1.4285714285714286,1.0,14,2023-01-01,2023-03-26,1,1,0,45.253967,8.039728,13:55,14,9
REG,11392,CHIVASSO,NOVARA,SALUGGIA,1.2857142857142858,1.0,14,2023-01-01,2023-03-26,1,1,0,45.23443,8.017112,14:00,14,10
REG,11392,CHIVASSO,NOVARA,TORRAZZA P.,-0.35714285714285715,-1.0,14,2023-01-01,2023-03-26,1,0,0,45.211855,7.970255,14:05,14,11
REG,11392,CHIVASSO,NOVARA,CHIVASSO,-6.928571428571429,-8.0,14,2023-01-01,2023-03-26,0,0,0,45.193637,7.889666,14:20,14,12
