train_class,train_number,train_arrival_stop_name,train_departure_stop_name,stop_name,avg_arrival_delay,median_arrival_delay,count_dates_stop,first_date,last_date,count_3m_delay,count_5m_delay,count_10m_delay,stop_lat,stop_lon,stop_time,count_dates_train,stop_number
REG,10601,CREMONA,MILANO PORTA GARIBALDI,MILANO PORTA GARIBALDI,2.305084745762712,1.0,59,2023-01-02,2023-03-31,8,5,3,45.484917,9.187683,10:22,59,1
REG,10601,CREMONA,MILANO PORTA GARIBALDI,MILANO LAMBRATE,3.4915254237288136,2.0,59,2023-01-02,2023-03-31,26,12,7,45.484933,9.237333,10:39,59,2
REG,10601,CREMONA,MILANO PORTA GARIBALDI,TREVIGLIO,-1.305084745762712,-3.0,59,2023-01-02,2023-03-31,12,9,4,45.515063,9.587919,11:05,59,3
REG,10601,CREMONA,MILANO PORTA GARIBALDI,CARAVAGGIO,1.88135593220339,0.0,59,2023-01-02,2023-03-31,14,11,5,45.491158,9.637723,11:12,59,4
REG,10601,CREMONA,MILANO PORTA GARIBALDI,CAPRALBA,3.7288135593220337,2.0,59,2023-01-02,2023-03-31,23,14,6,45.443871,9.640015,11:17,59,5
REG,10601,CREMONA,MILANO PORTA GARIBALDI,CASALETTO VAPRIO,2.6440677966101696,1.0,59,2023-01-02,2023-03-31,20,13,5,45.408641,9.631746,11:22,59,6
REG,10601,CREMONA,MILANO PORTA GARIBALDI,CREMA,5.033898305084746,2.0,59,2023-01-02,2023-03-31,28,18,7,45.366864,9.694209,11:28,59,7
REG,10601,CREMONA,MILANO PORTA GARIBALDI,MADIGNANO,6.186440677966102,4.0,59,2023-01-02,2023-03-31,46,26,8,45.34383,9.730179,11:33,59,8
REG,10601,CREMONA,MILANO PORTA GARIBALDI,CASTELLEONE,5.322033898305085,3.0,59,2023-01-02,2023-03-31,33,19,7,45.301826,9.76779,11:39,59,9
REG,10601,CREMONA,MILANO PORTA GARIBALDI,SORESINA,5.0,3.0,59,2023-01-02,2023-03-31,33,21,7,45.283083,9.85664,11:46,59,10
REG,10601,CREMONA,MILANO PORTA GARIBALDI,CASALBUTTANO,3.305084745762712,1.0,59,2023-01-02,2023-03-31,21,13,10,45.255398,9.962361,11:55,59,11
REG,10601,CREMONA,MILANO PORTA GARIBALDI,OLMENETA,2.23728813559322,0.0,59,2023-01-02,2023-03-31,20,12,4,45.231099,10.03194,12:07,59,12
REG,10601,CREMONA,MILANO PORTA GARIBALDI,CREMONA,1.7457627118644068,-1.0,59,2023-01-02,2023-03-31,18,8,4,45.143215,10.017951,12:19,59,13
