train_class,train_number,train_arrival_stop_name,train_departure_stop_name,stop_name,avg_arrival_delay,median_arrival_delay,count_dates_stop,first_date,last_date,count_3m_delay,count_5m_delay,count_10m_delay,stop_lat,stop_lon,stop_time,count_dates_train,stop_number
REG,11277,MORTARA,NOVARA,NOVARA,1.7894736842105263,1.0,76,2023-01-02,2023-03-31,14,5,1,45.451376,8.624895,18:27,76,1
REG,11277,MORTARA,NOVARA,GARBAGNA,1.8133333333333332,1.0,75,2023-01-02,2023-03-31,14,5,1,45.385552,8.66627,18:32,76,2
REG,11277,MORTARA,NOVARA,VESPOLATE,2.1710526315789473,2.0,76,2023-01-02,2023-03-31,25,5,1,45.351517,8.671947,18:36,76,3
REG,11277,MORTARA,NOVARA,BORGO LAVEZZARO,1.4736842105263157,1.0,76,2023-01-02,2023-03-31,14,6,1,45.318783,8.703242,18:42,76,4
REG,11277,MORTARA,NOVARA,ALBONESE,1.631578947368421,1.0,76,2023-01-02,2023-03-31,7,3,1,45.297785,8.714601,18:47,76,5
REG,11277,MORTARA,NOVARA,MORTARA,-0.23684210526315788,-1.0,76,2023-01-02,2023-03-31,4,3,1,45.252171,8.731639,18:54,76,6
