train_class,train_number,train_arrival_stop_name,train_departure_stop_name,stop_name,avg_arrival_delay,median_arrival_delay,count_dates_stop,first_date,last_date,count_3m_delay,count_5m_delay,count_10m_delay,stop_lat,stop_lon,stop_time,count_dates_train,stop_number
REG,3692,MONTEBELLUNA,PADOVA,PADOVA,1.46875,1.0,64,2023-01-02,2023-03-31,4,4,1,45.417846,11.880794,07:07,64,1
REG,3692,MONTEBELLUNA,PADOVA,CAMPOSAMPIERO,-0.390625,-1.0,64,2023-01-02,2023-03-31,5,1,1,45.568922,11.928293,07:22,64,2
REG,3692,MONTEBELLUNA,PADOVA,CASTELFRANCO VENETO,1.234375,1.0,64,2023-01-02,2023-03-31,7,1,1,45.666439,11.934315,07:34,64,3
REG,3692,MONTEBELLUNA,PADOVA,FANZOLO,2.6875,2.0,64,2023-01-02,2023-03-31,31,4,1,45.708253,11.992069,07:42,64,4
REG,3692,MONTEBELLUNA,PADOVA,MONTEBELLUNA,0.734375,0.0,64,2023-01-02,2023-03-31,5,2,1,45.776434,12.054,07:52,64,5
