train_class,train_number,train_arrival_stop_name,train_departure_stop_name,stop_name,avg_arrival_delay,median_arrival_delay,count_dates_stop,first_date,last_date,count_3m_delay,count_5m_delay,count_10m_delay,stop_lat,stop_lon,stop_time,count_dates_train,stop_number
REG,16555,BELLUNO,CALALZO PIEVE CADORE CORTINA,CALALZO PIEVE CADORE CORTINA,1.54,1.0,50,2023-01-01,2023-03-31,5,1,0,46.443829,12.388668,13:28,50,1
REG,16555,BELLUNO,CALALZO PIEVE CADORE CORTINA,PERAROLO DI CADORE,0.32,0.0,50,2023-01-01,2023-03-31,2,1,0,46.386277,12.352493,13:39,50,2
REG,16555,BELLUNO,CALALZO PIEVE CADORE CORTINA,LONGARONE ZOLDO,3.0,3.0,50,2023-01-01,2023-03-31,32,3,0,46.267466,12.301953,13:55,50,3
REG,16555,BELLUNO,CALALZO PIEVE CADORE CORTINA,PONTE NELLE ALPI POLPET,0.5,1.0,50,2023-01-01,2023-03-31,3,1,0,46.182328,12.277604,14:08,50,4
REG,16555,BELLUNO,CALALZO PIEVE CADORE CORTINA,BELLUNO,0.28,0.0,50,2023-01-01,2023-03-31,2,0,0,46.141594,12.209703,14:18,50,5
