train_class,train_number,train_arrival_stop_name,train_departure_stop_name,stop_name,avg_arrival_delay,median_arrival_delay,count_dates_stop,first_date,last_date,count_3m_delay,count_5m_delay,count_10m_delay,stop_lat,stop_lon,stop_time,count_dates_train,stop_number
REG,17746,BOLOGNA C.LE,PORRETTA  TERME,PORRETTA  TERME,2.0,1.0,12,2023-01-01,2023-03-26,3,1,0,44.155757,10.978039,08:22,12,1
REG,17746,BOLOGNA C.LE,PORRETTA  TERME,SILLA,1.3333333333333333,1.0,12,2023-01-01,2023-03-26,2,0,0,44.177652,10.980635,08:24,12,2
REG,17746,BOLOGNA C.LE,PORRETTA  TERME,RIOLA,0.8333333333333334,1.0,12,2023-01-01,2023-03-26,2,0,0,44.229851,11.053592,08:33,12,3
REG,17746,BOLOGNA C.LE,PORRETTA  TERME,VERGATO,1.5,1.0,12,2023-01-01,2023-03-26,2,0,0,44.282723,11.114386,08:40,12,4
REG,17746,BOLOGNA C.LE,PORRETTA  TERME,PIOPPE DI SALVARO,2.0,2.0,12,2023-01-01,2023-03-26,3,0,0,44.310761,11.161785,08:46,12,5
REG,17746,BOLOGNA C.LE,PORRETTA  TERME,PIAN DI VENOLA,1.6666666666666667,1.0,12,2023-01-01,2023-03-26,2,0,0,44.332136,11.188609,08:51,12,6
REG,17746,BOLOGNA C.LE,PORRETTA  TERME,MARZABOTTO,1.3333333333333333,1.0,12,2023-01-01,2023-03-26,2,0,0,44.341237,11.207351,08:54,12,7
REG,17746,BOLOGNA C.LE,PORRETTA  TERME,LAMA DI RENO,1.5,1.0,12,2023-01-01,2023-03-26,2,0,0,44.363501,11.216168,08:57,12,8
REG,17746,BOLOGNA C.LE,PORRETTA  TERME,SASSO MARCONI,0.3333333333333333,0.0,12,2023-01-01,2023-03-26,1,0,0,44.394939,11.254333,09:03,12,9
REG,17746,BOLOGNA C.LE,PORRETTA  TERME,BORGONUOVO,3.0833333333333335,3.0,12,2023-01-01,2023-03-26,8,1,0,,,09:09,12,10
REG,17746,BOLOGNA C.LE,PORRETTA  TERME,CASALECCHIO DI RENO,3.0833333333333335,3.0,12,2023-01-01,2023-03-26,8,1,0,44.474298,11.276097,09:13,12,11
REG,17746,BOLOGNA C.LE,PORRETTA  TERME,CASALECCHIO GARIBALDI,-0.16666666666666666,-1.0,12,2023-01-01,2023-03-26,1,0,0,44.482995,11.272474,09:17,12,12
REG,17746,BOLOGNA C.LE,PORRETTA  TERME,CASTELDEBOLE,1.5,1.0,12,2023-01-01,2023-03-26,1,1,0,44.503974,11.27456,09:20,12,13
REG,17746,BOLOGNA C.LE,PORRETTA  TERME,BOLOGNA BORGO PANIGALE,1.6666666666666667,1.0,12,2023-01-01,2023-03-26,1,1,0,44.515024,11.284728,09:23,12,14
REG,17746,BOLOGNA C.LE,PORRETTA  TERME,BOLOGNA C.LE,-1.9166666666666667,-3.0,12,2023-01-01,2023-03-26,1,1,0,44.50626,11.342267,09:32,12,15
