train_class,train_number,train_arrival_stop_name,train_departure_stop_name,stop_name,avg_arrival_delay,median_arrival_delay,count_dates_stop,first_date,last_date,count_3m_delay,count_5m_delay,count_10m_delay,stop_lat,stop_lon,stop_time,count_dates_train,stop_number
REG,3640,CONEGLIANO,VENEZIA SANTA LUCIA,VENEZIA SANTA LUCIA,1.0449438202247192,1.0,89,2023-01-01,2023-03-31,4,3,1,45.441569,12.320882,06:31,89,1
REG,3640,CONEGLIANO,VENEZIA SANTA LUCIA,VENEZIA MESTRE,0.9325842696629213,1.0,89,2023-01-01,2023-03-31,9,4,1,45.482123,12.232069,06:41,89,2
REG,3640,CONEGLIANO,VENEZIA SANTA LUCIA,MOGLIANO VENETO,0.12359550561797752,-1.0,89,2023-01-01,2023-03-31,8,2,2,45.561964,12.23274,06:52,89,3
REG,3640,CONEGLIANO,VENEZIA SANTA LUCIA,TREVISO C.,-0.29213483146067415,-1.0,89,2023-01-01,2023-03-31,4,2,2,45.659608,12.24614,07:05,89,4
REG,3640,CONEGLIANO,VENEZIA SANTA LUCIA,SPRESIANO,0.0898876404494382,-1.0,89,2023-01-01,2023-03-31,3,2,2,45.77763,12.266984,07:17,89,5
REG,3640,CONEGLIANO,VENEZIA SANTA LUCIA,CONEGLIANO,-2.1235955056179776,-3.0,89,2023-01-01,2023-03-31,2,2,1,45.884706,12.298909,07:30,89,6
