train_class,train_number,train_arrival_stop_name,train_departure_stop_name,stop_name,avg_arrival_delay,median_arrival_delay,count_dates_stop,first_date,last_date,count_3m_delay,count_5m_delay,count_10m_delay,stop_lat,stop_lon,stop_time,count_dates_train,stop_number
REG,22613,SEVESO,MILANO BOVISA,PADERNO DUGNANO,0.0,0.0,56,2023-01-02,2023-03-31,0,0,0,,,07:02,56,1
REG,22613,SEVESO,MILANO BOVISA,VAREDO,0.0,0.0,56,2023-01-02,2023-03-31,0,0,0,,,07:07,56,2
REG,22613,SEVESO,MILANO BOVISA,CESANO MADERNO,0.0,0.0,56,2023-01-02,2023-03-31,0,0,0,,,07:13,56,3
REG,22613,SEVESO,MILANO BOVISA,SEVESO,0.0,0.0,56,2023-01-02,2023-03-31,0,0,0,45.648187,9.140488,07:18,56,4
