train_class,train_number,train_arrival_stop_name,train_departure_stop_name,stop_name,avg_arrival_delay,median_arrival_delay,count_dates_stop,first_date,last_date,count_3m_delay,count_5m_delay,count_10m_delay,stop_lat,stop_lon,stop_time,count_dates_train,stop_number
REG,25862,MILANO PORTA GARIBALDI,BERGAMO,BERGAMO,1.264367816091954,1.0,87,2023-01-01,2023-03-31,7,2,1,45.690271,9.675082,16:20,87,1
REG,25862,MILANO PORTA GARIBALDI,BERGAMO,PONTE S.PIETRO,2.546511627906977,2.0,86,2023-01-01,2023-03-31,31,6,2,45.69916,9.584322,16:29,87,2
REG,25862,MILANO PORTA GARIBALDI,BERGAMO,TERNO,4.511627906976744,4.0,86,2023-01-01,2023-03-31,65,40,2,45.688658,9.536169,16:34,87,3
REG,25862,MILANO PORTA GARIBALDI,BERGAMO,CALUSCO,4.744186046511628,5.0,86,2023-01-01,2023-03-31,67,45,2,45.684113,9.470646,16:40,87,4
REG,25862,MILANO PORTA GARIBALDI,BERGAMO,PADERNO ROBBIATE,5.465116279069767,5.0,86,2023-01-01,2023-03-31,74,53,4,45.678307,9.439202,16:47,87,5
REG,25862,MILANO PORTA GARIBALDI,BERGAMO,CARNATE USMATE,1.8837209302325582,2.0,86,2023-01-01,2023-03-31,31,16,2,45.653072,9.375089,16:58,87,6
REG,25862,MILANO PORTA GARIBALDI,BERGAMO,ARCORE,1.8352941176470587,1.0,85,2023-01-01,2023-03-31,28,16,2,45.623493,9.322798,17:04,87,7
REG,25862,MILANO PORTA GARIBALDI,BERGAMO,MONZA,1.4651162790697674,1.0,86,2023-01-01,2023-03-31,23,11,2,45.577789,9.273253,17:11,87,8
REG,25862,MILANO PORTA GARIBALDI,BERGAMO,SESTO S. GIOVANNI,2.781609195402299,2.0,87,2023-01-01,2023-03-31,36,18,3,45.541087,9.23926,17:16,87,9
REG,25862,MILANO PORTA GARIBALDI,BERGAMO,MILANO GRECO PIRELLI,2.896551724137931,2.0,87,2023-01-01,2023-03-31,39,22,4,45.51272,9.214456,17:21,87,10
REG,25862,MILANO PORTA GARIBALDI,BERGAMO,MILANO PORTA GARIBALDI,2.3448275862068964,1.0,87,2023-01-01,2023-03-31,32,15,7,45.484917,9.187683,17:29,87,11
