train_class,train_number,train_arrival_stop_name,train_departure_stop_name,stop_name,avg_arrival_delay,median_arrival_delay,count_dates_stop,first_date,last_date,count_3m_delay,count_5m_delay,count_10m_delay,stop_lat,stop_lon,stop_time,count_dates_train,stop_number
REG,26224,CHIVASSO,PINEROLO,PINEROLO,0.9863013698630136,1.0,73,2023-01-02,2023-03-31,2,0,0,44.887673,7.337402,16:17,73,1
REG,26224,CHIVASSO,PINEROLO,PINEROLO OLIMPICA,2.9863013698630136,3.0,73,2023-01-02,2023-03-31,62,2,0,44.893325,7.349043,16:18,73,2
REG,26224,CHIVASSO,PINEROLO,PISCINA DI PINEROLO,-0.9452054794520548,-1.0,73,2023-01-02,2023-03-31,1,1,0,44.921744,7.425482,16:27,73,3
REG,26224,CHIVASSO,PINEROLO,AIRASCA,3.1506849315068495,3.0,73,2023-01-02,2023-03-31,47,14,1,44.928093,7.483536,16:32,73,4
REG,26224,CHIVASSO,PINEROLO,NONE,4.082191780821918,4.0,73,2023-01-02,2023-03-31,56,26,1,44.938011,7.540068,16:36,73,5
REG,26224,CHIVASSO,PINEROLO,CANDIOLO,5.0,5.0,73,2023-01-02,2023-03-31,61,40,4,44.961155,7.598973,16:41,73,6
REG,26224,CHIVASSO,PINEROLO,NICHELINO,5.6438356164383565,6.0,73,2023-01-02,2023-03-31,67,46,6,44.99132,7.642068,16:46,73,7
REG,26224,CHIVASSO,PINEROLO,MONCALIERI SANGONE,5.602739726027397,5.0,73,2023-01-02,2023-03-31,69,48,4,45.000393,7.667991,16:50,73,8
REG,26224,CHIVASSO,PINEROLO,TORINO LINGOTTO,3.589041095890411,3.0,73,2023-01-02,2023-03-31,49,27,1,45.0266,7.657469,16:57,73,9
REG,26224,CHIVASSO,PINEROLO,TORINO PORTA SUSA,3.452054794520548,3.0,73,2023-01-02,2023-03-31,43,27,0,45.075906,7.667673,17:04,73,10
REG,26224,CHIVASSO,PINEROLO,TORINO REBAUDENGO FOSSATA,3.9726027397260273,4.0,73,2023-01-02,2023-03-31,51,29,1,,,17:08,73,11
REG,26224,CHIVASSO,PINEROLO,TORINO STURA,3.8904109589041096,4.0,73,2023-01-02,2023-03-31,47,29,1,45.121932,7.713202,17:12,73,12
REG,26224,CHIVASSO,PINEROLO,SETTIMO,3.7945205479452055,4.0,73,2023-01-02,2023-03-31,48,28,1,45.139834,7.769335,17:17,73,13
REG,26224,CHIVASSO,PINEROLO,BRANDIZZO,3.2083333333333335,3.0,72,2023-01-02,2023-03-31,42,20,1,45.178915,7.841218,17:23,73,14
REG,26224,CHIVASSO,PINEROLO,CHIVASSO,1.8767123287671232,2.0,73,2023-01-02,2023-03-31,24,8,0,45.193637,7.889666,17:31,73,15
