train_class,train_number,train_arrival_stop_name,train_departure_stop_name,stop_name,avg_arrival_delay,median_arrival_delay,count_dates_stop,first_date,last_date,count_3m_delay,count_5m_delay,count_10m_delay,stop_lat,stop_lon,stop_time,count_dates_train,stop_number
REG,4730,PERUGIA,ROMA TERMINI,ROMA TERMINI,0.7230769230769231,0.0,65,2023-01-02,2023-03-31,3,1,0,41.900636,12.502026,14:28,65,1
REG,4730,PERUGIA,ROMA TERMINI,ROMA TIBURTINA,0.9365079365079365,1.0,63,2023-01-02,2023-03-31,6,1,0,41.910903,12.530749,14:34,65,2
REG,4730,PERUGIA,ROMA TERMINI,ORTE,2.169230769230769,1.0,65,2023-01-02,2023-03-31,15,9,3,42.43728,12.408986,15:07,65,3
REG,4730,PERUGIA,ROMA TERMINI,BAIANO DI SPOLETO,3.8461538461538463,2.0,65,2023-01-02,2023-03-31,28,17,6,42.726238,12.663615,15:48,65,4
REG,4730,PERUGIA,ROMA TERMINI,SPOLETO,3.484375,2.0,64,2023-01-02,2023-03-31,23,15,6,42.748121,12.736142,15:55,65,5
REG,4730,PERUGIA,ROMA TERMINI,FOLIGNO,2.171875,0.0,64,2023-01-02,2023-03-31,17,12,5,42.954261,12.711096,16:12,65,6
REG,4730,PERUGIA,ROMA TERMINI,SPELLO,3.646153846153846,2.0,65,2023-01-02,2023-03-31,26,14,5,42.9844,12.668884,16:19,65,7
REG,4730,PERUGIA,ROMA TERMINI,ASSISI,3.078125,0.0,64,2023-01-02,2023-03-31,21,13,6,43.058921,12.585304,16:28,65,8
REG,4730,PERUGIA,ROMA TERMINI,BASTIA,3.046153846153846,1.0,65,2023-01-02,2023-03-31,18,13,6,43.07133,12.547735,16:35,65,9
REG,4730,PERUGIA,ROMA TERMINI,PERUGIA,4.476923076923077,3.0,65,2023-01-02,2023-03-31,34,17,6,43.103808,12.375567,16:58,65,10
