train_class,train_number,train_arrival_stop_name,train_departure_stop_name,stop_name,avg_arrival_delay,median_arrival_delay,count_dates_stop,first_date,last_date,count_3m_delay,count_5m_delay,count_10m_delay,stop_lat,stop_lon,stop_time,count_dates_train,stop_number
REG,5383,SIRACUSA,MESSINA CENTRALE,MESSINA CENTRALE,1.1029411764705883,0.0,68,2023-01-07,2023-03-31,7,4,2,38.184975,15.561278,07:26,68,1
REG,5383,SIRACUSA,MESSINA CENTRALE,SCALETTA ZANCLEA,2.357142857142857,2.0,14,2023-02-06,2023-02-25,5,3,0,38.04635,15.465376,07:40,68,2
REG,5383,SIRACUSA,MESSINA CENTRALE,ALI` TERME,1.4264705882352942,1.0,68,2023-01-07,2023-03-31,14,6,2,38.013952,15.435184,07:44,68,3
REG,5383,SIRACUSA,MESSINA CENTRALE,SANTA TERESA DI RIVA,1.9411764705882353,1.0,68,2023-01-07,2023-03-31,17,9,3,37.946295,15.367682,07:52,68,4
REG,5383,SIRACUSA,MESSINA CENTRALE,TAORMINA,1.6323529411764706,0.0,68,2023-01-07,2023-03-31,13,10,4,37.845429,15.282584,08:05,68,5
REG,5383,SIRACUSA,MESSINA CENTRALE,GIARRE RIPOSTO,1.2794117647058822,-1.0,68,2023-01-07,2023-03-31,14,8,5,37.730346,15.193386,08:19,68,6
REG,5383,SIRACUSA,MESSINA CENTRALE,ACIREALE,2.426470588235294,1.0,68,2023-01-07,2023-03-31,18,9,7,37.600514,15.163697,08:29,68,7
REG,5383,SIRACUSA,MESSINA CENTRALE,CATANIA CENTRALE,2.573529411764706,1.0,68,2023-01-07,2023-03-31,13,9,7,37.506211,15.099417,08:40,68,8
REG,5383,SIRACUSA,MESSINA CENTRALE,LENTINI,4.223880597014926,2.0,67,2023-01-07,2023-03-31,20,15,8,37.300916,14.99758,09:10,68,9
REG,5383,SIRACUSA,MESSINA CENTRALE,AUGUSTA,2.671641791044776,-1.0,67,2023-01-07,2023-03-31,13,11,9,37.24334,15.218628,09:32,68,10
REG,5383,SIRACUSA,MESSINA CENTRALE,PRIOLO MELILLI,3.9402985074626864,1.0,67,2023-01-07,2023-03-31,16,11,10,37.157951,15.197038,09:42,68,11
REG,5383,SIRACUSA,MESSINA CENTRALE,SIRACUSA,4.588235294117647,1.0,68,2023-01-07,2023-03-31,21,11,10,37.068906,15.280896,09:55,68,12
