train_class,train_number,train_arrival_stop_name,train_departure_stop_name,stop_name,avg_arrival_delay,median_arrival_delay,count_dates_stop,first_date,last_date,count_3m_delay,count_5m_delay,count_10m_delay,stop_lat,stop_lon,stop_time,count_dates_train,stop_number
REG,12733,MINTURNO,ROMA TERMINI,ROMA TERMINI,1.52,1.0,75,2023-01-01,2023-03-31,14,6,1,41.900636,12.502026,13:36,75,1
REG,12733,MINTURNO,ROMA TERMINI,POMEZIA - S.PALOMBA,4.586666666666667,4.0,75,2023-01-01,2023-03-31,56,29,7,41.706171,12.573611,13:50,75,2
REG,12733,MINTURNO,ROMA TERMINI,CAMPOLEONE,2.6666666666666665,2.0,75,2023-01-01,2023-03-31,30,17,4,41.642396,12.648341,13:59,75,3
REG,12733,MINTURNO,ROMA TERMINI,CISTERNA DI LATINA,3.56,3.0,75,2023-01-01,2023-03-31,40,23,5,41.586511,12.827538,14:08,75,4
REG,12733,MINTURNO,ROMA TERMINI,LATINA,2.2,1.0,75,2023-01-01,2023-03-31,28,18,3,41.538372,12.945888,14:17,75,5
REG,12733,MINTURNO,ROMA TERMINI,SEZZE ROMANO,2.4266666666666667,1.0,75,2023-01-01,2023-03-31,29,18,4,41.495542,13.038452,14:25,75,6
REG,12733,MINTURNO,ROMA TERMINI,PRIVERNO FOSSANOVA,1.8666666666666667,1.0,75,2023-01-01,2023-03-31,27,19,3,41.421853,13.186406,14:35,75,7
REG,12733,MINTURNO,ROMA TERMINI,MONTE S.BIAGIO,2.8133333333333335,1.0,75,2023-01-01,2023-03-31,32,22,5,41.345967,13.347037,14:46,75,8
REG,12733,MINTURNO,ROMA TERMINI,FONDI - SPERLONGA,2.8666666666666667,1.0,75,2023-01-01,2023-03-31,31,25,5,41.337663,13.424893,14:52,75,9
REG,12733,MINTURNO,ROMA TERMINI,FORMIA-GAETA,1.2666666666666666,0.0,75,2023-01-01,2023-03-31,26,17,3,41.258773,13.605996,15:06,75,10
REG,12733,MINTURNO,ROMA TERMINI,MINTURNO,0.06666666666666667,-1.0,75,2023-01-01,2023-03-31,16,8,2,41.257621,13.720664,15:18,75,11
