train_class,train_number,train_arrival_stop_name,train_departure_stop_name,stop_name,avg_arrival_delay,median_arrival_delay,count_dates_stop,first_date,last_date,count_3m_delay,count_5m_delay,count_10m_delay,stop_lat,stop_lon,stop_time,count_dates_train,stop_number
REG,24817,MILANO PORTA GARIBALDI,LECCO,LECCO,1.1829268292682926,1.0,82,2023-01-01,2023-03-30,6,4,1,45.856471,9.393638,05:06,82,1
REG,24817,MILANO PORTA GARIBALDI,LECCO,LECCO MAGGIANICO,1.329268292682927,1.0,82,2023-01-01,2023-03-30,9,4,1,45.831179,9.411691,05:10,82,2
REG,24817,MILANO PORTA GARIBALDI,LECCO,CALOLZIOCORTE OLGINATE,0.7926829268292683,1.0,82,2023-01-01,2023-03-30,6,5,1,45.801619,9.42698,05:15,82,3
REG,24817,MILANO PORTA GARIBALDI,LECCO,AIRUNO,1.451219512195122,1.0,82,2023-01-01,2023-03-30,8,5,2,45.754086,9.422066,05:21,82,4
REG,24817,MILANO PORTA GARIBALDI,LECCO,OLGIATE-CALCO-BRIVIO,1.3170731707317074,1.0,82,2023-01-01,2023-03-30,6,5,2,45.729166,9.40377,05:25,82,5
REG,24817,MILANO PORTA GARIBALDI,LECCO,CERNUSCO-MERATE,1.170731707317073,1.0,82,2023-01-01,2023-03-30,5,5,0,45.695096,9.396794,05:30,82,6
REG,24817,MILANO PORTA GARIBALDI,LECCO,OSNAGO,1.0975609756097562,1.0,82,2023-01-01,2023-03-30,5,2,0,45.678532,9.386995,05:34,82,7
REG,24817,MILANO PORTA GARIBALDI,LECCO,CARNATE USMATE,-1.2195121951219512,-2.0,82,2023-01-01,2023-03-30,4,2,0,45.653072,9.375089,05:39,82,8
REG,24817,MILANO PORTA GARIBALDI,LECCO,ARCORE,-0.24390243902439024,-1.0,82,2023-01-01,2023-03-30,5,4,1,45.623493,9.322798,05:44,82,9
REG,24817,MILANO PORTA GARIBALDI,LECCO,MONZA,0.18292682926829268,0.0,82,2023-01-01,2023-03-30,5,5,1,45.577789,9.273253,05:50,82,10
REG,24817,MILANO PORTA GARIBALDI,LECCO,SESTO S. GIOVANNI,0.8292682926829268,1.0,82,2023-01-01,2023-03-30,7,5,1,45.541087,9.23926,05:55,82,11
REG,24817,MILANO PORTA GARIBALDI,LECCO,MILANO GRECO PIRELLI,0.35365853658536583,0.0,82,2023-01-01,2023-03-30,8,5,1,45.51272,9.214456,06:00,82,12
REG,24817,MILANO PORTA GARIBALDI,LECCO,MILANO PORTA GARIBALDI,0.9024390243902439,0.0,82,2023-01-01,2023-03-30,12,6,3,45.484917,9.187683,06:08,82,13
