train_class,train_number,train_arrival_stop_name,train_departure_stop_name,stop_name,avg_arrival_delay,median_arrival_delay,count_dates_stop,first_date,last_date,count_3m_delay,count_5m_delay,count_10m_delay,stop_lat,stop_lon,stop_time,count_dates_train,stop_number
REG,11012,CREMONA,FIDENZA,FIDENZA,0.4166666666666667,0.0,12,2023-01-01,2023-03-26,0,0,0,44.86773,10.06339,06:48,12,1
REG,11012,CREMONA,FIDENZA,CASTIONE DEI MARCHESI,1.6666666666666667,2.0,12,2023-01-01,2023-03-26,1,0,0,44.915157,10.044449,06:55,12,2
REG,11012,CREMONA,FIDENZA,BUSSETO,-2.1666666666666665,-2.0,12,2023-01-01,2023-03-26,0,0,0,44.974692,10.038909,07:07,12,3
REG,11012,CREMONA,FIDENZA,VILLANOVA D`ARDA,-1.6666666666666667,-2.0,12,2023-01-01,2023-03-26,0,0,0,45.028291,9.993291,07:15,12,4
REG,11012,CREMONA,FIDENZA,S. GIULIANO PIACENTINO,1.0833333333333333,1.0,12,2023-01-01,2023-03-26,0,0,0,45.070627,9.985919,07:20,12,5
REG,11012,CREMONA,FIDENZA,CASTELVETRO,-1.3333333333333333,-1.0,12,2023-01-01,2023-03-26,0,0,0,45.100095,9.982181,07:25,12,6
REG,11012,CREMONA,FIDENZA,CREMONA,2.75,2.0,12,2023-01-01,2023-03-26,6,0,0,45.143215,10.017951,07:32,12,7
