train_class,train_number,train_arrival_stop_name,train_departure_stop_name,stop_name,avg_arrival_delay,median_arrival_delay,count_dates_stop,first_date,last_date,count_3m_delay,count_5m_delay,count_10m_delay,stop_lat,stop_lon,stop_time,count_dates_train,stop_number
REG,19921,FOGGIA,TERMOLI,TERMOLI,1.631578947368421,1.0,76,2023-01-02,2023-03-31,13,1,1,42.000623,14.992805,06:48,76,1
REG,19921,FOGGIA,TERMOLI,CAMPOMARINO,3.3157894736842106,3.0,76,2023-01-02,2023-03-31,65,4,1,41.957398,15.042416,06:52,76,2
REG,19921,FOGGIA,TERMOLI,CHIEUTI SERRACAPRIOLA,4.934210526315789,5.0,76,2023-01-02,2023-03-31,76,42,1,41.921962,15.156645,06:58,76,3
REG,19921,FOGGIA,TERMOLI,SAN SEVERO,1.8421052631578947,1.0,76,2023-01-02,2023-03-31,25,13,2,41.684512,15.392567,07:30,76,4
REG,19921,FOGGIA,TERMOLI,FOGGIA,-0.10526315789473684,-1.0,76,2023-01-02,2023-03-31,17,8,2,41.466,15.555816,07:49,76,5
