train_class,train_number,train_arrival_stop_name,train_departure_stop_name,stop_name,avg_arrival_delay,median_arrival_delay,count_dates_stop,first_date,last_date,count_3m_delay,count_5m_delay,count_10m_delay,stop_lat,stop_lon,stop_time,count_dates_train,stop_number
REG,2643,VERONA PORTA NUOVA,MILANO CENTRALE,MILANO CENTRALE,2.6455696202531644,2.0,79,2023-01-01,2023-03-31,32,10,1,45.486347,9.204528,21:25,79,1
REG,2643,VERONA PORTA NUOVA,MILANO CENTRALE,MILANO LAMBRATE,3.0759493670886076,3.0,79,2023-01-01,2023-03-31,40,14,3,45.484933,9.237333,21:31,79,2
REG,2643,VERONA PORTA NUOVA,MILANO CENTRALE,PIOLTELLO LIMITO,4.1265822784810124,4.0,79,2023-01-01,2023-03-31,58,26,7,45.486019,9.329319,21:39,79,3
REG,2643,VERONA PORTA NUOVA,MILANO CENTRALE,TREVIGLIO,2.481012658227848,1.0,79,2023-01-01,2023-03-31,27,18,5,45.515063,9.587919,21:54,79,4
REG,2643,VERONA PORTA NUOVA,MILANO CENTRALE,ROMANO,4.215189873417722,3.0,79,2023-01-01,2023-03-31,47,34,8,45.523839,9.753402,22:04,79,5
REG,2643,VERONA PORTA NUOVA,MILANO CENTRALE,ROVATO,4.3164556962025316,4.0,79,2023-01-01,2023-03-31,48,36,9,45.55193,10.000924,22:19,79,6
REG,2643,VERONA PORTA NUOVA,MILANO CENTRALE,BRESCIA,2.8860759493670884,3.0,79,2023-01-01,2023-03-31,40,26,7,45.532315,10.212828,22:31,79,7
REG,2643,VERONA PORTA NUOVA,MILANO CENTRALE,DESENZANO,2.050632911392405,1.0,79,2023-01-01,2023-03-31,31,20,7,45.462677,10.536322,22:48,79,8
REG,2643,VERONA PORTA NUOVA,MILANO CENTRALE,PESCHIERA DEL GARDA,2.632911392405063,1.0,79,2023-01-01,2023-03-31,30,22,7,45.438502,10.702509,22:57,79,9
REG,2643,VERONA PORTA NUOVA,MILANO CENTRALE,VERONA PORTA NUOVA,-0.45569620253164556,-2.0,79,2023-01-01,2023-03-31,18,13,3,45.428603,10.982377,23:17,79,10
