train_class,train_number,train_arrival_stop_name,train_departure_stop_name,stop_name,avg_arrival_delay,median_arrival_delay,count_dates_stop,first_date,last_date,count_3m_delay,count_5m_delay,count_10m_delay,stop_lat,stop_lon,stop_time,count_dates_train,stop_number
REG,3244,TORINO P.NUOVA,CUNEO,CUNEO,2.460674157303371,2.0,89,2023-01-01,2023-03-31,15,4,2,44.387914,7.536235,19:24,89,1
REG,3244,TORINO P.NUOVA,CUNEO,CENTALLO,-0.5393258426966292,-1.0,89,2023-01-01,2023-03-31,6,3,2,44.496223,7.591035,19:34,89,2
REG,3244,TORINO P.NUOVA,CUNEO,FOSSANO,0.3707865168539326,-1.0,89,2023-01-01,2023-03-31,10,7,1,44.550231,7.717971,19:43,89,3
REG,3244,TORINO P.NUOVA,CUNEO,SAVIGLIANO,2.640449438202247,2.0,89,2023-01-01,2023-03-31,31,13,3,44.651337,7.663748,19:51,89,4
REG,3244,TORINO P.NUOVA,CUNEO,CAVALLERMAGGIORE,2.1123595505617976,1.0,89,2023-01-01,2023-03-31,26,13,2,44.708147,7.692108,19:57,89,5
REG,3244,TORINO P.NUOVA,CUNEO,CARMAGNOLA,0.38202247191011235,-1.0,89,2023-01-01,2023-03-31,10,6,2,44.846944,7.72797,20:09,89,6
REG,3244,TORINO P.NUOVA,CUNEO,TORINO LINGOTTO,-2.056179775280899,-3.0,89,2023-01-01,2023-03-31,4,2,2,45.0266,7.657469,20:28,89,7
REG,3244,TORINO P.NUOVA,CUNEO,TORINO P.NUOVA,2.752808988764045,2.0,89,2023-01-01,2023-03-31,28,6,2,45.060969,7.67747,20:35,89,8
