train_class,train_number,train_arrival_stop_name,train_departure_stop_name,stop_name,avg_arrival_delay,median_arrival_delay,count_dates_stop,first_date,last_date,count_3m_delay,count_5m_delay,count_10m_delay,stop_lat,stop_lon,stop_time,count_dates_train,stop_number
REG,12621,CASSINO,ROMA TERMINI,ROMA TERMINI,1.3571428571428572,1.0,14,2023-01-01,2023-03-26,2,1,0,41.900636,12.502026,14:42,14,1
REG,12621,CASSINO,ROMA TERMINI,CIAMPINO,-0.07142857142857142,-1.0,14,2023-01-01,2023-03-26,2,1,0,41.804442,12.599546,14:54,14,2
REG,12621,CASSINO,ROMA TERMINI,ZAGAROLO,0.21428571428571427,-1.0,14,2023-01-01,2023-03-26,1,1,0,41.821927,12.82692,15:08,14,3
REG,12621,CASSINO,ROMA TERMINI,VALMONTONE,2.857142857142857,2.0,14,2023-01-01,2023-03-26,6,1,1,41.774291,12.923696,15:16,14,4
REG,12621,CASSINO,ROMA TERMINI,COLLEFERRO-SEGNI-PALIANO,0.9285714285714286,0.0,14,2023-01-01,2023-03-26,2,1,0,41.740062,13.00299,15:23,14,5
REG,12621,CASSINO,ROMA TERMINI,ANAGNI-FIUGGI,0.35714285714285715,-1.0,14,2023-01-01,2023-03-26,1,1,0,41.71037,13.09597,15:31,14,6
REG,12621,CASSINO,ROMA TERMINI,SGURGOLA,1.7142857142857142,1.0,14,2023-01-01,2023-03-26,4,1,0,41.687018,13.146199,15:36,14,7
REG,12621,CASSINO,ROMA TERMINI,MOROLO,0.9285714285714286,0.0,14,2023-01-01,2023-03-26,1,1,0,41.667018,13.194557,15:41,14,8
REG,12621,CASSINO,ROMA TERMINI,FERENTINO-SUPINO,1.8571428571428572,1.0,14,2023-01-01,2023-03-26,1,1,0,41.6564,13.246971,15:47,14,9
REG,12621,CASSINO,ROMA TERMINI,FROSINONE,-0.9285714285714286,-1.0,14,2023-01-01,2023-03-26,1,1,0,41.625333,13.328728,15:55,14,10
REG,12621,CASSINO,ROMA TERMINI,CECCANO,1.2857142857142858,0.0,14,2023-01-01,2023-03-26,2,2,1,41.573583,13.336417,16:01,14,11
REG,12621,CASSINO,ROMA TERMINI,CASTRO-POFI,2.4285714285714284,1.0,14,2023-01-01,2023-03-26,3,2,1,41.533014,13.410741,16:09,14,12
REG,12621,CASSINO,ROMA TERMINI,CEPRANO-FALVATERRA,1.6428571428571428,0.0,14,2023-01-01,2023-03-26,3,2,1,41.523962,13.523481,16:17,14,13
REG,12621,CASSINO,ROMA TERMINI,ISOLETTA-S.GIOVANNI I.,3.0714285714285716,1.0,14,2023-01-01,2023-03-26,4,2,1,41.527873,13.547095,16:21,14,14
REG,12621,CASSINO,ROMA TERMINI,ROCCASECCA,2.642857142857143,-1.0,14,2023-01-01,2023-03-26,3,3,2,41.526377,13.645814,16:28,14,15
REG,12621,CASSINO,ROMA TERMINI,PIEDIMONTE-V.S.L.-AQUINO,3.2857142857142856,0.0,14,2023-01-01,2023-03-26,3,3,2,,,16:34,14,16
REG,12621,CASSINO,ROMA TERMINI,CASSINO,2.642857142857143,-1.0,14,2023-01-01,2023-03-26,3,3,2,41.484306,13.832125,16:44,14,17
