train_class,train_number,train_arrival_stop_name,train_departure_stop_name,stop_name,avg_arrival_delay,median_arrival_delay,count_dates_stop,first_date,last_date,count_3m_delay,count_5m_delay,count_10m_delay,stop_lat,stop_lon,stop_time,count_dates_train,stop_number
REG,22814,GENOVA VOLTRI,GENOVA BRIGNOLE,GENOVA BRIGNOLE,2.4166666666666665,2.0,12,2023-01-07,2023-03-25,3,2,0,44.407213,8.947553,09:00,12,1
REG,22814,GENOVA VOLTRI,GENOVA BRIGNOLE,GENOVA P. PRINCIPE SOTTERRANEA,-0.9166666666666666,-2.0,12,2023-01-07,2023-03-25,0,0,0,44.414803,8.918041,09:06,12,2
REG,22814,GENOVA VOLTRI,GENOVA BRIGNOLE,GENOVA SAMPIERDARENA,0.75,1.0,12,2023-01-07,2023-03-25,0,0,0,44.413102,8.887271,09:15,12,3
REG,22814,GENOVA VOLTRI,GENOVA BRIGNOLE,GENOVA SESTRI PONENTE,-0.5,-1.0,12,2023-01-07,2023-03-25,0,0,0,44.422374,8.847707,09:23,12,4
REG,22814,GENOVA VOLTRI,GENOVA BRIGNOLE,GENOVA VOLTRI,0.3333333333333333,-1.0,12,2023-01-07,2023-03-25,3,0,0,44.428467,8.758163,09:37,12,5
