train_class,train_number,train_arrival_stop_name,train_departure_stop_name,stop_name,avg_arrival_delay,median_arrival_delay,count_dates_stop,first_date,last_date,count_3m_delay,count_5m_delay,count_10m_delay,stop_lat,stop_lon,stop_time,count_dates_train,stop_number
REG,3441,TRIESTE CENTRALE,VENEZIA SANTA LUCIA,VENEZIA SANTA LUCIA,1.6477272727272727,1.0,88,2023-01-01,2023-03-31,12,2,1,45.441569,12.320882,15:39,88,1
REG,3441,TRIESTE CENTRALE,VENEZIA SANTA LUCIA,VENEZIA MESTRE,2.8068181818181817,2.0,88,2023-01-01,2023-03-31,32,19,2,45.482123,12.232069,15:49,88,2
REG,3441,TRIESTE CENTRALE,VENEZIA SANTA LUCIA,QUARTO D`ALTINO,3.3181818181818183,2.0,88,2023-01-01,2023-03-31,42,21,3,45.574576,12.365032,16:01,88,3
REG,3441,TRIESTE CENTRALE,VENEZIA SANTA LUCIA,S. DONA` DI PIAVE,1.5632183908045978,1.0,87,2023-01-01,2023-03-31,25,11,2,45.63983,12.559791,16:14,88,4
REG,3441,TRIESTE CENTRALE,VENEZIA SANTA LUCIA,S. STINO DI LIVENZA,0.9090909090909091,0.0,88,2023-01-01,2023-03-31,19,7,2,45.721088,12.682769,16:24,88,5
REG,3441,TRIESTE CENTRALE,VENEZIA SANTA LUCIA,PORTOGRUARO CAORLE,2.1931818181818183,2.0,88,2023-01-01,2023-03-31,30,10,1,45.781438,12.832375,16:34,88,6
REG,3441,TRIESTE CENTRALE,VENEZIA SANTA LUCIA,LATISANA LIGNANO B.,1.2159090909090908,1.0,88,2023-01-01,2023-03-31,18,8,1,45.777733,13.001101,16:45,88,7
REG,3441,TRIESTE CENTRALE,VENEZIA SANTA LUCIA,SAN GIORGIO DI NOGARO,-0.034482758620689655,-1.0,87,2023-01-01,2023-03-31,9,4,1,45.82917,13.210315,16:57,88,8
REG,3441,TRIESTE CENTRALE,VENEZIA SANTA LUCIA,CERVIGNANO A.G.,-0.5,-1.0,88,2023-01-01,2023-03-31,7,3,1,45.823948,13.342866,17:06,88,9
REG,3441,TRIESTE CENTRALE,VENEZIA SANTA LUCIA,TRIESTE AIRPORT,0.18181818181818182,-1.0,88,2023-01-01,2023-03-31,11,6,2,45.817482,13.485532,17:14,88,10
REG,3441,TRIESTE CENTRALE,VENEZIA SANTA LUCIA,MONFALCONE,1.4090909090909092,1.0,88,2023-01-01,2023-03-31,16,6,5,45.807683,13.542929,17:20,88,11
REG,3441,TRIESTE CENTRALE,VENEZIA SANTA LUCIA,TRIESTE CENTRALE,2.5681818181818183,2.0,88,2023-01-01,2023-03-31,28,9,4,45.657456,13.771873,17:44,88,12
