train_class,train_number,train_arrival_stop_name,train_departure_stop_name,stop_name,avg_arrival_delay,median_arrival_delay,count_dates_stop,first_date,last_date,count_3m_delay,count_5m_delay,count_10m_delay,stop_lat,stop_lon,stop_time,count_dates_train,stop_number
REG,18236,FIRENZE S.M.N.,SIENA,SIENA,2.715909090909091,2.0,88,2023-01-01,2023-03-31,30,12,2,43.331708,11.322972,18:18,88,1
REG,18236,FIRENZE S.M.N.,SIENA,P.M. BADESSE,2.409090909090909,2.0,88,2023-01-01,2023-03-31,24,11,2,43.382144,11.277136,18:26,88,2
REG,18236,FIRENZE S.M.N.,SIENA,POGGIBONSI,6.625,6.0,88,2023-01-01,2023-03-31,86,76,8,43.468093,11.149455,18:41,88,3
REG,18236,FIRENZE S.M.N.,SIENA,CERTALDO,4.988636363636363,4.0,88,2023-01-01,2023-03-31,77,40,5,43.547124,11.037711,18:53,88,4
REG,18236,FIRENZE S.M.N.,SIENA,EMPOLI,1.4090909090909092,1.0,88,2023-01-01,2023-03-31,17,11,5,43.715708,10.94915,19:20,88,5
REG,18236,FIRENZE S.M.N.,SIENA,FIRENZE RIFREDI,2.4886363636363638,2.0,88,2023-01-01,2023-03-31,29,13,8,43.800873,11.235729,19:43,88,6
REG,18236,FIRENZE S.M.N.,SIENA,FIRENZE S.M.N.,0.5227272727272727,0.0,88,2023-01-01,2023-03-31,14,10,3,43.776893,11.247373,19:52,88,7
