train_class,train_number,train_arrival_stop_name,train_departure_stop_name,stop_name,avg_arrival_delay,median_arrival_delay,count_dates_stop,first_date,last_date,count_3m_delay,count_5m_delay,count_10m_delay,stop_lat,stop_lon,stop_time,count_dates_train,stop_number
REG,90028,BOLOGNA C.LE,VIGNOLA,VIGNOLA,1.0740740740740742,1.0,54,2023-01-02,2023-03-31,2,0,0,,,18:49,54,1
REG,90028,BOLOGNA C.LE,VIGNOLA,BAZZANO,-2.0925925925925926,-2.0,54,2023-01-02,2023-03-31,0,0,0,,,19:00,54,2
REG,90028,BOLOGNA C.LE,VIGNOLA,CRESPELLANO,3.5555555555555554,3.0,54,2023-01-02,2023-03-31,36,16,0,,,19:08,54,3
REG,90028,BOLOGNA C.LE,VIGNOLA,VIA LUNGA,2.685185185185185,2.0,54,2023-01-02,2023-03-31,26,6,0,,,19:13,54,4
REG,90028,BOLOGNA C.LE,VIGNOLA,CASALECCHIO GARIBALDI,3.574074074074074,2.0,54,2023-01-02,2023-03-31,27,13,3,44.482995,11.272474,19:32,54,5
REG,90028,BOLOGNA C.LE,VIGNOLA,CASTELDEBOLE,5.388888888888889,4.0,54,2023-01-02,2023-03-31,39,20,5,44.503974,11.27456,19:36,54,6
REG,90028,BOLOGNA C.LE,VIGNOLA,BOLOGNA BORGO PANIGALE,4.5,3.0,54,2023-01-02,2023-03-31,31,18,5,44.515024,11.284728,19:39,54,7
REG,90028,BOLOGNA C.LE,VIGNOLA,BOLOGNA C.LE,2.111111111111111,1.0,54,2023-01-02,2023-03-31,16,7,2,44.50626,11.342267,19:47,54,8
