train_class,train_number,train_arrival_stop_name,train_departure_stop_name,stop_name,avg_arrival_delay,median_arrival_delay,count_dates_stop,first_date,last_date,count_3m_delay,count_5m_delay,count_10m_delay,stop_lat,stop_lon,stop_time,count_dates_train,stop_number
REG,21746,PALERMO CENTRALE,PUNTA RAISI,PUNTA RAISI,1.131578947368421,1.0,76,2023-01-02,2023-03-31,2,0,0,38.188892,13.110059,16:47,76,1
REG,21746,PALERMO CENTRALE,PUNTA RAISI,PIRAINETO,1.513157894736842,1.0,76,2023-01-02,2023-03-31,6,0,0,38.169148,13.14256,16:50,76,2
REG,21746,PALERMO CENTRALE,PUNTA RAISI,CARINI,1.3026315789473684,1.0,76,2023-01-02,2023-03-31,8,0,0,38.147696,13.186624,16:55,76,3
REG,21746,PALERMO CENTRALE,PUNTA RAISI,ISOLA DELLE FEMMINE,1.6578947368421053,1.0,76,2023-01-02,2023-03-31,13,3,0,38.194784,13.250188,17:05,76,4
REG,21746,PALERMO CENTRALE,PUNTA RAISI,S.LORENZO COLLI,-0.6447368421052632,-1.0,76,2023-01-02,2023-03-31,3,0,0,38.16292,13.316449,17:22,76,5
REG,21746,PALERMO CENTRALE,PUNTA RAISI,FRANCIA,0.3026315789473684,0.0,76,2023-01-02,2023-03-31,3,0,0,38.155233,13.321938,17:25,76,6
REG,21746,PALERMO CENTRALE,PUNTA RAISI,PALERMO NOTARBARTOLO,-0.5394736842105263,-1.0,76,2023-01-02,2023-03-31,2,0,0,38.132261,13.341572,17:29,76,7
REG,21746,PALERMO CENTRALE,PUNTA RAISI,LOLLI,2.4078947368421053,2.0,76,2023-01-02,2023-03-31,22,3,0,,,17:31,76,8
REG,21746,PALERMO CENTRALE,PUNTA RAISI,PALAZZO REALE-ORLEANS,0.4605263157894737,0.0,76,2023-01-02,2023-03-31,4,1,0,38.10878,13.353962,17:35,76,9
REG,21746,PALERMO CENTRALE,PUNTA RAISI,VESPRI,1.3289473684210527,1.0,76,2023-01-02,2023-03-31,8,1,0,38.101996,13.362701,17:38,76,10
REG,21746,PALERMO CENTRALE,PUNTA RAISI,GUADAGNA,1.381578947368421,1.0,76,2023-01-02,2023-03-31,8,1,0,,,17:41,76,11
REG,21746,PALERMO CENTRALE,PUNTA RAISI,PALERMO CENTRALE,-1.2763157894736843,-2.0,76,2023-01-02,2023-03-31,1,0,0,38.109187,13.367515,17:47,76,12
