train_class,train_number,train_arrival_stop_name,train_departure_stop_name,stop_name,avg_arrival_delay,median_arrival_delay,count_dates_stop,first_date,last_date,count_3m_delay,count_5m_delay,count_10m_delay,stop_lat,stop_lon,stop_time,count_dates_train,stop_number
REG,10662,MORTARA,PAVIA,PAVIA,3.7466666666666666,3.0,75,2023-01-02,2023-03-31,74,11,2,45.188843,9.144674,05:38,75,1
REG,10662,MORTARA,PAVIA,CAVA CARBONARA,4.306666666666667,4.0,75,2023-01-02,2023-03-31,73,17,2,45.147055,9.071387,05:44,75,2
REG,10662,MORTARA,PAVIA,VILLANOVA D`ARDENGHI,5.648648648648648,4.0,74,2023-01-02,2023-03-31,74,31,5,45.156982,9.037176,05:49,75,3
REG,10662,MORTARA,PAVIA,GROPELLO CAIROLI,5.648648648648648,4.0,74,2023-01-02,2023-03-31,74,31,5,45.173101,8.991626,05:54,75,4
REG,10662,MORTARA,PAVIA,GARLASCO,5.226666666666667,3.0,75,2023-01-02,2023-03-31,53,19,4,45.198948,8.926829,06:00,75,5
REG,10662,MORTARA,PAVIA,TROMELLO,7.108108108108108,4.0,74,2023-01-02,2023-03-31,65,30,6,45.211988,8.872154,06:06,75,6
REG,10662,MORTARA,PAVIA,GAMBOLO`REMONDO`,7.108108108108108,4.0,74,2023-01-02,2023-03-31,65,30,6,45.23587,8.79757,06:13,75,7
REG,10662,MORTARA,PAVIA,MORTARA,4.1866666666666665,1.0,75,2023-01-02,2023-03-31,27,10,6,45.252171,8.731639,06:23,75,8
