train_class,train_number,train_arrival_stop_name,train_departure_stop_name,stop_name,avg_arrival_delay,median_arrival_delay,count_dates_stop,first_date,last_date,count_3m_delay,count_5m_delay,count_10m_delay,stop_lat,stop_lon,stop_time,count_dates_train,stop_number
REG,18711,CHIUSI C.T.,AREZZO,AREZZO,1.7678571428571428,1.0,56,2023-01-02,2023-03-25,6,5,2,43.461725,11.874189,12:56,56,1
REG,18711,CHIUSI C.T.,AREZZO,CASTIGLION FIORENTINO,0.75,0.0,56,2023-01-02,2023-03-25,9,3,2,43.34075,11.914362,13:06,56,2
REG,18711,CHIUSI C.T.,AREZZO,CAMUCIA CORTONA,1.1964285714285714,1.0,56,2023-01-02,2023-03-25,11,3,2,43.261104,11.971245,13:13,56,3
REG,18711,CHIUSI C.T.,AREZZO,TERONTOLA CORTONA,1.3928571428571428,1.0,56,2023-01-02,2023-03-25,10,4,2,43.210263,12.007906,13:19,56,4
REG,18711,CHIUSI C.T.,AREZZO,CASTIGLION DEL LAGO,0.875,0.0,56,2023-01-02,2023-03-25,6,4,2,43.123195,12.032077,13:26,56,5
REG,18711,CHIUSI C.T.,AREZZO,CHIUSI C.T.,-0.017857142857142856,-1.0,56,2023-01-02,2023-03-25,4,3,1,43.002466,11.957893,13:40,56,6
