train_class,train_number,train_arrival_stop_name,train_departure_stop_name,stop_name,avg_arrival_delay,median_arrival_delay,count_dates_stop,first_date,last_date,count_3m_delay,count_5m_delay,count_10m_delay,stop_lat,stop_lon,stop_time,count_dates_train,stop_number
REG,21835,PALERMO CENTRALE,TERMINI IMERESE,TERMINI IMERESE,1.6891891891891893,1.0,74,2023-01-02,2023-03-31,13,6,3,37.980132,13.703631,18:11,74,1
REG,21835,PALERMO CENTRALE,TERMINI IMERESE,ALTAVILLA M.,-0.5,-1.0,74,2023-01-02,2023-03-31,8,5,2,38.048392,13.554421,18:27,74,2
REG,21835,PALERMO CENTRALE,TERMINI IMERESE,BAGHERIA,1.2972972972972974,1.0,74,2023-01-02,2023-03-31,13,9,1,38.089905,13.507215,18:37,74,3
REG,21835,PALERMO CENTRALE,TERMINI IMERESE,PALERMO BRANCACCIO,0.9324324324324325,0.0,74,2023-01-02,2023-03-31,11,8,0,38.093141,13.392508,18:49,74,4
REG,21835,PALERMO CENTRALE,TERMINI IMERESE,PALERMO CENTRALE,1.445945945945946,1.0,74,2023-01-02,2023-03-31,15,6,0,38.109187,13.367515,18:54,74,5
