train_class,train_number,train_arrival_stop_name,train_departure_stop_name,stop_name,avg_arrival_delay,median_arrival_delay,count_dates_stop,first_date,last_date,count_3m_delay,count_5m_delay,count_10m_delay,stop_lat,stop_lon,stop_time,count_dates_train,stop_number
REG,10636,TREVIGLIO,CREMONA,CREMONA,2.561797752808989,2.0,89,2023-01-01,2023-03-31,30,11,3,45.143215,10.017951,17:41,89,1
REG,10636,TREVIGLIO,CREMONA,OLMENETA,0.7640449438202247,0.0,89,2023-01-01,2023-03-31,15,5,3,45.231099,10.03194,17:51,89,2
REG,10636,TREVIGLIO,CREMONA,CASALBUTTANO,0.9775280898876404,0.0,89,2023-01-01,2023-03-31,14,6,3,45.255398,9.962361,17:59,89,3
REG,10636,TREVIGLIO,CREMONA,SORESINA,5.943820224719101,6.0,89,2023-01-01,2023-03-31,63,55,21,45.283083,9.85664,18:07,89,4
REG,10636,TREVIGLIO,CREMONA,CASTELLEONE,6.303370786516854,6.0,89,2023-01-01,2023-03-31,67,62,20,45.301826,9.76779,18:14,89,5
REG,10636,TREVIGLIO,CREMONA,MADIGNANO,7.98876404494382,8.0,89,2023-01-01,2023-03-31,73,68,29,45.34383,9.730179,18:19,89,6
REG,10636,TREVIGLIO,CREMONA,CREMA,7.651685393258427,7.0,89,2023-01-01,2023-03-31,74,67,30,45.366864,9.694209,18:24,89,7
REG,10636,TREVIGLIO,CREMONA,CASALETTO VAPRIO,8.820224719101123,6.0,89,2023-01-01,2023-03-31,80,56,24,45.408641,9.631746,18:34,89,8
REG,10636,TREVIGLIO,CREMONA,CAPRALBA,10.932584269662922,7.0,89,2023-01-01,2023-03-31,86,61,32,45.443871,9.640015,18:39,89,9
REG,10636,TREVIGLIO,CREMONA,CARAVAGGIO,9.764044943820224,6.0,89,2023-01-01,2023-03-31,69,52,28,45.491158,9.637723,18:45,89,10
REG,10636,TREVIGLIO,CREMONA,TREVIGLIO,9.898876404494382,6.0,89,2023-01-01,2023-03-31,73,57,30,45.515063,9.587919,18:53,89,11
