train_class,train_number,train_arrival_stop_name,train_departure_stop_name,stop_name,avg_arrival_delay,median_arrival_delay,count_dates_stop,first_date,last_date,count_3m_delay,count_5m_delay,count_10m_delay,stop_lat,stop_lon,stop_time,count_dates_train,stop_number
REG,18829,FIRENZE CAMPO MARTE,PRATO CENTRALE,PRATO CENTRALE,4.4035087719298245,3.0,57,2023-01-02,2023-03-31,36,18,5,43.878737,11.109252,10:26,57,1
REG,18829,FIRENZE CAMPO MARTE,PRATO CENTRALE,SESTO FIORENTINO,3.2280701754385963,2.0,57,2023-01-02,2023-03-31,23,15,3,43.833297,11.191941,10:32,57,2
REG,18829,FIRENZE CAMPO MARTE,PRATO CENTRALE,FIRENZE CASTELLO,3.0,2.0,57,2023-01-02,2023-03-31,23,14,3,43.819444,11.21838,10:36,57,3
REG,18829,FIRENZE CAMPO MARTE,PRATO CENTRALE,FIRENZE RIFREDI,0.7894736842105263,-1.0,57,2023-01-02,2023-03-31,15,11,2,43.800873,11.235729,10:42,57,4
REG,18829,FIRENZE CAMPO MARTE,PRATO CENTRALE,FIRENZE STATUTO,3.473684210526316,3.0,57,2023-01-02,2023-03-31,34,18,2,43.787273,11.249738,10:46,57,5
REG,18829,FIRENZE CAMPO MARTE,PRATO CENTRALE,FIRENZE CAMPO MARTE,1.8596491228070176,2.0,57,2023-01-02,2023-03-31,21,10,1,43.776856,11.27702,10:53,57,6
