train_class,train_number,train_arrival_stop_name,train_departure_stop_name,stop_name,avg_arrival_delay,median_arrival_delay,count_dates_stop,first_date,last_date,count_3m_delay,count_5m_delay,count_10m_delay,stop_lat,stop_lon,stop_time,count_dates_train,stop_number
REG,25031,MILANO PORTA GARIBALDI,COMO S. GIOVANNI,COMO S. GIOVANNI,1.32,1.0,25,2023-01-01,2023-03-26,2,1,0,45.808946,9.072331,08:49,25,1
REG,25031,MILANO PORTA GARIBALDI,COMO S. GIOVANNI,CARIMATE,-0.24,-1.0,25,2023-01-01,2023-03-26,1,1,0,45.697094,9.107188,09:08,25,2
REG,25031,MILANO PORTA GARIBALDI,COMO S. GIOVANNI,CAMNAGO-LENTATE,0.32,0.0,25,2023-01-01,2023-03-26,1,1,0,45.668425,9.133451,09:12,25,3
REG,25031,MILANO PORTA GARIBALDI,COMO S. GIOVANNI,SEREGNO,0.08,0.0,25,2023-01-01,2023-03-26,2,0,0,45.64601,9.20285,09:18,25,4
REG,25031,MILANO PORTA GARIBALDI,COMO S. GIOVANNI,DESIO,-0.28,-1.0,25,2023-01-01,2023-03-26,1,0,0,45.620112,9.218495,09:22,25,5
REG,25031,MILANO PORTA GARIBALDI,COMO S. GIOVANNI,LISSONE-MUGGIO`,-0.52,-1.0,25,2023-01-01,2023-03-26,2,0,0,45.60592,9.235368,09:26,25,6
REG,25031,MILANO PORTA GARIBALDI,COMO S. GIOVANNI,MONZA,-0.28,-1.0,25,2023-01-01,2023-03-26,4,0,0,45.577789,9.273253,09:31,25,7
REG,25031,MILANO PORTA GARIBALDI,COMO S. GIOVANNI,SESTO S. GIOVANNI,3.32,3.0,25,2023-01-01,2023-03-26,15,9,0,45.541087,9.23926,09:36,25,8
REG,25031,MILANO PORTA GARIBALDI,COMO S. GIOVANNI,MILANO GRECO PIRELLI,3.0,3.0,25,2023-01-01,2023-03-26,14,6,0,45.51272,9.214456,09:41,25,9
REG,25031,MILANO PORTA GARIBALDI,COMO S. GIOVANNI,MILANO PORTA GARIBALDI,0.88,1.0,25,2023-01-01,2023-03-26,6,0,0,45.484917,9.187683,09:51,25,10
