train_class,train_number,train_arrival_stop_name,train_departure_stop_name,stop_name,avg_arrival_delay,median_arrival_delay,count_dates_stop,first_date,last_date,count_3m_delay,count_5m_delay,count_10m_delay,stop_lat,stop_lon,stop_time,count_dates_train,stop_number
REG,21686,MESSINA CENTRALE,GIAMPILIERI,GIAMPILIERI,1.7333333333333334,2.0,75,2023-01-02,2023-03-31,6,0,0,38.080121,15.493863,13:20,75,1
REG,21686,MESSINA CENTRALE,GIAMPILIERI,GALATI,-0.6533333333333333,-1.0,75,2023-01-02,2023-03-31,0,0,0,38.104511,15.505313,13:32,75,2
REG,21686,MESSINA CENTRALE,GIAMPILIERI,CONTESSE,-0.9066666666666666,-1.0,75,2023-01-02,2023-03-31,0,0,0,38.16193,15.544717,13:42,75,3
REG,21686,MESSINA CENTRALE,GIAMPILIERI,MESSINA CENTRALE,0.56,0.0,75,2023-01-02,2023-03-31,1,0,0,38.184975,15.561278,13:50,75,4
