train_class,train_number,train_arrival_stop_name,train_departure_stop_name,stop_name,avg_arrival_delay,median_arrival_delay,count_dates_stop,first_date,last_date,count_3m_delay,count_5m_delay,count_10m_delay,stop_lat,stop_lon,stop_time,count_dates_train,stop_number
REG,19240,PARMA,PONTREMOLI,PONTREMOLI,2.023529411764706,2.0,85,2023-01-01,2023-03-31,16,6,0,44.371976,9.887795,15:50,85,1
REG,19240,PARMA,PONTREMOLI,BORGO VAL DI TARO,0.4,0.0,85,2023-01-01,2023-03-31,10,3,0,44.486522,9.781489,16:07,85,2
REG,19240,PARMA,PONTREMOLI,OSTIA PARMENSE,1.5294117647058822,1.0,85,2023-01-01,2023-03-31,23,12,3,44.520136,9.844981,16:16,85,3
REG,19240,PARMA,PONTREMOLI,BERCETO,2.7411764705882353,1.0,85,2023-01-01,2023-03-31,34,23,6,44.555912,9.931759,16:26,85,4
REG,19240,PARMA,PONTREMOLI,FORNOVO,1.8705882352941177,1.0,85,2023-01-01,2023-03-31,29,15,4,44.693791,10.102014,16:45,85,5
REG,19240,PARMA,PONTREMOLI,OZZANO TARO,3.152941176470588,2.0,85,2023-01-01,2023-03-31,31,19,5,44.712268,10.141022,16:50,85,6
REG,19240,PARMA,PONTREMOLI,COLLECCHIO,-0.1411764705882353,-2.0,85,2023-01-01,2023-03-31,18,10,2,44.755339,10.21228,16:59,85,7
REG,19240,PARMA,PONTREMOLI,VICOFERTILE,4.08235294117647,3.0,85,2023-01-01,2023-03-31,58,33,4,44.778436,10.25834,17:03,85,8
REG,19240,PARMA,PONTREMOLI,PARMA,-0.24705882352941178,-1.0,85,2023-01-01,2023-03-31,13,6,1,44.810203,10.32837,17:14,85,9
