train_class,train_number,train_arrival_stop_name,train_departure_stop_name,stop_name,avg_arrival_delay,median_arrival_delay,count_dates_stop,first_date,last_date,count_3m_delay,count_5m_delay,count_10m_delay,stop_lat,stop_lon,stop_time,count_dates_train,stop_number
REG,17820,BOLOGNA C.LE,PRATO CENTRALE,PRATO CENTRALE,2.7777777777777777,1.0,27,2023-01-01,2023-03-05,6,3,1,43.878737,11.109252,10:40,27,1
REG,17820,BOLOGNA C.LE,PRATO CENTRALE,VAIANO,2.7037037037037037,1.0,27,2023-01-01,2023-03-05,6,3,1,43.961772,11.130773,10:47,27,2
REG,17820,BOLOGNA C.LE,PRATO CENTRALE,VERNIO MONTEPIANO CANTAGALLO,2.185185185185185,1.0,27,2023-01-01,2023-03-05,5,3,1,44.043991,11.152342,10:55,27,3
REG,17820,BOLOGNA C.LE,PRATO CENTRALE,SAN BENEDETTO SAMBRO-CAST.PEPOLI,3.6666666666666665,2.0,27,2023-01-01,2023-03-05,13,7,1,44.22866,11.19226,11:06,27,4
REG,17820,BOLOGNA C.LE,PRATO CENTRALE,GRIZZANA,4.407407407407407,3.0,27,2023-01-01,2023-03-05,16,9,1,44.258292,11.181194,11:10,27,5
REG,17820,BOLOGNA C.LE,PRATO CENTRALE,MONZUNO,4.111111111111111,3.0,27,2023-01-01,2023-03-05,17,9,1,44.322277,11.262082,11:17,27,6
REG,17820,BOLOGNA C.LE,PRATO CENTRALE,PIANORO,3.037037037037037,3.0,27,2023-01-01,2023-03-05,14,7,1,44.380589,11.340675,11:24,27,7
REG,17820,BOLOGNA C.LE,PRATO CENTRALE,MUSIANO-PIAN DI MACINA,2.962962962962963,2.0,27,2023-01-01,2023-03-05,12,6,1,44.402423,11.344912,11:28,27,8
REG,17820,BOLOGNA C.LE,PRATO CENTRALE,RASTIGNANO,2.769230769230769,1.0,26,2023-01-01,2023-03-05,10,4,1,44.443592,11.357617,11:33,27,9
REG,17820,BOLOGNA C.LE,PRATO CENTRALE,BOLOGNA S.RUFFILLO,2.0,1.0,27,2023-01-01,2023-03-05,8,2,1,44.462657,11.372967,11:36,27,10
REG,17820,BOLOGNA C.LE,PRATO CENTRALE,BOLOGNA MAZZINI,2.4074074074074074,1.0,27,2023-01-01,2023-03-05,6,2,1,44.482284,11.376271,11:40,27,11
REG,17820,BOLOGNA C.LE,PRATO CENTRALE,BOLOGNA SAN VITALE,2.5925925925925926,2.0,27,2023-01-01,2023-03-05,6,1,1,,,11:45,27,12
REG,17820,BOLOGNA C.LE,PRATO CENTRALE,BOLOGNA C.LE,-2.0,-3.0,27,2023-01-01,2023-03-05,1,1,1,44.50626,11.342267,11:52,27,13
