train_class,train_number,train_arrival_stop_name,train_departure_stop_name,stop_name,avg_arrival_delay,median_arrival_delay,count_dates_stop,first_date,last_date,count_3m_delay,count_5m_delay,count_10m_delay,stop_lat,stop_lon,stop_time,count_dates_train,stop_number
REG,19330,LA SPEZIA CENTRALE,PISA CENTRALE,PISA CENTRALE,2.1315789473684212,1.0,76,2023-01-02,2023-03-31,19,8,1,43.70794,10.398183,06:22,76,1
REG,19330,LA SPEZIA CENTRALE,PISA CENTRALE,PISA SAN ROSSORE,2.513157894736842,2.0,76,2023-01-02,2023-03-31,24,11,1,43.723702,10.387363,06:26,76,2
REG,19330,LA SPEZIA CENTRALE,PISA CENTRALE,TORRE DEL LAGO PUCCINI,3.960526315789474,3.0,76,2023-01-02,2023-03-31,43,21,5,43.826501,10.290287,06:35,76,3
REG,19330,LA SPEZIA CENTRALE,PISA CENTRALE,VIAREGGIO,5.421052631578948,4.0,76,2023-01-02,2023-03-31,66,37,8,43.865947,10.257886,06:40,76,4
REG,19330,LA SPEZIA CENTRALE,PISA CENTRALE,PIETRASANTA,4.723684210526316,4.0,76,2023-01-02,2023-03-31,52,30,8,43.95583,10.229731,06:50,76,5
REG,19330,LA SPEZIA CENTRALE,PISA CENTRALE,FORTE DEI MARMI SERRAVEZZA Q.,5.407894736842105,4.0,76,2023-01-02,2023-03-31,61,35,9,43.97777,10.19936,06:54,76,6
REG,19330,LA SPEZIA CENTRALE,PISA CENTRALE,MASSA CENTRO,5.413333333333333,4.0,75,2023-01-02,2023-03-31,55,35,8,44.023741,10.136041,07:00,76,7
REG,19330,LA SPEZIA CENTRALE,PISA CENTRALE,SARZANA,5.0131578947368425,3.0,76,2023-01-02,2023-03-31,49,32,9,44.108865,9.960657,07:14,76,8
REG,19330,LA SPEZIA CENTRALE,PISA CENTRALE,LA SPEZIA MIGLIARINA,5.5131578947368425,4.0,76,2023-01-02,2023-03-31,53,36,10,44.123391,9.84028,07:24,76,9
REG,19330,LA SPEZIA CENTRALE,PISA CENTRALE,LA SPEZIA CENTRALE,3.8552631578947367,3.0,76,2023-01-02,2023-03-31,41,25,8,44.11141,9.813906,07:31,76,10
