train_class,train_number,train_arrival_stop_name,train_departure_stop_name,stop_name,avg_arrival_delay,median_arrival_delay,count_dates_stop,first_date,last_date,count_3m_delay,count_5m_delay,count_10m_delay,stop_lat,stop_lon,stop_time,count_dates_train,stop_number
REG,23802,L`AQUILA,SULMONA,SULMONA,2.5714285714285716,2.0,63,2023-01-02,2023-03-31,27,1,0,42.060836,13.907156,06:40,63,1
REG,23802,L`AQUILA,SULMONA,PRATOLA PELIGNA SUPERIORE,7.158730158730159,7.0,63,2023-01-02,2023-03-31,63,63,2,42.080415,13.87223,06:45,63,2
REG,23802,L`AQUILA,SULMONA,RAIANO,1.5238095238095237,1.0,63,2023-01-02,2023-03-31,4,2,1,42.097931,13.80908,06:51,63,3
REG,23802,L`AQUILA,SULMONA,MOLINA CASTEL VECCHIO SUBAQUEO,2.0317460317460316,2.0,63,2023-01-02,2023-03-31,15,3,1,42.143476,13.739644,07:01,63,4
REG,23802,L`AQUILA,SULMONA,ACCIANO,7.412698412698413,7.0,63,2023-01-02,2023-03-31,63,63,5,42.175994,13.711345,07:12,63,5
REG,23802,L`AQUILA,SULMONA,S.DEMETRIO DE` VESTINI,2.238095238095238,2.0,63,2023-01-02,2023-03-31,24,8,2,42.294447,13.536543,07:30,63,6
REG,23802,L`AQUILA,SULMONA,PAGANICA,2.619047619047619,2.0,63,2023-01-02,2023-03-31,26,9,1,42.334751,13.464317,07:37,63,7
REG,23802,L`AQUILA,SULMONA,L`AQUILA,1.5555555555555556,1.0,63,2023-01-02,2023-03-31,18,8,2,42.351055,13.384959,07:47,63,8
