train_class,train_number,train_arrival_stop_name,train_departure_stop_name,stop_name,avg_arrival_delay,median_arrival_delay,count_dates_stop,first_date,last_date,count_3m_delay,count_5m_delay,count_10m_delay,stop_lat,stop_lon,stop_time,count_dates_train,stop_number
REG,18322,FIRENZE S.M.N.,PISA CENTRALE,PISA CENTRALE,3.730337078651685,3.0,89,2023-01-01,2023-03-31,55,25,4,43.70794,10.398183,21:01,89,1
REG,18322,FIRENZE S.M.N.,PISA CENTRALE,NAVACCHIO,4.168539325842697,3.0,89,2023-01-01,2023-03-31,62,31,5,43.685941,10.486806,21:07,89,2
REG,18322,FIRENZE S.M.N.,PISA CENTRALE,CASCINA,3.550561797752809,3.0,89,2023-01-01,2023-03-31,50,25,4,43.674542,10.545225,21:15,89,3
REG,18322,FIRENZE S.M.N.,PISA CENTRALE,PONTEDERA CASCIANA TERME,2.741573033707865,2.0,89,2023-01-01,2023-03-31,39,16,3,43.662145,10.628773,21:22,89,4
REG,18322,FIRENZE S.M.N.,PISA CENTRALE,S.ROMANO MONTOPOLI S.CROCE,2.741573033707865,2.0,89,2023-01-01,2023-03-31,35,15,3,43.690575,10.760152,21:31,89,5
REG,18322,FIRENZE S.M.N.,PISA CENTRALE,EMPOLI,0.8977272727272727,-1.0,88,2023-01-01,2023-03-31,20,8,4,43.715708,10.94915,21:46,89,6
REG,18322,FIRENZE S.M.N.,PISA CENTRALE,FIRENZE RIFREDI,3.640449438202247,2.0,89,2023-01-01,2023-03-31,37,15,6,43.800873,11.235729,22:15,89,7
REG,18322,FIRENZE S.M.N.,PISA CENTRALE,FIRENZE S.M.N.,-1.6292134831460674,-4.0,89,2023-01-01,2023-03-31,7,6,3,43.776893,11.247373,22:26,89,8
