train_class,train_number,train_arrival_stop_name,train_departure_stop_name,stop_name,avg_arrival_delay,median_arrival_delay,count_dates_stop,first_date,last_date,count_3m_delay,count_5m_delay,count_10m_delay,stop_lat,stop_lon,stop_time,count_dates_train,stop_number
REG,18605,LUCCA,PISA CENTRALE,PISA CENTRALE,2.477272727272727,1.0,88,2023-01-01,2023-03-31,13,8,5,43.70794,10.398183,21:50,88,1
REG,18605,LUCCA,PISA CENTRALE,PISA SAN ROSSORE,2.8275862068965516,1.0,87,2023-01-01,2023-03-31,22,11,5,43.723702,10.387363,21:54,88,2
REG,18605,LUCCA,PISA CENTRALE,S.GIULIANO TERME,2.6704545454545454,1.0,88,2023-01-01,2023-03-31,27,10,6,43.764895,10.436892,22:00,88,3
REG,18605,LUCCA,PISA CENTRALE,RIPAFRATTA,1.5113636363636365,0.0,88,2023-01-01,2023-03-31,17,11,6,43.821711,10.415733,22:07,88,4
REG,18605,LUCCA,PISA CENTRALE,LUCCA,1.0681818181818181,-1.0,88,2023-01-01,2023-03-31,18,9,7,43.837186,10.506069,22:17,88,5
