train_class,train_number,train_arrival_stop_name,train_departure_stop_name,stop_name,avg_arrival_delay,median_arrival_delay,count_dates_stop,first_date,last_date,count_3m_delay,count_5m_delay,count_10m_delay,stop_lat,stop_lon,stop_time,count_dates_train,stop_number
REG,16548,CALALZO PIEVE CADORE CORTINA,BELLUNO,BELLUNO,1.625,1.0,40,2023-01-02,2023-03-31,4,0,0,46.141594,12.209703,09:30,40,1
REG,16548,CALALZO PIEVE CADORE CORTINA,BELLUNO,PONTE NELLE ALPI POLPET,0.25,0.0,40,2023-01-02,2023-03-31,2,0,0,46.182328,12.277604,09:38,40,2
REG,16548,CALALZO PIEVE CADORE CORTINA,BELLUNO,LONGARONE ZOLDO,-1.25,-2.0,40,2023-01-02,2023-03-31,0,0,0,46.267466,12.301953,09:52,40,3
REG,16548,CALALZO PIEVE CADORE CORTINA,BELLUNO,PERAROLO DI CADORE,2.55,2.0,40,2023-01-02,2023-03-31,19,3,1,46.386277,12.352493,10:13,40,4
REG,16548,CALALZO PIEVE CADORE CORTINA,BELLUNO,CALALZO PIEVE CADORE CORTINA,0.225,0.0,40,2023-01-02,2023-03-31,3,2,0,46.443829,12.388668,10:27,40,5
