train_class,train_number,train_arrival_stop_name,train_departure_stop_name,stop_name,avg_arrival_delay,median_arrival_delay,count_dates_stop,first_date,last_date,count_3m_delay,count_5m_delay,count_10m_delay,stop_lat,stop_lon,stop_time,count_dates_train,stop_number
REG,12592,ROMA TERMINI,CASSINO,CASSINO,0.9868421052631579,1.0,76,2023-01-02,2023-03-31,3,0,0,41.484306,13.832125,05:00,76,1
REG,12592,ROMA TERMINI,CASSINO,ROCCASECCA,1.0263157894736843,1.0,76,2023-01-02,2023-03-31,5,2,0,41.526377,13.645814,05:10,76,2
REG,12592,ROMA TERMINI,CASSINO,CEPRANO-FALVATERRA,0.8157894736842105,1.0,76,2023-01-02,2023-03-31,8,2,0,41.523962,13.523481,05:18,76,3
REG,12592,ROMA TERMINI,CASSINO,CECCANO,0.3815789473684211,0.0,76,2023-01-02,2023-03-31,8,3,0,41.573583,13.336417,05:32,76,4
REG,12592,ROMA TERMINI,CASSINO,FROSINONE,-1.644736842105263,-2.0,76,2023-01-02,2023-03-31,2,1,0,41.625333,13.328728,05:40,76,5
REG,12592,ROMA TERMINI,CASSINO,FERENTINO-SUPINO,1.5526315789473684,1.0,76,2023-01-02,2023-03-31,6,2,0,41.6564,13.246971,05:47,76,6
REG,12592,ROMA TERMINI,CASSINO,MOROLO,0.27631578947368424,0.0,76,2023-01-02,2023-03-31,5,3,0,41.667018,13.194557,05:52,76,7
REG,12592,ROMA TERMINI,CASSINO,SGURGOLA,0.18421052631578946,0.0,76,2023-01-02,2023-03-31,6,3,0,41.687018,13.146199,05:58,76,8
REG,12592,ROMA TERMINI,CASSINO,ANAGNI-FIUGGI,-0.7368421052631579,-1.0,76,2023-01-02,2023-03-31,5,3,1,41.71037,13.09597,06:04,76,9
REG,12592,ROMA TERMINI,CASSINO,COLLEFERRO-SEGNI-PALIANO,-1.381578947368421,-2.0,76,2023-01-02,2023-03-31,4,3,1,41.740062,13.00299,06:13,76,10
REG,12592,ROMA TERMINI,CASSINO,VALMONTONE,2.026315789473684,2.0,76,2023-01-02,2023-03-31,6,3,1,41.774291,12.923696,06:21,76,11
REG,12592,ROMA TERMINI,CASSINO,ZAGAROLO,-0.4473684210526316,-1.0,76,2023-01-02,2023-03-31,3,3,1,41.821927,12.82692,06:30,76,12
REG,12592,ROMA TERMINI,CASSINO,CIAMPINO,0.4473684210526316,0.0,76,2023-01-02,2023-03-31,12,5,0,41.804442,12.599546,06:45,76,13
REG,12592,ROMA TERMINI,CASSINO,ROMA TERMINI,-0.9078947368421053,-1.0,76,2023-01-02,2023-03-31,5,2,1,41.900636,12.502026,06:59,76,14
