train_class,train_number,train_arrival_stop_name,train_departure_stop_name,stop_name,avg_arrival_delay,median_arrival_delay,count_dates_stop,first_date,last_date,count_3m_delay,count_5m_delay,count_10m_delay,stop_lat,stop_lon,stop_time,count_dates_train,stop_number
REG,5468,CALTANISSETTA XIRBI,MODICA,MODICA,1.0925925925925926,0.0,54,2023-01-02,2023-03-31,5,4,1,36.8529,14.754255,07:38,54,1
REG,5468,CALTANISSETTA XIRBI,MODICA,RAGUSA,0.05555555555555555,-1.0,54,2023-01-02,2023-03-31,6,4,0,36.91927,14.725677,07:59,54,2
REG,5468,CALTANISSETTA XIRBI,MODICA,COMISO,-0.8888888888888888,-2.0,54,2023-01-02,2023-03-31,4,4,1,36.947184,14.60037,08:33,54,3
REG,5468,CALTANISSETTA XIRBI,MODICA,VITTORIA,0.07407407407407407,-1.0,54,2023-01-02,2023-03-31,4,3,1,36.958721,14.52499,08:41,54,4
REG,5468,CALTANISSETTA XIRBI,MODICA,GELA,-0.6296296296296297,-2.0,54,2023-01-02,2023-03-31,7,2,1,37.07283,14.259461,09:06,54,5
REG,5468,CALTANISSETTA XIRBI,MODICA,LICATA,1.7592592592592593,1.0,54,2023-01-02,2023-03-31,14,7,3,37.106024,13.938114,09:33,54,6
REG,5468,CALTANISSETTA XIRBI,MODICA,CAMPOBELLO RAVANUSA,5.055555555555555,4.0,54,2023-01-02,2023-03-31,45,24,4,37.265731,13.946251,09:57,54,7
REG,5468,CALTANISSETTA XIRBI,MODICA,CANICATTI`,6.60377358490566,6.0,53,2023-01-02,2023-03-31,49,38,9,37.359879,13.855395,10:12,54,8
REG,5468,CALTANISSETTA XIRBI,MODICA,CALTANISSETTA CENTRALE,4.185185185185185,3.0,54,2023-01-02,2023-03-31,31,21,3,37.48829,14.057396,10:40,54,9
REG,5468,CALTANISSETTA XIRBI,MODICA,CALTANISSETTA XIRBI,2.111111111111111,2.0,54,2023-01-02,2023-03-31,19,7,2,37.536296,14.056902,10:53,54,10
