train_class,train_number,train_arrival_stop_name,train_departure_stop_name,stop_name,avg_arrival_delay,median_arrival_delay,count_dates_stop,first_date,last_date,count_3m_delay,count_5m_delay,count_10m_delay,stop_lat,stop_lon,stop_time,count_dates_train,stop_number
REG,11095,VOGHERA,ASTI,ASTI,5.0,5.0,12,2023-01-07,2023-03-25,9,7,0,44.89479,8.208112,11:18,12,1
REG,11095,VOGHERA,ASTI,CASTELLO D`ANNONE,3.5,4.0,12,2023-01-07,2023-03-25,7,6,0,44.878742,8.312724,11:25,12,2
REG,11095,VOGHERA,ASTI,ROCCHETTA TANARO CERRO,2.1666666666666665,3.0,12,2023-01-07,2023-03-25,7,3,0,44.875574,8.351402,11:29,12,3
REG,11095,VOGHERA,ASTI,FELIZZANO,2.8333333333333335,3.0,12,2023-01-07,2023-03-25,7,4,0,44.893367,8.437155,11:35,12,4
REG,11095,VOGHERA,ASTI,SOLERO,3.1666666666666665,3.0,12,2023-01-07,2023-03-25,7,4,0,44.915886,8.51043,11:40,12,5
REG,11095,VOGHERA,ASTI,ALESSANDRIA,1.8333333333333333,1.0,12,2023-01-07,2023-03-25,4,2,0,44.909091,8.606498,11:48,12,6
REG,11095,VOGHERA,ASTI,SPINETTA,3.75,3.0,12,2023-01-07,2023-03-25,7,3,0,44.882378,8.683146,11:56,12,7
REG,11095,VOGHERA,ASTI,S.GIULIANO PIEMONTE,3.25,3.0,12,2023-01-07,2023-03-25,7,3,0,44.890543,8.760933,12:02,12,8
REG,11095,VOGHERA,ASTI,TORTONA,2.3333333333333335,2.0,12,2023-01-07,2023-03-25,5,3,0,44.900126,8.861777,12:10,12,9
REG,11095,VOGHERA,ASTI,PONTECURONE,4.0,4.0,12,2023-01-07,2023-03-25,8,3,0,44.962014,8.929717,12:17,12,10
REG,11095,VOGHERA,ASTI,VOGHERA,0.6666666666666666,0.0,12,2023-01-07,2023-03-25,2,2,0,44.9978,9.007942,12:25,12,11
