train_class,train_number,train_arrival_stop_name,train_departure_stop_name,stop_name,avg_arrival_delay,median_arrival_delay,count_dates_stop,first_date,last_date,count_3m_delay,count_5m_delay,count_10m_delay,stop_lat,stop_lon,stop_time,count_dates_train,stop_number
REG,19662,TERAMO,GIULIANOVA,GIULIANOVA,2.4,2.0,75,2023-01-02,2023-03-31,17,4,0,42.751673,13.965743,11:13,75,1
REG,19662,TERAMO,GIULIANOVA,MOSCIANO S. ANGELO,8.266666666666667,8.0,75,2023-01-02,2023-03-31,75,75,7,42.710309,13.908563,11:19,75,2
REG,19662,TERAMO,GIULIANOVA,CASTELLALTO CANZANO,-0.30666666666666664,-1.0,75,2023-01-02,2023-03-31,4,1,0,42.69564,13.793043,11:28,75,3
REG,19662,TERAMO,GIULIANOVA,NEPEZZANO-PIANO D'ACCIO,5.08,4.0,75,2023-01-02,2023-03-31,75,35,1,,,11:32,75,4
REG,19662,TERAMO,GIULIANOVA,TERAMO,1.2133333333333334,1.0,75,2023-01-02,2023-03-31,8,1,1,42.660551,13.715882,11:37,75,5
