train_class,train_number,train_arrival_stop_name,train_departure_stop_name,stop_name,avg_arrival_delay,median_arrival_delay,count_dates_stop,first_date,last_date,count_3m_delay,count_5m_delay,count_10m_delay,stop_lat,stop_lon,stop_time,count_dates_train,stop_number
REG,2570,VARESE,MILANO PORTA GARIBALDI,MILANO PORTA GARIBALDI,2.457627118644068,2.0,59,2023-01-02,2023-03-31,17,5,2,45.484917,9.187683,19:00,59,1
REG,2570,VARESE,MILANO PORTA GARIBALDI,RHO FIERA MILANO,2.6610169491525424,2.0,59,2023-01-02,2023-03-31,24,11,3,45.521157,9.088595,19:09,59,2
REG,2570,VARESE,MILANO PORTA GARIBALDI,LEGNANO,5.1525423728813555,4.0,59,2023-01-02,2023-03-31,40,25,10,45.593653,8.910638,19:21,59,3
REG,2570,VARESE,MILANO PORTA GARIBALDI,BUSTO ARSIZIO,5.135593220338983,4.0,59,2023-01-02,2023-03-31,42,27,9,45.616164,8.865031,19:27,59,4
REG,2570,VARESE,MILANO PORTA GARIBALDI,GALLARATE,7.322033898305085,6.0,59,2023-01-02,2023-03-31,48,35,14,45.659828,8.798243,19:33,59,5
REG,2570,VARESE,MILANO PORTA GARIBALDI,VARESE,5.288135593220339,3.0,59,2023-01-02,2023-03-31,36,26,9,45.816201,8.833089,19:53,59,6
