train_class,train_number,train_arrival_stop_name,train_departure_stop_name,stop_name,avg_arrival_delay,median_arrival_delay,count_dates_stop,first_date,last_date,count_3m_delay,count_5m_delay,count_10m_delay,stop_lat,stop_lon,stop_time,count_dates_train,stop_number
REG,10525,CREMONA,BRESCIA,BRESCIA,1.7386363636363635,1.0,88,2023-01-01,2023-03-31,8,3,3,45.532315,10.212828,12:40,88,1
REG,10525,CREMONA,BRESCIA,S. ZENO FOLZANO,3.1363636363636362,2.0,88,2023-01-01,2023-03-31,44,7,3,45.491552,10.211683,12:45,88,2
REG,10525,CREMONA,BRESCIA,BAGNOLO MELLA,2.2045454545454546,2.0,88,2023-01-01,2023-03-31,24,7,1,45.428532,10.183617,12:52,88,3
REG,10525,CREMONA,BRESCIA,MANERBIO,3.375,3.0,88,2023-01-01,2023-03-31,54,16,3,45.357212,10.132348,12:59,88,4
REG,10525,CREMONA,BRESCIA,VEROLANUOVA,3.375,3.0,88,2023-01-01,2023-03-31,53,23,3,45.324989,10.08388,13:05,88,5
REG,10525,CREMONA,BRESCIA,ROBECCO-PONTEVICO,3.840909090909091,3.0,88,2023-01-01,2023-03-31,57,26,3,45.266224,10.078593,13:11,88,6
REG,10525,CREMONA,BRESCIA,OLMENETA,2.6704545454545454,2.0,88,2023-01-01,2023-03-31,36,17,3,45.231099,10.03194,13:18,88,7
REG,10525,CREMONA,BRESCIA,CREMONA,2.2954545454545454,2.0,88,2023-01-01,2023-03-31,26,7,4,45.143215,10.017951,13:38,88,8
