train_class,train_number,train_arrival_stop_name,train_departure_stop_name,stop_name,avg_arrival_delay,median_arrival_delay,count_dates_stop,first_date,last_date,count_3m_delay,count_5m_delay,count_10m_delay,stop_lat,stop_lon,stop_time,count_dates_train,stop_number
REG,21426,VILLA LITERNO,NAPOLI CENTRALE,NAPOLI CENTRALE,4.164383561643835,3.0,73,2023-01-02,2023-03-31,40,23,7,40.852933,14.272908,12:42,73,1
REG,21426,VILLA LITERNO,NAPOLI CENTRALE,CASORIA,1.7397260273972603,1.0,73,2023-01-02,2023-03-31,23,13,3,40.907762,14.29874,12:52,73,2
REG,21426,VILLA LITERNO,NAPOLI CENTRALE,AVERSA,2.095890410958904,1.0,73,2023-01-02,2023-03-31,23,12,2,40.973323,14.218578,13:05,73,3
REG,21426,VILLA LITERNO,NAPOLI CENTRALE,S.MARCELLINO FRIGNANO,2.0136986301369864,1.0,73,2023-01-02,2023-03-31,23,14,1,40.992103,14.171976,13:11,73,4
REG,21426,VILLA LITERNO,NAPOLI CENTRALE,VILLA LITERNO,-0.2054794520547945,-1.0,73,2023-01-02,2023-03-31,12,4,0,41.004956,14.06753,13:25,73,5
