train_class,train_number,train_arrival_stop_name,train_departure_stop_name,stop_name,avg_arrival_delay,median_arrival_delay,count_dates_stop,first_date,last_date,count_3m_delay,count_5m_delay,count_10m_delay,stop_lat,stop_lon,stop_time,count_dates_train,stop_number
REG,16858,BELLUNO,VENEZIA SANTA LUCIA,VENEZIA SANTA LUCIA,2.6956521739130435,2.0,69,2023-01-02,2023-03-31,17,2,1,45.441569,12.320882,16:43,69,1
REG,16858,BELLUNO,VENEZIA SANTA LUCIA,VENEZIA MESTRE,3.463768115942029,3.0,69,2023-01-02,2023-03-31,36,11,1,45.482123,12.232069,16:54,69,2
REG,16858,BELLUNO,VENEZIA SANTA LUCIA,MOGLIANO VENETO,2.5072463768115942,1.0,69,2023-01-02,2023-03-31,21,7,2,45.561964,12.23274,17:06,69,3
REG,16858,BELLUNO,VENEZIA SANTA LUCIA,TREVISO C.,2.7246376811594204,2.0,69,2023-01-02,2023-03-31,23,7,1,45.659608,12.24614,17:20,69,4
REG,16858,BELLUNO,VENEZIA SANTA LUCIA,CONEGLIANO,2.550724637681159,1.0,69,2023-01-02,2023-03-31,22,10,2,45.884706,12.298909,17:39,69,5
REG,16858,BELLUNO,VENEZIA SANTA LUCIA,SOFFRATTA,4.565217391304348,3.0,69,2023-01-02,2023-03-31,44,19,3,45.976377,12.299346,17:52,69,6
REG,16858,BELLUNO,VENEZIA SANTA LUCIA,VITTORIO VENETO,1.5797101449275361,0.0,69,2023-01-02,2023-03-31,16,7,1,45.989946,12.29327,17:57,69,7
REG,16858,BELLUNO,VENEZIA SANTA LUCIA,S.CROCE DEL LAGO,3.681159420289855,2.0,69,2023-01-02,2023-03-31,32,12,3,46.094795,12.324068,18:14,69,8
REG,16858,BELLUNO,VENEZIA SANTA LUCIA,STAZIONE PER L`ALPAGO,3.2028985507246377,1.0,69,2023-01-02,2023-03-31,26,12,3,46.137574,12.316066,18:21,69,9
REG,16858,BELLUNO,VENEZIA SANTA LUCIA,PONTE NELLE ALPI POLPET,0.6231884057971014,-1.0,69,2023-01-02,2023-03-31,12,5,3,46.182328,12.277604,18:31,69,10
REG,16858,BELLUNO,VENEZIA SANTA LUCIA,BELLUNO,2.0,1.0,69,2023-01-02,2023-03-31,6,4,2,46.141594,12.209703,18:47,69,11
