train_class,train_number,train_arrival_stop_name,train_departure_stop_name,stop_name,avg_arrival_delay,median_arrival_delay,count_dates_stop,first_date,last_date,count_3m_delay,count_5m_delay,count_10m_delay,stop_lat,stop_lon,stop_time,count_dates_train,stop_number
REG,10687,PAVIA,VERCELLI,VERCELLI,2.2857142857142856,1.0,84,2023-01-01,2023-03-31,19,10,3,45.329909,8.416028,18:00,84,1
REG,10687,PAVIA,VERCELLI,ROBBIO,5.226190476190476,5.0,84,2023-01-01,2023-03-31,79,44,6,45.293542,8.597051,18:13,84,2
REG,10687,PAVIA,VERCELLI,NICORVO,6.0602409638554215,5.0,83,2023-01-01,2023-03-31,82,58,9,45.275462,8.6712,18:19,84,3
REG,10687,PAVIA,VERCELLI,MORTARA,7.294117647058823,5.0,17,2023-01-01,2023-01-29,13,11,4,45.252171,8.731639,18:26,84,4
REG,10687,PAVIA,VERCELLI,GAMBOLO`REMONDO`,4.154761904761905,2.0,84,2023-01-01,2023-03-31,31,10,5,45.23587,8.79757,18:43,84,5
REG,10687,PAVIA,VERCELLI,TROMELLO,4.142857142857143,2.0,84,2023-01-01,2023-03-31,31,10,5,45.211988,8.872154,18:50,84,6
REG,10687,PAVIA,VERCELLI,GARLASCO,1.0238095238095237,-1.0,84,2023-01-01,2023-03-31,10,6,3,45.198948,8.926829,18:57,84,7
REG,10687,PAVIA,VERCELLI,GROPELLO CAIROLI,5.380952380952381,4.0,84,2023-01-01,2023-03-31,63,34,6,45.173101,8.991626,19:08,84,8
REG,10687,PAVIA,VERCELLI,VILLANOVA D`ARDENGHI,5.380952380952381,4.0,84,2023-01-01,2023-03-31,63,34,6,45.156982,9.037176,19:13,84,9
REG,10687,PAVIA,VERCELLI,CAVA CARBONARA,3.6785714285714284,2.0,84,2023-01-01,2023-03-31,35,22,9,45.147055,9.071387,19:19,84,10
REG,10687,PAVIA,VERCELLI,PAVIA,6.130952380952381,4.0,84,2023-01-01,2023-03-31,59,42,12,45.188843,9.144674,19:28,84,11
