train_class,train_number,train_arrival_stop_name,train_departure_stop_name,stop_name,avg_arrival_delay,median_arrival_delay,count_dates_stop,first_date,last_date,count_3m_delay,count_5m_delay,count_10m_delay,stop_lat,stop_lon,stop_time,count_dates_train,stop_number
REG,3016,MILANO CENTRALE,SESTRI LEVANTE,SESTRI LEVANTE,2.3846153846153846,2.0,26,2023-01-01,2023-03-27,7,5,0,44.27626,9.397651,04:32,26,1
REG,3016,MILANO CENTRALE,SESTRI LEVANTE,CHIAVARI,0.88,1.0,25,2023-01-01,2023-03-27,6,1,0,44.315156,9.322464,04:42,26,2
REG,3016,MILANO CENTRALE,SESTRI LEVANTE,S. MARGHERITA LIGURE PORTOFINO,2.08,1.0,25,2023-01-01,2023-03-27,9,5,0,44.33676,9.216673,04:54,26,3
REG,3016,MILANO CENTRALE,SESTRI LEVANTE,RECCO,1.12,1.0,25,2023-01-01,2023-03-27,6,2,0,44.361215,9.146788,05:04,26,4
REG,3016,MILANO CENTRALE,SESTRI LEVANTE,GENOVA NERVI,1.36,1.0,25,2023-01-01,2023-03-27,6,2,0,44.381271,9.039895,05:13,26,5
REG,3016,MILANO CENTRALE,SESTRI LEVANTE,GENOVA QUARTO DEI MILLE,0.8,0.0,25,2023-01-01,2023-03-27,6,1,0,44.388607,8.99597,05:21,26,6
REG,3016,MILANO CENTRALE,SESTRI LEVANTE,GENOVA BRIGNOLE,-0.28,-1.0,25,2023-01-01,2023-03-27,1,1,0,44.407213,8.947553,05:31,26,7
REG,3016,MILANO CENTRALE,SESTRI LEVANTE,GENOVA P.PRINCIPE,-0.44,-1.0,25,2023-01-01,2023-03-27,2,1,0,44.417784,8.9207,05:42,26,8
REG,3016,MILANO CENTRALE,SESTRI LEVANTE,RONCO SCR.,1.6,1.0,25,2023-01-01,2023-03-27,4,2,1,44.614537,8.949421,06:05,26,9
REG,3016,MILANO CENTRALE,SESTRI LEVANTE,ARQUATA SCRIVIA,1.12,0.0,25,2023-01-01,2023-03-27,5,2,1,44.692533,8.885342,06:15,26,10
REG,3016,MILANO CENTRALE,SESTRI LEVANTE,TORTONA,2.3461538461538463,2.0,26,2023-01-01,2023-03-27,9,4,1,44.900126,8.861777,06:31,26,11
REG,3016,MILANO CENTRALE,SESTRI LEVANTE,VOGHERA,4.0,3.0,26,2023-01-01,2023-03-27,14,7,1,44.9978,9.007942,06:41,26,12
REG,3016,MILANO CENTRALE,SESTRI LEVANTE,PAVIA,4.115384615384615,3.0,26,2023-01-01,2023-03-27,15,9,1,45.188843,9.144674,06:59,26,13
REG,3016,MILANO CENTRALE,SESTRI LEVANTE,MILANO ROGOREDO,1.3846153846153846,0.0,26,2023-01-01,2023-03-27,10,4,1,45.433866,9.2391,07:20,26,14
REG,3016,MILANO CENTRALE,SESTRI LEVANTE,MILANO LAMBRATE,2.6923076923076925,1.0,26,2023-01-01,2023-03-27,10,4,1,45.484933,9.237333,07:27,26,15
REG,3016,MILANO CENTRALE,SESTRI LEVANTE,MILANO CENTRALE,0.8461538461538461,-1.0,26,2023-01-01,2023-03-27,5,3,1,45.486347,9.204528,07:35,26,16
