train_class,train_number,train_arrival_stop_name,train_departure_stop_name,stop_name,avg_arrival_delay,median_arrival_delay,count_dates_stop,first_date,last_date,count_3m_delay,count_5m_delay,count_10m_delay,stop_lat,stop_lon,stop_time,count_dates_train,stop_number
REG,11554,ARONA,NOVARA,NOVARA,2.5,1.0,14,2023-01-01,2023-03-26,4,2,1,45.451376,8.624895,20:12,14,1
REG,11554,ARONA,NOVARA,OLEGGIO,3.2857142857142856,2.0,14,2023-01-01,2023-03-26,7,5,1,45.598029,8.632586,20:25,14,2
REG,11554,ARONA,NOVARA,BORGO TICINO,4.785714285714286,4.0,14,2023-01-01,2023-03-26,8,6,1,45.691943,8.602483,20:33,14,3
REG,11554,ARONA,NOVARA,ARONA,3.642857142857143,3.0,14,2023-01-01,2023-03-26,8,5,2,45.755392,8.559075,20:45,14,4
