train_class,train_number,train_arrival_stop_name,train_departure_stop_name,stop_name,avg_arrival_delay,median_arrival_delay,count_dates_stop,first_date,last_date,count_3m_delay,count_5m_delay,count_10m_delay,stop_lat,stop_lon,stop_time,count_dates_train,stop_number
REG,24840,LECCO,MILANO PORTA GARIBALDI,MILANO PORTA GARIBALDI,1.7619047619047619,1.0,84,2023-01-01,2023-03-30,12,4,1,45.484917,9.187683,11:52,84,1
REG,24840,LECCO,MILANO PORTA GARIBALDI,MILANO GRECO PIRELLI,0.3333333333333333,0.0,84,2023-01-01,2023-03-30,6,4,2,45.51272,9.214456,11:58,84,2
REG,24840,LECCO,MILANO PORTA GARIBALDI,SESTO S. GIOVANNI,-0.05952380952380952,-1.0,84,2023-01-01,2023-03-30,5,4,1,45.541087,9.23926,12:03,84,3
REG,24840,LECCO,MILANO PORTA GARIBALDI,MONZA,0.8333333333333334,0.0,84,2023-01-01,2023-03-30,16,4,1,45.577789,9.273253,12:08,84,4
REG,24840,LECCO,MILANO PORTA GARIBALDI,ARCORE,1.180722891566265,1.0,83,2023-01-01,2023-03-30,17,4,1,45.623493,9.322798,12:14,84,5
REG,24840,LECCO,MILANO PORTA GARIBALDI,CARNATE USMATE,0.8658536585365854,0.0,82,2023-01-01,2023-03-30,13,4,1,45.653072,9.375089,12:19,84,6
REG,24840,LECCO,MILANO PORTA GARIBALDI,OSNAGO,1.9166666666666667,1.0,84,2023-01-01,2023-03-30,20,6,1,45.678532,9.386995,12:23,84,7
REG,24840,LECCO,MILANO PORTA GARIBALDI,CERNUSCO-MERATE,1.5595238095238095,1.0,84,2023-01-01,2023-03-30,12,5,1,45.695096,9.396794,12:27,84,8
REG,24840,LECCO,MILANO PORTA GARIBALDI,OLGIATE-CALCO-BRIVIO,1.3214285714285714,1.0,84,2023-01-01,2023-03-30,6,4,1,45.729166,9.40377,12:32,84,9
REG,24840,LECCO,MILANO PORTA GARIBALDI,AIRUNO,1.3214285714285714,1.0,84,2023-01-01,2023-03-30,6,4,1,45.754086,9.422066,12:36,84,10
REG,24840,LECCO,MILANO PORTA GARIBALDI,CALOLZIOCORTE OLGINATE,1.5,1.0,84,2023-01-01,2023-03-30,21,7,0,45.801619,9.42698,12:42,84,11
REG,24840,LECCO,MILANO PORTA GARIBALDI,LECCO MAGGIANICO,0.38095238095238093,0.0,84,2023-01-01,2023-03-30,13,4,0,45.831179,9.411691,12:48,84,12
REG,24840,LECCO,MILANO PORTA GARIBALDI,LECCO,1.0833333333333333,1.0,84,2023-01-01,2023-03-30,17,7,0,45.856471,9.393638,12:54,84,13
