train_class,train_number,train_arrival_stop_name,train_departure_stop_name,stop_name,avg_arrival_delay,median_arrival_delay,count_dates_stop,first_date,last_date,count_3m_delay,count_5m_delay,count_10m_delay,stop_lat,stop_lon,stop_time,count_dates_train,stop_number
REG,3701,PADOVA,MONTEBELLUNA,MONTEBELLUNA,1.532258064516129,1.0,62,2023-01-02,2023-03-31,7,1,0,45.776434,12.054,14:08,62,1
REG,3701,PADOVA,MONTEBELLUNA,FANZOLO,0.41935483870967744,0.0,62,2023-01-02,2023-03-31,1,0,0,45.708253,11.992069,14:15,62,2
REG,3701,PADOVA,MONTEBELLUNA,CASTELFRANCO VENETO,1.2741935483870968,1.0,62,2023-01-02,2023-03-31,7,1,0,45.666439,11.934315,14:23,62,3
REG,3701,PADOVA,MONTEBELLUNA,CAMPOSAMPIERO,1.403225806451613,1.0,62,2023-01-02,2023-03-31,11,1,1,45.568922,11.928293,14:34,62,4
REG,3701,PADOVA,MONTEBELLUNA,PADOVA,-2.7903225806451615,-3.0,62,2023-01-02,2023-03-31,1,0,0,45.417846,11.880794,14:53,62,5
