train_class,train_number,train_arrival_stop_name,train_departure_stop_name,stop_name,avg_arrival_delay,median_arrival_delay,count_dates_stop,first_date,last_date,count_3m_delay,count_5m_delay,count_10m_delay,stop_lat,stop_lon,stop_time,count_dates_train,stop_number
REG,5510,CATANIA CENTRALE,PALERMO CENTRALE,PALERMO CENTRALE,0.9827586206896551,0.0,58,2023-01-02,2023-03-11,5,2,1,38.109187,13.367515,13:27,58,1
REG,5510,CATANIA CENTRALE,PALERMO CENTRALE,TERMINI IMERESE,-2.413793103448276,-3.0,58,2023-01-02,2023-03-11,1,1,0,37.980132,13.703631,13:52,58,2
REG,5510,CATANIA CENTRALE,PALERMO CENTRALE,ROCCAPALUMBA-ALIA,3.2241379310344827,2.0,58,2023-01-02,2023-03-11,22,8,4,37.793751,13.673628,14:14,58,3
REG,5510,CATANIA CENTRALE,PALERMO CENTRALE,CALTANISSETTA XIRBI,0.32142857142857145,-1.0,56,2023-01-02,2023-03-11,10,5,3,37.536296,14.056902,15:00,58,4
REG,5510,CATANIA CENTRALE,PALERMO CENTRALE,ENNA,3.4827586206896552,2.0,58,2023-01-02,2023-03-11,27,16,6,37.581134,14.289579,15:23,58,5
REG,5510,CATANIA CENTRALE,PALERMO CENTRALE,CATANIA CENTRALE,6.482758620689655,4.0,58,2023-01-02,2023-03-11,44,27,9,37.506211,15.099417,16:38,58,6
