train_class,train_number,train_arrival_stop_name,train_departure_stop_name,stop_name,avg_arrival_delay,median_arrival_delay,count_dates_stop,first_date,last_date,count_3m_delay,count_5m_delay,count_10m_delay,stop_lat,stop_lon,stop_time,count_dates_train,stop_number
REG,3479,VENEZIA SANTA LUCIA,VERONA PORTA NUOVA,VERONA PORTA NUOVA,1.6666666666666667,1.0,75,2023-01-02,2023-03-31,5,1,1,45.428603,10.982377,06:22,75,1
REG,3479,VENEZIA SANTA LUCIA,VERONA PORTA NUOVA,VERONA PORTA VESCOVO,1.56,1.0,75,2023-01-02,2023-03-31,5,1,1,45.435552,11.018841,06:26,75,2
REG,3479,VENEZIA SANTA LUCIA,VERONA PORTA NUOVA,SAN BONIFACIO,1.6133333333333333,1.0,75,2023-01-02,2023-03-31,18,3,1,45.40276,11.27406,06:38,75,3
REG,3479,VENEZIA SANTA LUCIA,VERONA PORTA NUOVA,VICENZA,-6.333333333333333,-7.0,75,2023-01-02,2023-03-31,1,0,0,45.541102,11.540762,07:01,75,4
REG,3479,VENEZIA SANTA LUCIA,VERONA PORTA NUOVA,PADOVA,-1.68,-2.0,75,2023-01-02,2023-03-31,2,0,0,45.417846,11.880794,07:20,75,5
REG,3479,VENEZIA SANTA LUCIA,VERONA PORTA NUOVA,VENEZIA MESTRE,-0.6533333333333333,-1.0,75,2023-01-02,2023-03-31,3,1,0,45.482123,12.232069,07:37,75,6
REG,3479,VENEZIA SANTA LUCIA,VERONA PORTA NUOVA,VENEZIA SANTA LUCIA,-0.5733333333333334,-1.0,75,2023-01-02,2023-03-31,7,3,0,45.441569,12.320882,07:50,75,7
