train_class,train_number,train_arrival_stop_name,train_departure_stop_name,stop_name,avg_arrival_delay,median_arrival_delay,count_dates_stop,first_date,last_date,count_3m_delay,count_5m_delay,count_10m_delay,stop_lat,stop_lon,stop_time,count_dates_train,stop_number
REG,90353,CODIGORO,FERRARA,FERRARA,2.8947368421052633,3.0,57,2023-01-02,2023-03-31,39,2,1,44.843047,11.603594,08:04,57,1
REG,90353,CODIGORO,FERRARA,QUARTESANA,0.14035087719298245,0.0,57,2023-01-02,2023-03-31,3,2,0,,,08:26,57,2
REG,90353,CODIGORO,FERRARA,MASI TORELLO,-4.803571428571429,-5.0,56,2023-01-02,2023-03-31,1,1,0,,,08:32,57,3
REG,90353,CODIGORO,FERRARA,ROVERETO - S.V. - MEDELANA,-0.05263157894736842,0.0,57,2023-01-02,2023-03-31,3,1,0,,,08:46,57,4
REG,90353,CODIGORO,FERRARA,DOGATO,0.017543859649122806,0.0,57,2023-01-02,2023-03-31,3,1,0,,,08:50,57,5
REG,90353,CODIGORO,FERRARA,MIGLIARINO,0.5789473684210527,0.0,57,2023-01-02,2023-03-31,9,1,0,,,08:59,57,6
REG,90353,CODIGORO,FERRARA,MIGLIARO,0.543859649122807,0.0,57,2023-01-02,2023-03-31,10,2,0,,,09:05,57,7
REG,90353,CODIGORO,FERRARA,MASSAFISCAGLIA,0.7543859649122807,0.0,57,2023-01-02,2023-03-31,10,2,0,,,09:10,57,8
REG,90353,CODIGORO,FERRARA,CODIGORO,2.5789473684210527,2.0,57,2023-01-02,2023-03-31,25,10,0,,,09:21,57,9
