train_class,train_number,train_arrival_stop_name,train_departure_stop_name,stop_name,avg_arrival_delay,median_arrival_delay,count_dates_stop,first_date,last_date,count_3m_delay,count_5m_delay,count_10m_delay,stop_lat,stop_lon,stop_time,count_dates_train,stop_number
REG,16474,VERONA PORTA NUOVA,MANTOVA,MANTOVA,2.219178082191781,1.0,73,2023-01-02,2023-03-31,13,6,1,45.158746,10.783165,09:29,73,1
REG,16474,VERONA PORTA NUOVA,MANTOVA,S.ANTONIO MANTOVANO,0.589041095890411,-1.0,73,2023-01-02,2023-03-31,9,3,1,45.187447,10.785806,09:35,73,2
REG,16474,VERONA PORTA NUOVA,MANTOVA,ROVERBELLA,0.273972602739726,-1.0,73,2023-01-02,2023-03-31,10,3,1,45.252645,10.796795,09:43,73,3
REG,16474,VERONA PORTA NUOVA,MANTOVA,MOZZECANE,0.2054794520547945,-1.0,73,2023-01-02,2023-03-31,8,3,1,45.306687,10.823657,09:50,73,4
REG,16474,VERONA PORTA NUOVA,MANTOVA,VILLAFRANCA DI VERONA,2.8767123287671232,2.0,73,2023-01-02,2023-03-31,35,15,2,45.349801,10.849016,10:00,73,5
REG,16474,VERONA PORTA NUOVA,MANTOVA,DOSSOBUONO,3.7260273972602738,3.0,73,2023-01-02,2023-03-31,41,17,3,45.392382,10.914831,10:06,73,6
REG,16474,VERONA PORTA NUOVA,MANTOVA,VERONA PORTA NUOVA,3.5753424657534247,2.0,73,2023-01-02,2023-03-31,36,19,3,45.428603,10.982377,10:17,73,7
