train_class,train_number,train_arrival_stop_name,train_departure_stop_name,stop_name,avg_arrival_delay,median_arrival_delay,count_dates_stop,first_date,last_date,count_3m_delay,count_5m_delay,count_10m_delay,stop_lat,stop_lon,stop_time,count_dates_train,stop_number
REG,12660,ROMA TERMINI,FORMIA-GAETA,FORMIA-GAETA,1.873015873015873,1.0,63,2023-01-02,2023-03-31,11,4,1,41.258773,13.605996,17:47,63,1
REG,12660,ROMA TERMINI,FORMIA-GAETA,ITRI,2.3333333333333335,2.0,63,2023-01-02,2023-03-31,18,4,1,41.271328,13.545549,17:53,63,2
REG,12660,ROMA TERMINI,FORMIA-GAETA,FONDI - SPERLONGA,2.3333333333333335,2.0,63,2023-01-02,2023-03-31,20,4,1,41.337663,13.424893,18:01,63,3
REG,12660,ROMA TERMINI,FORMIA-GAETA,MONTE S.BIAGIO,2.5714285714285716,2.0,63,2023-01-02,2023-03-31,28,5,1,41.345967,13.347037,18:07,63,4
REG,12660,ROMA TERMINI,FORMIA-GAETA,PRIVERNO FOSSANOVA,3.0634920634920637,2.0,63,2023-01-02,2023-03-31,31,11,2,41.421853,13.186406,18:18,63,5
REG,12660,ROMA TERMINI,FORMIA-GAETA,SEZZE ROMANO,2.8095238095238093,2.0,63,2023-01-02,2023-03-31,27,16,2,41.495542,13.038452,18:28,63,6
REG,12660,ROMA TERMINI,FORMIA-GAETA,LATINA,1.2698412698412698,1.0,63,2023-01-02,2023-03-31,19,7,1,41.538372,12.945888,18:36,63,7
REG,12660,ROMA TERMINI,FORMIA-GAETA,CISTERNA DI LATINA,1.1428571428571428,1.0,63,2023-01-02,2023-03-31,15,6,1,41.586511,12.827538,18:45,63,8
REG,12660,ROMA TERMINI,FORMIA-GAETA,CAMPOLEONE,0.3333333333333333,-1.0,63,2023-01-02,2023-03-31,11,3,2,41.642396,12.648341,18:57,63,9
REG,12660,ROMA TERMINI,FORMIA-GAETA,POMEZIA - S.PALOMBA,2.873015873015873,2.0,63,2023-01-02,2023-03-31,25,11,3,41.706171,12.573611,19:04,63,10
REG,12660,ROMA TERMINI,FORMIA-GAETA,ROMA TERMINI,0.8253968253968254,0.0,63,2023-01-02,2023-03-31,9,4,3,41.900636,12.502026,19:24,63,11
