train_class,train_number,train_arrival_stop_name,train_departure_stop_name,stop_name,avg_arrival_delay,median_arrival_delay,count_dates_stop,first_date,last_date,count_3m_delay,count_5m_delay,count_10m_delay,stop_lat,stop_lon,stop_time,count_dates_train,stop_number
REG,20445,FIUMICINO AEROPORTO,POGGIO MIRTETO,POGGIO MIRTETO,1.375,1.0,88,2023-01-01,2023-03-31,5,1,0,42.242187,12.633043,08:40,88,1
REG,20445,FIUMICINO AEROPORTO,POGGIO MIRTETO,FARA SABINA,-0.011363636363636364,0.0,88,2023-01-01,2023-03-31,3,1,1,42.155546,12.648323,08:49,88,2
REG,20445,FIUMICINO AEROPORTO,POGGIO MIRTETO,PIANA BELLA MONTELIBRETTI,1.8409090909090908,1.0,88,2023-01-01,2023-03-31,17,2,1,42.105159,12.632938,08:55,88,3
REG,20445,FIUMICINO AEROPORTO,POGGIO MIRTETO,MONTEROTONDO,0.4659090909090909,0.0,88,2023-01-01,2023-03-31,6,2,1,42.06409,12.595753,09:01,88,4
REG,20445,FIUMICINO AEROPORTO,POGGIO MIRTETO,SETTE BAGNI,1.75,1.0,88,2023-01-01,2023-03-31,20,4,1,42.006438,12.520156,09:09,88,5
REG,20445,FIUMICINO AEROPORTO,POGGIO MIRTETO,FIDENE,1.4318181818181819,1.0,88,2023-01-01,2023-03-31,13,3,0,41.979773,12.508451,09:14,88,6
REG,20445,FIUMICINO AEROPORTO,POGGIO MIRTETO,NUOVO SALARIO,-0.022727272727272728,-1.0,88,2023-01-01,2023-03-31,5,3,0,41.956195,12.510317,09:18,88,7
REG,20445,FIUMICINO AEROPORTO,POGGIO MIRTETO,ROMA NOMENTANA L.L.,-0.48863636363636365,-1.0,88,2023-01-01,2023-03-31,6,2,0,41.932935,12.523628,09:23,88,8
REG,20445,FIUMICINO AEROPORTO,POGGIO MIRTETO,ROMA TIBURTINA,-1.6024096385542168,-2.0,83,2023-01-01,2023-03-31,4,1,0,41.910903,12.530749,09:30,88,9
REG,20445,FIUMICINO AEROPORTO,POGGIO MIRTETO,ROMA TUSCOLANA,0.5,-1.0,78,2023-01-01,2023-03-31,12,4,1,41.879384,12.523505,09:36,88,10
REG,20445,FIUMICINO AEROPORTO,POGGIO MIRTETO,ROMA OSTIENSE,-0.7954545454545454,-2.0,88,2023-01-01,2023-03-31,9,4,2,41.87265,12.483917,09:44,88,11
REG,20445,FIUMICINO AEROPORTO,POGGIO MIRTETO,ROMA TRASTEVERE,1.6477272727272727,1.0,88,2023-01-01,2023-03-31,20,7,3,41.872279,12.466162,09:50,88,12
REG,20445,FIUMICINO AEROPORTO,POGGIO MIRTETO,VILLA BONELLI,2.4886363636363638,1.0,88,2023-01-01,2023-03-31,28,8,3,41.8477601,12.455223,09:54,88,13
REG,20445,FIUMICINO AEROPORTO,POGGIO MIRTETO,MAGLIANA,2.7045454545454546,2.0,88,2023-01-01,2023-03-31,31,9,3,41.834235,12.431017,09:57,88,14
REG,20445,FIUMICINO AEROPORTO,POGGIO MIRTETO,MURATELLA,2.534090909090909,2.0,88,2023-01-01,2023-03-31,30,6,3,41.826182,12.412696,10:00,88,15
REG,20445,FIUMICINO AEROPORTO,POGGIO MIRTETO,PONTE GALERIA,2.375,2.0,88,2023-01-01,2023-03-31,30,7,3,41.818349,12.344733,10:05,88,16
REG,20445,FIUMICINO AEROPORTO,POGGIO MIRTETO,PARCO LEONARDO,3.3863636363636362,3.0,88,2023-01-01,2023-03-31,45,17,4,41.79932,12.29543,10:11,88,17
REG,20445,FIUMICINO AEROPORTO,POGGIO MIRTETO,FIUMICINO AEROPORTO,1.7272727272727273,1.0,88,2023-01-01,2023-03-31,26,6,3,41.793673,12.251728,10:18,88,18
