train_class,train_number,train_arrival_stop_name,train_departure_stop_name,stop_name,avg_arrival_delay,median_arrival_delay,count_dates_stop,first_date,last_date,count_3m_delay,count_5m_delay,count_10m_delay,stop_lat,stop_lon,stop_time,count_dates_train,stop_number
REG,17152,BRENNERO,MERANO,MERANO,1.88,2.0,25,2023-01-01,2023-03-26,6,0,0,46.673066,11.148978,10:16,25,1
REG,17152,BRENNERO,MERANO,MERANO MAIA BASSA,0.84,1.0,25,2023-01-01,2023-03-26,2,0,0,46.656202,11.147931,10:19,25,2
REG,17152,BRENNERO,MERANO,VILPIANO-NALLES,3.0,3.0,25,2023-01-01,2023-03-26,14,4,0,46.554251,11.220143,10:33,25,3
REG,17152,BRENNERO,MERANO,TERLANO-ANDRIANO,2.48,2.0,25,2023-01-01,2023-03-26,10,3,0,46.528517,11.248394,10:38,25,4
REG,17152,BRENNERO,MERANO,SETTEQUERCE,4.28,4.0,25,2023-01-01,2023-03-26,23,8,1,46.508448,11.264785,10:41,25,5
REG,17152,BRENNERO,MERANO,PONTE D`ADIGE,3.64,3.0,25,2023-01-01,2023-03-26,18,7,1,46.485444,11.297719,10:45,25,6
REG,17152,BRENNERO,MERANO,CASANOVA KAISERAU,1.32,0.0,25,2023-01-01,2023-03-26,6,3,1,,,10:48,25,7
REG,17152,BRENNERO,MERANO,PONTE GARDENA,1.08,1.0,25,2023-01-01,2023-03-26,3,3,0,46.6012,11.53251,11:17,25,8
REG,17152,BRENNERO,MERANO,BRESSANONE,1.08,0.0,25,2023-01-01,2023-03-26,3,3,0,46.710088,11.649677,11:32,25,9
REG,17152,BRENNERO,MERANO,VIPITENO,-1.2,-2.0,25,2023-01-01,2023-03-26,1,1,0,46.895732,11.440206,12:02,25,10
REG,17152,BRENNERO,MERANO,BRENNERO,-1.84,-2.0,25,2023-01-01,2023-03-26,1,0,0,47.004117,11.505711,12:22,25,11
