train_class,train_number,train_arrival_stop_name,train_departure_stop_name,stop_name,avg_arrival_delay,median_arrival_delay,count_dates_stop,first_date,last_date,count_3m_delay,count_5m_delay,count_10m_delay,stop_lat,stop_lon,stop_time,count_dates_train,stop_number
REG,22474,MANTOVA,MODENA,MODENA,2.2045454545454546,2.0,88,2023-01-01,2023-03-31,13,3,1,44.654461,10.930373,13:07,88,1
REG,22474,MANTOVA,MODENA,QUATTRO VILLE,0.5227272727272727,0.0,88,2023-01-01,2023-03-31,5,2,1,,,13:12,88,2
REG,22474,MANTOVA,MODENA,CARPI,0.13636363636363635,0.0,88,2023-01-01,2023-03-31,9,1,1,44.782919,10.891952,13:22,88,3
REG,22474,MANTOVA,MODENA,ROLO NOVI FABBRICO,0.3068181818181818,0.0,88,2023-01-01,2023-03-31,7,3,2,44.886561,10.867882,13:34,88,4
REG,22474,MANTOVA,MODENA,VILLANOVA DI REGGIOLO,-0.2077922077922078,-1.0,77,2023-01-01,2023-03-30,2,0,0,44.915925,10.842455,13:40,88,5
REG,22474,MANTOVA,MODENA,GONZAGA-REGGIOLO,0.07954545454545454,-1.0,88,2023-01-01,2023-03-31,6,3,2,44.939239,10.815533,13:44,88,6
REG,22474,MANTOVA,MODENA,PALIDANO,2.5113636363636362,2.0,88,2023-01-01,2023-03-31,23,7,2,44.972228,10.777412,13:49,88,7
REG,22474,MANTOVA,MODENA,SUZZARA,1.2159090909090908,1.0,88,2023-01-01,2023-03-31,13,4,1,44.994432,10.756138,13:54,88,8
REG,22474,MANTOVA,MODENA,ROMANORE,2.0795454545454546,1.0,88,2023-01-01,2023-03-31,25,7,2,45.063834,10.750997,14:01,88,9
REG,22474,MANTOVA,MODENA,LEVATA,3.340909090909091,3.0,88,2023-01-01,2023-03-31,48,19,3,,,14:07,88,10
REG,22474,MANTOVA,MODENA,BORGOCHIESANUOVA,2.0681818181818183,2.0,88,2023-01-01,2023-03-31,33,9,1,,,14:10,88,11
REG,22474,MANTOVA,MODENA,MANTOVA,0.11363636363636363,-1.0,88,2023-01-01,2023-03-31,12,3,1,45.158746,10.783165,14:17,88,12
