train_class,train_number,train_arrival_stop_name,train_departure_stop_name,stop_name,avg_arrival_delay,median_arrival_delay,count_dates_stop,first_date,last_date,count_3m_delay,count_5m_delay,count_10m_delay,stop_lat,stop_lon,stop_time,count_dates_train,stop_number
REG,17277,VENEZIA SANTA LUCIA,UDINE,UDINE,1.7307692307692308,2.0,26,2023-01-01,2023-03-26,2,1,0,46.055791,13.242003,08:32,26,1
REG,17277,VENEZIA SANTA LUCIA,UDINE,BASILIANO,2.1153846153846154,2.0,26,2023-01-01,2023-03-26,7,1,0,46.012737,13.109233,08:39,26,2
REG,17277,VENEZIA SANTA LUCIA,UDINE,CODROIPO,2.3461538461538463,2.0,26,2023-01-01,2023-03-26,8,3,0,45.9657,12.976543,08:46,26,3
REG,17277,VENEZIA SANTA LUCIA,UDINE,CASARSA,1.4230769230769231,1.0,26,2023-01-01,2023-03-26,7,2,0,45.953002,12.8406,08:54,26,4
REG,17277,VENEZIA SANTA LUCIA,UDINE,PORDENONE,-1.4615384615384615,-2.0,26,2023-01-01,2023-03-26,1,0,0,45.956281,12.654126,09:09,26,5
REG,17277,VENEZIA SANTA LUCIA,UDINE,SACILE,-2.0384615384615383,-2.0,26,2023-01-01,2023-03-26,1,0,0,45.948413,12.498498,09:24,26,6
REG,17277,VENEZIA SANTA LUCIA,UDINE,CONEGLIANO,0.5,1.0,26,2023-01-01,2023-03-26,0,0,0,45.884706,12.298909,09:40,26,7
REG,17277,VENEZIA SANTA LUCIA,UDINE,SPRESIANO,0.0,0.0,26,2023-01-01,2023-03-26,0,0,0,45.77763,12.266984,09:52,26,8
REG,17277,VENEZIA SANTA LUCIA,UDINE,TREVISO C.,-0.19230769230769232,0.0,26,2023-01-01,2023-03-26,0,0,0,45.659608,12.24614,10:05,26,9
REG,17277,VENEZIA SANTA LUCIA,UDINE,MOGLIANO VENETO,-0.23076923076923078,-1.0,26,2023-01-01,2023-03-26,1,0,0,45.561964,12.23274,10:21,26,10
REG,17277,VENEZIA SANTA LUCIA,UDINE,VENEZIA MESTRE,-1.6923076923076923,-2.0,26,2023-01-01,2023-03-26,0,0,0,45.482123,12.232069,10:34,26,11
REG,17277,VENEZIA SANTA LUCIA,UDINE,VENEZIA SANTA LUCIA,-0.9230769230769231,-1.0,26,2023-01-01,2023-03-26,1,0,0,45.441569,12.320882,10:47,26,12
