train_class,train_number,train_arrival_stop_name,train_departure_stop_name,stop_name,avg_arrival_delay,median_arrival_delay,count_dates_stop,first_date,last_date,count_3m_delay,count_5m_delay,count_10m_delay,stop_lat,stop_lon,stop_time,count_dates_train,stop_number
REG,24715,LECCO,MILANO PORTA GARIBALDI,MILANO PORTA GARIBALDI,2.466666666666667,2.0,75,2023-01-02,2023-03-31,32,7,0,45.484917,9.187683,05:47,75,1
REG,24715,LECCO,MILANO PORTA GARIBALDI,MILANO GRECO PIRELLI,2.1333333333333333,1.0,75,2023-01-02,2023-03-31,26,8,4,45.51272,9.214456,05:53,75,2
REG,24715,LECCO,MILANO PORTA GARIBALDI,SESTO S. GIOVANNI,2.76,2.0,75,2023-01-02,2023-03-31,30,12,4,45.541087,9.23926,05:57,75,3
REG,24715,LECCO,MILANO PORTA GARIBALDI,MONZA,3.8666666666666667,3.0,75,2023-01-02,2023-03-31,44,25,4,45.577789,9.273253,06:03,75,4
REG,24715,LECCO,MILANO PORTA GARIBALDI,MONZA SOBBORGHI,3.5675675675675675,2.0,74,2023-01-02,2023-03-31,36,17,4,45.582082,9.284375,06:07,75,5
REG,24715,LECCO,MILANO PORTA GARIBALDI,VILLASANTA,1.4,1.0,75,2023-01-02,2023-03-31,21,12,4,45.603434,9.304923,06:13,75,6
REG,24715,LECCO,MILANO PORTA GARIBALDI,TRIUGGIO-PONTE ALBIATE,-0.25333333333333335,-1.0,75,2023-01-02,2023-03-31,8,5,0,45.658956,9.266961,06:32,75,7
REG,24715,LECCO,MILANO PORTA GARIBALDI,CARATE-CALO`,2.32,2.0,75,2023-01-02,2023-03-31,29,8,0,45.676451,9.252304,06:40,75,8
REG,24715,LECCO,MILANO PORTA GARIBALDI,VILLA RAVERIO,1.7066666666666668,1.0,75,2023-01-02,2023-03-31,16,5,0,45.690418,9.261549,06:44,75,9
REG,24715,LECCO,MILANO PORTA GARIBALDI,BESANA,1.5810810810810811,1.0,74,2023-01-02,2023-03-31,15,5,0,45.702824,9.28288,06:49,75,10
REG,24715,LECCO,MILANO PORTA GARIBALDI,RENATE-VEDUGGIO,2.2,2.0,75,2023-01-02,2023-03-31,23,7,1,45.728304,9.279834,06:54,75,11
REG,24715,LECCO,MILANO PORTA GARIBALDI,CASSAGO-NIBIONNO-BULCIAGO,1.635135135135135,1.0,74,2023-01-02,2023-03-31,11,5,0,45.746243,9.279834,06:58,75,12
REG,24715,LECCO,MILANO PORTA GARIBALDI,COSTA MASNAGA,2.64,2.0,75,2023-01-02,2023-03-31,31,9,1,45.76343,9.285231,07:03,75,13
REG,24715,LECCO,MILANO PORTA GARIBALDI,MOLTENO,0.22666666666666666,0.0,75,2023-01-02,2023-03-31,7,3,0,45.780939,9.301683,07:15,75,14
REG,24715,LECCO,MILANO PORTA GARIBALDI,OGGIONO,3.0533333333333332,3.0,75,2023-01-02,2023-03-31,43,13,2,45.788993,9.33748,07:24,75,15
REG,24715,LECCO,MILANO PORTA GARIBALDI,SALA AL BARRO-GALBIATE,4.173333333333333,4.0,75,2023-01-02,2023-03-31,57,22,3,45.821086,9.359223,07:29,75,16
REG,24715,LECCO,MILANO PORTA GARIBALDI,CIVATE,6.173333333333333,6.0,75,2023-01-02,2023-03-31,74,57,4,45.831295,9.352877,07:32,75,17
REG,24715,LECCO,MILANO PORTA GARIBALDI,VALMADRERA,4.626666666666667,4.0,75,2023-01-02,2023-03-31,57,28,5,45.846439,9.368183,07:35,75,18
REG,24715,LECCO,MILANO PORTA GARIBALDI,LECCO,2.026666666666667,1.0,75,2023-01-02,2023-03-31,24,9,4,45.856471,9.393638,07:46,75,19
