train_class,train_number,train_arrival_stop_name,train_departure_stop_name,stop_name,avg_arrival_delay,median_arrival_delay,count_dates_stop,first_date,last_date,count_3m_delay,count_5m_delay,count_10m_delay,stop_lat,stop_lon,stop_time,count_dates_train,stop_number
REG,17000,MANTOVA,MODENA,MODENA,2.2988505747126435,2.0,87,2023-01-01,2023-03-31,18,4,1,44.654461,10.930373,20:07,87,1
REG,17000,MANTOVA,MODENA,QUATTRO VILLE,1.5747126436781609,1.0,87,2023-01-01,2023-03-31,19,3,1,,,20:12,87,2
REG,17000,MANTOVA,MODENA,CARPI,1.7126436781609196,1.0,87,2023-01-01,2023-03-31,31,7,0,44.782919,10.891952,20:22,87,3
REG,17000,MANTOVA,MODENA,ROLO NOVI FABBRICO,2.1954022988505746,2.0,87,2023-01-01,2023-03-31,32,13,1,44.886561,10.867882,20:34,87,4
REG,17000,MANTOVA,MODENA,VILLANOVA DI REGGIOLO,2.3,1.0,80,2023-01-01,2023-03-31,26,9,2,44.915925,10.842455,20:40,87,5
REG,17000,MANTOVA,MODENA,GONZAGA-REGGIOLO,1.9770114942528736,1.0,87,2023-01-01,2023-03-31,27,9,2,44.939239,10.815533,20:44,87,6
REG,17000,MANTOVA,MODENA,PALIDANO,4.406976744186046,3.0,86,2023-01-01,2023-03-31,55,32,3,44.972228,10.777412,20:49,87,7
REG,17000,MANTOVA,MODENA,SUZZARA,3.2413793103448274,2.0,87,2023-01-01,2023-03-31,42,18,3,44.994432,10.756138,20:54,87,8
REG,17000,MANTOVA,MODENA,ROMANORE,4.344827586206897,4.0,87,2023-01-01,2023-03-31,56,31,3,45.063834,10.750997,21:01,87,9
REG,17000,MANTOVA,MODENA,LEVATA,5.563218390804598,5.0,87,2023-01-01,2023-03-31,69,45,8,,,21:07,87,10
REG,17000,MANTOVA,MODENA,BORGOCHIESANUOVA,4.379310344827586,3.0,87,2023-01-01,2023-03-31,56,32,5,,,21:10,87,11
REG,17000,MANTOVA,MODENA,MANTOVA,2.218390804597701,1.0,87,2023-01-01,2023-03-31,32,18,3,45.158746,10.783165,21:17,87,12
