train_class,train_number,train_arrival_stop_name,train_departure_stop_name,stop_name,avg_arrival_delay,median_arrival_delay,count_dates_stop,first_date,last_date,count_3m_delay,count_5m_delay,count_10m_delay,stop_lat,stop_lon,stop_time,count_dates_train,stop_number
REG,881,SARONNO,M N CADORNA,MILANO NORD DOMODOSSOLA,0.0,0.0,86,2023-01-01,2023-03-31,0,0,0,,,20:05,86,1
REG,881,SARONNO,M N CADORNA,BOLLATE CENTRO,0.0,0.0,86,2023-01-01,2023-03-31,0,0,0,,,20:17,86,2
REG,881,SARONNO,M N CADORNA,BOLLATE NORD,0.0,0.0,86,2023-01-01,2023-03-31,0,0,0,,,20:19,86,3
REG,881,SARONNO,M N CADORNA,CESATE,0.0,0.0,86,2023-01-01,2023-03-31,0,0,0,,,20:26,86,4
REG,881,SARONNO,M N CADORNA,SARONNO SUD,0.0,0.0,86,2023-01-01,2023-03-31,0,0,0,,,20:32,86,5
REG,881,SARONNO,M N CADORNA,SARONNO,0.0,0.0,86,2023-01-01,2023-03-31,0,0,0,45.625309,9.030839,20:37,86,6
