train_class,train_number,train_arrival_stop_name,train_departure_stop_name,stop_name,avg_arrival_delay,median_arrival_delay,count_dates_stop,first_date,last_date,count_3m_delay,count_5m_delay,count_10m_delay,stop_lat,stop_lon,stop_time,count_dates_train,stop_number
REG,24820,LECCO,MILANO PORTA GARIBALDI,MILANO PORTA GARIBALDI,2.176470588235294,1.0,85,2023-01-01,2023-03-30,19,8,2,45.484917,9.187683,06:52,85,1
REG,24820,LECCO,MILANO PORTA GARIBALDI,MILANO GRECO PIRELLI,0.788235294117647,0.0,85,2023-01-01,2023-03-30,15,7,1,45.51272,9.214456,06:58,85,2
REG,24820,LECCO,MILANO PORTA GARIBALDI,SESTO S. GIOVANNI,0.4470588235294118,0.0,85,2023-01-01,2023-03-30,11,4,1,45.541087,9.23926,07:03,85,3
REG,24820,LECCO,MILANO PORTA GARIBALDI,MONZA,1.5058823529411764,1.0,85,2023-01-01,2023-03-30,23,7,1,45.577789,9.273253,07:08,85,4
REG,24820,LECCO,MILANO PORTA GARIBALDI,ARCORE,1.8,2.0,85,2023-01-01,2023-03-30,29,9,1,45.623493,9.322798,07:14,85,5
REG,24820,LECCO,MILANO PORTA GARIBALDI,CARNATE USMATE,1.611764705882353,1.0,85,2023-01-01,2023-03-30,27,8,1,45.653072,9.375089,07:19,85,6
REG,24820,LECCO,MILANO PORTA GARIBALDI,OSNAGO,2.541176470588235,2.0,85,2023-01-01,2023-03-30,35,13,1,45.678532,9.386995,07:23,85,7
REG,24820,LECCO,MILANO PORTA GARIBALDI,CERNUSCO-MERATE,2.023529411764706,1.0,85,2023-01-01,2023-03-30,25,8,1,45.695096,9.396794,07:27,85,8
REG,24820,LECCO,MILANO PORTA GARIBALDI,OLGIATE-CALCO-BRIVIO,1.611764705882353,1.0,85,2023-01-01,2023-03-30,13,6,1,45.729166,9.40377,07:32,85,9
REG,24820,LECCO,MILANO PORTA GARIBALDI,AIRUNO,1.611764705882353,1.0,85,2023-01-01,2023-03-30,13,6,1,45.754086,9.422066,07:36,85,10
REG,24820,LECCO,MILANO PORTA GARIBALDI,CALOLZIOCORTE OLGINATE,0.9058823529411765,0.0,85,2023-01-01,2023-03-30,15,7,0,45.801619,9.42698,07:42,85,11
REG,24820,LECCO,MILANO PORTA GARIBALDI,LECCO MAGGIANICO,0.18823529411764706,-1.0,85,2023-01-01,2023-03-30,15,5,0,45.831179,9.411691,07:48,85,12
REG,24820,LECCO,MILANO PORTA GARIBALDI,LECCO,0.0,-1.0,85,2023-01-01,2023-03-30,12,6,0,45.856471,9.393638,07:54,85,13
