train_class,train_number,train_arrival_stop_name,train_departure_stop_name,stop_name,avg_arrival_delay,median_arrival_delay,count_dates_stop,first_date,last_date,count_3m_delay,count_5m_delay,count_10m_delay,stop_lat,stop_lon,stop_time,count_dates_train,stop_number
REG,10467,STRADELLA,MILANO GRECO PIRELLI,MILANO GRECO PIRELLI,1.875,1.0,88,2023-01-01,2023-03-31,12,4,2,45.51272,9.214456,12:47,88,1
REG,10467,STRADELLA,MILANO GRECO PIRELLI,MILANO LAMBRATE,2.3181818181818183,2.0,88,2023-01-01,2023-03-31,21,8,2,45.484933,9.237333,12:53,88,2
REG,10467,STRADELLA,MILANO GRECO PIRELLI,MILANO ROGOREDO,0.2159090909090909,-1.0,88,2023-01-01,2023-03-31,13,2,2,45.433866,9.2391,13:04,88,3
REG,10467,STRADELLA,MILANO GRECO PIRELLI,PAVIA,1.5340909090909092,1.0,88,2023-01-01,2023-03-31,24,11,3,45.188843,9.144674,13:25,88,4
REG,10467,STRADELLA,MILANO GRECO PIRELLI,CAVA MANARA,2.977272727272727,1.0,88,2023-01-01,2023-03-31,36,17,3,45.144867,9.115332,13:30,88,5
REG,10467,STRADELLA,MILANO GRECO PIRELLI,BRESSANA BOTTARONE,3.5795454545454546,2.0,88,2023-01-01,2023-03-31,40,21,4,45.086298,9.110602,13:36,88,6
REG,10467,STRADELLA,MILANO GRECO PIRELLI,PINAROLO PO,3.727272727272727,2.0,88,2023-01-01,2023-03-31,40,24,6,45.073415,9.170273,13:45,88,7
REG,10467,STRADELLA,MILANO GRECO PIRELLI,BRONI,3.9886363636363638,2.0,88,2023-01-01,2023-03-31,36,27,8,45.066263,9.258751,13:56,88,8
REG,10467,STRADELLA,MILANO GRECO PIRELLI,STRADELLA,1.3522727272727273,-1.0,88,2023-01-01,2023-03-31,25,13,5,45.079465,9.300865,14:05,88,9
