train_class,train_number,train_arrival_stop_name,train_departure_stop_name,stop_name,avg_arrival_delay,median_arrival_delay,count_dates_stop,first_date,last_date,count_3m_delay,count_5m_delay,count_10m_delay,stop_lat,stop_lon,stop_time,count_dates_train,stop_number
REG,4408,BARI CENTRALE,LECCE,LECCE,1.6923076923076923,1.0,26,2023-01-01,2023-03-26,3,1,0,40.34566,18.165724,12:17,26,1
REG,4408,BARI CENTRALE,LECCE,SQUINZANO,-0.3076923076923077,-1.0,26,2023-01-01,2023-03-26,2,0,0,40.439266,18.046097,12:30,26,2
REG,4408,BARI CENTRALE,LECCE,BRINDISI,-1.0,-1.0,26,2023-01-01,2023-03-26,0,0,0,40.634339,17.938978,12:47,26,3
REG,4408,BARI CENTRALE,LECCE,OSTUNI,0.6538461538461539,-1.0,26,2023-01-01,2023-03-26,2,2,2,40.752356,17.580809,13:10,26,4
REG,4408,BARI CENTRALE,LECCE,FASANO,1.1153846153846154,0.0,26,2023-01-01,2023-03-26,2,2,2,40.851753,17.3859,13:24,26,5
REG,4408,BARI CENTRALE,LECCE,MONOPOLI,2.8076923076923075,2.0,26,2023-01-01,2023-03-26,7,2,2,40.952017,17.292455,13:32,26,6
REG,4408,BARI CENTRALE,LECCE,POLIGNANO A MARE,3.1153846153846154,2.0,26,2023-01-01,2023-03-26,8,2,2,40.990926,17.218676,13:38,26,7
REG,4408,BARI CENTRALE,LECCE,MOLA DI BARI,3.1538461538461537,2.0,26,2023-01-01,2023-03-26,11,3,2,41.057227,17.080919,13:47,26,8
REG,4408,BARI CENTRALE,LECCE,BARI TORRE A MARE,3.423076923076923,3.0,26,2023-01-01,2023-03-26,15,4,2,41.082637,16.995772,13:53,26,9
REG,4408,BARI CENTRALE,LECCE,BARI CENTRALE,-0.8461538461538461,-2.0,26,2023-01-01,2023-03-26,2,2,1,41.11774,16.869601,14:11,26,10
