train_class,train_number,train_arrival_stop_name,train_departure_stop_name,stop_name,avg_arrival_delay,median_arrival_delay,count_dates_stop,first_date,last_date,count_3m_delay,count_5m_delay,count_10m_delay,stop_lat,stop_lon,stop_time,count_dates_train,stop_number
REG,18975,BORGO S. LORENZO,FIRENZE S.M.N.,FIRENZE S.M.N.,2.16,1.0,75,2023-01-02,2023-03-31,20,8,2,43.776893,11.247373,18:55,75,1
REG,18975,BORGO S. LORENZO,FIRENZE S.M.N.,FIRENZE CAMPO MARTE,3.1466666666666665,2.0,75,2023-01-02,2023-03-31,36,12,2,43.776856,11.27702,19:00,75,2
REG,18975,BORGO S. LORENZO,FIRENZE S.M.N.,PONTASSIEVE,3.6,3.0,75,2023-01-02,2023-03-31,48,25,3,43.773949,11.437904,19:18,75,3
REG,18975,BORGO S. LORENZO,FIRENZE S.M.N.,RUFINA,2.6533333333333333,2.0,75,2023-01-02,2023-03-31,32,20,1,43.822236,11.485072,19:28,75,4
REG,18975,BORGO S. LORENZO,FIRENZE S.M.N.,SCOPETI,2.7333333333333334,2.0,75,2023-01-02,2023-03-31,31,21,1,43.841117,11.497001,19:34,75,5
REG,18975,BORGO S. LORENZO,FIRENZE S.M.N.,CONTEA LONDA,0.21333333333333335,-1.0,75,2023-01-02,2023-03-31,17,8,0,43.865124,11.531603,19:42,75,6
REG,18975,BORGO S. LORENZO,FIRENZE S.M.N.,DICOMANO,3.1333333333333333,2.0,75,2023-01-02,2023-03-31,34,17,0,43.893489,11.519148,19:47,75,7
REG,18975,BORGO S. LORENZO,FIRENZE S.M.N.,VICCHIO,4.933333333333334,4.0,75,2023-01-02,2023-03-31,66,35,3,43.933463,11.457634,19:56,75,8
REG,18975,BORGO S. LORENZO,FIRENZE S.M.N.,BORGO S.L.RIMORELLI,8.68,8.0,75,2023-01-02,2023-03-31,74,73,25,43.953279,11.400076,20:02,75,9
REG,18975,BORGO S. LORENZO,FIRENZE S.M.N.,BORGO S. LORENZO,0.26666666666666666,-1.0,75,2023-01-02,2023-03-31,17,6,1,43.959822,11.380422,20:12,75,10
