train_class,train_number,train_arrival_stop_name,train_departure_stop_name,stop_name,avg_arrival_delay,median_arrival_delay,count_dates_stop,first_date,last_date,count_3m_delay,count_5m_delay,count_10m_delay,stop_lat,stop_lon,stop_time,count_dates_train,stop_number
REG,19745,L`AQUILA,TERNI,TERNI,5.455555555555556,4.0,90,2023-01-01,2023-03-31,89,39,5,42.570768,12.651091,19:19,90,1
REG,19745,L`AQUILA,TERNI,MARMORE,0.28888888888888886,-1.0,90,2023-01-01,2023-03-31,11,5,4,42.547499,12.715224,19:36,90,2
REG,19745,L`AQUILA,TERNI,GRECCIO,1.6777777777777778,1.0,90,2023-01-01,2023-03-31,13,5,4,42.462872,12.777009,19:45,90,3
REG,19745,L`AQUILA,TERNI,CONTIGLIANO,2.7222222222222223,1.0,90,2023-01-01,2023-03-31,24,8,4,42.412072,12.779144,19:50,90,4
REG,19745,L`AQUILA,TERNI,RIETI,3.6666666666666665,2.0,90,2023-01-01,2023-03-31,45,15,4,42.405918,12.862596,19:59,90,5
REG,19745,L`AQUILA,TERNI,CITTADUCALE,5.366666666666666,4.0,90,2023-01-01,2023-03-31,76,35,6,42.387764,12.94269,20:08,90,6
REG,19745,L`AQUILA,TERNI,CASTEL S.ANGELO,4.633333333333334,3.0,90,2023-01-01,2023-03-31,58,28,7,42.379666,13.017612,20:17,90,7
REG,19745,L`AQUILA,TERNI,ANTRODOCO BORGO VELINO,5.211111111111111,4.0,90,2023-01-01,2023-03-31,67,36,7,42.415393,13.076193,20:24,90,8
REG,19745,L`AQUILA,TERNI,ANTRODOCO CENTRO,12.28888888888889,11.0,90,2023-01-01,2023-03-31,90,90,65,42.409844,13.07096,20:27,90,9
REG,19745,L`AQUILA,TERNI,ROCCA DI CORNO,2.2,2.0,90,2023-01-01,2023-03-31,39,15,4,42.388164,13.143939,20:45,90,10
REG,19745,L`AQUILA,TERNI,L`AQUILA,4.466666666666667,4.0,90,2023-01-01,2023-03-31,61,38,7,42.351055,13.384959,21:07,90,11
