train_class,train_number,train_arrival_stop_name,train_departure_stop_name,stop_name,avg_arrival_delay,median_arrival_delay,count_dates_stop,first_date,last_date,count_3m_delay,count_5m_delay,count_10m_delay,stop_lat,stop_lon,stop_time,count_dates_train,stop_number
REG,855,SARONNO,M N CADORNA,MILANO NORD DOMODOSSOLA,0.0,0.0,88,2023-01-01,2023-03-31,0,0,0,,,15:35,88,1
REG,855,SARONNO,M N CADORNA,BOLLATE CENTRO,0.0,0.0,88,2023-01-01,2023-03-31,0,0,0,,,15:47,88,2
REG,855,SARONNO,M N CADORNA,BOLLATE NORD,0.0,0.0,88,2023-01-01,2023-03-31,0,0,0,,,15:49,88,3
REG,855,SARONNO,M N CADORNA,CESATE,0.0,0.0,88,2023-01-01,2023-03-31,0,0,0,,,15:56,88,4
REG,855,SARONNO,M N CADORNA,SARONNO SUD,0.0,0.0,88,2023-01-01,2023-03-31,0,0,0,,,16:02,88,5
REG,855,SARONNO,M N CADORNA,SARONNO,0.0,0.0,88,2023-01-01,2023-03-31,0,0,0,45.625309,9.030839,16:07,88,6
