train_class,train_number,train_arrival_stop_name,train_departure_stop_name,stop_name,avg_arrival_delay,median_arrival_delay,count_dates_stop,first_date,last_date,count_3m_delay,count_5m_delay,count_10m_delay,stop_lat,stop_lon,stop_time,count_dates_train,stop_number
REG,16612,BOLZANO,VERONA PORTA NUOVA,VERONA PORTA NUOVA,1.7303370786516854,1.0,89,2023-01-01,2023-03-31,8,3,1,45.428603,10.982377,14:06,89,1
REG,16612,BOLZANO,VERONA PORTA NUOVA,DOMEGLIARA,1.8764044943820224,1.0,89,2023-01-01,2023-03-31,31,14,4,45.522348,10.820408,14:21,89,2
REG,16612,BOLZANO,VERONA PORTA NUOVA,POSTO COMUNICAZIONE DOLCE`,2.4269662921348316,1.0,89,2023-01-01,2023-03-31,33,13,4,45.601513,10.850588,14:27,89,3
REG,16612,BOLZANO,VERONA PORTA NUOVA,PERI,4.168539325842697,3.0,89,2023-01-01,2023-03-31,50,28,4,45.658402,10.900314,14:33,89,4
REG,16612,BOLZANO,VERONA PORTA NUOVA,ALA,2.898876404494382,2.0,89,2023-01-01,2023-03-31,30,21,7,45.760087,10.996775,14:49,89,5
REG,16612,BOLZANO,VERONA PORTA NUOVA,ROVERETO,5.179775280898877,5.0,89,2023-01-01,2023-03-31,61,50,15,45.890985,11.033518,15:06,89,6
REG,16612,BOLZANO,VERONA PORTA NUOVA,TRENTO,-4.314606741573034,-5.0,89,2023-01-01,2023-03-31,6,3,0,46.072414,11.118941,15:30,89,7
REG,16612,BOLZANO,VERONA PORTA NUOVA,MEZZOCORONA,2.0,1.0,89,2023-01-01,2023-03-31,21,8,1,46.207258,11.128595,15:45,89,8
