train_class,train_number,train_arrival_stop_name,train_departure_stop_name,stop_name,avg_arrival_delay,median_arrival_delay,count_dates_stop,first_date,last_date,count_3m_delay,count_5m_delay,count_10m_delay,stop_lat,stop_lon,stop_time,count_dates_train,stop_number
REG,16811,VENEZIA SANTA LUCIA,UDINE,UDINE,2.847058823529412,2.0,85,2023-01-01,2023-03-31,27,14,3,46.055791,13.242003,06:32,85,1
REG,16811,VENEZIA SANTA LUCIA,UDINE,BASILIANO,3.5176470588235293,3.0,85,2023-01-01,2023-03-31,45,18,3,46.012737,13.109233,06:39,85,2
REG,16811,VENEZIA SANTA LUCIA,UDINE,CODROIPO,3.7529411764705882,3.0,85,2023-01-01,2023-03-31,52,22,2,45.9657,12.976543,06:46,85,3
REG,16811,VENEZIA SANTA LUCIA,UDINE,CASARSA,3.376470588235294,2.0,85,2023-01-01,2023-03-31,41,20,3,45.953002,12.8406,06:54,85,4
REG,16811,VENEZIA SANTA LUCIA,UDINE,PORDENONE,0.7294117647058823,-1.0,85,2023-01-01,2023-03-31,19,12,1,45.956281,12.654126,07:09,85,5
REG,16811,VENEZIA SANTA LUCIA,UDINE,SACILE,-0.36470588235294116,-1.0,85,2023-01-01,2023-03-31,9,5,1,45.948413,12.498498,07:24,85,6
REG,16811,VENEZIA SANTA LUCIA,UDINE,CONEGLIANO,2.6,2.0,85,2023-01-01,2023-03-31,32,12,1,45.884706,12.298909,07:40,85,7
REG,16811,VENEZIA SANTA LUCIA,UDINE,SPRESIANO,2.164705882352941,2.0,85,2023-01-01,2023-03-31,32,11,2,45.77763,12.266984,07:52,85,8
REG,16811,VENEZIA SANTA LUCIA,UDINE,TREVISO C.,5.905882352941177,5.0,85,2023-01-01,2023-03-31,80,59,7,45.659608,12.24614,08:05,85,9
REG,16811,VENEZIA SANTA LUCIA,UDINE,MOGLIANO VENETO,2.1882352941176473,2.0,85,2023-01-01,2023-03-31,29,11,2,45.561964,12.23274,08:29,85,10
REG,16811,VENEZIA SANTA LUCIA,UDINE,VENEZIA MESTRE,-0.4235294117647059,-1.0,85,2023-01-01,2023-03-31,7,4,1,45.482123,12.232069,08:42,85,11
REG,16811,VENEZIA SANTA LUCIA,UDINE,VENEZIA SANTA LUCIA,0.4588235294117647,1.0,85,2023-01-01,2023-03-31,18,5,0,45.441569,12.320882,08:55,85,12
