train_class,train_number,train_arrival_stop_name,train_departure_stop_name,stop_name,avg_arrival_delay,median_arrival_delay,count_dates_stop,first_date,last_date,count_3m_delay,count_5m_delay,count_10m_delay,stop_lat,stop_lon,stop_time,count_dates_train,stop_number
REG,12835,ROMA OSTIENSE,VITERBO PORTA FIORENTINA,VITERBO PORTA FIORENTINA,0.08771929824561403,0.0,57,2023-01-09,2023-03-31,1,0,0,42.425237,12.106204,20:05,57,1
REG,12835,ROMA OSTIENSE,VITERBO PORTA FIORENTINA,VITERBO PORTA ROMANA,-2.0701754385964914,-2.0,57,2023-01-09,2023-03-31,1,0,0,42.411974,12.110482,20:11,57,2
REG,12835,ROMA OSTIENSE,VITERBO PORTA FIORENTINA,VETRALLA,2.0350877192982457,2.0,57,2023-01-09,2023-03-31,16,3,0,42.304619,12.089137,20:26,57,3
REG,12835,ROMA OSTIENSE,VITERBO PORTA FIORENTINA,CAPRANICA,-1.894736842105263,-2.0,57,2023-01-09,2023-03-31,3,1,0,42.245195,12.157194,20:45,57,4
REG,12835,ROMA OSTIENSE,VITERBO PORTA FIORENTINA,ORIOLO,4.192982456140351,4.0,57,2023-01-09,2023-03-31,53,20,1,42.166825,12.138499,20:54,57,5
REG,12835,ROMA OSTIENSE,VITERBO PORTA FIORENTINA,MANZIANA-CANALE MONTERANO,0.6491228070175439,1.0,57,2023-01-09,2023-03-31,8,1,0,42.128246,12.134934,21:04,57,6
REG,12835,ROMA OSTIENSE,VITERBO PORTA FIORENTINA,BRACCIANO,5.12280701754386,5.0,57,2023-01-09,2023-03-31,57,34,2,42.103667,12.173023,21:10,57,7
REG,12835,ROMA OSTIENSE,VITERBO PORTA FIORENTINA,ANGUILLARA,1.6491228070175439,2.0,57,2023-01-09,2023-03-31,16,6,1,42.068133,12.304978,21:32,57,8
REG,12835,ROMA OSTIENSE,VITERBO PORTA FIORENTINA,CESANO DI ROMA,1.8070175438596492,1.0,57,2023-01-09,2023-03-31,17,7,1,42.061833,12.326669,21:36,57,9
REG,12835,ROMA OSTIENSE,VITERBO PORTA FIORENTINA,LA STORTA,0.7368421052631579,0.0,57,2023-01-09,2023-03-31,12,5,1,42.001748,12.381254,21:45,57,10
REG,12835,ROMA OSTIENSE,VITERBO PORTA FIORENTINA,VALLE AURELIA,2.8392857142857144,2.0,56,2023-01-09,2023-03-31,25,3,2,41.899356,12.447667,22:00,57,11
REG,12835,ROMA OSTIENSE,VITERBO PORTA FIORENTINA,ROMA S.PIETRO,-0.08771929824561403,-1.0,57,2023-01-09,2023-03-31,3,2,1,41.896143,12.454497,22:04,57,12
REG,12835,ROMA OSTIENSE,VITERBO PORTA FIORENTINA,ROMA TRASTEVERE,2.192982456140351,2.0,57,2023-01-09,2023-03-31,11,5,1,41.872279,12.466162,22:09,57,13
REG,12835,ROMA OSTIENSE,VITERBO PORTA FIORENTINA,ROMA OSTIENSE,-2.0,-3.0,57,2023-01-09,2023-03-31,2,1,0,41.87265,12.483917,22:15,57,14
