train_class,train_number,train_arrival_stop_name,train_departure_stop_name,stop_name,avg_arrival_delay,median_arrival_delay,count_dates_stop,first_date,last_date,count_3m_delay,count_5m_delay,count_10m_delay,stop_lat,stop_lon,stop_time,count_dates_train,stop_number
REG,11057,VOGHERA,ASTI,ASTI,2.7738095238095237,2.0,84,2023-01-01,2023-03-31,35,13,2,44.89479,8.208112,07:13,84,1
REG,11057,VOGHERA,ASTI,CASTELLO D`ANNONE,1.5714285714285714,1.0,84,2023-01-01,2023-03-31,22,6,2,44.878742,8.312724,07:20,84,2
REG,11057,VOGHERA,ASTI,ROCCHETTA TANARO CERRO,0.30952380952380953,0.0,84,2023-01-01,2023-03-31,8,3,2,44.875574,8.351402,07:24,84,3
REG,11057,VOGHERA,ASTI,FELIZZANO,1.6666666666666667,1.0,84,2023-01-01,2023-03-31,21,7,3,44.893367,8.437155,07:30,84,4
REG,11057,VOGHERA,ASTI,SOLERO,2.261904761904762,2.0,84,2023-01-01,2023-03-31,26,8,3,44.915886,8.51043,07:35,84,5
REG,11057,VOGHERA,ASTI,ALESSANDRIA,0.5357142857142857,0.0,84,2023-01-01,2023-03-31,10,7,2,44.909091,8.606498,07:43,84,6
REG,11057,VOGHERA,ASTI,SPINETTA,3.3333333333333335,2.0,84,2023-01-01,2023-03-31,40,18,2,44.882378,8.683146,07:51,84,7
REG,11057,VOGHERA,ASTI,S.GIULIANO PIEMONTE,2.891566265060241,2.0,83,2023-01-01,2023-03-31,29,17,2,44.890543,8.760933,07:57,84,8
REG,11057,VOGHERA,ASTI,TORTONA,2.2738095238095237,1.0,84,2023-01-01,2023-03-31,26,15,3,44.900126,8.861777,08:05,84,9
REG,11057,VOGHERA,ASTI,PONTECURONE,4.433734939759036,3.0,83,2023-01-01,2023-03-31,56,28,9,44.962014,8.929717,08:12,84,10
REG,11057,VOGHERA,ASTI,VOGHERA,1.2976190476190477,0.0,84,2023-01-01,2023-03-31,18,13,3,44.9978,9.007942,08:20,84,11
