train_class,train_number,train_arrival_stop_name,train_departure_stop_name,stop_name,avg_arrival_delay,median_arrival_delay,count_dates_stop,first_date,last_date,count_3m_delay,count_5m_delay,count_10m_delay,stop_lat,stop_lon,stop_time,count_dates_train,stop_number
REG,18212,FIRENZE S.M.N.,SIENA,SIENA,2.861111111111111,2.0,72,2023-01-02,2023-03-31,16,9,5,43.331708,11.322972,07:02,72,1
REG,18212,FIRENZE S.M.N.,SIENA,P.M. BADESSE,3.513888888888889,2.0,72,2023-01-02,2023-03-31,28,11,7,43.382144,11.277136,07:09,72,2
REG,18212,FIRENZE S.M.N.,SIENA,CASTELLINA CH,4.111111111111111,3.0,72,2023-01-02,2023-03-31,43,17,7,43.408744,11.212379,07:16,72,3
REG,18212,FIRENZE S.M.N.,SIENA,POGGIBONSI,3.8472222222222223,2.0,72,2023-01-02,2023-03-31,33,15,7,43.468093,11.149455,07:27,72,4
REG,18212,FIRENZE S.M.N.,SIENA,CERTALDO,-2.3194444444444446,-4.0,72,2023-01-02,2023-03-31,7,7,5,43.547124,11.037711,07:47,72,5
REG,18212,FIRENZE S.M.N.,SIENA,GRANAIOLO,-2.0,-3.0,72,2023-01-02,2023-03-31,7,6,3,43.652244,10.945223,08:06,72,6
REG,18212,FIRENZE S.M.N.,SIENA,PONTE A ELSA,0.6805555555555556,0.0,72,2023-01-02,2023-03-31,8,6,4,43.694385,10.906008,08:13,72,7
REG,18212,FIRENZE S.M.N.,SIENA,EMPOLI,1.4027777777777777,0.0,72,2023-01-02,2023-03-31,15,9,4,43.715708,10.94915,08:19,72,8
REG,18212,FIRENZE S.M.N.,SIENA,SIGNA,10.6,9.0,15,2023-01-02,2023-03-16,15,14,7,43.775441,11.095961,08:36,72,9
REG,18212,FIRENZE S.M.N.,SIENA,FIRENZE RIFREDI,4.736111111111111,4.0,72,2023-01-02,2023-03-31,47,31,9,43.800873,11.235729,08:50,72,10
REG,18212,FIRENZE S.M.N.,SIENA,FIRENZE S.M.N.,2.5972222222222223,2.0,72,2023-01-02,2023-03-31,27,16,4,43.776893,11.247373,08:59,72,11
