train_class,train_number,train_arrival_stop_name,train_departure_stop_name,stop_name,avg_arrival_delay,median_arrival_delay,count_dates_stop,first_date,last_date,count_3m_delay,count_5m_delay,count_10m_delay,stop_lat,stop_lon,stop_time,count_dates_train,stop_number
REG,21238,ORISTANO,CAGLIARI,CAGLIARI,1.4473684210526316,1.0,76,2023-01-02,2023-03-31,6,1,1,39.216078,9.107984,20:35,76,1
REG,21238,ORISTANO,CAGLIARI,ELMAS AEROPORTO,0.6666666666666666,0.0,75,2023-01-02,2023-03-31,5,1,1,,,20:40,76,2
REG,21238,ORISTANO,CAGLIARI,DECIMOMANNU,-0.40789473684210525,-1.0,76,2023-01-02,2023-03-31,3,1,1,39.304593,8.965808,20:49,76,3
REG,21238,ORISTANO,CAGLIARI,VILLASOR,0.4473684210526316,0.0,76,2023-01-02,2023-03-31,5,2,1,39.381451,8.935907,20:56,76,4
REG,21238,ORISTANO,CAGLIARI,SERRAMANNA NURAMINIS,0.618421052631579,0.0,76,2023-01-02,2023-03-31,6,3,1,39.426123,8.916579,21:01,76,5
REG,21238,ORISTANO,CAGLIARI,SAMASSI SERRENTI,1.5394736842105263,1.0,76,2023-01-02,2023-03-31,10,3,1,39.483075,8.899035,21:06,76,6
REG,21238,ORISTANO,CAGLIARI,SAN GAVINO,-0.8157894736842105,-2.0,76,2023-01-02,2023-03-31,5,2,1,39.546206,8.788017,21:17,76,7
REG,21238,ORISTANO,CAGLIARI,URAS MOGORO,0.3815789473684211,0.0,76,2023-01-02,2023-03-31,6,2,1,39.692629,8.696459,21:30,76,8
REG,21238,ORISTANO,CAGLIARI,MARRUBIU TERRALBA ARBOREA,1.4342105263157894,1.0,76,2023-01-02,2023-03-31,14,3,1,39.75293,8.641144,21:41,76,9
REG,21238,ORISTANO,CAGLIARI,ORISTANO,-0.32894736842105265,-1.0,76,2023-01-02,2023-03-31,7,2,1,39.902033,8.603974,21:54,76,10
