train_class,train_number,train_arrival_stop_name,train_departure_stop_name,stop_name,avg_arrival_delay,median_arrival_delay,count_dates_stop,first_date,last_date,count_3m_delay,count_5m_delay,count_10m_delay,stop_lat,stop_lon,stop_time,count_dates_train,stop_number
IC,704,ROMA TERMINI,BARI CENTRALE,BARI CENTRALE,1.6666666666666667,1.0,90,2023-01-01,2023-03-31,9,1,0,41.11774,16.869601,16:05,90,1
IC,704,ROMA TERMINI,BARI CENTRALE,MOLFETTA,1.8,2.0,90,2023-01-01,2023-03-31,16,4,1,41.196008,16.596793,16:20,90,2
IC,704,ROMA TERMINI,BARI CENTRALE,BISCEGLIE,1.1,1.0,90,2023-01-01,2023-03-31,11,5,1,41.235445,16.499484,16:28,90,3
IC,704,ROMA TERMINI,BARI CENTRALE,TRANI,-0.03333333333333333,-1.0,90,2023-01-01,2023-03-31,6,3,0,41.272693,16.417646,16:36,90,4
IC,704,ROMA TERMINI,BARI CENTRALE,BARLETTA,-0.45555555555555555,-1.0,90,2023-01-01,2023-03-31,5,2,0,41.315227,16.278867,16:46,90,5
IC,704,ROMA TERMINI,BARI CENTRALE,FOGGIA,-6.222222222222222,-7.0,90,2023-01-01,2023-03-31,1,1,0,41.466,15.555816,17:28,90,6
IC,704,ROMA TERMINI,BARI CENTRALE,ARIANO IRPINO,3.388888888888889,1.0,90,2023-01-01,2023-03-31,31,24,10,41.181883,15.117508,18:21,90,7
IC,704,ROMA TERMINI,BARI CENTRALE,BENEVENTO,5.177777777777778,2.0,90,2023-01-01,2023-03-31,43,36,20,41.141901,14.769998,18:53,90,8
IC,704,ROMA TERMINI,BARI CENTRALE,TELESE CERRETO,8.522222222222222,7.0,90,2023-01-01,2023-03-31,63,61,30,41.211709,14.526165,19:31,90,9
IC,704,ROMA TERMINI,BARI CENTRALE,CASERTA,19.27777777777778,17.0,90,2023-01-01,2023-03-31,90,90,85,41.068655,14.328457,19:56,90,10
IC,704,ROMA TERMINI,BARI CENTRALE,VAIRANO,18.181818181818183,16.0,88,2023-01-01,2023-03-31,88,86,76,41.317446,14.104022,20:27,90,11
IC,704,ROMA TERMINI,BARI CENTRALE,CASSINO,21.477272727272727,19.0,88,2023-01-01,2023-03-31,88,88,81,41.484306,13.832125,20:47,90,12
IC,704,ROMA TERMINI,BARI CENTRALE,FROSINONE,22.0,19.0,88,2023-01-01,2023-03-31,88,88,81,41.625333,13.328728,21:18,90,13
IC,704,ROMA TERMINI,BARI CENTRALE,ROMA TERMINI,7.366666666666666,2.0,90,2023-01-01,2023-03-31,45,38,28,41.900636,12.502026,22:27,90,14
