train_class,train_number,train_arrival_stop_name,train_departure_stop_name,stop_name,avg_arrival_delay,median_arrival_delay,count_dates_stop,first_date,last_date,count_3m_delay,count_5m_delay,count_10m_delay,stop_lat,stop_lon,stop_time,count_dates_train,stop_number
FR,8528,BERGAMO,ROMA TERMINI,ROMA TERMINI,1.7088607594936709,0.0,79,2023-01-02,2023-03-31,22,10,2,41.900636,12.502026,18:50,79,1
FR,8528,BERGAMO,ROMA TERMINI,ROMA TIBURTINA,0.26666666666666666,-1.0,75,2023-01-02,2023-03-31,15,9,3,41.910903,12.530749,18:58,79,2
FR,8528,BERGAMO,ROMA TERMINI,FIRENZE S.M.N.,4.2784810126582276,4.0,79,2023-01-02,2023-03-31,52,34,14,43.776893,11.247373,20:27,79,3
FR,8528,BERGAMO,ROMA TERMINI,BOLOGNA C.LE/AV,3.3037974683544302,2.0,79,2023-01-02,2023-03-31,39,27,12,44.506813,11.342622,21:13,79,4
FR,8528,BERGAMO,ROMA TERMINI,VERONA PORTA NUOVA,4.7215189873417724,4.0,79,2023-01-02,2023-03-31,51,35,9,45.428603,10.982377,22:08,79,5
FR,8528,BERGAMO,ROMA TERMINI,BRESCIA,-3.641025641025641,-5.0,78,2023-01-02,2023-03-31,11,6,2,45.532315,10.212828,23:00,79,6
FR,8528,BERGAMO,ROMA TERMINI,BERGAMO,-4.037974683544304,-5.0,79,2023-01-02,2023-03-31,2,2,1,45.690271,9.675082,23:40,79,7
