train_class,train_number,train_arrival_stop_name,train_departure_stop_name,stop_name,avg_arrival_delay,median_arrival_delay,count_dates_stop,first_date,last_date,count_3m_delay,count_5m_delay,count_10m_delay,stop_lat,stop_lon,stop_time,count_dates_train,stop_number
REG,23822,L`AQUILA,SULMONA,SULMONA,2.7142857142857144,2.0,14,2023-01-01,2023-03-26,6,1,0,42.060836,13.907156,17:40,14,1
REG,23822,L`AQUILA,SULMONA,PRATOLA PELIGNA SUPERIORE,6.928571428571429,7.0,14,2023-01-01,2023-03-26,14,14,1,42.080415,13.87223,17:45,14,2
REG,23822,L`AQUILA,SULMONA,RAIANO,1.5714285714285714,1.0,14,2023-01-01,2023-03-26,1,1,0,42.097931,13.80908,17:51,14,3
REG,23822,L`AQUILA,SULMONA,MOLINA CASTEL VECCHIO SUBAQUEO,1.8571428571428572,2.0,14,2023-01-01,2023-03-26,3,1,0,42.143476,13.739644,18:00,14,4
REG,23822,L`AQUILA,SULMONA,BEFFI,1.5,1.0,14,2023-01-01,2023-03-26,3,1,0,42.197341,13.660759,18:10,14,5
REG,23822,L`AQUILA,SULMONA,FONTECCHIO,7.214285714285714,6.0,14,2023-01-01,2023-03-26,14,14,2,42.222822,13.604445,18:18,14,6
REG,23822,L`AQUILA,SULMONA,FAGNANO CAMPANA,1.5714285714285714,1.0,14,2023-01-01,2023-03-26,4,2,0,42.250575,13.562743,18:24,14,7
REG,23822,L`AQUILA,SULMONA,S.DEMETRIO DE` VESTINI,0.7142857142857143,-1.0,14,2023-01-01,2023-03-26,3,1,0,42.294447,13.536543,18:31,14,8
REG,23822,L`AQUILA,SULMONA,PAGANICA,1.2857142857142858,1.0,14,2023-01-01,2023-03-26,3,1,0,42.334751,13.464317,18:38,14,9
REG,23822,L`AQUILA,SULMONA,L`AQUILA,-0.9285714285714286,-2.0,14,2023-01-01,2023-03-26,1,0,0,42.351055,13.384959,18:48,14,10
