train_class,train_number,train_arrival_stop_name,train_departure_stop_name,stop_name,avg_arrival_delay,median_arrival_delay,count_dates_stop,first_date,last_date,count_3m_delay,count_5m_delay,count_10m_delay,stop_lat,stop_lon,stop_time,count_dates_train,stop_number
REG,4136,PISA CENTRALE,ROMA TERMINI,ROMA TERMINI,1.0555555555555556,0.0,90,2023-01-01,2023-03-31,7,4,1,41.900636,12.502026,16:12,90,1
REG,4136,PISA CENTRALE,ROMA TERMINI,ROMA OSTIENSE,-1.3666666666666667,-2.0,90,2023-01-01,2023-03-31,4,1,1,41.87265,12.483917,16:22,90,2
REG,4136,PISA CENTRALE,ROMA TERMINI,ROMA TRASTEVERE,0.9213483146067416,0.0,89,2023-01-01,2023-03-31,9,2,1,41.872279,12.466162,16:26,90,3
REG,4136,PISA CENTRALE,ROMA TERMINI,ROMA S.PIETRO,0.16666666666666666,-1.0,90,2023-01-01,2023-03-31,6,1,1,41.896143,12.454497,16:31,90,4
REG,4136,PISA CENTRALE,ROMA TERMINI,LADISPOLI-CERVETERI,0.32222222222222224,-1.0,90,2023-01-01,2023-03-31,6,2,2,41.953502,12.081675,16:50,90,5
REG,4136,PISA CENTRALE,ROMA TERMINI,SANTA MARINELLA,1.5333333333333334,0.0,90,2023-01-01,2023-03-31,10,5,4,42.035892,11.863122,17:06,90,6
REG,4136,PISA CENTRALE,ROMA TERMINI,CIVITAVECCHIA,3.6333333333333333,2.0,90,2023-01-01,2023-03-31,36,10,4,42.088287,11.79815,17:13,90,7
REG,4136,PISA CENTRALE,ROMA TERMINI,TARQUINIA,1.9,0.0,90,2023-01-01,2023-03-31,16,8,5,42.239463,11.727009,17:27,90,8
REG,4136,PISA CENTRALE,ROMA TERMINI,MONTALTO DI CASTRO,1.6888888888888889,0.0,90,2023-01-01,2023-03-31,15,7,4,42.334623,11.595085,17:37,90,9
REG,4136,PISA CENTRALE,ROMA TERMINI,CAPALBIO,1.7555555555555555,0.0,90,2023-01-01,2023-03-31,14,9,4,42.407974,11.370982,17:51,90,10
REG,4136,PISA CENTRALE,ROMA TERMINI,ORBETELLO,2.977777777777778,1.0,90,2023-01-01,2023-03-31,25,12,4,42.450615,11.248972,18:00,90,11
REG,4136,PISA CENTRALE,ROMA TERMINI,ALBINIA,1.8888888888888888,0.0,90,2023-01-01,2023-03-31,18,10,4,42.502165,11.21134,18:06,90,12
REG,4136,PISA CENTRALE,ROMA TERMINI,GROSSETO,0.9888888888888889,-1.0,90,2023-01-01,2023-03-31,15,10,4,42.76728,11.1065,18:24,90,13
REG,4136,PISA CENTRALE,ROMA TERMINI,MONTEPESCALI,2.8222222222222224,1.0,90,2023-01-01,2023-03-31,20,10,6,42.869518,11.068743,18:33,90,14
REG,4136,PISA CENTRALE,ROMA TERMINI,FOLLONICA,2.6777777777777776,0.0,90,2023-01-01,2023-03-31,19,13,8,42.926687,10.755775,18:49,90,15
REG,4136,PISA CENTRALE,ROMA TERMINI,CAMPIGLIA MARITTIMA,3.3666666666666667,0.0,90,2023-01-01,2023-03-31,21,14,11,43.017118,10.586558,19:00,90,16
REG,4136,PISA CENTRALE,ROMA TERMINI,S. VINCENZO,4.8,1.0,90,2023-01-01,2023-03-31,26,19,10,43.100366,10.539823,19:09,90,17
REG,4136,PISA CENTRALE,ROMA TERMINI,CECINA,8.277777777777779,5.0,90,2023-01-01,2023-03-31,81,46,15,43.31028,10.514225,19:23,90,18
REG,4136,PISA CENTRALE,ROMA TERMINI,ROSIGNANO,7.877777777777778,4.0,90,2023-01-01,2023-03-31,74,44,14,43.387899,10.438041,19:31,90,19
REG,4136,PISA CENTRALE,ROMA TERMINI,LIVORNO CENTRALE,1.3111111111111111,-2.0,90,2023-01-01,2023-03-31,16,11,8,43.55406,10.336593,19:55,90,20
REG,4136,PISA CENTRALE,ROMA TERMINI,PISA CENTRALE,2.2888888888888888,-1.0,90,2023-01-01,2023-03-31,21,11,7,43.70794,10.398183,20:15,90,21
