train_class,train_number,train_arrival_stop_name,train_departure_stop_name,stop_name,avg_arrival_delay,median_arrival_delay,count_dates_stop,first_date,last_date,count_3m_delay,count_5m_delay,count_10m_delay,stop_lat,stop_lon,stop_time,count_dates_train,stop_number
REG,2947,MILANO CENTRALE,MALPENSA AEROPORTO T1,MALPENSA AEROPORTO T1,0.8641975308641975,1.0,81,2023-01-01,2023-03-23,1,1,1,,,13:13,81,1
REG,2947,MILANO CENTRALE,MALPENSA AEROPORTO T1,BUSTO ARSIZIO N.,-0.4691358024691358,-1.0,81,2023-01-01,2023-03-23,4,1,1,,,13:21,81,2
REG,2947,MILANO CENTRALE,MALPENSA AEROPORTO T1,SARONNO,-3.4691358024691357,-4.0,81,2023-01-01,2023-03-23,2,2,0,45.625309,9.030839,13:35,81,3
REG,2947,MILANO CENTRALE,MALPENSA AEROPORTO T1,MILANO BOVISA FNM,-0.09876543209876543,-1.0,81,2023-01-01,2023-03-23,11,2,0,45.502993,9.159235,13:48,81,4
REG,2947,MILANO CENTRALE,MALPENSA AEROPORTO T1,MILANO PORTA GARIBALDI,-0.43209876543209874,-1.0,81,2023-01-01,2023-03-23,5,1,0,45.484917,9.187683,13:55,81,5
REG,2947,MILANO CENTRALE,MALPENSA AEROPORTO T1,MILANO CENTRALE,-0.20987654320987653,-1.0,81,2023-01-01,2023-03-23,9,3,1,45.486347,9.204528,14:07,81,6
