train_class,train_number,train_arrival_stop_name,train_departure_stop_name,stop_name,avg_arrival_delay,median_arrival_delay,count_dates_stop,first_date,last_date,count_3m_delay,count_5m_delay,count_10m_delay,stop_lat,stop_lon,stop_time,count_dates_train,stop_number
REG,19876,FOGGIA,POTENZA CENTRALE,POTENZA CENTRALE,1.5714285714285714,1.0,14,2023-01-01,2023-03-26,1,1,0,40.629469,15.806808,07:15,14,1
REG,19876,FOGGIA,POTENZA CENTRALE,POTENZA SUPERIORE,-1.3571428571428572,-2.0,14,2023-01-01,2023-03-26,0,0,0,40.64586,15.800966,07:21,14,2
REG,19876,FOGGIA,POTENZA CENTRALE,POTENZA MACCHIA ROMANA,3.076923076923077,3.0,13,2023-01-06,2023-03-26,13,0,0,,,07:24,14,3
REG,19876,FOGGIA,POTENZA CENTRALE,AVIGLIANO LUCANIA,0.8571428571428571,-1.0,14,2023-01-01,2023-03-26,2,1,1,40.714667,15.785619,07:34,14,4
REG,19876,FOGGIA,POTENZA CENTRALE,PIETRAGALLA,3.857142857142857,3.0,14,2023-01-01,2023-03-26,9,1,1,40.753314,15.79211,07:40,14,5
REG,19876,FOGGIA,POTENZA CENTRALE,POSSIDENTE,2.5714285714285716,2.0,14,2023-01-01,2023-03-26,1,1,1,40.781144,15.777104,07:47,14,6
REG,19876,FOGGIA,POTENZA CENTRALE,CASTEL LAGOPESOLE,-0.5,-2.0,14,2023-01-01,2023-03-26,1,1,1,40.787682,15.758093,07:52,14,7
REG,19876,FOGGIA,POTENZA CENTRALE,FORENZA,0.9285714285714286,0.0,14,2023-01-01,2023-03-26,1,1,1,40.866839,15.725331,08:03,14,8
REG,19876,FOGGIA,POTENZA CENTRALE,RIONERO ATELLA RIPACANDITA,1.5714285714285714,1.0,14,2023-01-01,2023-03-26,2,1,1,40.922066,15.678699,08:12,14,9
REG,19876,FOGGIA,POTENZA CENTRALE,BARILE,3.142857142857143,1.0,14,2023-01-01,2023-03-26,3,2,1,40.943044,15.670959,08:17,14,10
REG,19876,FOGGIA,POTENZA CENTRALE,MELFI,2.7142857142857144,1.0,14,2023-01-01,2023-03-26,4,2,1,40.989871,15.646895,08:25,14,11
REG,19876,FOGGIA,POTENZA CENTRALE,ASCOLI SATRIANO,-2.2857142857142856,-4.0,14,2023-01-01,2023-03-26,1,1,1,41.219859,15.547828,09:01,14,12
REG,19876,FOGGIA,POTENZA CENTRALE,FOGGIA,-5.428571428571429,-6.0,14,2023-01-01,2023-03-26,0,0,0,41.466,15.555816,09:35,14,13
