train_class,train_number,train_arrival_stop_name,train_departure_stop_name,stop_name,avg_arrival_delay,median_arrival_delay,count_dates_stop,first_date,last_date,count_3m_delay,count_5m_delay,count_10m_delay,stop_lat,stop_lon,stop_time,count_dates_train,stop_number
REG,2917,MILANO CENTRALE,MALPENSA AEROPORTO T1,MALPENSA AEROPORTO T1,1.8974358974358974,1.0,78,2023-01-01,2023-03-23,17,5,1,,,05:43,78,1
REG,2917,MILANO CENTRALE,MALPENSA AEROPORTO T1,FERNO LONATE POZZOLO,1.5384615384615385,1.0,78,2023-01-01,2023-03-23,14,3,1,,,05:46,78,2
REG,2917,MILANO CENTRALE,MALPENSA AEROPORTO T1,BUSTO ARSIZIO N.,2.41025641025641,2.0,78,2023-01-01,2023-03-23,28,8,1,,,05:51,78,3
REG,2917,MILANO CENTRALE,MALPENSA AEROPORTO T1,CASTELLANZA,2.269230769230769,2.0,78,2023-01-01,2023-03-23,30,8,1,,,05:54,78,4
REG,2917,MILANO CENTRALE,MALPENSA AEROPORTO T1,RESCALDINA,1.935897435897436,1.0,78,2023-01-01,2023-03-23,27,6,1,,,05:59,78,5
REG,2917,MILANO CENTRALE,MALPENSA AEROPORTO T1,SARONNO,2.4743589743589745,2.0,78,2023-01-01,2023-03-23,37,13,1,45.625309,9.030839,06:05,78,6
REG,2917,MILANO CENTRALE,MALPENSA AEROPORTO T1,MILANO BOVISA FNM,2.5641025641025643,2.0,78,2023-01-01,2023-03-23,35,15,2,45.502993,9.159235,06:18,78,7
REG,2917,MILANO CENTRALE,MALPENSA AEROPORTO T1,MILANO PORTA GARIBALDI,1.794871794871795,1.0,78,2023-01-01,2023-03-23,26,11,2,45.484917,9.187683,06:25,78,8
REG,2917,MILANO CENTRALE,MALPENSA AEROPORTO T1,MILANO CENTRALE,2.9358974358974357,2.0,78,2023-01-01,2023-03-23,38,22,4,45.486347,9.204528,06:37,78,9
