train_class,train_number,train_arrival_stop_name,train_departure_stop_name,stop_name,avg_arrival_delay,median_arrival_delay,count_dates_stop,first_date,last_date,count_3m_delay,count_5m_delay,count_10m_delay,stop_lat,stop_lon,stop_time,count_dates_train,stop_number
REG,21827,PALERMO CENTRALE,TERMINI IMERESE,TERMINI IMERESE,0.6428571428571429,1.0,14,2023-01-01,2023-03-26,0,0,0,37.980132,13.703631,15:40,14,1
REG,21827,PALERMO CENTRALE,TERMINI IMERESE,ALTAVILLA M.,-1.6428571428571428,-2.0,14,2023-01-01,2023-03-26,0,0,0,38.048392,13.554421,15:56,14,2
REG,21827,PALERMO CENTRALE,TERMINI IMERESE,BAGHERIA,0.9285714285714286,1.0,14,2023-01-01,2023-03-26,2,0,0,38.089905,13.507215,16:06,14,3
REG,21827,PALERMO CENTRALE,TERMINI IMERESE,PALERMO BRANCACCIO,0.5714285714285714,1.0,14,2023-01-01,2023-03-26,1,0,0,38.093141,13.392508,16:18,14,4
REG,21827,PALERMO CENTRALE,TERMINI IMERESE,PALERMO CENTRALE,0.2857142857142857,0.0,14,2023-01-01,2023-03-26,0,0,0,38.109187,13.367515,16:23,14,5
