train_class,train_number,train_arrival_stop_name,train_departure_stop_name,stop_name,avg_arrival_delay,median_arrival_delay,count_dates_stop,first_date,last_date,count_3m_delay,count_5m_delay,count_10m_delay,stop_lat,stop_lon,stop_time,count_dates_train,stop_number
REG,19793,FABRIANO,ANCONA,ANCONA,2.9210526315789473,2.0,76,2023-01-02,2023-03-31,33,14,1,43.607734,13.497665,06:05,76,1
REG,19793,FABRIANO,ANCONA,FALCONARA MARITTIMA,-0.14473684210526316,-1.0,76,2023-01-02,2023-03-31,10,3,2,43.630577,13.397378,06:17,76,2
REG,19793,FABRIANO,ANCONA,CHIARAVALLE,-5.223684210526316,-6.0,76,2023-01-02,2023-03-31,2,1,0,43.595503,13.327655,06:26,76,3
REG,19793,FABRIANO,ANCONA,JESI,0.08,0.0,75,2023-01-02,2023-03-31,4,2,0,43.520164,13.251316,06:33,76,4
REG,19793,FABRIANO,ANCONA,CASTELPLANIO CUPRAMONTANA,0.2,-1.0,75,2023-01-02,2023-03-31,10,4,0,43.481403,13.084733,06:45,76,5
REG,19793,FABRIANO,ANCONA,SERRA S.QUIRICO,0.7466666666666667,0.0,75,2023-01-02,2023-03-31,11,4,0,43.444879,13.027408,06:51,76,6
REG,19793,FABRIANO,ANCONA,GENGA S.VITTORE TERME,-0.9066666666666666,-2.0,75,2023-01-02,2023-03-31,6,3,0,43.403011,12.977163,07:01,76,7
REG,19793,FABRIANO,ANCONA,ALBACINA,-2.52,-3.0,75,2023-01-02,2023-03-31,2,1,0,43.345686,12.986501,07:15,76,8
REG,19793,FABRIANO,ANCONA,FABRIANO,-1.3289473684210527,-1.0,76,2023-01-02,2023-03-31,2,2,0,43.345429,12.905336,07:25,76,9
