train_class,train_number,train_arrival_stop_name,train_departure_stop_name,stop_name,avg_arrival_delay,median_arrival_delay,count_dates_stop,first_date,last_date,count_3m_delay,count_5m_delay,count_10m_delay,stop_lat,stop_lon,stop_time,count_dates_train,stop_number
REG,26604,TORINO STURA,ASTI,ASTI,1.5333333333333334,1.0,90,2023-01-01,2023-03-31,12,2,1,44.89479,8.208112,06:10,90,1
REG,26604,TORINO STURA,ASTI,S. DAMIANO D`ASTI,0.48314606741573035,0.0,89,2023-01-01,2023-03-31,6,2,1,44.878914,8.125956,06:16,90,2
REG,26604,TORINO STURA,ASTI,BALDICHIERI,1.7303370786516854,2.0,89,2023-01-01,2023-03-31,7,2,1,44.899204,8.091198,06:21,90,3
REG,26604,TORINO STURA,ASTI,VILLAFRANCA C.,-0.9550561797752809,-1.0,89,2023-01-01,2023-03-31,3,1,0,44.908916,8.043692,06:26,90,4
REG,26604,TORINO STURA,ASTI,S. PAOLO SOLBRITO,1.0449438202247192,1.0,89,2023-01-01,2023-03-31,6,4,0,44.951753,7.975779,06:32,90,5
REG,26604,TORINO STURA,ASTI,VILLANOVA,0.4431818181818182,0.0,88,2023-01-01,2023-03-31,8,4,0,44.963159,7.947136,06:36,90,6
REG,26604,TORINO STURA,ASTI,PESSIONE,1.6629213483146068,1.0,89,2023-01-01,2023-03-31,13,5,0,44.965132,7.841321,06:42,90,7
REG,26604,TORINO STURA,ASTI,CAMBIANO SANTENA,0.5168539325842697,0.0,89,2023-01-01,2023-03-31,10,2,0,44.966491,7.773225,06:47,90,8
REG,26604,TORINO STURA,ASTI,TROFARELLO,0.7222222222222222,1.0,90,2023-01-01,2023-03-31,11,2,0,44.980471,7.735206,06:52,90,9
REG,26604,TORINO STURA,ASTI,MONCALIERI,1.7865168539325842,2.0,89,2023-01-01,2023-03-31,23,6,0,44.998187,7.678027,06:57,90,10
REG,26604,TORINO STURA,ASTI,TORINO LINGOTTO,0.5444444444444444,0.0,90,2023-01-01,2023-03-31,22,3,0,45.0266,7.657469,07:04,90,11
REG,26604,TORINO STURA,ASTI,TORINO PORTA SUSA,0.0449438202247191,-1.0,89,2023-01-01,2023-03-31,11,5,0,45.075906,7.667673,07:12,90,12
REG,26604,TORINO STURA,ASTI,TORINO REBAUDENGO FOSSATA,1.1235955056179776,1.0,89,2023-01-01,2023-03-31,16,6,1,,,07:16,90,13
REG,26604,TORINO STURA,ASTI,TORINO STURA,0.9,1.0,90,2023-01-01,2023-03-31,16,5,1,45.121932,7.713202,07:21,90,14
