train_class,train_number,train_arrival_stop_name,train_departure_stop_name,stop_name,avg_arrival_delay,median_arrival_delay,count_dates_stop,first_date,last_date,count_3m_delay,count_5m_delay,count_10m_delay,stop_lat,stop_lon,stop_time,count_dates_train,stop_number
REG,23866,ANCONA,FABRIANO,FABRIANO,1.53125,1.0,64,2023-01-02,2023-03-31,7,3,1,43.345429,12.905336,16:00,64,1
REG,23866,ANCONA,FABRIANO,ALBACINA,1.375,1.0,64,2023-01-02,2023-03-31,7,3,1,43.345686,12.986501,16:08,64,2
REG,23866,ANCONA,FABRIANO,MATELICA,0.265625,0.0,64,2023-01-02,2023-03-31,5,1,0,43.25394,13.01509,16:24,64,3
REG,23866,ANCONA,FABRIANO,CASTELRAIMONDO CAMERINO,-1.625,-2.0,64,2023-01-02,2023-03-31,3,1,0,43.210511,13.057274,16:36,64,4
REG,23866,ANCONA,FABRIANO,S.SEVERINO MARCHE,1.875,1.0,64,2023-01-02,2023-03-31,13,8,4,43.22996,13.183491,16:55,64,5
REG,23866,ANCONA,FABRIANO,TOLENTINO,2.421875,2.0,64,2023-01-02,2023-03-31,21,9,4,43.214556,13.290501,17:06,64,6
REG,23866,ANCONA,FABRIANO,MACERATA,2.875,3.0,64,2023-01-02,2023-03-31,36,16,2,43.293094,13.455172,17:29,64,7
REG,23866,ANCONA,FABRIANO,MORROVALLE MONTE S.GIUSTO,3.4375,3.0,64,2023-01-02,2023-03-31,38,16,3,43.279189,13.58285,17:46,64,8
REG,23866,ANCONA,FABRIANO,MONTECOSARO,7.492063492063492,7.0,63,2023-01-02,2023-03-31,63,60,6,43.289297,13.646378,17:53,64,9
REG,23866,ANCONA,FABRIANO,CIVITANOVA MARCHE,5.4375,5.0,64,2023-01-02,2023-03-31,56,39,5,43.3091,13.7257,18:03,64,10
REG,23866,ANCONA,FABRIANO,LORETO,5.59375,5.0,64,2023-01-02,2023-03-31,53,38,7,43.448376,13.620455,18:17,64,11
REG,23866,ANCONA,FABRIANO,ANCONA,-3.359375,-4.0,64,2023-01-02,2023-03-31,8,6,2,43.607734,13.497665,18:43,64,12
