train_class,train_number,train_arrival_stop_name,train_departure_stop_name,stop_name,avg_arrival_delay,median_arrival_delay,count_dates_stop,first_date,last_date,count_3m_delay,count_5m_delay,count_10m_delay,stop_lat,stop_lon,stop_time,count_dates_train,stop_number
IC,1960,ROMA TERMINI,SIRACUSA,MESSINA CENTRALE,2.0833333333333335,-1.0,12,2023-01-03,2023-03-26,4,3,1,38.184975,15.561278,00:15,13,1
IC,1960,ROMA TERMINI,SIRACUSA,MESSINA MARITTIMA,12.0,5.0,10,2023-01-03,2023-03-26,7,7,3,38.14988,15.534997,00:40,13,2
IC,1960,ROMA TERMINI,SIRACUSA,VILLA SAN GIOVANNI,15.923076923076923,10.0,13,2023-01-03,2023-03-26,8,8,7,38.216638,15.634336,02:00,13,3
IC,1960,ROMA TERMINI,SIRACUSA,PAOLA,-0.3076923076923077,0.0,13,2023-01-03,2023-03-26,6,6,4,39.359442,16.033093,04:25,13,4
IC,1960,ROMA TERMINI,SIRACUSA,SALERNO,11.384615384615385,-7.0,13,2023-01-03,2023-03-26,5,5,5,40.675137,14.772822,06:42,13,5
IC,1960,ROMA TERMINI,SIRACUSA,NAPOLI CENTRALE,16.76923076923077,4.0,13,2023-01-03,2023-03-26,8,6,4,40.852933,14.272908,07:22,13,6
IC,1960,ROMA TERMINI,SIRACUSA,FORMIA-GAETA,28.615384615384617,3.0,13,2023-01-03,2023-03-26,9,6,3,41.258773,13.605996,08:31,13,7
IC,1960,ROMA TERMINI,SIRACUSA,LATINA,24.46153846153846,0.0,13,2023-01-03,2023-03-26,5,3,3,41.538372,12.945888,09:10,13,8
IC,1960,ROMA TERMINI,SIRACUSA,ROMA TERMINI,25.0,-2.0,13,2023-01-03,2023-03-26,5,5,5,41.900636,12.502026,09:51,13,9
IC,1960,ROMA TERMINI,SIRACUSA,SIRACUSA,2.5384615384615383,1.0,13,2023-01-03,2023-03-26,1,1,1,37.068906,15.280896,21:45,13,10
IC,1960,ROMA TERMINI,SIRACUSA,AUGUSTA,6.923076923076923,5.0,13,2023-01-03,2023-03-26,11,7,2,37.24334,15.218628,22:04,13,11
IC,1960,ROMA TERMINI,SIRACUSA,LENTINI,2.6153846153846154,2.0,13,2023-01-03,2023-03-26,5,3,2,37.300916,14.99758,22:34,13,12
IC,1960,ROMA TERMINI,SIRACUSA,CATANIA CENTRALE,6.769230769230769,3.0,13,2023-01-03,2023-03-26,8,6,2,37.506211,15.099417,22:55,13,13
IC,1960,ROMA TERMINI,SIRACUSA,ACIREALE,13.5,9.0,10,2023-01-03,2023-03-26,10,9,5,37.600514,15.163697,23:06,13,14
IC,1960,ROMA TERMINI,SIRACUSA,GIARRE RIPOSTO,10.461538461538462,7.0,13,2023-01-03,2023-03-26,13,11,5,37.730346,15.193386,23:18,13,15
IC,1960,ROMA TERMINI,SIRACUSA,TAORMINA,9.384615384615385,5.0,13,2023-01-03,2023-03-26,11,8,4,37.845429,15.282584,23:33,13,16
