train_class,train_number,train_arrival_stop_name,train_departure_stop_name,stop_name,avg_arrival_delay,median_arrival_delay,count_dates_stop,first_date,last_date,count_3m_delay,count_5m_delay,count_10m_delay,stop_lat,stop_lon,stop_time,count_dates_train,stop_number
REG,20266,ROMA TERMINI,NETTUNO,NETTUNO,1.2142857142857142,1.0,14,2023-01-01,2023-03-26,1,0,0,41.459558,12.662123,20:05,14,1
REG,20266,ROMA TERMINI,NETTUNO,ANZIO,2.142857142857143,2.0,14,2023-01-01,2023-03-26,1,0,0,41.4532,12.633205,20:09,14,2
REG,20266,ROMA TERMINI,NETTUNO,ANZIO COLONIA,1.4285714285714286,1.0,14,2023-01-01,2023-03-26,1,0,0,41.459893,12.617442,20:13,14,3
REG,20266,ROMA TERMINI,NETTUNO,MARECHIARO,-1.0714285714285714,-1.0,14,2023-01-01,2023-03-26,0,0,0,41.470762,12.6123,20:17,14,4
REG,20266,ROMA TERMINI,NETTUNO,VILLA CLAUDIA,0.5714285714285714,0.0,14,2023-01-01,2023-03-26,0,0,0,41.484326,12.61709,20:21,14,5
REG,20266,ROMA TERMINI,NETTUNO,LIDO DI LAVINIO,0.8571428571428571,1.0,14,2023-01-01,2023-03-26,0,0,0,41.500599,12.625926,20:25,14,6
REG,20266,ROMA TERMINI,NETTUNO,PADIGLIONE,-1.0,-1.0,14,2023-01-01,2023-03-26,0,0,0,41.513518,12.629476,20:29,14,7
REG,20266,ROMA TERMINI,NETTUNO,CAMPO DI CARNE,0.9285714285714286,1.0,14,2023-01-01,2023-03-26,1,1,0,41.552116,12.635125,20:34,14,8
REG,20266,ROMA TERMINI,NETTUNO,APRILIA,1.2142857142857142,1.0,14,2023-01-01,2023-03-26,2,2,0,41.592386,12.639126,20:40,14,9
REG,20266,ROMA TERMINI,NETTUNO,CAMPOLEONE,1.4285714285714286,1.0,14,2023-01-01,2023-03-26,3,2,0,41.642396,12.648341,20:47,14,10
REG,20266,ROMA TERMINI,NETTUNO,POMEZIA - S.PALOMBA,0.8571428571428571,1.0,14,2023-01-01,2023-03-26,3,2,0,41.706171,12.573611,20:55,14,11
REG,20266,ROMA TERMINI,NETTUNO,TORRICOLA,0.2857142857142857,0.0,14,2023-01-01,2023-03-26,3,1,0,41.809538,12.557716,21:04,14,12
REG,20266,ROMA TERMINI,NETTUNO,ROMA TERMINI,-0.8571428571428571,-1.0,14,2023-01-01,2023-03-26,0,0,0,41.900636,12.502026,21:18,14,13
