train_class,train_number,train_arrival_stop_name,train_departure_stop_name,stop_name,avg_arrival_delay,median_arrival_delay,count_dates_stop,first_date,last_date,count_3m_delay,count_5m_delay,count_10m_delay,stop_lat,stop_lon,stop_time,count_dates_train,stop_number
REG,18399,FIRENZE S.M.N.,LA SPEZIA CENTRALE,LA SPEZIA CENTRALE,2.1777777777777776,1.0,90,2023-01-01,2023-03-31,13,8,6,44.11141,9.813906,15:40,90,1
REG,18399,FIRENZE S.M.N.,LA SPEZIA CENTRALE,LA SPEZIA MIGLIARINA,2.066666666666667,1.0,90,2023-01-01,2023-03-31,15,8,6,44.123391,9.84028,15:44,90,2
REG,18399,FIRENZE S.M.N.,LA SPEZIA CENTRALE,VEZZANO LIGURE,1.9555555555555555,1.0,90,2023-01-01,2023-03-31,17,8,6,44.127081,9.88928,15:50,90,3
REG,18399,FIRENZE S.M.N.,LA SPEZIA CENTRALE,SARZANA,-0.9222222222222223,-2.0,90,2023-01-01,2023-03-31,10,7,3,44.108865,9.960657,15:59,90,4
REG,18399,FIRENZE S.M.N.,LA SPEZIA CENTRALE,MASSA CENTRO,1.9111111111111112,1.0,90,2023-01-01,2023-03-31,13,9,5,44.023741,10.136041,16:13,90,5
REG,18399,FIRENZE S.M.N.,LA SPEZIA CENTRALE,FORTE DEI MARMI SERRAVEZZA Q.,1.9333333333333333,1.0,90,2023-01-01,2023-03-31,15,10,5,43.97777,10.19936,16:19,90,6
REG,18399,FIRENZE S.M.N.,LA SPEZIA CENTRALE,PIETRASANTA,2.8555555555555556,2.0,90,2023-01-01,2023-03-31,26,11,6,43.95583,10.229731,16:23,90,7
REG,18399,FIRENZE S.M.N.,LA SPEZIA CENTRALE,VIAREGGIO,4.2,2.0,90,2023-01-01,2023-03-31,38,19,8,43.865947,10.257886,16:32,90,8
REG,18399,FIRENZE S.M.N.,LA SPEZIA CENTRALE,PISA SAN ROSSORE,4.811111111111111,3.0,90,2023-01-01,2023-03-31,50,27,10,43.723702,10.387363,16:45,90,9
REG,18399,FIRENZE S.M.N.,LA SPEZIA CENTRALE,PISA CENTRALE,2.1777777777777776,0.0,90,2023-01-01,2023-03-31,23,14,6,43.70794,10.398183,16:52,90,10
REG,18399,FIRENZE S.M.N.,LA SPEZIA CENTRALE,PONTEDERA CASCIANA TERME,2.7111111111111112,1.0,90,2023-01-01,2023-03-31,24,14,9,43.662145,10.628773,17:09,90,11
REG,18399,FIRENZE S.M.N.,LA SPEZIA CENTRALE,S.ROMANO MONTOPOLI S.CROCE,3.588888888888889,2.0,90,2023-01-01,2023-03-31,27,15,9,43.690575,10.760152,17:17,90,12
REG,18399,FIRENZE S.M.N.,LA SPEZIA CENTRALE,EMPOLI,1.8,-1.0,90,2023-01-01,2023-03-31,18,11,8,43.715708,10.94915,17:31,90,13
REG,18399,FIRENZE S.M.N.,LA SPEZIA CENTRALE,FIRENZE RIFREDI,3.9555555555555557,1.0,90,2023-01-01,2023-03-31,28,22,11,43.800873,11.235729,17:59,90,14
REG,18399,FIRENZE S.M.N.,LA SPEZIA CENTRALE,FIRENZE S.M.N.,1.7666666666666666,-2.0,90,2023-01-01,2023-03-31,18,13,10,43.776893,11.247373,18:08,90,15
