train_class,train_number,train_arrival_stop_name,train_departure_stop_name,stop_name,avg_arrival_delay,median_arrival_delay,count_dates_stop,first_date,last_date,count_3m_delay,count_5m_delay,count_10m_delay,stop_lat,stop_lon,stop_time,count_dates_train,stop_number
AV,9717,VENEZIA SANTA LUCIA,MILANO CENTRALE,MILANO CENTRALE,3.0898876404494384,2.0,89,2023-01-01,2023-03-31,29,9,2,45.486347,9.204528,09:45,89,1
AV,9717,VENEZIA SANTA LUCIA,MILANO CENTRALE,BRESCIA,4.0,3.0,87,2023-01-01,2023-03-31,51,28,5,45.532315,10.212828,10:21,89,2
AV,9717,VENEZIA SANTA LUCIA,MILANO CENTRALE,PESCHIERA DEL GARDA,5.988505747126437,5.0,87,2023-01-01,2023-03-31,71,48,12,45.438502,10.702509,10:42,89,3
AV,9717,VENEZIA SANTA LUCIA,MILANO CENTRALE,VERONA PORTA NUOVA,6.359550561797753,4.0,89,2023-01-01,2023-03-31,60,42,14,45.428603,10.982377,10:58,89,4
AV,9717,VENEZIA SANTA LUCIA,MILANO CENTRALE,VICENZA,6.344827586206897,3.0,87,2023-01-01,2023-03-31,49,33,12,45.541102,11.540762,11:25,89,5
AV,9717,VENEZIA SANTA LUCIA,MILANO CENTRALE,PADOVA,4.775280898876405,2.0,89,2023-01-01,2023-03-31,38,22,10,45.417846,11.880794,11:44,89,6
AV,9717,VENEZIA SANTA LUCIA,MILANO CENTRALE,VENEZIA MESTRE,2.9213483146067416,0.0,89,2023-01-01,2023-03-31,24,15,8,45.482123,12.232069,12:00,89,7
AV,9717,VENEZIA SANTA LUCIA,MILANO CENTRALE,VENEZIA SANTA LUCIA,2.764044943820225,0.0,89,2023-01-01,2023-03-31,22,15,5,45.441569,12.320882,12:12,89,8
