train_class,train_number,train_arrival_stop_name,train_departure_stop_name,stop_name,avg_arrival_delay,median_arrival_delay,count_dates_stop,first_date,last_date,count_3m_delay,count_5m_delay,count_10m_delay,stop_lat,stop_lon,stop_time,count_dates_train,stop_number
REG,4892,CASERTA,SALERNO,SALERNO,1.6,1.0,75,2023-01-02,2023-03-31,9,5,1,40.675137,14.772822,20:14,75,1
REG,4892,CASERTA,SALERNO,SARNO,1.28,1.0,75,2023-01-02,2023-03-31,12,5,1,40.813063,14.612442,20:28,75,2
REG,4892,CASERTA,SALERNO,PALMA S.GENNARO,2.3466666666666667,1.0,75,2023-01-02,2023-03-31,18,8,2,40.864149,14.540472,20:36,75,3
REG,4892,CASERTA,SALERNO,NOLA,4.8,3.0,75,2023-01-02,2023-03-31,55,25,4,40.923652,14.525004,20:42,75,4
REG,4892,CASERTA,SALERNO,CANCELLO,2.013333333333333,1.0,75,2023-01-02,2023-03-31,28,13,2,40.993063,14.418877,20:57,75,5
REG,4892,CASERTA,SALERNO,CASERTA,1.2266666666666666,0.0,75,2023-01-02,2023-03-31,17,7,3,41.068655,14.328457,21:18,75,6
