train_class,train_number,train_arrival_stop_name,train_departure_stop_name,stop_name,avg_arrival_delay,median_arrival_delay,count_dates_stop,first_date,last_date,count_3m_delay,count_5m_delay,count_10m_delay,stop_lat,stop_lon,stop_time,count_dates_train,stop_number
REG,10041,MORTARA,MI.P.GENOVA,MI.P.GENOVA,2.125,1.0,88,2023-01-01,2023-03-31,20,6,3,45.453379,9.169303,11:42,88,1
REG,10041,MORTARA,MI.P.GENOVA,MILANO S. CRISTOFORO,-0.5340909090909091,-2.0,88,2023-01-01,2023-03-31,5,3,3,45.442404,9.130258,11:48,88,2
REG,10041,MORTARA,MI.P.GENOVA,ALBAIRATE VERMEZZO,-0.22727272727272727,-1.0,88,2023-01-01,2023-03-31,7,5,4,,,11:59,88,3
REG,10041,MORTARA,MI.P.GENOVA,ABBIATEGRASSO,2.1724137931034484,1.0,87,2023-01-01,2023-03-31,29,11,6,45.400631,8.921305,12:04,88,4
REG,10041,MORTARA,MI.P.GENOVA,VIGEVANO,3.272727272727273,2.0,88,2023-01-01,2023-03-31,40,26,8,45.312712,8.861977,12:13,88,5
REG,10041,MORTARA,MI.P.GENOVA,PARONA LOMELLINA,4.204545454545454,2.0,88,2023-01-01,2023-03-31,44,29,10,45.280107,8.780315,12:19,88,6
REG,10041,MORTARA,MI.P.GENOVA,MORTARA,3.8181818181818183,2.0,88,2023-01-01,2023-03-31,44,24,10,45.252171,8.731639,12:27,88,7
