train_class,train_number,train_arrival_stop_name,train_departure_stop_name,stop_name,avg_arrival_delay,median_arrival_delay,count_dates_stop,first_date,last_date,count_3m_delay,count_5m_delay,count_10m_delay,stop_lat,stop_lon,stop_time,count_dates_train,stop_number
REG,18773,AREZZO,FIRENZE S.M.N.,FIRENZE S.M.N.,1.631578947368421,1.0,76,2023-01-02,2023-03-31,14,3,0,43.776893,11.247373,16:22,76,1
REG,18773,AREZZO,FIRENZE S.M.N.,FIRENZE CAMPO MARTE,2.3157894736842106,2.0,76,2023-01-02,2023-03-31,26,4,0,43.776856,11.27702,16:27,76,2
REG,18773,AREZZO,FIRENZE S.M.N.,COMPIOBBI,3.276315789473684,3.0,76,2023-01-02,2023-03-31,43,20,1,43.782527,11.358695,16:37,76,3
REG,18773,AREZZO,FIRENZE S.M.N.,PONTASSIEVE,1.6578947368421053,2.0,76,2023-01-02,2023-03-31,26,7,0,43.773949,11.437904,16:48,76,4
REG,18773,AREZZO,FIRENZE S.M.N.,RIGNANO SULL`ARNO REGGELLO,-0.18421052631578946,-1.0,76,2023-01-02,2023-03-31,7,2,0,43.720834,11.452383,17:00,76,5
REG,18773,AREZZO,FIRENZE S.M.N.,INCISA,0.05263157894736842,-1.0,76,2023-01-02,2023-03-31,6,4,1,43.656541,11.452728,17:08,76,6
REG,18773,AREZZO,FIRENZE S.M.N.,FIGLINE VALDARNO,1.013157894736842,0.0,76,2023-01-02,2023-03-31,5,4,1,43.621596,11.473652,17:13,76,7
REG,18773,AREZZO,FIRENZE S.M.N.,S.GIOVANNI VALDARNO,1.736842105263158,1.0,76,2023-01-02,2023-03-31,8,4,1,43.56601,11.527033,17:19,76,8
REG,18773,AREZZO,FIRENZE S.M.N.,MONTEVARCHI TERRANUOVA,3.236842105263158,3.0,76,2023-01-02,2023-03-31,42,10,1,43.525165,11.563983,17:24,76,9
REG,18773,AREZZO,FIRENZE S.M.N.,LATERINA,9.013157894736842,9.0,76,2023-01-02,2023-03-31,66,63,32,43.496458,11.660573,17:37,76,10
REG,18773,AREZZO,FIRENZE S.M.N.,PONTICINO,8.763157894736842,9.0,76,2023-01-02,2023-03-31,68,63,26,43.481446,11.71657,17:43,76,11
REG,18773,AREZZO,FIRENZE S.M.N.,AREZZO,-0.32894736842105265,-1.0,76,2023-01-02,2023-03-31,14,9,2,43.461725,11.874189,18:05,76,12
