train_class,train_number,train_arrival_stop_name,train_departure_stop_name,stop_name,avg_arrival_delay,median_arrival_delay,count_dates_stop,first_date,last_date,count_3m_delay,count_5m_delay,count_10m_delay,stop_lat,stop_lon,stop_time,count_dates_train,stop_number
REG,24111,LODI,MILANO ROGOREDO,MILANO ROGOREDO,1.4880952380952381,1.0,84,2023-01-01,2023-03-31,8,2,0,45.433866,9.2391,05:35,84,1
REG,24111,LODI,MILANO ROGOREDO,BORGOLOMBARDO,-0.17857142857142858,-1.0,84,2023-01-01,2023-03-31,5,2,0,45.403856,9.27111,05:42,84,2
REG,24111,LODI,MILANO ROGOREDO,S. GIULIANO MILANESE,-0.5952380952380952,-1.0,84,2023-01-01,2023-03-31,2,1,0,45.391226,9.286418,05:45,84,3
REG,24111,LODI,MILANO ROGOREDO,MELEGNANO,1.2261904761904763,1.0,84,2023-01-01,2023-03-31,13,3,0,45.356321,9.319271,05:49,84,4
REG,24111,LODI,MILANO ROGOREDO,TAVAZZANO,-1.7380952380952381,-2.0,84,2023-01-01,2023-03-31,2,1,0,45.32629,9.402748,06:00,84,5
REG,24111,LODI,MILANO ROGOREDO,LODI,0.08333333333333333,0.0,84,2023-01-01,2023-03-31,5,2,0,45.308966,9.497585,06:07,84,6
