train_class,train_number,train_arrival_stop_name,train_departure_stop_name,stop_name,avg_arrival_delay,median_arrival_delay,count_dates_stop,first_date,last_date,count_3m_delay,count_5m_delay,count_10m_delay,stop_lat,stop_lon,stop_time,count_dates_train,stop_number
REG,11256,NOVARA,MORTARA,MORTARA,2.608108108108108,1.0,74,2023-01-02,2023-03-31,24,15,1,45.252171,8.731639,08:28,74,1
REG,11256,NOVARA,MORTARA,ALBONESE,2.608108108108108,1.0,74,2023-01-02,2023-03-31,24,15,1,45.297785,8.714601,08:32,74,2
REG,11256,NOVARA,MORTARA,BORGO LAVEZZARO,2.4594594594594597,2.0,74,2023-01-02,2023-03-31,27,10,2,45.318783,8.703242,08:36,74,3
REG,11256,NOVARA,MORTARA,VESPOLATE,2.824324324324324,2.0,74,2023-01-02,2023-03-31,33,13,2,45.351517,8.671947,08:40,74,4
REG,11256,NOVARA,MORTARA,GARBAGNA,4.243243243243243,4.0,74,2023-01-02,2023-03-31,57,25,5,45.385552,8.66627,08:44,74,5
REG,11256,NOVARA,MORTARA,NOVARA,4.554054054054054,4.0,74,2023-01-02,2023-03-31,57,24,6,45.451376,8.624895,08:52,74,6
