train_class,train_number,train_arrival_stop_name,train_departure_stop_name,stop_name,avg_arrival_delay,median_arrival_delay,count_dates_stop,first_date,last_date,count_3m_delay,count_5m_delay,count_10m_delay,stop_lat,stop_lon,stop_time,count_dates_train,stop_number
REG,21197,BENEVENTO,NAPOLI CENTRALE,NAPOLI CENTRALE,3.4246575342465753,2.0,73,2023-01-02,2023-03-31,33,17,5,40.852933,14.272908,15:52,73,1
REG,21197,BENEVENTO,NAPOLI CENTRALE,AVERSA,2.835616438356164,3.0,73,2023-01-02,2023-03-31,38,19,3,40.973323,14.218578,16:11,73,2
REG,21197,BENEVENTO,NAPOLI CENTRALE,CASERTA,2.1506849315068495,1.0,73,2023-01-02,2023-03-31,23,13,5,41.068655,14.328457,16:30,73,3
REG,21197,BENEVENTO,NAPOLI CENTRALE,VALLE DI MADDALONI,8.152777777777779,4.0,72,2023-01-02,2023-03-31,57,34,22,41.087558,14.426049,16:44,73,4
REG,21197,BENEVENTO,NAPOLI CENTRALE,FRASSO T. DUGENTA,10.452054794520548,9.0,73,2023-01-02,2023-03-31,65,60,33,41.137244,14.459459,16:51,73,5
REG,21197,BENEVENTO,NAPOLI CENTRALE,AMOROSI MELIZZANO,9.726027397260275,8.0,73,2023-01-02,2023-03-31,63,57,30,41.173509,14.470759,16:58,73,6
REG,21197,BENEVENTO,NAPOLI CENTRALE,TELESE CERRETO,8.780821917808218,7.0,73,2023-01-02,2023-03-31,62,50,25,41.211709,14.526165,17:04,73,7
REG,21197,BENEVENTO,NAPOLI CENTRALE,SOLOPACA,6.397260273972603,4.0,73,2023-01-02,2023-03-31,43,33,21,41.210521,14.571413,17:13,73,8
REG,21197,BENEVENTO,NAPOLI CENTRALE,S.LORENZO MAGGIORE,4.780821917808219,4.0,73,2023-01-02,2023-03-31,45,35,16,41.219748,14.648419,17:27,73,9
REG,21197,BENEVENTO,NAPOLI CENTRALE,PONTE CASALDUNI,8.04109589041096,6.0,73,2023-01-02,2023-03-31,57,46,20,41.214169,14.696458,17:32,73,10
REG,21197,BENEVENTO,NAPOLI CENTRALE,BENEVENTO,5.260273972602739,3.0,73,2023-01-02,2023-03-31,41,27,13,41.141901,14.769998,17:44,73,11
