train_class,train_number,train_arrival_stop_name,train_departure_stop_name,stop_name,avg_arrival_delay,median_arrival_delay,count_dates_stop,first_date,last_date,count_3m_delay,count_5m_delay,count_10m_delay,stop_lat,stop_lon,stop_time,count_dates_train,stop_number
REG,26760,FOSSANO,TORINO STURA,TORINO STURA,2.2,1.0,75,2023-01-02,2023-03-31,13,5,2,45.121932,7.713202,09:52,75,1
REG,26760,FOSSANO,TORINO STURA,TORINO REBAUDENGO FOSSATA,1.4266666666666667,1.0,75,2023-01-02,2023-03-31,11,4,2,,,09:56,75,2
REG,26760,FOSSANO,TORINO STURA,TORINO PORTA SUSA,1.5066666666666666,1.0,75,2023-01-02,2023-03-31,12,5,2,45.075906,7.667673,10:00,75,3
REG,26760,FOSSANO,TORINO STURA,TORINO LINGOTTO,1.4933333333333334,1.0,75,2023-01-02,2023-03-31,20,6,1,45.0266,7.657469,10:07,75,4
REG,26760,FOSSANO,TORINO STURA,MONCALIERI,3.96,3.0,75,2023-01-02,2023-03-31,48,26,3,44.998187,7.678027,10:11,75,5
REG,26760,FOSSANO,TORINO STURA,TROFARELLO,3.9466666666666668,3.0,75,2023-01-02,2023-03-31,48,25,3,44.980471,7.735206,10:16,75,6
REG,26760,FOSSANO,TORINO STURA,CARMAGNOLA,3.466666666666667,3.0,75,2023-01-02,2023-03-31,38,22,3,44.846944,7.72797,10:28,75,7
REG,26760,FOSSANO,TORINO STURA,RACCONIGI,3.7333333333333334,3.0,75,2023-01-02,2023-03-31,40,24,4,44.771179,7.685681,10:35,75,8
REG,26760,FOSSANO,TORINO STURA,CAVALLERMAGGIORE,3.44,3.0,75,2023-01-02,2023-03-31,39,23,4,44.708147,7.692108,10:41,75,9
REG,26760,FOSSANO,TORINO STURA,SAVIGLIANO,3.506666666666667,3.0,75,2023-01-02,2023-03-31,41,23,4,44.651337,7.663748,10:47,75,10
REG,26760,FOSSANO,TORINO STURA,FOSSANO,2.2,1.0,75,2023-01-02,2023-03-31,32,17,2,44.550231,7.717971,10:59,75,11
