train_class,train_number,train_arrival_stop_name,train_departure_stop_name,stop_name,avg_arrival_delay,median_arrival_delay,count_dates_stop,first_date,last_date,count_3m_delay,count_5m_delay,count_10m_delay,stop_lat,stop_lon,stop_time,count_dates_train,stop_number
REG,20237,NETTUNO,ROMA TERMINI,ROMA TERMINI,1.9318181818181819,1.0,88,2023-01-01,2023-03-31,25,11,3,41.900636,12.502026,09:42,88,1
REG,20237,NETTUNO,ROMA TERMINI,TORRICOLA,1.5454545454545454,1.0,88,2023-01-01,2023-03-31,23,11,3,41.809538,12.557716,09:52,88,2
REG,20237,NETTUNO,ROMA TERMINI,CAMPOLEONE,2.5568181818181817,2.0,88,2023-01-01,2023-03-31,35,16,3,41.642396,12.648341,10:05,88,3
REG,20237,NETTUNO,ROMA TERMINI,APRILIA,1.2954545454545454,1.0,88,2023-01-01,2023-03-31,25,11,2,41.592386,12.639126,10:13,88,4
REG,20237,NETTUNO,ROMA TERMINI,CAMPO DI CARNE,2.5454545454545454,2.0,88,2023-01-01,2023-03-31,34,20,3,41.552116,12.635125,10:18,88,5
REG,20237,NETTUNO,ROMA TERMINI,PADIGLIONE,-1.2727272727272727,-2.0,88,2023-01-01,2023-03-31,9,6,0,41.513518,12.629476,10:27,88,6
REG,20237,NETTUNO,ROMA TERMINI,LIDO DI LAVINIO,1.2386363636363635,1.0,88,2023-01-01,2023-03-31,9,4,0,41.500599,12.625926,10:34,88,7
REG,20237,NETTUNO,ROMA TERMINI,VILLA CLAUDIA,0.8977272727272727,1.0,88,2023-01-01,2023-03-31,8,3,0,41.484326,12.61709,10:38,88,8
REG,20237,NETTUNO,ROMA TERMINI,MARECHIARO,0.3977272727272727,0.0,88,2023-01-01,2023-03-31,6,1,0,41.470762,12.6123,10:41,88,9
REG,20237,NETTUNO,ROMA TERMINI,ANZIO COLONIA,0.7272727272727273,1.0,88,2023-01-01,2023-03-31,5,1,0,41.459893,12.617442,10:44,88,10
REG,20237,NETTUNO,ROMA TERMINI,ANZIO,-0.17045454545454544,-1.0,88,2023-01-01,2023-03-31,2,0,0,41.4532,12.633205,10:48,88,11
REG,20237,NETTUNO,ROMA TERMINI,NETTUNO,0.022727272727272728,0.0,88,2023-01-01,2023-03-31,2,0,0,41.459558,12.662123,10:53,88,12
