train_class,train_number,train_arrival_stop_name,train_departure_stop_name,stop_name,avg_arrival_delay,median_arrival_delay,count_dates_stop,first_date,last_date,count_3m_delay,count_5m_delay,count_10m_delay,stop_lat,stop_lon,stop_time,count_dates_train,stop_number
REG,12669,FORMIA-GAETA,ROMA TERMINI,ROMA TERMINI,3.1666666666666665,2.0,12,2023-01-07,2023-03-25,6,4,0,41.900636,12.502026,15:36,12,1
REG,12669,FORMIA-GAETA,ROMA TERMINI,POMEZIA - S.PALOMBA,3.8333333333333335,3.0,12,2023-01-07,2023-03-25,7,6,0,41.706171,12.573611,15:50,12,2
REG,12669,FORMIA-GAETA,ROMA TERMINI,CAMPOLEONE,1.9166666666666667,1.0,12,2023-01-07,2023-03-25,6,2,0,41.642396,12.648341,15:59,12,3
REG,12669,FORMIA-GAETA,ROMA TERMINI,CISTERNA DI LATINA,2.3333333333333335,2.0,12,2023-01-07,2023-03-25,6,2,0,41.586511,12.827538,16:08,12,4
REG,12669,FORMIA-GAETA,ROMA TERMINI,LATINA,1.75,1.0,12,2023-01-07,2023-03-25,6,2,0,41.538372,12.945888,16:16,12,5
REG,12669,FORMIA-GAETA,ROMA TERMINI,SEZZE ROMANO,1.3333333333333333,1.0,12,2023-01-07,2023-03-25,3,2,0,41.495542,13.038452,16:24,12,6
REG,12669,FORMIA-GAETA,ROMA TERMINI,PRIVERNO FOSSANOVA,-0.08333333333333333,-1.0,12,2023-01-07,2023-03-25,3,0,0,41.421853,13.186406,16:35,12,7
REG,12669,FORMIA-GAETA,ROMA TERMINI,MONTE S.BIAGIO,-0.3333333333333333,-1.0,12,2023-01-07,2023-03-25,2,0,0,41.345967,13.347037,16:47,12,8
REG,12669,FORMIA-GAETA,ROMA TERMINI,FONDI - SPERLONGA,-0.5,-1.0,12,2023-01-07,2023-03-25,0,0,0,41.337663,13.424893,16:53,12,9
REG,12669,FORMIA-GAETA,ROMA TERMINI,ITRI,0.09090909090909091,-1.0,11,2023-01-07,2023-03-25,1,0,0,41.271328,13.545549,17:02,12,10
REG,12669,FORMIA-GAETA,ROMA TERMINI,FORMIA-GAETA,-4.5,-5.0,12,2023-01-07,2023-03-25,0,0,0,41.258773,13.605996,17:15,12,11
