train_class,train_number,train_arrival_stop_name,train_departure_stop_name,stop_name,avg_arrival_delay,median_arrival_delay,count_dates_stop,first_date,last_date,count_3m_delay,count_5m_delay,count_10m_delay,stop_lat,stop_lon,stop_time,count_dates_train,stop_number
REG,26736,TORINO STURA,FOSSANO,FOSSANO,2.4285714285714284,1.0,14,2023-01-01,2023-03-26,3,2,1,44.550231,7.717971,06:25,14,1
REG,26736,TORINO STURA,FOSSANO,SAVIGLIANO,2.0714285714285716,1.0,14,2023-01-01,2023-03-26,3,2,1,44.651337,7.663748,06:33,14,2
REG,26736,TORINO STURA,FOSSANO,CAVALLERMAGGIORE,1.0714285714285714,0.0,14,2023-01-01,2023-03-26,3,2,1,44.708147,7.692108,06:39,14,3
REG,26736,TORINO STURA,FOSSANO,RACCONIGI,1.1428571428571428,0.0,14,2023-01-01,2023-03-26,3,1,0,44.771179,7.685681,06:45,14,4
REG,26736,TORINO STURA,FOSSANO,CARMAGNOLA,-0.5,-1.0,14,2023-01-01,2023-03-26,1,1,0,44.846944,7.72797,06:53,14,5
REG,26736,TORINO STURA,FOSSANO,TROFARELLO,0.07142857142857142,-1.0,14,2023-01-01,2023-03-26,3,0,0,44.980471,7.735206,07:06,14,6
REG,26736,TORINO STURA,FOSSANO,MONCALIERI,0.07142857142857142,-1.0,14,2023-01-01,2023-03-26,0,0,0,44.998187,7.678027,07:11,14,7
REG,26736,TORINO STURA,FOSSANO,TORINO LINGOTTO,0.5,0.0,14,2023-01-01,2023-03-26,0,0,0,45.0266,7.657469,07:16,14,8
REG,26736,TORINO STURA,FOSSANO,TORINO PORTA SUSA,-1.4285714285714286,-2.0,14,2023-01-01,2023-03-26,0,0,0,45.075906,7.667673,07:24,14,9
REG,26736,TORINO STURA,FOSSANO,TORINO REBAUDENGO FOSSATA,0.07692307692307693,0.0,13,2023-01-01,2023-03-26,0,0,0,,,07:28,14,10
REG,26736,TORINO STURA,FOSSANO,TORINO STURA,-0.14285714285714285,-1.0,14,2023-01-01,2023-03-26,0,0,0,45.121932,7.713202,07:33,14,11
