train_class,train_number,train_arrival_stop_name,train_departure_stop_name,stop_name,avg_arrival_delay,median_arrival_delay,count_dates_stop,first_date,last_date,count_3m_delay,count_5m_delay,count_10m_delay,stop_lat,stop_lon,stop_time,count_dates_train,stop_number
REG,12544,CIVITAVECCHIA,ROMA TERMINI,ROMA TERMINI,1.046875,0.0,64,2023-01-02,2023-03-31,9,2,0,41.900636,12.502026,18:57,64,1
REG,12544,CIVITAVECCHIA,ROMA TERMINI,ROMA TUSCOLANA,0.2413793103448276,-1.0,58,2023-01-02,2023-03-31,7,2,0,41.879384,12.523505,19:02,64,2
REG,12544,CIVITAVECCHIA,ROMA TERMINI,ROMA OSTIENSE,1.28125,1.0,64,2023-01-02,2023-03-31,17,5,1,41.87265,12.483917,19:07,64,3
REG,12544,CIVITAVECCHIA,ROMA TERMINI,ROMA TRASTEVERE,3.0,2.0,64,2023-01-02,2023-03-31,31,13,2,41.872279,12.466162,19:11,64,4
REG,12544,CIVITAVECCHIA,ROMA TERMINI,ROMA S.PIETRO,1.671875,1.0,64,2023-01-02,2023-03-31,17,6,1,41.896143,12.454497,19:16,64,5
REG,12544,CIVITAVECCHIA,ROMA TERMINI,ROMA AURELIA,1.640625,1.0,64,2023-01-02,2023-03-31,18,5,2,41.88344,12.395271,19:22,64,6
REG,12544,CIVITAVECCHIA,ROMA TERMINI,MACCARESE,1.515625,1.0,64,2023-01-02,2023-03-31,17,5,1,41.879372,12.23695,19:31,64,7
REG,12544,CIVITAVECCHIA,ROMA TERMINI,LADISPOLI-CERVETERI,1.21875,1.0,64,2023-01-02,2023-03-31,18,6,1,41.953502,12.081675,19:44,64,8
REG,12544,CIVITAVECCHIA,ROMA TERMINI,SANTA SEVERA,1.15625,0.0,64,2023-01-02,2023-03-31,17,9,1,42.020645,11.969077,19:55,64,9
REG,12544,CIVITAVECCHIA,ROMA TERMINI,SANTA MARINELLA,0.203125,-1.0,64,2023-01-02,2023-03-31,12,5,1,42.035892,11.863122,20:04,64,10
REG,12544,CIVITAVECCHIA,ROMA TERMINI,CIVITAVECCHIA,0.671875,-1.0,64,2023-01-02,2023-03-31,12,6,1,42.088287,11.79815,20:14,64,11
