train_class,train_number,train_arrival_stop_name,train_departure_stop_name,stop_name,avg_arrival_delay,median_arrival_delay,count_dates_stop,first_date,last_date,count_3m_delay,count_5m_delay,count_10m_delay,stop_lat,stop_lon,stop_time,count_dates_train,stop_number
REG,18825,FIRENZE CAMPO MARTE,PRATO CENTRALE,PRATO CENTRALE,6.180327868852459,5.0,61,2023-01-02,2023-03-31,57,32,11,43.878737,11.109252,08:35,61,1
REG,18825,FIRENZE CAMPO MARTE,PRATO CENTRALE,ZAMBRA,2.125,0.0,56,2023-01-02,2023-03-31,17,11,7,43.825856,11.206206,08:50,61,2
REG,18825,FIRENZE CAMPO MARTE,PRATO CENTRALE,FIRENZE CASTELLO,0.8852459016393442,-1.0,61,2023-01-02,2023-03-31,14,9,7,43.819444,11.21838,08:55,61,3
REG,18825,FIRENZE CAMPO MARTE,PRATO CENTRALE,FIRENZE RIFREDI,1.180327868852459,-1.0,61,2023-01-02,2023-03-31,12,9,7,43.800873,11.235729,09:00,61,4
REG,18825,FIRENZE CAMPO MARTE,PRATO CENTRALE,FIRENZE STATUTO,3.1147540983606556,2.0,61,2023-01-02,2023-03-31,28,15,7,43.787273,11.249738,09:05,61,5
REG,18825,FIRENZE CAMPO MARTE,PRATO CENTRALE,FIRENZE CAMPO MARTE,0.4262295081967213,0.0,61,2023-01-02,2023-03-31,15,9,1,43.776856,11.27702,09:14,61,6
