train_class,train_number,train_arrival_stop_name,train_departure_stop_name,stop_name,avg_arrival_delay,median_arrival_delay,count_dates_stop,first_date,last_date,count_3m_delay,count_5m_delay,count_10m_delay,stop_lat,stop_lon,stop_time,count_dates_train,stop_number
REG,20769,MONTEROTONDO,CESANO DI ROMA,CESANO DI ROMA,1.2758620689655173,1.0,58,2023-01-09,2023-03-31,2,1,0,42.061833,12.326669,18:45,58,1
REG,20769,MONTEROTONDO,CESANO DI ROMA,OLGIATA,2.9655172413793105,3.0,58,2023-01-09,2023-03-31,39,3,0,42.01538,12.363864,18:51,58,2
REG,20769,MONTEROTONDO,CESANO DI ROMA,LA STORTA,2.103448275862069,2.0,58,2023-01-09,2023-03-31,15,2,0,42.001748,12.381254,18:54,58,3
REG,20769,MONTEROTONDO,CESANO DI ROMA,LA GIUSTINIANA,2.6551724137931036,3.0,58,2023-01-09,2023-03-31,30,4,0,41.985243,12.403457,18:58,58,4
REG,20769,MONTEROTONDO,CESANO DI ROMA,IPOGEO DEGLI OTTAVI,3.0,3.0,58,2023-01-09,2023-03-31,37,6,0,41.968391,12.409026,19:01,58,5
REG,20769,MONTEROTONDO,CESANO DI ROMA,OTTAVIA,2.086206896551724,2.0,58,2023-01-09,2023-03-31,17,4,0,,,19:04,58,6
REG,20769,MONTEROTONDO,CESANO DI ROMA,ROMA S.FILIPPO NERI,1.706896551724138,2.0,58,2023-01-09,2023-03-31,12,4,0,41.950262,12.412414,19:07,58,7
REG,20769,MONTEROTONDO,CESANO DI ROMA,ROMA MONTE MARIO,1.103448275862069,1.0,58,2023-01-09,2023-03-31,8,2,0,41.939088,12.421732,19:10,58,8
REG,20769,MONTEROTONDO,CESANO DI ROMA,GEMELLI,1.7413793103448276,1.0,58,2023-01-09,2023-03-31,11,3,0,41.927813,12.427797,19:13,58,9
REG,20769,MONTEROTONDO,CESANO DI ROMA,ROMA BALDUINA,2.0517241379310347,2.0,58,2023-01-09,2023-03-31,15,3,0,,,19:16,58,10
REG,20769,MONTEROTONDO,CESANO DI ROMA,APPIANO,1.896551724137931,1.0,58,2023-01-09,2023-03-31,15,2,0,41.909342,12.43838,19:18,58,11
REG,20769,MONTEROTONDO,CESANO DI ROMA,VALLE AURELIA,3.2758620689655173,3.0,58,2023-01-09,2023-03-31,45,8,0,41.899356,12.447667,19:21,58,12
REG,20769,MONTEROTONDO,CESANO DI ROMA,ROMA S.PIETRO,0.15517241379310345,0.0,58,2023-01-09,2023-03-31,4,0,0,41.896143,12.454497,19:25,58,13
REG,20769,MONTEROTONDO,CESANO DI ROMA,QUATTRO VENTI,1.0172413793103448,1.0,58,2023-01-09,2023-03-31,8,2,0,41.880145,12.459731,19:29,58,14
REG,20769,MONTEROTONDO,CESANO DI ROMA,ROMA TRASTEVERE,2.896551724137931,2.0,58,2023-01-09,2023-03-31,27,7,0,41.872279,12.466162,19:32,58,15
REG,20769,MONTEROTONDO,CESANO DI ROMA,ROMA OSTIENSE,1.206896551724138,1.0,58,2023-01-09,2023-03-31,9,4,0,41.87265,12.483917,19:36,58,16
REG,20769,MONTEROTONDO,CESANO DI ROMA,ROMA TUSCOLANA,2.2884615384615383,2.0,52,2023-01-09,2023-03-31,22,8,0,41.879384,12.523505,19:43,58,17
REG,20769,MONTEROTONDO,CESANO DI ROMA,ROMA TIBURTINA,0.5384615384615384,1.0,52,2023-01-09,2023-03-31,10,1,1,41.910903,12.530749,19:52,58,18
REG,20769,MONTEROTONDO,CESANO DI ROMA,ROMA NOMENTANA L.L.,1.6206896551724137,1.0,58,2023-01-09,2023-03-31,13,4,2,41.932935,12.523628,19:57,58,19
REG,20769,MONTEROTONDO,CESANO DI ROMA,NUOVO SALARIO,3.2413793103448274,3.0,58,2023-01-09,2023-03-31,35,7,2,41.956195,12.510317,20:02,58,20
REG,20769,MONTEROTONDO,CESANO DI ROMA,FIDENE,1.4137931034482758,1.0,58,2023-01-09,2023-03-31,8,4,0,41.979773,12.508451,20:06,58,21
REG,20769,MONTEROTONDO,CESANO DI ROMA,SETTE BAGNI,1.0172413793103448,1.0,58,2023-01-09,2023-03-31,5,4,0,42.006438,12.520156,20:11,58,22
REG,20769,MONTEROTONDO,CESANO DI ROMA,MONTEROTONDO,-1.1724137931034482,-2.0,58,2023-01-09,2023-03-31,3,2,0,42.06409,12.595753,20:21,58,23
