train_class,train_number,train_arrival_stop_name,train_departure_stop_name,stop_name,avg_arrival_delay,median_arrival_delay,count_dates_stop,first_date,last_date,count_3m_delay,count_5m_delay,count_10m_delay,stop_lat,stop_lon,stop_time,count_dates_train,stop_number
REG,21989,LOCRI,ROCCELLA JONICA,ROCCELLA JONICA,0.9210526315789473,1.0,38,2023-02-13,2023-03-31,2,1,0,38.322043,16.406917,16:16,38,1
REG,21989,LOCRI,ROCCELLA JONICA,GIOIOSA JONICA,0.10526315789473684,0.0,38,2023-02-13,2023-03-31,2,1,0,38.300812,16.332501,16:22,38,2
REG,21989,LOCRI,ROCCELLA JONICA,SIDERNO,0.9736842105263158,1.0,38,2023-02-13,2023-03-31,4,1,0,38.2708,16.302,16:27,38,3
REG,21989,LOCRI,ROCCELLA JONICA,LOCRI,2.3157894736842106,2.0,38,2023-02-13,2023-03-31,16,12,0,38.233154,16.264787,16:37,38,4
