train_class,train_number,train_arrival_stop_name,train_departure_stop_name,stop_name,avg_arrival_delay,median_arrival_delay,count_dates_stop,first_date,last_date,count_3m_delay,count_5m_delay,count_10m_delay,stop_lat,stop_lon,stop_time,count_dates_train,stop_number
REG,19042,EMPOLI,SIENA,SIENA,2.643835616438356,2.0,73,2023-01-02,2023-03-31,20,6,3,43.331708,11.322972,15:41,73,1
REG,19042,EMPOLI,SIENA,P.M. BADESSE,1.0684931506849316,0.0,73,2023-01-02,2023-03-31,9,3,2,43.382144,11.277136,15:49,73,2
REG,19042,EMPOLI,SIENA,CASTELLINA CH,1.4657534246575343,1.0,73,2023-01-02,2023-03-31,9,4,2,43.408744,11.212379,15:56,73,3
REG,19042,EMPOLI,SIENA,POGGIBONSI,1.5342465753424657,1.0,73,2023-01-02,2023-03-31,12,6,2,43.468093,11.149455,16:07,73,4
REG,19042,EMPOLI,SIENA,CERTALDO,0.4931506849315068,-1.0,73,2023-01-02,2023-03-31,8,4,2,43.547124,11.037711,16:20,73,5
REG,19042,EMPOLI,SIENA,GRANAIOLO,2.0273972602739727,1.0,73,2023-01-02,2023-03-31,12,5,2,43.652244,10.945223,16:32,73,6
REG,19042,EMPOLI,SIENA,PONTE A ELSA,0.136986301369863,-2.0,73,2023-01-02,2023-03-31,6,4,3,43.694385,10.906008,16:42,73,7
REG,19042,EMPOLI,SIENA,EMPOLI,-1.2465753424657535,-3.0,73,2023-01-02,2023-03-31,4,4,3,43.715708,10.94915,16:54,73,8
