train_class,train_number,train_arrival_stop_name,train_departure_stop_name,stop_name,avg_arrival_delay,median_arrival_delay,count_dates_stop,first_date,last_date,count_3m_delay,count_5m_delay,count_10m_delay,stop_lat,stop_lon,stop_time,count_dates_train,stop_number
REG,19785,TERMOLI,PESCARA,PESCARA,4.438202247191011,3.0,89,2023-01-01,2023-03-31,50,25,5,42.467789,14.205066,20:15,89,1
REG,19785,TERMOLI,PESCARA,PESCARA PORTA NUOVA,3.561797752808989,2.0,89,2023-01-01,2023-03-31,37,21,4,42.458072,14.211663,20:18,89,2
REG,19785,TERMOLI,PESCARA,FRANCAVILLA AL MARE,4.134831460674158,3.0,89,2023-01-01,2023-03-31,48,25,5,42.421316,14.288062,20:26,89,3
REG,19785,TERMOLI,PESCARA,ORTONA,6.674157303370786,5.0,89,2023-01-01,2023-03-31,76,45,15,42.354196,14.407698,20:34,89,4
REG,19785,TERMOLI,PESCARA,S.VITO LANCIANO,5.595505617977528,3.0,89,2023-01-01,2023-03-31,60,35,10,42.307401,14.448093,20:41,89,5
REG,19785,TERMOLI,PESCARA,FOSSACESIA - TORINO DI SANGRO,5.325842696629214,3.0,89,2023-01-01,2023-03-31,56,35,10,42.237648,14.525456,20:48,89,6
REG,19785,TERMOLI,PESCARA,PORTO DI VASTO,5.842696629213483,4.0,89,2023-01-01,2023-03-31,56,40,10,42.167774,14.698057,20:59,89,7
REG,19785,TERMOLI,PESCARA,VASTO S.SALVO,4.269662921348314,3.0,89,2023-01-01,2023-03-31,45,21,9,42.079832,14.739483,21:08,89,8
REG,19785,TERMOLI,PESCARA,TERMOLI,1.7752808988764044,0.0,89,2023-01-01,2023-03-31,24,14,6,42.000623,14.992805,21:25,89,9
