train_class,train_number,train_arrival_stop_name,train_departure_stop_name,stop_name,avg_arrival_delay,median_arrival_delay,count_dates_stop,first_date,last_date,count_3m_delay,count_5m_delay,count_10m_delay,stop_lat,stop_lon,stop_time,count_dates_train,stop_number
REG,11005,PARMA,CREMONA,CREMONA,2.7704918032786887,1.0,61,2023-01-02,2023-03-31,13,8,5,45.143215,10.017951,07:48,61,1
REG,11005,PARMA,CREMONA,CASTELVETRO,3.540983606557377,2.0,61,2023-01-02,2023-03-31,19,10,5,45.100095,9.982181,07:53,61,2
REG,11005,PARMA,CREMONA,S. GIULIANO PIACENTINO,4.311475409836065,3.0,61,2023-01-02,2023-03-31,31,13,5,45.070627,9.985919,07:58,61,3
REG,11005,PARMA,CREMONA,VILLANOVA D`ARDA,2.1147540983606556,1.0,61,2023-01-02,2023-03-31,16,9,4,45.028291,9.993291,08:04,61,4
REG,11005,PARMA,CREMONA,BUSSETO,2.9672131147540983,2.0,61,2023-01-02,2023-03-31,15,9,4,44.974692,10.038909,08:12,61,5
REG,11005,PARMA,CREMONA,CASTIONE DEI MARCHESI,1.7540983606557377,0.0,61,2023-01-02,2023-03-31,13,7,3,44.915157,10.044449,08:20,61,6
REG,11005,PARMA,CREMONA,FIDENZA,5.60655737704918,3.0,61,2023-01-02,2023-03-31,39,17,6,44.86773,10.06339,08:27,61,7
REG,11005,PARMA,CREMONA,CASTELGUELFO,4.60655737704918,2.0,61,2023-01-02,2023-03-31,28,16,5,44.836434,10.176706,08:36,61,8
REG,11005,PARMA,CREMONA,PARMA,2.5737704918032787,0.0,61,2023-01-02,2023-03-31,16,13,4,44.810203,10.32837,08:48,61,9
