train_class,train_number,train_arrival_stop_name,train_departure_stop_name,stop_name,avg_arrival_delay,median_arrival_delay,count_dates_stop,first_date,last_date,count_3m_delay,count_5m_delay,count_10m_delay,stop_lat,stop_lon,stop_time,count_dates_train,stop_number
REG,12628,ROMA TERMINI,CASSINO,CASSINO,2.210526315789474,1.0,76,2023-01-02,2023-03-31,10,2,2,41.484306,13.832125,16:20,76,1
REG,12628,ROMA TERMINI,CASSINO,PIEDIMONTE-V.S.L.-AQUINO,1.736842105263158,1.0,76,2023-01-02,2023-03-31,8,2,2,,,16:27,76,2
REG,12628,ROMA TERMINI,CASSINO,ROCCASECCA,0.2894736842105263,-1.0,76,2023-01-02,2023-03-31,2,2,1,41.526377,13.645814,16:34,76,3
REG,12628,ROMA TERMINI,CASSINO,ISOLETTA-S.GIOVANNI I.,1.855263157894737,1.0,76,2023-01-02,2023-03-31,8,2,1,41.527873,13.547095,16:41,76,4
REG,12628,ROMA TERMINI,CASSINO,CEPRANO-FALVATERRA,-0.19736842105263158,-1.0,76,2023-01-02,2023-03-31,4,2,1,41.523962,13.523481,16:45,76,5
REG,12628,ROMA TERMINI,CASSINO,CASTRO-POFI,1.6710526315789473,1.0,76,2023-01-02,2023-03-31,8,2,1,41.533014,13.410741,16:53,76,6
REG,12628,ROMA TERMINI,CASSINO,CECCANO,0.05263157894736842,-1.0,76,2023-01-02,2023-03-31,5,2,1,41.573583,13.336417,17:01,76,7
REG,12628,ROMA TERMINI,CASSINO,FROSINONE,-0.5921052631578947,-1.0,76,2023-01-02,2023-03-31,3,2,1,41.625333,13.328728,17:08,76,8
REG,12628,ROMA TERMINI,CASSINO,FERENTINO-SUPINO,2.3026315789473686,2.0,76,2023-01-02,2023-03-31,12,5,1,41.6564,13.246971,17:15,76,9
REG,12628,ROMA TERMINI,CASSINO,ANAGNI-FIUGGI,0.9473684210526315,-1.0,76,2023-01-02,2023-03-31,9,6,5,41.71037,13.09597,17:27,76,10
REG,12628,ROMA TERMINI,CASSINO,COLLEFERRO-SEGNI-PALIANO,1.144736842105263,-1.0,76,2023-01-02,2023-03-31,9,7,5,41.740062,13.00299,17:35,76,11
REG,12628,ROMA TERMINI,CASSINO,VALMONTONE,3.3815789473684212,2.0,76,2023-01-02,2023-03-31,25,10,6,41.774291,12.923696,17:42,76,12
REG,12628,ROMA TERMINI,CASSINO,ZAGAROLO,1.7105263157894737,1.0,76,2023-01-02,2023-03-31,13,7,5,41.821927,12.82692,17:50,76,13
REG,12628,ROMA TERMINI,CASSINO,ROMA TERMINI,0.9605263157894737,0.0,76,2023-01-02,2023-03-31,15,8,3,41.900636,12.502026,18:20,76,14
