train_class,train_number,train_arrival_stop_name,train_departure_stop_name,stop_name,avg_arrival_delay,median_arrival_delay,count_dates_stop,first_date,last_date,count_3m_delay,count_5m_delay,count_10m_delay,stop_lat,stop_lon,stop_time,count_dates_train,stop_number
REG,4199,SULMONA,PESCARA,PESCARA,3.0657894736842106,2.0,76,2023-01-02,2023-03-31,29,15,1,42.467789,14.205066,19:16,76,1
REG,4199,SULMONA,PESCARA,PESCARA PORTA NUOVA,2.973684210526316,2.0,76,2023-01-02,2023-03-31,28,15,1,42.458072,14.211663,19:18,76,2
REG,4199,SULMONA,PESCARA,CHIETI-MAD.D.P.,4.065789473684211,3.0,76,2023-01-02,2023-03-31,65,16,2,,,19:33,76,3
REG,4199,SULMONA,PESCARA,CHIETI,1.381578947368421,1.0,76,2023-01-02,2023-03-31,12,5,1,42.356905,14.13815,19:36,76,4
REG,4199,SULMONA,PESCARA,MANOPPELLO,2.5657894736842106,2.0,76,2023-01-02,2023-03-31,25,9,2,42.305848,14.061057,19:43,76,5
REG,4199,SULMONA,PESCARA,ALANNO,9.092105263157896,8.0,76,2023-01-02,2023-03-31,76,72,19,42.287185,14.019595,19:48,76,6
REG,4199,SULMONA,PESCARA,SCAFA S.VALENTINO CARAMANICO T,1.8157894736842106,1.0,76,2023-01-02,2023-03-31,18,7,3,42.26717,13.99909,19:56,76,7
REG,4199,SULMONA,PESCARA,TORRE DEI PASSERI,1.8421052631578947,1.0,76,2023-01-02,2023-03-31,14,8,3,42.244022,13.937525,20:03,76,8
REG,4199,SULMONA,PESCARA,POPOLI VITTORITO,0.5131578947368421,-1.0,76,2023-01-02,2023-03-31,7,4,2,42.172354,13.826152,20:25,76,9
REG,4199,SULMONA,PESCARA,PRATOLA PELIGNA,1.6973684210526316,0.0,76,2023-01-02,2023-03-31,6,2,2,42.102423,13.876349,20:33,76,10
REG,4199,SULMONA,PESCARA,SULMONA,1.7894736842105263,0.0,76,2023-01-02,2023-03-31,6,2,2,42.060836,13.907156,20:40,76,11
