train_class,train_number,train_arrival_stop_name,train_departure_stop_name,stop_name,avg_arrival_delay,median_arrival_delay,count_dates_stop,first_date,last_date,count_3m_delay,count_5m_delay,count_10m_delay,stop_lat,stop_lon,stop_time,count_dates_train,stop_number
REG,26336,PINEROLO,CHIVASSO,CHIVASSO,2.0547945205479454,1.0,73,2023-01-02,2023-03-31,19,9,1,45.193637,7.889666,16:52,73,1
REG,26336,PINEROLO,CHIVASSO,BRANDIZZO,2.7534246575342465,2.0,73,2023-01-02,2023-03-31,25,11,2,45.178915,7.841218,16:56,73,2
REG,26336,PINEROLO,CHIVASSO,SETTIMO,3.2465753424657535,2.0,73,2023-01-02,2023-03-31,33,15,1,45.139834,7.769335,17:02,73,3
REG,26336,PINEROLO,CHIVASSO,TORINO STURA,2.6986301369863015,2.0,73,2023-01-02,2023-03-31,33,13,0,45.121932,7.713202,17:08,73,4
REG,26336,PINEROLO,CHIVASSO,TORINO REBAUDENGO FOSSATA,2.191780821917808,2.0,73,2023-01-02,2023-03-31,31,11,0,,,17:13,73,5
REG,26336,PINEROLO,CHIVASSO,TORINO PORTA SUSA,1.1369863013698631,1.0,73,2023-01-02,2023-03-31,22,5,0,45.075906,7.667673,17:18,73,6
REG,26336,PINEROLO,CHIVASSO,TORINO LINGOTTO,2.356164383561644,2.0,73,2023-01-02,2023-03-31,29,14,1,45.0266,7.657469,17:24,73,7
REG,26336,PINEROLO,CHIVASSO,MONCALIERI SANGONE,3.3424657534246576,3.0,73,2023-01-02,2023-03-31,41,19,1,45.000393,7.667991,17:29,73,8
REG,26336,PINEROLO,CHIVASSO,NICHELINO,4.534246575342466,4.0,73,2023-01-02,2023-03-31,63,30,1,44.99132,7.642068,17:32,73,9
REG,26336,PINEROLO,CHIVASSO,CANDIOLO,4.575342465753424,4.0,73,2023-01-02,2023-03-31,59,33,2,44.961155,7.598973,17:38,73,10
REG,26336,PINEROLO,CHIVASSO,NONE,4.794520547945205,5.0,73,2023-01-02,2023-03-31,66,38,1,44.938011,7.540068,17:47,73,11
REG,26336,PINEROLO,CHIVASSO,AIRASCA,5.958333333333333,6.0,72,2023-01-02,2023-03-31,68,53,4,44.928093,7.483536,17:51,73,12
REG,26336,PINEROLO,CHIVASSO,PISCINA DI PINEROLO,6.273972602739726,6.0,73,2023-01-02,2023-03-31,68,52,14,44.921744,7.425482,17:56,73,13
REG,26336,PINEROLO,CHIVASSO,PINEROLO OLIMPICA,5.569444444444445,5.0,72,2023-01-02,2023-03-31,62,41,9,44.893325,7.349043,18:05,73,14
REG,26336,PINEROLO,CHIVASSO,PINEROLO,1.2465753424657535,1.0,73,2023-01-02,2023-03-31,23,12,0,44.887673,7.337402,18:10,73,15
