train_class,train_number,train_arrival_stop_name,train_departure_stop_name,stop_name,avg_arrival_delay,median_arrival_delay,count_dates_stop,first_date,last_date,count_3m_delay,count_5m_delay,count_10m_delay,stop_lat,stop_lon,stop_time,count_dates_train,stop_number
REG,21688,MESSINA CENTRALE,GIAMPILIERI,GIAMPILIERI,1.9210526315789473,2.0,76,2023-01-02,2023-03-31,10,1,0,38.080121,15.493863,14:30,76,1
REG,21688,MESSINA CENTRALE,GIAMPILIERI,GALATI,-0.6842105263157895,-1.0,76,2023-01-02,2023-03-31,0,0,0,38.104511,15.505313,14:42,76,2
REG,21688,MESSINA CENTRALE,GIAMPILIERI,CONTESSE,-1.0263157894736843,-1.0,76,2023-01-02,2023-03-31,1,0,0,38.16193,15.544717,14:52,76,3
REG,21688,MESSINA CENTRALE,GIAMPILIERI,MESSINA CENTRALE,0.4473684210526316,0.0,76,2023-01-02,2023-03-31,3,2,0,38.184975,15.561278,15:00,76,4
