train_class,train_number,train_arrival_stop_name,train_departure_stop_name,stop_name,avg_arrival_delay,median_arrival_delay,count_dates_stop,first_date,last_date,count_3m_delay,count_5m_delay,count_10m_delay,stop_lat,stop_lon,stop_time,count_dates_train,stop_number
REG,4075,TERONTOLA CORTONA,FIRENZE S.M.N.,FIRENZE S.M.N.,3.0945945945945947,2.0,74,2023-01-02,2023-03-30,36,15,2,43.776893,11.247373,09:48,74,1
REG,4075,TERONTOLA CORTONA,FIRENZE S.M.N.,FIRENZE CAMPO MARTE,3.0135135135135136,2.0,74,2023-01-02,2023-03-30,37,15,2,43.776856,11.27702,09:54,74,2
REG,4075,TERONTOLA CORTONA,FIRENZE S.M.N.,AREZZO,-0.6621621621621622,-2.0,74,2023-01-02,2023-03-30,19,14,5,43.461725,11.874189,10:48,74,3
REG,4075,TERONTOLA CORTONA,FIRENZE S.M.N.,CASTIGLION FIORENTINO,0.4189189189189189,-2.0,74,2023-01-02,2023-03-30,17,12,5,43.34075,11.914362,11:01,74,4
REG,4075,TERONTOLA CORTONA,FIRENZE S.M.N.,CAMUCIA CORTONA,0.0945945945945946,-2.0,74,2023-01-02,2023-03-30,15,7,5,43.261104,11.971245,11:10,74,5
REG,4075,TERONTOLA CORTONA,FIRENZE S.M.N.,TERONTOLA CORTONA,-1.4324324324324325,-3.0,74,2023-01-02,2023-03-30,5,5,5,43.210263,12.007906,11:21,74,6
