train_class,train_number,train_arrival_stop_name,train_departure_stop_name,stop_name,avg_arrival_delay,median_arrival_delay,count_dates_stop,first_date,last_date,count_3m_delay,count_5m_delay,count_10m_delay,stop_lat,stop_lon,stop_time,count_dates_train,stop_number
REG,22845,GENOVA NERVI,GENOVA VOLTRI,GENOVA VOLTRI,1.6774193548387097,2.0,62,2023-01-02,2023-03-31,5,1,0,44.428467,8.758163,12:56,62,1
REG,22845,GENOVA NERVI,GENOVA VOLTRI,GENOVA SESTRI PONENTE,0.1935483870967742,0.0,62,2023-01-02,2023-03-31,3,1,0,44.422374,8.847707,13:08,62,2
REG,22845,GENOVA NERVI,GENOVA VOLTRI,GENOVA SAMPIERDARENA,1.2096774193548387,1.0,62,2023-01-02,2023-03-31,7,2,0,44.413102,8.887271,13:15,62,3
REG,22845,GENOVA NERVI,GENOVA VOLTRI,GENOVA P.PRINCIPE,2.0,2.0,62,2023-01-02,2023-03-31,19,3,0,44.417784,8.9207,13:22,62,4
REG,22845,GENOVA NERVI,GENOVA VOLTRI,GENOVA BRIGNOLE,0.04838709677419355,-1.0,62,2023-01-02,2023-03-31,7,0,0,44.407213,8.947553,13:30,62,5
REG,22845,GENOVA NERVI,GENOVA VOLTRI,GENOVA QUARTO DEI MILLE,1.8709677419354838,1.0,62,2023-01-02,2023-03-31,19,3,0,44.388607,8.99597,13:40,62,6
REG,22845,GENOVA NERVI,GENOVA VOLTRI,GENOVA NERVI,2.161290322580645,1.0,62,2023-01-02,2023-03-31,18,6,0,44.381271,9.039895,13:48,62,7
