train_class,train_number,train_arrival_stop_name,train_departure_stop_name,stop_name,avg_arrival_delay,median_arrival_delay,count_dates_stop,first_date,last_date,count_3m_delay,count_5m_delay,count_10m_delay,stop_lat,stop_lon,stop_time,count_dates_train,stop_number
REG,20751,CESANO DI ROMA,ROMA TIBURTINA,ROMA TIBURTINA,1.4666666666666666,1.0,15,2023-01-02,2023-03-25,1,1,0,41.910903,12.530749,06:38,15,1
REG,20751,CESANO DI ROMA,ROMA TIBURTINA,ROMA TUSCOLANA,-0.7857142857142857,-1.0,14,2023-01-02,2023-03-25,1,0,0,41.879384,12.523505,06:44,15,2
REG,20751,CESANO DI ROMA,ROMA TIBURTINA,ROMA OSTIENSE,-1.2,-1.0,15,2023-01-02,2023-03-25,0,0,0,41.87265,12.483917,06:52,15,3
REG,20751,CESANO DI ROMA,ROMA TIBURTINA,ROMA TRASTEVERE,0.7333333333333333,1.0,15,2023-01-02,2023-03-25,0,0,0,41.872279,12.466162,06:58,15,4
REG,20751,CESANO DI ROMA,ROMA TIBURTINA,QUATTRO VENTI,1.1333333333333333,1.0,15,2023-01-02,2023-03-25,0,0,0,41.880145,12.459731,07:01,15,5
REG,20751,CESANO DI ROMA,ROMA TIBURTINA,ROMA S.PIETRO,-0.2,0.0,15,2023-01-02,2023-03-25,0,0,0,41.896143,12.454497,07:05,15,6
REG,20751,CESANO DI ROMA,ROMA TIBURTINA,VALLE AURELIA,3.8,4.0,15,2023-01-02,2023-03-25,15,0,0,41.899356,12.447667,07:08,15,7
REG,20751,CESANO DI ROMA,ROMA TIBURTINA,APPIANO,1.1333333333333333,1.0,15,2023-01-02,2023-03-25,0,0,0,41.909342,12.43838,07:12,15,8
REG,20751,CESANO DI ROMA,ROMA TIBURTINA,ROMA BALDUINA,0.6,1.0,15,2023-01-02,2023-03-25,0,0,0,,,07:14,15,9
REG,20751,CESANO DI ROMA,ROMA TIBURTINA,GEMELLI,1.9333333333333333,2.0,15,2023-01-02,2023-03-25,1,0,0,41.927813,12.427797,07:17,15,10
REG,20751,CESANO DI ROMA,ROMA TIBURTINA,ROMA MONTE MARIO,0.5333333333333333,1.0,15,2023-01-02,2023-03-25,0,0,0,41.939088,12.421732,07:20,15,11
REG,20751,CESANO DI ROMA,ROMA TIBURTINA,ROMA S.FILIPPO NERI,-0.06666666666666667,0.0,15,2023-01-02,2023-03-25,1,0,0,41.950262,12.412414,07:23,15,12
REG,20751,CESANO DI ROMA,ROMA TIBURTINA,OTTAVIA,1.5,1.0,14,2023-01-02,2023-03-25,2,0,0,,,07:26,15,13
REG,20751,CESANO DI ROMA,ROMA TIBURTINA,IPOGEO DEGLI OTTAVI,0.8,1.0,15,2023-01-02,2023-03-25,2,0,0,41.968391,12.409026,07:29,15,14
REG,20751,CESANO DI ROMA,ROMA TIBURTINA,LA GIUSTINIANA,1.4,1.0,15,2023-01-02,2023-03-25,2,0,0,41.985243,12.403457,07:32,15,15
REG,20751,CESANO DI ROMA,ROMA TIBURTINA,LA STORTA,1.2,1.0,15,2023-01-02,2023-03-25,1,0,0,42.001748,12.381254,07:36,15,16
REG,20751,CESANO DI ROMA,ROMA TIBURTINA,OLGIATA,2.8666666666666667,3.0,15,2023-01-02,2023-03-25,9,1,0,42.01538,12.363864,07:39,15,17
REG,20751,CESANO DI ROMA,ROMA TIBURTINA,CESANO DI ROMA,1.0666666666666667,1.0,15,2023-01-02,2023-03-25,3,0,0,42.061833,12.326669,07:46,15,18
