train_class,train_number,train_arrival_stop_name,train_departure_stop_name,stop_name,avg_arrival_delay,median_arrival_delay,count_dates_stop,first_date,last_date,count_3m_delay,count_5m_delay,count_10m_delay,stop_lat,stop_lon,stop_time,count_dates_train,stop_number
REG,11373,IVREA,CHIVASSO,CHIVASSO,2.022222222222222,2.0,90,2023-01-01,2023-03-31,27,4,0,45.193637,7.889666,16:23,90,1
REG,11373,IVREA,CHIVASSO,MONTANARO,2.8444444444444446,2.0,90,2023-01-01,2023-03-31,45,13,1,45.232674,7.858331,16:28,90,2
REG,11373,IVREA,CHIVASSO,RODALLO,0.7666666666666667,0.0,90,2023-01-01,2023-03-31,13,5,1,45.278714,7.878025,16:38,90,3
REG,11373,IVREA,CHIVASSO,CALUSO,1.7777777777777777,1.0,90,2023-01-01,2023-03-31,19,6,2,45.303194,7.902568,16:42,90,4
REG,11373,IVREA,CHIVASSO,CANDIA CANAVESE,1.7222222222222223,1.0,90,2023-01-01,2023-03-31,19,6,3,45.329824,7.891819,16:48,90,5
REG,11373,IVREA,CHIVASSO,MERCENASCO,3.1777777777777776,2.0,90,2023-01-01,2023-03-31,44,15,4,45.353436,7.886405,16:55,90,6
REG,11373,IVREA,CHIVASSO,STRAMBINO,2.022222222222222,2.0,90,2023-01-01,2023-03-31,28,7,3,45.382508,7.887955,17:00,90,7
REG,11373,IVREA,CHIVASSO,IVREA,1.988888888888889,2.0,90,2023-01-01,2023-03-31,33,8,2,45.461542,7.876348,17:08,90,8
