train_class,train_number,train_arrival_stop_name,train_departure_stop_name,stop_name,avg_arrival_delay,median_arrival_delay,count_dates_stop,first_date,last_date,count_3m_delay,count_5m_delay,count_10m_delay,stop_lat,stop_lon,stop_time,count_dates_train,stop_number
REG,4186,PESCARA,SULMONA,SULMONA,2.276315789473684,2.0,76,2023-01-02,2023-03-31,19,4,0,42.060836,13.907156,17:45,76,1
REG,4186,PESCARA,SULMONA,PRATOLA PELIGNA,-0.013157894736842105,0.0,76,2023-01-02,2023-03-31,4,2,0,42.102423,13.876349,17:51,76,2
REG,4186,PESCARA,SULMONA,POPOLI VITTORITO,-0.11842105263157894,-1.0,76,2023-01-02,2023-03-31,2,2,0,42.172354,13.826152,17:59,76,3
REG,4186,PESCARA,SULMONA,TORRE DEI PASSERI,0.8552631578947368,1.0,76,2023-01-02,2023-03-31,7,3,1,42.244022,13.937525,18:11,76,4
REG,4186,PESCARA,SULMONA,SCAFA S.VALENTINO CARAMANICO T,-0.5526315789473685,-1.0,76,2023-01-02,2023-03-31,4,2,0,42.26717,13.99909,18:19,76,5
REG,4186,PESCARA,SULMONA,MANOPPELLO,-0.19736842105263158,-1.0,76,2023-01-02,2023-03-31,5,3,1,42.305848,14.061057,18:27,76,6
REG,4186,PESCARA,SULMONA,CHIETI,-2.3947368421052633,-3.0,76,2023-01-02,2023-03-31,3,2,1,42.356905,14.13815,18:38,76,7
REG,4186,PESCARA,SULMONA,CHIETI-MAD.D.P.,5.631578947368421,5.0,76,2023-01-02,2023-03-31,76,41,3,,,18:46,76,8
REG,4186,PESCARA,SULMONA,PESCARA PORTA NUOVA,-0.10666666666666667,-1.0,75,2023-01-02,2023-03-31,5,2,1,42.458072,14.211663,18:56,76,9
REG,4186,PESCARA,SULMONA,PESCARA,1.8026315789473684,1.0,76,2023-01-02,2023-03-31,22,8,2,42.467789,14.205066,19:02,76,10
