train_class,train_number,train_arrival_stop_name,train_departure_stop_name,stop_name,avg_arrival_delay,median_arrival_delay,count_dates_stop,first_date,last_date,count_3m_delay,count_5m_delay,count_10m_delay,stop_lat,stop_lon,stop_time,count_dates_train,stop_number
REG,4521,ROMA TERMINI,VITERBO PORTA FIORENTINA,VITERBO PORTA FIORENTINA,2.4078947368421053,2.0,76,2023-01-02,2023-03-31,13,6,1,42.425237,12.106204,06:08,76,1
REG,4521,ROMA TERMINI,VITERBO PORTA FIORENTINA,MONTEFIASCONE,1.236842105263158,1.0,76,2023-01-02,2023-03-31,10,5,1,42.520268,12.050448,06:19,76,2
REG,4521,ROMA TERMINI,VITERBO PORTA FIORENTINA,GROTTE S.STEFANO,2.3157894736842106,2.0,76,2023-01-02,2023-03-31,23,6,1,42.51512,12.169372,06:28,76,3
REG,4521,ROMA TERMINI,VITERBO PORTA FIORENTINA,SIPICCIANO,3.223684210526316,3.0,76,2023-01-02,2023-03-31,42,10,2,42.546495,12.254318,06:39,76,4
REG,4521,ROMA TERMINI,VITERBO PORTA FIORENTINA,ATTIGLIANO,2.25,2.0,76,2023-01-02,2023-03-31,26,6,2,42.518054,12.294761,06:47,76,5
REG,4521,ROMA TERMINI,VITERBO PORTA FIORENTINA,ORTE,3.3466666666666667,3.0,75,2023-01-02,2023-03-31,44,15,3,42.43728,12.408986,06:58,76,6
REG,4521,ROMA TERMINI,VITERBO PORTA FIORENTINA,ROMA TIBURTINA,1.9166666666666667,1.0,72,2023-01-02,2023-03-31,21,6,4,41.910903,12.530749,07:31,76,7
REG,4521,ROMA TERMINI,VITERBO PORTA FIORENTINA,ROMA TERMINI,-0.34210526315789475,-1.0,76,2023-01-02,2023-03-31,6,4,1,41.900636,12.502026,07:43,76,8
