train_class,train_number,train_arrival_stop_name,train_departure_stop_name,stop_name,avg_arrival_delay,median_arrival_delay,count_dates_stop,first_date,last_date,count_3m_delay,count_5m_delay,count_10m_delay,stop_lat,stop_lon,stop_time,count_dates_train,stop_number
REG,21803,PALERMO CENTRALE,TERMINI IMERESE,TERMINI IMERESE,1.3287671232876712,1.0,73,2023-01-02,2023-03-31,11,3,0,37.980132,13.703631,07:38,73,1
REG,21803,PALERMO CENTRALE,TERMINI IMERESE,ALTAVILLA M.,2.1095890410958904,2.0,73,2023-01-02,2023-03-31,20,4,0,38.048392,13.554421,07:51,73,2
REG,21803,PALERMO CENTRALE,TERMINI IMERESE,BAGHERIA,3.041095890410959,3.0,73,2023-01-02,2023-03-31,46,9,0,38.089905,13.507215,08:00,73,3
REG,21803,PALERMO CENTRALE,TERMINI IMERESE,PALERMO BRANCACCIO,1.4109589041095891,2.0,73,2023-01-02,2023-03-31,18,0,0,38.093141,13.392508,08:13,73,4
REG,21803,PALERMO CENTRALE,TERMINI IMERESE,PALERMO CENTRALE,2.136986301369863,2.0,73,2023-01-02,2023-03-31,29,4,0,38.109187,13.367515,08:17,73,5
