train_class,train_number,train_arrival_stop_name,train_departure_stop_name,stop_name,avg_arrival_delay,median_arrival_delay,count_dates_stop,first_date,last_date,count_3m_delay,count_5m_delay,count_10m_delay,stop_lat,stop_lon,stop_time,count_dates_train,stop_number
REG,18959,BORGO S. LORENZO,FIRENZE S.M.N.,FIRENZE S.M.N.,1.4933333333333334,1.0,75,2023-01-02,2023-03-31,9,3,1,43.776893,11.247373,14:55,75,1
REG,18959,BORGO S. LORENZO,FIRENZE S.M.N.,FIRENZE CAMPO MARTE,1.7866666666666666,2.0,75,2023-01-02,2023-03-31,12,3,1,43.776856,11.27702,15:00,75,2
REG,18959,BORGO S. LORENZO,FIRENZE S.M.N.,PONTASSIEVE,0.12,-1.0,75,2023-01-02,2023-03-31,4,2,1,43.773949,11.437904,15:18,75,3
REG,18959,BORGO S. LORENZO,FIRENZE S.M.N.,RUFINA,-0.8666666666666667,-1.0,75,2023-01-02,2023-03-31,3,1,1,43.822236,11.485072,15:28,75,4
REG,18959,BORGO S. LORENZO,FIRENZE S.M.N.,SCOPETI,1.4933333333333334,1.0,75,2023-01-02,2023-03-31,5,3,1,43.841117,11.497001,15:33,75,5
REG,18959,BORGO S. LORENZO,FIRENZE S.M.N.,CONTEA LONDA,-0.7466666666666667,-1.0,75,2023-01-02,2023-03-31,4,2,1,43.865124,11.531603,15:40,75,6
REG,18959,BORGO S. LORENZO,FIRENZE S.M.N.,DICOMANO,1.76,2.0,75,2023-01-02,2023-03-31,9,2,1,43.893489,11.519148,15:46,75,7
REG,18959,BORGO S. LORENZO,FIRENZE S.M.N.,VICCHIO,2.3333333333333335,2.0,75,2023-01-02,2023-03-31,28,6,0,43.933463,11.457634,15:56,75,8
REG,18959,BORGO S. LORENZO,FIRENZE S.M.N.,BORGO S.L.RIMORELLI,6.173333333333333,6.0,75,2023-01-02,2023-03-31,74,66,5,43.953279,11.400076,16:02,75,9
REG,18959,BORGO S. LORENZO,FIRENZE S.M.N.,BORGO S. LORENZO,-2.0,-3.0,75,2023-01-02,2023-03-31,3,1,1,43.959822,11.380422,16:12,75,10
