train_class,train_number,train_arrival_stop_name,train_departure_stop_name,stop_name,avg_arrival_delay,median_arrival_delay,count_dates_stop,first_date,last_date,count_3m_delay,count_5m_delay,count_10m_delay,stop_lat,stop_lon,stop_time,count_dates_train,stop_number
AV,8626,GENOVA P.PRINCIPE,ROMA TERMINI,ROMA TERMINI,1.2,0.0,90,2023-01-01,2023-03-31,9,4,4,41.900636,12.502026,16:57,90,1
AV,8626,GENOVA P.PRINCIPE,ROMA TERMINI,CIVITAVECCHIA,-1.2444444444444445,-3.0,90,2023-01-01,2023-03-31,12,8,5,42.088287,11.79815,17:44,90,2
AV,8626,GENOVA P.PRINCIPE,ROMA TERMINI,GROSSETO,0.9888888888888889,0.0,90,2023-01-01,2023-03-31,13,8,5,42.76728,11.1065,18:36,90,3
AV,8626,GENOVA P.PRINCIPE,ROMA TERMINI,CAMPIGLIA MARITTIMA,1.0444444444444445,-1.0,90,2023-01-01,2023-03-31,17,10,3,43.017118,10.586558,19:06,90,4
AV,8626,GENOVA P.PRINCIPE,ROMA TERMINI,LIVORNO CENTRALE,5.444444444444445,3.0,90,2023-01-01,2023-03-31,58,31,9,43.55406,10.336593,19:38,90,5
AV,8626,GENOVA P.PRINCIPE,ROMA TERMINI,PISA CENTRALE,7.066666666666666,5.0,90,2023-01-01,2023-03-31,79,54,15,43.70794,10.398183,19:53,90,6
AV,8626,GENOVA P.PRINCIPE,ROMA TERMINI,VIAREGGIO,6.677777777777778,5.0,90,2023-01-01,2023-03-31,70,48,11,43.865947,10.257886,20:10,90,7
AV,8626,GENOVA P.PRINCIPE,ROMA TERMINI,MASSA CENTRO,6.188888888888889,5.0,90,2023-01-01,2023-03-31,64,50,12,44.023741,10.136041,20:23,90,8
AV,8626,GENOVA P.PRINCIPE,ROMA TERMINI,LA SPEZIA CENTRALE,6.3,5.0,90,2023-01-01,2023-03-31,64,50,14,44.11141,9.813906,20:44,90,9
AV,8626,GENOVA P.PRINCIPE,ROMA TERMINI,GENOVA BRIGNOLE,9.033333333333333,7.0,90,2023-01-01,2023-03-31,79,66,30,44.407213,8.947553,21:43,90,10
AV,8626,GENOVA P.PRINCIPE,ROMA TERMINI,GENOVA P.PRINCIPE,8.977777777777778,7.0,90,2023-01-01,2023-03-31,76,67,32,44.417784,8.9207,21:50,90,11
