train_class,train_number,train_arrival_stop_name,train_departure_stop_name,stop_name,avg_arrival_delay,median_arrival_delay,count_dates_stop,first_date,last_date,count_3m_delay,count_5m_delay,count_10m_delay,stop_lat,stop_lon,stop_time,count_dates_train,stop_number
REG,90186,GUASTALLA,REGGIO EMILIA,REGGIO EMILIA,1.3137254901960784,1.0,51,2023-01-09,2023-03-31,5,2,0,44.697793,10.643093,16:30,51,1
REG,90186,GUASTALLA,REGGIO EMILIA,REGGIO MEDIOPADANA,1.5490196078431373,1.0,51,2023-01-09,2023-03-31,9,3,1,44.72468,10.655839,16:37,51,2
REG,90186,GUASTALLA,REGGIO EMILIA,BAGNOLO IN PIANO,2.0392156862745097,2.0,51,2023-01-09,2023-03-31,15,3,1,,,16:43,51,3
REG,90186,GUASTALLA,REGGIO EMILIA,NOVELLARA,1.1,1.0,50,2023-01-09,2023-03-31,11,2,0,,,17:01,51,4
REG,90186,GUASTALLA,REGGIO EMILIA,GUASTALLA,1.9019607843137254,1.0,51,2023-01-09,2023-03-31,11,8,1,,,17:19,51,5
