train_class,train_number,train_arrival_stop_name,train_departure_stop_name,stop_name,avg_arrival_delay,median_arrival_delay,count_dates_stop,first_date,last_date,count_3m_delay,count_5m_delay,count_10m_delay,stop_lat,stop_lon,stop_time,count_dates_train,stop_number
REG,12986,MESSINA CENTRALE,CATANIA CENTRALE,CATANIA CENTRALE,3.244186046511628,2.0,86,2023-01-01,2023-03-31,29,13,5,37.506211,15.099417,15:40,86,1
REG,12986,MESSINA CENTRALE,CATANIA CENTRALE,ACIREALE,1.7142857142857142,1.0,77,2023-01-01,2023-03-31,14,10,4,37.600514,15.163697,15:56,86,2
REG,12986,MESSINA CENTRALE,CATANIA CENTRALE,GIARRE RIPOSTO,0.813953488372093,-1.0,86,2023-01-01,2023-03-31,16,10,4,37.730346,15.193386,16:12,86,3
REG,12986,MESSINA CENTRALE,CATANIA CENTRALE,FIUMEFREDDO DI SICILIA,2.0232558139534884,1.0,86,2023-01-01,2023-03-31,16,12,5,37.795247,15.205615,16:21,86,4
REG,12986,MESSINA CENTRALE,CATANIA CENTRALE,CALATABIANO,3.0930232558139537,2.0,86,2023-01-01,2023-03-31,24,14,7,37.814684,15.226568,16:26,86,5
REG,12986,MESSINA CENTRALE,CATANIA CENTRALE,ALCANTARA,-0.8488372093023255,-2.0,86,2023-01-01,2023-03-31,12,8,2,37.82145,15.251158,16:32,86,6
REG,12986,MESSINA CENTRALE,CATANIA CENTRALE,TAORMINA,-3.255813953488372,-4.0,86,2023-01-01,2023-03-31,7,2,2,37.845429,15.282584,16:41,86,7
REG,12986,MESSINA CENTRALE,CATANIA CENTRALE,LETOJANNI,-1.7209302325581395,-3.0,86,2023-01-01,2023-03-31,9,6,0,37.877581,15.303128,16:50,86,8
REG,12986,MESSINA CENTRALE,CATANIA CENTRALE,S.ALESSIO SICULO FORZA D`AGRO`,1.9651162790697674,1.0,86,2023-01-01,2023-03-31,15,13,3,37.923992,15.347322,16:57,86,9
REG,12986,MESSINA CENTRALE,CATANIA CENTRALE,SANTA TERESA DI RIVA,0.6395348837209303,-1.0,86,2023-01-01,2023-03-31,14,11,5,37.946295,15.367682,17:02,86,10
REG,12986,MESSINA CENTRALE,CATANIA CENTRALE,FURCI,3.058139534883721,1.0,86,2023-01-01,2023-03-31,34,22,4,37.961714,15.380022,17:12,86,11
REG,12986,MESSINA CENTRALE,CATANIA CENTRALE,ROCCALUMERA MANDANICI,-0.9186046511627907,-2.0,86,2023-01-01,2023-03-31,13,6,1,37.972946,15.391411,17:17,86,12
REG,12986,MESSINA CENTRALE,CATANIA CENTRALE,NIZZA DI SICILIA,1.3604651162790697,1.0,86,2023-01-01,2023-03-31,9,3,1,37.996937,15.412334,17:22,86,13
REG,12986,MESSINA CENTRALE,CATANIA CENTRALE,ALI` TERME,-3.2325581395348837,-4.0,86,2023-01-01,2023-03-31,4,3,1,38.013952,15.435184,17:30,86,14
REG,12986,MESSINA CENTRALE,CATANIA CENTRALE,SCALETTA ZANCLEA,0.9883720930232558,1.0,86,2023-01-01,2023-03-31,3,2,0,38.04635,15.465376,17:41,86,15
REG,12986,MESSINA CENTRALE,CATANIA CENTRALE,GIAMPILIERI,-0.011627906976744186,-1.0,86,2023-01-01,2023-03-31,3,3,1,38.080121,15.493863,17:45,86,16
REG,12986,MESSINA CENTRALE,CATANIA CENTRALE,MESSINA CENTRALE,-0.7558139534883721,-1.0,86,2023-01-01,2023-03-31,4,3,1,38.184975,15.561278,17:59,86,17
