train_class,train_number,train_arrival_stop_name,train_departure_stop_name,stop_name,avg_arrival_delay,median_arrival_delay,count_dates_stop,first_date,last_date,count_3m_delay,count_5m_delay,count_10m_delay,stop_lat,stop_lon,stop_time,count_dates_train,stop_number
REG,16214,BELLUNO,CONEGLIANO,CONEGLIANO,1.5402298850574712,1.0,87,2023-01-01,2023-03-31,6,1,0,45.884706,12.298909,12:41,87,1
REG,16214,BELLUNO,CONEGLIANO,SOFFRATTA,2.67816091954023,2.0,87,2023-01-01,2023-03-31,39,5,0,45.976377,12.299346,12:52,87,2
REG,16214,BELLUNO,CONEGLIANO,VITTORIO VENETO,-0.6896551724137931,-1.0,87,2023-01-01,2023-03-31,2,2,0,45.989946,12.29327,12:57,87,3
REG,16214,BELLUNO,CONEGLIANO,STAZIONE PER L`ALPAGO,-0.5287356321839081,-1.0,87,2023-01-01,2023-03-31,4,3,2,46.137574,12.316066,13:21,87,4
REG,16214,BELLUNO,CONEGLIANO,PONTE NELLE ALPI POLPET,-1.7816091954022988,-2.0,87,2023-01-01,2023-03-31,2,2,2,46.182328,12.277604,13:31,87,5
REG,16214,BELLUNO,CONEGLIANO,BELLUNO,1.6781609195402298,1.0,87,2023-01-01,2023-03-31,24,3,0,46.141594,12.209703,13:47,87,6
