train_class,train_number,train_arrival_stop_name,train_departure_stop_name,stop_name,avg_arrival_delay,median_arrival_delay,count_dates_stop,first_date,last_date,count_3m_delay,count_5m_delay,count_10m_delay,stop_lat,stop_lon,stop_time,count_dates_train,stop_number
REG,10562,PAVIA,ALESSANDRIA,ALESSANDRIA,1.337837837837838,1.0,74,2023-01-02,2023-03-31,10,2,1,44.909091,8.606498,06:00,74,1
REG,10562,PAVIA,ALESSANDRIA,VALMADONNA,-0.5135135135135135,-1.0,74,2023-01-02,2023-03-31,3,1,1,44.972588,8.610667,06:07,74,2
REG,10562,PAVIA,ALESSANDRIA,VALENZA,-0.8108108108108109,-1.0,74,2023-01-02,2023-03-31,2,1,1,45.023527,8.625808,06:15,74,3
REG,10562,PAVIA,ALESSANDRIA,TORREBERETTI,0.3108108108108108,0.0,74,2023-01-02,2023-03-31,4,1,1,45.060533,8.660431,06:22,74,4
REG,10562,PAVIA,ALESSANDRIA,MEDE,2.9452054794520546,3.0,73,2023-01-02,2023-03-31,37,6,1,45.095009,8.742594,06:29,74,5
REG,10562,PAVIA,ALESSANDRIA,LOMELLO,0.6712328767123288,-1.0,73,2023-01-02,2023-03-31,9,8,5,45.117276,8.799121,06:37,74,6
REG,10562,PAVIA,ALESSANDRIA,FERRERA LOMELLINA,3.4246575342465753,1.0,73,2023-01-02,2023-03-31,26,15,5,45.111807,8.862805,06:46,74,7
REG,10562,PAVIA,ALESSANDRIA,SANNAZZARO,3.5753424657534247,2.0,73,2023-01-02,2023-03-31,25,13,5,45.10554,8.905149,06:50,74,8
REG,10562,PAVIA,ALESSANDRIA,PIEVE ALBIGNOLA,4.986301369863014,3.0,73,2023-01-02,2023-03-31,53,21,5,45.116248,8.959723,06:55,74,9
REG,10562,PAVIA,ALESSANDRIA,ZINASCO NUOVO,4.986301369863014,3.0,73,2023-01-02,2023-03-31,53,21,5,45.124555,8.999657,06:59,74,10
REG,10562,PAVIA,ALESSANDRIA,SAIRANO ZINASCO,4.986301369863014,3.0,73,2023-01-02,2023-03-31,53,21,5,45.133795,9.030153,07:03,74,11
REG,10562,PAVIA,ALESSANDRIA,CAVA CARBONARA,4.2465753424657535,3.0,73,2023-01-02,2023-03-31,37,18,6,45.147055,9.071387,07:08,74,12
REG,10562,PAVIA,ALESSANDRIA,PAVIA,9.594594594594595,8.0,74,2023-01-02,2023-03-31,74,73,25,45.188843,9.144674,07:18,74,13
