train_class,train_number,train_arrival_stop_name,train_departure_stop_name,stop_name,avg_arrival_delay,median_arrival_delay,count_dates_stop,first_date,last_date,count_3m_delay,count_5m_delay,count_10m_delay,stop_lat,stop_lon,stop_time,count_dates_train,stop_number
REG,10617,CREMONA,TREVIGLIO,TREVIGLIO,2.7790697674418605,1.0,86,2023-01-01,2023-03-31,17,11,5,45.515063,9.587919,08:07,86,1
REG,10617,CREMONA,TREVIGLIO,CARAVAGGIO,1.9883720930232558,1.0,86,2023-01-01,2023-03-31,15,11,4,45.491158,9.637723,08:12,86,2
REG,10617,CREMONA,TREVIGLIO,CAPRALBA,3.197674418604651,2.0,86,2023-01-01,2023-03-31,27,13,5,45.443871,9.640015,08:17,86,3
REG,10617,CREMONA,TREVIGLIO,CASALETTO VAPRIO,1.7906976744186047,1.0,86,2023-01-01,2023-03-31,16,9,5,45.408641,9.631746,08:22,86,4
REG,10617,CREMONA,TREVIGLIO,CREMA,4.069767441860465,3.0,86,2023-01-01,2023-03-31,47,22,6,45.366864,9.694209,08:28,86,5
REG,10617,CREMONA,TREVIGLIO,MADIGNANO,6.267441860465116,5.0,86,2023-01-01,2023-03-31,77,51,10,45.34383,9.730179,08:33,86,6
REG,10617,CREMONA,TREVIGLIO,CASTELLEONE,4.732558139534884,4.0,86,2023-01-01,2023-03-31,58,35,7,45.301826,9.76779,08:39,86,7
REG,10617,CREMONA,TREVIGLIO,SORESINA,4.116279069767442,3.0,86,2023-01-01,2023-03-31,47,31,7,45.283083,9.85664,08:46,86,8
REG,10617,CREMONA,TREVIGLIO,CASALBUTTANO,2.3488372093023258,1.0,86,2023-01-01,2023-03-31,29,21,6,45.255398,9.962361,08:55,86,9
REG,10617,CREMONA,TREVIGLIO,OLMENETA,0.5294117647058824,-1.0,85,2023-01-01,2023-03-31,17,9,4,45.231099,10.03194,09:07,86,10
REG,10617,CREMONA,TREVIGLIO,CREMONA,2.058139534883721,0.0,86,2023-01-01,2023-03-31,23,14,4,45.143215,10.017951,09:19,86,11
