train_class,train_number,train_arrival_stop_name,train_departure_stop_name,stop_name,avg_arrival_delay,median_arrival_delay,count_dates_stop,first_date,last_date,count_3m_delay,count_5m_delay,count_10m_delay,stop_lat,stop_lon,stop_time,count_dates_train,stop_number
REG,4778,M N CADORNA,CAMNAGO LENTATE,SEVESO,0.0,0.0,13,2023-01-01,2023-03-26,0,0,0,45.648187,9.140488,19:59,13,1
REG,4778,M N CADORNA,CAMNAGO LENTATE,CESANO MADERNO,0.0,0.0,13,2023-01-01,2023-03-26,0,0,0,,,20:04,13,2
REG,4778,M N CADORNA,CAMNAGO LENTATE,VAREDO,0.0,0.0,13,2023-01-01,2023-03-26,0,0,0,,,20:10,13,3
REG,4778,M N CADORNA,CAMNAGO LENTATE,PADERNO DUGNANO,0.0,0.0,13,2023-01-01,2023-03-26,0,0,0,,,20:16,13,4
