train_class,train_number,train_arrival_stop_name,train_departure_stop_name,stop_name,avg_arrival_delay,median_arrival_delay,count_dates_stop,first_date,last_date,count_3m_delay,count_5m_delay,count_10m_delay,stop_lat,stop_lon,stop_time,count_dates_train,stop_number
REG,23316,LA STORTA,ROMA OSTIENSE,ROMA OSTIENSE,1.1111111111111112,1.0,18,2023-01-10,2023-03-23,2,1,0,41.87265,12.483917,19:17,18,1
REG,23316,LA STORTA,ROMA OSTIENSE,ROMA TRASTEVERE,1.1111111111111112,1.0,18,2023-01-10,2023-03-23,2,1,0,41.872279,12.466162,19:20,18,2
REG,23316,LA STORTA,ROMA OSTIENSE,QUATTRO VENTI,1.5,1.0,18,2023-01-10,2023-03-23,2,1,0,41.880145,12.459731,19:23,18,3
REG,23316,LA STORTA,ROMA OSTIENSE,ROMA S.PIETRO,0.1111111111111111,-1.0,18,2023-01-10,2023-03-23,2,1,0,41.896143,12.454497,19:27,18,4
REG,23316,LA STORTA,ROMA OSTIENSE,VALLE AURELIA,3.7222222222222223,3.0,18,2023-01-10,2023-03-23,18,3,0,41.899356,12.447667,19:30,18,5
REG,23316,LA STORTA,ROMA OSTIENSE,APPIANO,1.1111111111111112,1.0,18,2023-01-10,2023-03-23,2,0,0,41.909342,12.43838,19:34,18,6
REG,23316,LA STORTA,ROMA OSTIENSE,ROMA BALDUINA,0.3333333333333333,0.0,18,2023-01-10,2023-03-23,1,0,0,,,19:36,18,7
REG,23316,LA STORTA,ROMA OSTIENSE,GEMELLI,2.0,2.0,18,2023-01-10,2023-03-23,4,1,0,41.927813,12.427797,19:39,18,8
REG,23316,LA STORTA,ROMA OSTIENSE,ROMA MONTE MARIO,0.7222222222222222,1.0,18,2023-01-10,2023-03-23,1,0,0,41.939088,12.421732,19:42,18,9
REG,23316,LA STORTA,ROMA OSTIENSE,ROMA S.FILIPPO NERI,0.1111111111111111,0.0,18,2023-01-10,2023-03-23,1,0,0,41.950262,12.412414,19:45,18,10
REG,23316,LA STORTA,ROMA OSTIENSE,OTTAVIA,1.3888888888888888,1.0,18,2023-01-10,2023-03-23,3,1,0,,,19:48,18,11
REG,23316,LA STORTA,ROMA OSTIENSE,IPOGEO DEGLI OTTAVI,0.8333333333333334,1.0,18,2023-01-10,2023-03-23,1,1,0,41.968391,12.409026,19:51,18,12
REG,23316,LA STORTA,ROMA OSTIENSE,LA GIUSTINIANA,1.1666666666666667,1.0,18,2023-01-10,2023-03-23,2,1,0,41.985243,12.403457,19:54,18,13
REG,23316,LA STORTA,ROMA OSTIENSE,LA STORTA,0.16666666666666666,0.0,18,2023-01-10,2023-03-23,1,0,0,42.001748,12.381254,19:59,18,14
