train_class,train_number,train_arrival_stop_name,train_departure_stop_name,stop_name,avg_arrival_delay,median_arrival_delay,count_dates_stop,first_date,last_date,count_3m_delay,count_5m_delay,count_10m_delay,stop_lat,stop_lon,stop_time,count_dates_train,stop_number
REG,5701,ARECHI,SALERNO,SALERNO,2.3076923076923075,2.0,65,2023-01-02,2023-03-30,14,5,0,40.675137,14.772822,06:00,65,1
REG,5701,ARECHI,SALERNO,TORRIONE,2.3076923076923075,2.0,65,2023-01-02,2023-03-30,14,5,0,,,06:04,65,2
REG,5701,ARECHI,SALERNO,PASTENA,2.3076923076923075,2.0,65,2023-01-02,2023-03-30,14,5,0,,,06:07,65,3
REG,5701,ARECHI,SALERNO,MERCATELLO,0.3230769230769231,0.0,65,2023-01-02,2023-03-30,5,2,0,40.606491,15.38979,06:10,65,4
REG,5701,ARECHI,SALERNO,ARECHI,0.3384615384615385,0.0,65,2023-01-02,2023-03-30,3,1,0,,,06:17,65,5
