train_class,train_number,train_arrival_stop_name,train_departure_stop_name,stop_name,avg_arrival_delay,median_arrival_delay,count_dates_stop,first_date,last_date,count_3m_delay,count_5m_delay,count_10m_delay,stop_lat,stop_lon,stop_time,count_dates_train,stop_number
REG,20765,MONTEROTONDO,CESANO DI ROMA,CESANO DI ROMA,1.2833333333333334,1.0,60,2023-01-09,2023-03-31,3,0,0,42.061833,12.326669,16:45,60,1
REG,20765,MONTEROTONDO,CESANO DI ROMA,OLGIATA,2.7333333333333334,3.0,60,2023-01-09,2023-03-31,36,1,0,42.01538,12.363864,16:51,60,2
REG,20765,MONTEROTONDO,CESANO DI ROMA,LA STORTA,1.7833333333333334,2.0,60,2023-01-09,2023-03-31,9,0,0,42.001748,12.381254,16:54,60,3
REG,20765,MONTEROTONDO,CESANO DI ROMA,LA GIUSTINIANA,2.466666666666667,2.0,60,2023-01-09,2023-03-31,28,1,0,41.985243,12.403457,16:58,60,4
REG,20765,MONTEROTONDO,CESANO DI ROMA,IPOGEO DEGLI OTTAVI,2.9,3.0,60,2023-01-09,2023-03-31,37,5,0,41.968391,12.409026,17:01,60,5
REG,20765,MONTEROTONDO,CESANO DI ROMA,OTTAVIA,2.066666666666667,2.0,60,2023-01-09,2023-03-31,19,1,0,,,17:04,60,6
REG,20765,MONTEROTONDO,CESANO DI ROMA,ROMA S.FILIPPO NERI,1.7,2.0,60,2023-01-09,2023-03-31,10,1,0,41.950262,12.412414,17:07,60,7
REG,20765,MONTEROTONDO,CESANO DI ROMA,ROMA MONTE MARIO,1.15,1.0,60,2023-01-09,2023-03-31,8,1,0,41.939088,12.421732,17:10,60,8
REG,20765,MONTEROTONDO,CESANO DI ROMA,GEMELLI,1.85,2.0,60,2023-01-09,2023-03-31,12,2,0,41.927813,12.427797,17:13,60,9
REG,20765,MONTEROTONDO,CESANO DI ROMA,ROMA BALDUINA,2.2333333333333334,2.0,60,2023-01-09,2023-03-31,19,4,0,,,17:16,60,10
REG,20765,MONTEROTONDO,CESANO DI ROMA,APPIANO,2.316666666666667,2.0,60,2023-01-09,2023-03-31,19,4,0,41.909342,12.43838,17:18,60,11
REG,20765,MONTEROTONDO,CESANO DI ROMA,VALLE AURELIA,6.52542372881356,6.0,59,2023-01-09,2023-03-31,58,57,2,41.899356,12.447667,17:21,60,12
REG,20765,MONTEROTONDO,CESANO DI ROMA,ROMA S.PIETRO,4.25,4.0,60,2023-01-09,2023-03-31,58,20,0,41.896143,12.454497,17:25,60,13
REG,20765,MONTEROTONDO,CESANO DI ROMA,QUATTRO VENTI,4.466666666666667,4.0,60,2023-01-09,2023-03-31,58,26,0,41.880145,12.459731,17:29,60,14
REG,20765,MONTEROTONDO,CESANO DI ROMA,ROMA TRASTEVERE,5.333333333333333,5.0,60,2023-01-09,2023-03-31,59,47,0,41.872279,12.466162,17:32,60,15
REG,20765,MONTEROTONDO,CESANO DI ROMA,ROMA OSTIENSE,3.3666666666666667,3.0,60,2023-01-09,2023-03-31,45,11,0,41.87265,12.483917,17:36,60,16
REG,20765,MONTEROTONDO,CESANO DI ROMA,ROMA TUSCOLANA,2.759259259259259,3.0,54,2023-01-09,2023-03-31,28,9,0,41.879384,12.523505,17:43,60,17
REG,20765,MONTEROTONDO,CESANO DI ROMA,ROMA TIBURTINA,-0.3333333333333333,-1.0,54,2023-01-09,2023-03-31,6,2,0,41.910903,12.530749,17:52,60,18
REG,20765,MONTEROTONDO,CESANO DI ROMA,ROMA NOMENTANA L.L.,1.9,2.0,60,2023-01-09,2023-03-31,20,4,0,41.932935,12.523628,17:57,60,19
REG,20765,MONTEROTONDO,CESANO DI ROMA,NUOVO SALARIO,3.1666666666666665,3.0,60,2023-01-09,2023-03-31,33,10,0,41.956195,12.510317,18:02,60,20
REG,20765,MONTEROTONDO,CESANO DI ROMA,FIDENE,1.35,1.0,60,2023-01-09,2023-03-31,11,4,0,41.979773,12.508451,18:06,60,21
REG,20765,MONTEROTONDO,CESANO DI ROMA,SETTE BAGNI,1.0833333333333333,1.0,60,2023-01-09,2023-03-31,7,3,0,42.006438,12.520156,18:11,60,22
REG,20765,MONTEROTONDO,CESANO DI ROMA,MONTEROTONDO,0.85,1.0,60,2023-01-09,2023-03-31,8,1,0,42.06409,12.595753,18:21,60,23
