train_class,train_number,train_arrival_stop_name,train_departure_stop_name,stop_name,avg_arrival_delay,median_arrival_delay,count_dates_stop,first_date,last_date,count_3m_delay,count_5m_delay,count_10m_delay,stop_lat,stop_lon,stop_time,count_dates_train,stop_number
REG,90233,FERRARA,SUZZARA,SUZZARA,1.1216216216216217,1.0,74,2023-01-02,2023-03-31,2,1,0,44.994432,10.756138,13:40,74,1
REG,90233,FERRARA,SUZZARA,PEGOGNAGA,0.07272727272727272,0.0,55,2023-01-02,2023-03-31,2,0,0,,,13:49,74,2
REG,90233,FERRARA,SUZZARA,SAN BENEDETTO PO,-0.7818181818181819,-1.0,55,2023-01-02,2023-03-31,0,0,0,,,13:57,74,3
REG,90233,FERRARA,SUZZARA,QUISTELLO,1.2545454545454546,1.0,55,2023-01-02,2023-03-31,9,1,0,,,14:05,74,4
REG,90233,FERRARA,SUZZARA,SCHIVENOGLIA,-0.38181818181818183,-1.0,55,2023-01-02,2023-03-31,3,1,0,,,14:15,74,5
REG,90233,FERRARA,SUZZARA,POGGIO RUSCO,0.5,0.0,74,2023-01-02,2023-03-31,9,2,1,44.981859,11.124627,14:22,74,6
REG,90233,FERRARA,SUZZARA,MAGNACAVALLO,1.3272727272727274,1.0,55,2023-01-02,2023-03-31,14,1,1,,,14:29,74,7
REG,90233,FERRARA,SUZZARA,SERMIDE,3.8727272727272726,3.0,55,2023-01-02,2023-03-31,34,13,4,,,14:40,74,8
REG,90233,FERRARA,SUZZARA,FELONICA PO,2.618181818181818,2.0,55,2023-01-02,2023-03-31,19,9,4,,,14:46,74,9
REG,90233,FERRARA,SUZZARA,BONDENO,1.6481481481481481,1.0,54,2023-01-02,2023-03-31,15,6,4,,,14:58,74,10
REG,90233,FERRARA,SUZZARA,VIGARANO PIEVE,3.8679245283018866,3.0,53,2023-01-02,2023-03-31,29,12,7,,,15:08,74,11
REG,90233,FERRARA,SUZZARA,FERRARA,2.3378378378378377,1.0,74,2023-01-02,2023-03-31,24,11,4,44.843047,11.603594,15:20,74,12
