train_class,train_number,train_arrival_stop_name,train_departure_stop_name,stop_name,avg_arrival_delay,median_arrival_delay,count_dates_stop,first_date,last_date,count_3m_delay,count_5m_delay,count_10m_delay,stop_lat,stop_lon,stop_time,count_dates_train,stop_number
REG,18228,FIRENZE S.M.N.,SIENA,SIENA,3.0,2.0,71,2023-01-02,2023-03-31,32,9,1,43.331708,11.322972,15:18,71,1
REG,18228,FIRENZE S.M.N.,SIENA,POGGIBONSI,4.112676056338028,4.0,71,2023-01-02,2023-03-31,57,28,2,43.468093,11.149455,15:41,71,2
REG,18228,FIRENZE S.M.N.,SIENA,CERTALDO,1.1267605633802817,1.0,71,2023-01-02,2023-03-31,16,2,2,43.547124,11.037711,15:53,71,3
REG,18228,FIRENZE S.M.N.,SIENA,EMPOLI,-0.5492957746478874,-1.0,71,2023-01-02,2023-03-31,5,2,1,43.715708,10.94915,16:20,71,4
REG,18228,FIRENZE S.M.N.,SIENA,FIRENZE RIFREDI,-0.971830985915493,-1.0,71,2023-01-02,2023-03-31,4,3,1,43.800873,11.235729,16:43,71,5
REG,18228,FIRENZE S.M.N.,SIENA,FIRENZE S.M.N.,-1.4225352112676057,-2.0,71,2023-01-02,2023-03-31,2,1,0,43.776893,11.247373,16:52,71,6
