train_class,train_number,train_arrival_stop_name,train_departure_stop_name,stop_name,avg_arrival_delay,median_arrival_delay,count_dates_stop,first_date,last_date,count_3m_delay,count_5m_delay,count_10m_delay,stop_lat,stop_lon,stop_time,count_dates_train,stop_number
REG,16444,PADOVA,TREVISO C.,TREVISO C.,1.7142857142857142,2.0,63,2023-01-02,2023-03-31,6,0,0,45.659608,12.24614,08:08,63,1
REG,16444,PADOVA,TREVISO C.,ISTRANA,-1.2063492063492063,-2.0,63,2023-01-02,2023-03-31,2,1,0,45.676539,12.102781,08:21,63,2
REG,16444,PADOVA,TREVISO C.,CASTELFRANCO VENETO,0.49206349206349204,0.0,63,2023-01-02,2023-03-31,2,2,1,45.666439,11.934315,08:35,63,3
REG,16444,PADOVA,TREVISO C.,CAMPOSAMPIERO,0.5079365079365079,-1.0,63,2023-01-02,2023-03-31,3,1,1,45.568922,11.928293,08:49,63,4
REG,16444,PADOVA,TREVISO C.,VIGODARZERE,-0.49206349206349204,-2.0,63,2023-01-02,2023-03-31,2,2,2,45.453289,11.891641,09:06,63,5
REG,16444,PADOVA,TREVISO C.,PADOVA,-0.7301587301587301,-2.0,63,2023-01-02,2023-03-31,3,2,1,45.417846,11.880794,09:14,63,6
