train_class,train_number,train_arrival_stop_name,train_departure_stop_name,stop_name,avg_arrival_delay,median_arrival_delay,count_dates_stop,first_date,last_date,count_3m_delay,count_5m_delay,count_10m_delay,stop_lat,stop_lon,stop_time,count_dates_train,stop_number
REG,5367,PALERMO CENTRALE,MESSINA CENTRALE,MESSINA CENTRALE,2.9285714285714284,3.0,14,2023-01-01,2023-03-26,9,2,0,38.184975,15.561278,17:08,14,1
REG,5367,PALERMO CENTRALE,MESSINA CENTRALE,MILAZZO,1.5,1.0,14,2023-01-01,2023-03-26,2,1,0,38.21195,15.244203,17:24,14,2
REG,5367,PALERMO CENTRALE,MESSINA CENTRALE,BARCELLONA,1.7857142857142858,1.0,14,2023-01-01,2023-03-26,2,1,0,38.14918,15.212499,17:30,14,3
REG,5367,PALERMO CENTRALE,MESSINA CENTRALE,PATTI-SAN PIERO PATTI,1.1428571428571428,1.0,14,2023-01-01,2023-03-26,2,1,0,38.146905,14.975331,17:42,14,4
REG,5367,PALERMO CENTRALE,MESSINA CENTRALE,CAPO D`ORLANDO-NASO,0.8571428571428571,0.0,14,2023-01-01,2023-03-26,1,1,1,38.157941,14.744844,18:01,14,5
REG,5367,PALERMO CENTRALE,MESSINA CENTRALE,S.AGATA M.,0.7142857142857143,-1.0,14,2023-01-01,2023-03-26,2,1,1,38.073554,14.640622,18:13,14,6
REG,5367,PALERMO CENTRALE,MESSINA CENTRALE,SANTO STEFANO DI CAMASTRA,1.4285714285714286,1.0,14,2023-01-01,2023-03-26,1,1,0,38.01778,14.35104,18:36,14,7
REG,5367,PALERMO CENTRALE,MESSINA CENTRALE,CEFALU`,-2.7857142857142856,-4.0,14,2023-01-01,2023-03-26,1,0,0,38.03285,14.019526,19:04,14,8
REG,5367,PALERMO CENTRALE,MESSINA CENTRALE,TERMINI IMERESE,-3.0714285714285716,-3.0,14,2023-01-01,2023-03-26,0,0,0,37.980132,13.703631,19:24,14,9
REG,5367,PALERMO CENTRALE,MESSINA CENTRALE,PALERMO CENTRALE,-9.5,-10.0,14,2023-01-01,2023-03-26,0,0,0,38.109187,13.367515,19:55,14,10
