train_class,train_number,train_arrival_stop_name,train_departure_stop_name,stop_name,avg_arrival_delay,median_arrival_delay,count_dates_stop,first_date,last_date,count_3m_delay,count_5m_delay,count_10m_delay,stop_lat,stop_lon,stop_time,count_dates_train,stop_number
REG,10048,MI.P.GENOVA,MORTARA,MORTARA,1.1264367816091954,1.0,87,2023-01-01,2023-03-31,8,4,0,45.252171,8.731639,13:33,87,1
REG,10048,MI.P.GENOVA,MORTARA,PARONA LOMELLINA,0.12643678160919541,0.0,87,2023-01-01,2023-03-31,5,2,0,45.280107,8.780315,13:38,87,2
REG,10048,MI.P.GENOVA,MORTARA,VIGEVANO,1.2298850574712643,1.0,87,2023-01-01,2023-03-31,15,9,0,45.312712,8.861977,13:44,87,3
REG,10048,MI.P.GENOVA,MORTARA,ABBIATEGRASSO,2.528735632183908,2.0,87,2023-01-01,2023-03-31,37,14,2,45.400631,8.921305,13:53,87,4
REG,10048,MI.P.GENOVA,MORTARA,ALBAIRATE VERMEZZO,2.8275862068965516,2.0,87,2023-01-01,2023-03-31,39,19,2,,,13:58,87,5
REG,10048,MI.P.GENOVA,MORTARA,MILANO S. CRISTOFORO,2.0,1.0,87,2023-01-01,2023-03-31,34,14,3,45.442404,9.130258,14:09,87,6
REG,10048,MI.P.GENOVA,MORTARA,MI.P.GENOVA,-0.09195402298850575,-1.0,87,2023-01-01,2023-03-31,18,9,2,45.453379,9.169303,14:18,87,7
