train_class,train_number,train_arrival_stop_name,train_departure_stop_name,stop_name,avg_arrival_delay,median_arrival_delay,count_dates_stop,first_date,last_date,count_3m_delay,count_5m_delay,count_10m_delay,stop_lat,stop_lon,stop_time,count_dates_train,stop_number
REG,17360,TARVISIO BOSCOVERDE,TRIESTE CENTRALE,TRIESTE CENTRALE,0.38461538461538464,0.0,13,2023-01-01,2023-03-26,0,0,0,45.657456,13.771873,07:28,13,1
REG,17360,TARVISIO BOSCOVERDE,TRIESTE CENTRALE,MIRAMARE,-1.3846153846153846,-2.0,13,2023-01-01,2023-03-26,0,0,0,,,07:37,13,2
REG,17360,TARVISIO BOSCOVERDE,TRIESTE CENTRALE,BIVIO D`AURISINA,1.1538461538461537,1.0,13,2023-01-01,2023-03-26,1,0,0,45.754253,13.655777,07:44,13,3
REG,17360,TARVISIO BOSCOVERDE,TRIESTE CENTRALE,SISTIANA,0.23076923076923078,0.0,13,2023-01-01,2023-03-26,0,0,0,45.774903,13.645832,07:48,13,4
REG,17360,TARVISIO BOSCOVERDE,TRIESTE CENTRALE,MONFALCONE,0.15384615384615385,-1.0,13,2023-01-01,2023-03-26,2,0,0,45.807683,13.542929,07:57,13,5
REG,17360,TARVISIO BOSCOVERDE,TRIESTE CENTRALE,RONCHI DEI LEGIONARI NORD,1.7692307692307692,1.0,13,2023-01-01,2023-03-26,2,2,1,45.830285,13.505962,08:02,13,6
REG,17360,TARVISIO BOSCOVERDE,TRIESTE CENTRALE,SAGRADO,3.4615384615384617,2.0,13,2023-01-01,2023-03-26,4,2,1,45.872629,13.484004,08:08,13,7
REG,17360,TARVISIO BOSCOVERDE,TRIESTE CENTRALE,GORIZIA CENTRALE,2.4615384615384617,0.0,13,2023-01-01,2023-03-26,3,1,1,45.933047,13.60684,08:19,13,8
REG,17360,TARVISIO BOSCOVERDE,TRIESTE CENTRALE,CORMONS,2.3846153846153846,-1.0,13,2023-01-01,2023-03-26,3,1,1,45.957519,13.461563,08:28,13,9
REG,17360,TARVISIO BOSCOVERDE,TRIESTE CENTRALE,S.GIOVANNI AL NATISONE,2.3076923076923075,-1.0,13,2023-01-01,2023-03-26,2,1,1,45.976122,13.397437,08:33,13,10
REG,17360,TARVISIO BOSCOVERDE,TRIESTE CENTRALE,MANZANO,2.923076923076923,0.0,13,2023-01-01,2023-03-26,2,1,1,45.98811,13.375016,08:37,13,11
REG,17360,TARVISIO BOSCOVERDE,TRIESTE CENTRALE,BUTTRIO,3.076923076923077,0.0,13,2023-01-01,2023-03-26,2,1,1,46.012664,13.329039,08:42,13,12
REG,17360,TARVISIO BOSCOVERDE,TRIESTE CENTRALE,UDINE,1.1538461538461537,-2.0,13,2023-01-01,2023-03-26,1,1,1,46.055791,13.242003,08:52,13,13
REG,17360,TARVISIO BOSCOVERDE,TRIESTE CENTRALE,GEMONA DEL FRIULI,3.230769230769231,1.0,13,2023-01-01,2023-03-26,3,2,1,46.274243,13.127978,09:18,13,14
REG,17360,TARVISIO BOSCOVERDE,TRIESTE CENTRALE,CARNIA,1.8461538461538463,-1.0,13,2023-01-01,2023-03-26,2,1,1,46.373634,13.132847,09:30,13,15
REG,17360,TARVISIO BOSCOVERDE,TRIESTE CENTRALE,PONTEBBA,4.923076923076923,2.0,13,2023-01-01,2023-03-26,5,3,1,46.508463,13.311357,09:44,13,16
REG,17360,TARVISIO BOSCOVERDE,TRIESTE CENTRALE,UGOVIZZA VALBRUNA,3.8461538461538463,1.0,13,2023-01-01,2023-03-26,3,3,1,46.502902,13.494972,09:56,13,17
REG,17360,TARVISIO BOSCOVERDE,TRIESTE CENTRALE,TARVISIO BOSCOVERDE,0.8461538461538461,-2.0,13,2023-01-01,2023-03-26,2,2,1,46.505956,13.608012,10:07,13,18
