train_class,train_number,train_arrival_stop_name,train_departure_stop_name,stop_name,avg_arrival_delay,median_arrival_delay,count_dates_stop,first_date,last_date,count_3m_delay,count_5m_delay,count_10m_delay,stop_lat,stop_lon,stop_time,count_dates_train,stop_number
REG,17153,MERANO,BRENNERO,BRENNERO,1.3595505617977528,1.0,89,2023-01-01,2023-03-31,2,2,1,47.004117,11.505711,13:38,89,1
REG,17153,MERANO,BRENNERO,VIPITENO,-0.5842696629213483,-1.0,89,2023-01-01,2023-03-31,4,3,0,46.895732,11.440206,13:56,89,2
REG,17153,MERANO,BRENNERO,BRESSANONE,-0.898876404494382,-2.0,89,2023-01-01,2023-03-31,5,4,0,46.710088,11.649677,14:24,89,3
REG,17153,MERANO,BRENNERO,PONTE GARDENA,-0.7640449438202247,-1.0,89,2023-01-01,2023-03-31,5,3,0,46.6012,11.53251,14:39,89,4
REG,17153,MERANO,BRENNERO,CASANOVA KAISERAU,1.4943820224719102,1.0,89,2023-01-01,2023-03-31,8,3,1,,,15:10,89,5
REG,17153,MERANO,BRENNERO,PONTE D`ADIGE,-0.02247191011235955,-1.0,89,2023-01-01,2023-03-31,4,3,1,46.485444,11.297719,15:13,89,6
REG,17153,MERANO,BRENNERO,SETTEQUERCE,2.5168539325842696,2.0,89,2023-01-01,2023-03-31,26,9,2,46.508448,11.264785,15:18,89,7
REG,17153,MERANO,BRENNERO,TERLANO-ANDRIANO,3.0786516853932584,2.0,89,2023-01-01,2023-03-31,44,11,2,46.528517,11.248394,15:20,89,8
REG,17153,MERANO,BRENNERO,VILPIANO-NALLES,3.696629213483146,3.0,89,2023-01-01,2023-03-31,68,14,3,46.554251,11.220143,15:24,89,9
REG,17153,MERANO,BRENNERO,MERANO MAIA BASSA,1.6853932584269662,1.0,89,2023-01-01,2023-03-31,15,8,2,46.656202,11.147931,15:39,89,10
REG,17153,MERANO,BRENNERO,MERANO,0.7191011235955056,0.0,89,2023-01-01,2023-03-31,11,6,2,46.673066,11.148978,15:45,89,11
