train_class,train_number,train_arrival_stop_name,train_departure_stop_name,stop_name,avg_arrival_delay,median_arrival_delay,count_dates_stop,first_date,last_date,count_3m_delay,count_5m_delay,count_10m_delay,stop_lat,stop_lon,stop_time,count_dates_train,stop_number
REG,17833,PRATO CENTRALE,BOLOGNA C.LE,BOLOGNA C.LE,2.375,2.0,72,2023-01-01,2023-03-31,13,3,1,44.50626,11.342267,15:08,72,1
REG,17833,PRATO CENTRALE,BOLOGNA C.LE,BOLOGNA SAN VITALE,2.013888888888889,1.0,72,2023-01-01,2023-03-31,10,3,1,,,15:12,72,2
REG,17833,PRATO CENTRALE,BOLOGNA C.LE,BOLOGNA MAZZINI,2.2083333333333335,2.0,72,2023-01-01,2023-03-31,12,3,1,44.482284,11.376271,15:15,72,3
REG,17833,PRATO CENTRALE,BOLOGNA C.LE,BOLOGNA S.RUFFILLO,0.8888888888888888,0.0,72,2023-01-01,2023-03-31,6,3,1,44.462657,11.372967,15:18,72,4
REG,17833,PRATO CENTRALE,BOLOGNA C.LE,RASTIGNANO,1.125,1.0,72,2023-01-01,2023-03-31,6,3,1,44.443592,11.357617,15:22,72,5
REG,17833,PRATO CENTRALE,BOLOGNA C.LE,MUSIANO-PIAN DI MACINA,2.0833333333333335,1.0,72,2023-01-01,2023-03-31,11,3,1,44.402423,11.344912,15:27,72,6
REG,17833,PRATO CENTRALE,BOLOGNA C.LE,PIANORO,-0.2361111111111111,-1.0,72,2023-01-01,2023-03-31,4,1,1,44.380589,11.340675,15:31,72,7
REG,17833,PRATO CENTRALE,BOLOGNA C.LE,MONZUNO,0.6111111111111112,0.0,72,2023-01-01,2023-03-31,5,1,1,44.322277,11.262082,15:37,72,8
REG,17833,PRATO CENTRALE,BOLOGNA C.LE,GRIZZANA,1.1944444444444444,1.0,72,2023-01-01,2023-03-31,7,3,2,44.258292,11.181194,15:44,72,9
REG,17833,PRATO CENTRALE,BOLOGNA C.LE,SAN BENEDETTO SAMBRO-CAST.PEPOLI,0.6388888888888888,0.0,72,2023-01-01,2023-03-31,7,3,1,44.22866,11.19226,15:49,72,10
REG,17833,PRATO CENTRALE,BOLOGNA C.LE,VERNIO MONTEPIANO CANTAGALLO,2.4305555555555554,2.0,72,2023-01-01,2023-03-31,22,6,1,44.043991,11.152342,15:59,72,11
REG,17833,PRATO CENTRALE,BOLOGNA C.LE,VAIANO,-0.2777777777777778,-1.0,72,2023-01-01,2023-03-31,7,4,1,43.961772,11.130773,16:09,72,12
REG,17833,PRATO CENTRALE,BOLOGNA C.LE,PRATO CENTRALE,-1.0416666666666667,-2.0,72,2023-01-01,2023-03-31,5,2,1,43.878737,11.109252,16:20,72,13
