train_class,train_number,train_arrival_stop_name,train_departure_stop_name,stop_name,avg_arrival_delay,median_arrival_delay,count_dates_stop,first_date,last_date,count_3m_delay,count_5m_delay,count_10m_delay,stop_lat,stop_lon,stop_time,count_dates_train,stop_number
REG,24967,ALBAIRATE VERMEZZO,SARONNO,SARONNO,2.0416666666666665,1.0,72,2023-01-02,2023-03-31,14,6,2,45.625309,9.030839,17:35,72,1
REG,24967,ALBAIRATE VERMEZZO,SARONNO,SARONNO SUD,-0.25,-1.0,72,2023-01-02,2023-03-31,6,4,2,,,17:38,72,2
REG,24967,ALBAIRATE VERMEZZO,SARONNO,CERLANO LAGHETTO,0.09722222222222222,-1.0,72,2023-01-02,2023-03-31,6,4,2,,,17:42,72,3
REG,24967,ALBAIRATE VERMEZZO,SARONNO,CESANO MADERNO,-2.6666666666666665,-4.0,72,2023-01-02,2023-03-31,5,4,1,,,17:51,72,4
REG,24967,ALBAIRATE VERMEZZO,SARONNO,BARRUCCANA,-0.16666666666666666,-1.0,72,2023-01-02,2023-03-31,5,5,1,,,17:53,72,5
REG,24967,ALBAIRATE VERMEZZO,SARONNO,SEREGNO,2.3194444444444446,1.0,72,2023-01-02,2023-03-31,18,7,3,45.64601,9.20285,17:59,72,6
REG,24967,ALBAIRATE VERMEZZO,SARONNO,DESIO,3.3055555555555554,2.0,72,2023-01-02,2023-03-31,34,10,2,45.620112,9.218495,18:07,72,7
REG,24967,ALBAIRATE VERMEZZO,SARONNO,LISSONE-MUGGIO`,3.638888888888889,3.0,72,2023-01-02,2023-03-31,40,12,3,45.60592,9.235368,18:11,72,8
REG,24967,ALBAIRATE VERMEZZO,SARONNO,MONZA,3.3098591549295775,2.0,71,2023-01-02,2023-03-31,35,16,2,45.577789,9.273253,18:16,72,9
REG,24967,ALBAIRATE VERMEZZO,SARONNO,SESTO S. GIOVANNI,3.0416666666666665,2.0,72,2023-01-02,2023-03-31,28,17,3,45.541087,9.23926,18:22,72,10
REG,24967,ALBAIRATE VERMEZZO,SARONNO,MILANO GRECO PIRELLI,4.652777777777778,4.0,72,2023-01-02,2023-03-31,50,27,4,45.51272,9.214456,18:27,72,11
REG,24967,ALBAIRATE VERMEZZO,SARONNO,MILANO LAMBRATE,6.458333333333333,5.0,72,2023-01-02,2023-03-31,60,40,9,45.484933,9.237333,18:34,72,12
REG,24967,ALBAIRATE VERMEZZO,SARONNO,MILANO S. CRISTOFORO,1.6338028169014085,0.0,71,2023-01-02,2023-03-31,24,14,4,45.442404,9.130258,19:01,72,13
REG,24967,ALBAIRATE VERMEZZO,SARONNO,ALBAIRATE VERMEZZO,0.8055555555555556,-1.0,72,2023-01-02,2023-03-31,13,7,5,,,19:24,72,14
