train_class,train_number,train_arrival_stop_name,train_departure_stop_name,stop_name,avg_arrival_delay,median_arrival_delay,count_dates_stop,first_date,last_date,count_3m_delay,count_5m_delay,count_10m_delay,stop_lat,stop_lon,stop_time,count_dates_train,stop_number
REG,23503,FASANO,BARI CENTRALE,BARI CENTRALE,1.734375,1.0,64,2023-01-02,2023-03-31,10,4,0,41.11774,16.869601,05:50,64,1
REG,23503,FASANO,BARI CENTRALE,BARI TORRE A MARE,0.265625,-1.0,64,2023-01-02,2023-03-31,6,4,0,41.082637,16.995772,06:06,64,2
REG,23503,FASANO,BARI CENTRALE,MOLA DI BARI,0.5625,0.0,64,2023-01-02,2023-03-31,5,3,0,41.057227,17.080919,06:24,64,3
REG,23503,FASANO,BARI CENTRALE,POLIGNANO A MARE,1.84375,1.0,64,2023-01-02,2023-03-31,15,5,1,40.990926,17.218676,06:33,64,4
REG,23503,FASANO,BARI CENTRALE,MONOPOLI,2.453125,2.0,64,2023-01-02,2023-03-31,22,6,1,40.952017,17.292455,06:39,64,5
REG,23503,FASANO,BARI CENTRALE,FASANO,1.8125,1.0,64,2023-01-02,2023-03-31,17,9,1,40.851753,17.3859,06:50,64,6
