train_class,train_number,train_arrival_stop_name,train_departure_stop_name,stop_name,avg_arrival_delay,median_arrival_delay,count_dates_stop,first_date,last_date,count_3m_delay,count_5m_delay,count_10m_delay,stop_lat,stop_lon,stop_time,count_dates_train,stop_number
REG,26670,ASTI,TORINO STURA,TORINO STURA,1.3103448275862069,1.0,87,2023-01-01,2023-03-31,1,1,1,45.121932,7.713202,14:39,87,1
REG,26670,ASTI,TORINO STURA,TORINO REBAUDENGO FOSSATA,-0.10344827586206896,0.0,87,2023-01-01,2023-03-31,2,1,1,,,14:43,87,2
REG,26670,ASTI,TORINO STURA,TORINO PORTA SUSA,-1.160919540229885,-1.0,87,2023-01-01,2023-03-31,1,1,1,45.075906,7.667673,14:48,87,3
REG,26670,ASTI,TORINO STURA,TORINO LINGOTTO,0.39080459770114945,0.0,87,2023-01-01,2023-03-31,4,3,2,45.0266,7.657469,14:54,87,4
REG,26670,ASTI,TORINO STURA,MONCALIERI,0.22988505747126436,0.0,87,2023-01-01,2023-03-31,5,3,2,44.998187,7.678027,15:00,87,5
REG,26670,ASTI,TORINO STURA,TROFARELLO,1.1046511627906976,1.0,86,2023-01-01,2023-03-31,7,2,1,44.980471,7.735206,15:06,87,6
REG,26670,ASTI,TORINO STURA,CAMBIANO SANTENA,1.3793103448275863,1.0,87,2023-01-01,2023-03-31,9,4,2,44.966491,7.773225,15:10,87,7
REG,26670,ASTI,TORINO STURA,PESSIONE,1.9540229885057472,1.0,87,2023-01-01,2023-03-31,15,5,2,44.965132,7.841321,15:15,87,8
REG,26670,ASTI,TORINO STURA,VILLANOVA,-0.4827586206896552,-1.0,87,2023-01-01,2023-03-31,7,3,0,44.963159,7.947136,15:22,87,9
REG,26670,ASTI,TORINO STURA,S. PAOLO SOLBRITO,1.1839080459770115,1.0,87,2023-01-01,2023-03-31,10,4,0,44.951753,7.975779,15:26,87,10
REG,26670,ASTI,TORINO STURA,VILLAFRANCA C.,0.45977011494252873,0.0,87,2023-01-01,2023-03-31,8,4,0,44.908916,8.043692,15:32,87,11
REG,26670,ASTI,TORINO STURA,BALDICHIERI,1.3563218390804597,1.0,87,2023-01-01,2023-03-31,9,4,0,44.899204,8.091198,15:37,87,12
REG,26670,ASTI,TORINO STURA,S. DAMIANO D`ASTI,-0.896551724137931,-1.0,87,2023-01-01,2023-03-31,3,0,0,44.878914,8.125956,15:41,87,13
REG,26670,ASTI,TORINO STURA,ASTI,0.39080459770114945,0.0,87,2023-01-01,2023-03-31,11,1,0,44.89479,8.208112,15:50,87,14
