train_class,train_number,train_arrival_stop_name,train_departure_stop_name,stop_name,avg_arrival_delay,median_arrival_delay,count_dates_stop,first_date,last_date,count_3m_delay,count_5m_delay,count_10m_delay,stop_lat,stop_lon,stop_time,count_dates_train,stop_number
REG,22214,TERMINI IMERESE,PALERMO CENTRALE,PALERMO CENTRALE,0.6428571428571429,0.0,14,2023-01-01,2023-03-26,1,0,0,38.109187,13.367515,14:05,14,1
REG,22214,TERMINI IMERESE,PALERMO CENTRALE,PALERMO BRANCACCIO,-0.14285714285714285,-1.0,14,2023-01-01,2023-03-26,1,0,0,38.093141,13.392508,14:10,14,2
REG,22214,TERMINI IMERESE,PALERMO CENTRALE,BAGHERIA,0.14285714285714285,0.0,14,2023-01-01,2023-03-26,0,0,0,38.089905,13.507215,14:22,14,3
REG,22214,TERMINI IMERESE,PALERMO CENTRALE,ALTAVILLA M.,0.0,0.0,14,2023-01-01,2023-03-26,0,0,0,38.048392,13.554421,14:32,14,4
REG,22214,TERMINI IMERESE,PALERMO CENTRALE,TERMINI IMERESE,-1.7142857142857142,-2.0,14,2023-01-01,2023-03-26,0,0,0,37.980132,13.703631,14:50,14,5
