train_class,train_number,train_arrival_stop_name,train_departure_stop_name,stop_name,avg_arrival_delay,median_arrival_delay,count_dates_stop,first_date,last_date,count_3m_delay,count_5m_delay,count_10m_delay,stop_lat,stop_lon,stop_time,count_dates_train,stop_number
REG,20029,ALBANO LAZIALE,ROMA TERMINI,ROMA TERMINI,0.14285714285714285,0.0,14,2023-01-01,2023-03-26,0,0,0,41.900636,12.502026,16:21,14,1
REG,20029,ALBANO LAZIALE,ROMA TERMINI,CAPANNELLE,1.0,1.0,14,2023-01-01,2023-03-26,1,0,0,41.830713,12.568884,16:29,14,2
REG,20029,ALBANO LAZIALE,ROMA TERMINI,CIAMPINO,0.0,-1.0,14,2023-01-01,2023-03-26,1,0,0,41.804442,12.599546,16:36,14,3
REG,20029,ALBANO LAZIALE,ROMA TERMINI,ACQUA ACETOSA,2.142857142857143,2.0,14,2023-01-01,2023-03-26,4,1,0,41.794294,12.616449,16:40,14,4
REG,20029,ALBANO LAZIALE,ROMA TERMINI,SASSONE,0.7857142857142857,0.0,14,2023-01-01,2023-03-26,2,1,0,41.783777,12.625832,16:44,14,5
REG,20029,ALBANO LAZIALE,ROMA TERMINI,PANTANELLA,-0.9285714285714286,-2.0,14,2023-01-01,2023-03-26,1,0,0,,,16:47,14,6
REG,20029,ALBANO LAZIALE,ROMA TERMINI,MARINO,-0.5714285714285714,-1.0,14,2023-01-01,2023-03-26,1,0,0,41.768961,12.655994,16:55,14,7
REG,20029,ALBANO LAZIALE,ROMA TERMINI,CASTEL GANDOLFO,2.4285714285714284,2.0,14,2023-01-01,2023-03-26,4,1,0,41.746946,12.652266,17:02,14,8
REG,20029,ALBANO LAZIALE,ROMA TERMINI,VILLETTA,1.5,1.0,14,2023-01-01,2023-03-26,1,0,0,41.738237,12.649463,17:06,14,9
REG,20029,ALBANO LAZIALE,ROMA TERMINI,ALBANO LAZIALE,-0.7142857142857143,-1.0,14,2023-01-01,2023-03-26,0,0,0,41.72632,12.658056,17:11,14,10
