train_class,train_number,train_arrival_stop_name,train_departure_stop_name,stop_name,avg_arrival_delay,median_arrival_delay,count_dates_stop,first_date,last_date,count_3m_delay,count_5m_delay,count_10m_delay,stop_lat,stop_lon,stop_time,count_dates_train,stop_number
REG,25462,COMO S. GIOVANNI,VARESE,VARESE,3.8493150684931505,4.0,73,2023-01-02,2023-03-31,45,30,2,45.816201,8.833089,09:36,73,1
REG,25462,COMO S. GIOVANNI,VARESE,INDUNO OLONA,4.068493150684931,4.0,73,2023-01-02,2023-03-31,46,31,3,45.846432,8.838357,09:39,73,2
REG,25462,COMO S. GIOVANNI,VARESE,ARCISATE,3.9178082191780823,3.0,73,2023-01-02,2023-03-31,46,25,4,45.858579,8.86241,09:43,73,3
REG,25462,COMO S. GIOVANNI,VARESE,STABIO,1.1232876712328768,1.0,73,2023-01-02,2023-03-31,16,5,0,,,09:52,73,4
REG,25462,COMO S. GIOVANNI,VARESE,COMO S. GIOVANNI,0.4383561643835616,0.0,73,2023-01-02,2023-03-31,11,4,2,45.808946,9.072331,10:24,73,5
