train_class,train_number,train_arrival_stop_name,train_departure_stop_name,stop_name,avg_arrival_delay,median_arrival_delay,count_dates_stop,first_date,last_date,count_3m_delay,count_5m_delay,count_10m_delay,stop_lat,stop_lon,stop_time,count_dates_train,stop_number
REG,2145,GENOVA BRIGNOLE,TORINO P.NUOVA,TORINO P.NUOVA,2.25,2.0,44,2023-01-01,2023-03-26,12,3,0,45.060969,7.67747,21:30,44,1
REG,2145,GENOVA BRIGNOLE,TORINO P.NUOVA,TORINO LINGOTTO,-0.3409090909090909,-1.0,44,2023-01-01,2023-03-26,4,1,0,45.0266,7.657469,21:37,44,2
REG,2145,GENOVA BRIGNOLE,TORINO P.NUOVA,ASTI,1.7954545454545454,1.0,44,2023-01-01,2023-03-26,16,9,0,44.89479,8.208112,22:05,44,3
REG,2145,GENOVA BRIGNOLE,TORINO P.NUOVA,ALESSANDRIA,-3.0681818181818183,-4.0,44,2023-01-01,2023-03-26,0,0,0,44.909091,8.606498,22:29,44,4
REG,2145,GENOVA BRIGNOLE,TORINO P.NUOVA,NOVI LIGURE,-0.38636363636363635,-1.0,44,2023-01-01,2023-03-26,3,1,0,44.762521,8.787289,22:43,44,5
REG,2145,GENOVA BRIGNOLE,TORINO P.NUOVA,ARQUATA SCRIVIA,0.9772727272727273,1.0,44,2023-01-01,2023-03-26,7,3,0,44.692533,8.885342,22:56,44,6
REG,2145,GENOVA BRIGNOLE,TORINO P.NUOVA,RONCO SCR.,2.727272727272727,2.0,44,2023-01-01,2023-03-26,20,10,1,44.614537,8.949421,23:06,44,7
REG,2145,GENOVA BRIGNOLE,TORINO P.NUOVA,GENOVA P.PRINCIPE,2.1136363636363638,2.0,44,2023-01-01,2023-03-26,20,11,0,44.417784,8.9207,23:30,44,8
REG,2145,GENOVA BRIGNOLE,TORINO P.NUOVA,GENOVA BRIGNOLE,1.1590909090909092,0.0,44,2023-01-01,2023-03-26,13,9,0,44.407213,8.947553,23:39,44,9
