train_class,train_number,train_arrival_stop_name,train_departure_stop_name,stop_name,avg_arrival_delay,median_arrival_delay,count_dates_stop,first_date,last_date,count_3m_delay,count_5m_delay,count_10m_delay,stop_lat,stop_lon,stop_time,count_dates_train,stop_number
REG,12046,BUSALLA,GENOVA BRIGNOLE,GENOVA BRIGNOLE,2.3125,2.0,64,2023-01-02,2023-03-31,18,5,0,44.407213,8.947553,13:48,64,1
REG,12046,BUSALLA,GENOVA BRIGNOLE,GENOVA P.PRINCIPE,0.359375,0.0,64,2023-01-02,2023-03-31,6,2,0,44.417784,8.9207,13:54,64,2
REG,12046,BUSALLA,GENOVA BRIGNOLE,GENOVA SAMPIERDARENA,0.484375,0.0,64,2023-01-02,2023-03-31,7,7,0,44.413102,8.887271,14:02,64,3
REG,12046,BUSALLA,GENOVA BRIGNOLE,GENOVA RIVAROLO,-1.15625,-2.0,64,2023-01-02,2023-03-31,7,1,0,44.435955,8.89106,14:09,64,4
REG,12046,BUSALLA,GENOVA BRIGNOLE,GENOVA BOLZANETO,1.0,1.0,64,2023-01-02,2023-03-31,7,1,0,44.459208,8.900193,14:13,64,5
REG,12046,BUSALLA,GENOVA BRIGNOLE,GENOVA PONTEDECIMO,-0.65625,-1.0,64,2023-01-02,2023-03-31,1,0,0,44.494189,8.905642,14:21,64,6
REG,12046,BUSALLA,GENOVA BRIGNOLE,BUSALLA,-2.546875,-3.0,64,2023-01-02,2023-03-31,1,1,0,44.57558,8.943611,14:38,64,7
