train_class,train_number,train_arrival_stop_name,train_departure_stop_name,stop_name,avg_arrival_delay,median_arrival_delay,count_dates_stop,first_date,last_date,count_3m_delay,count_5m_delay,count_10m_delay,stop_lat,stop_lon,stop_time,count_dates_train,stop_number
REG,880,M N CADORNA,SARONNO,SARONNO,0.0,0.0,85,2023-01-02,2023-03-31,0,0,0,45.625309,9.030839,20:53,85,1
REG,880,M N CADORNA,SARONNO,SARONNO SUD,0.0,0.0,85,2023-01-02,2023-03-31,0,0,0,,,20:56,85,2
REG,880,M N CADORNA,SARONNO,CESATE,0.0,0.0,85,2023-01-02,2023-03-31,0,0,0,,,21:00,85,3
REG,880,M N CADORNA,SARONNO,BOLLATE NORD,0.0,0.0,85,2023-01-02,2023-03-31,0,0,0,,,21:07,85,4
REG,880,M N CADORNA,SARONNO,BOLLATE CENTRO,0.0,0.0,85,2023-01-02,2023-03-31,0,0,0,,,21:09,85,5
