train_class,train_number,train_arrival_stop_name,train_departure_stop_name,stop_name,avg_arrival_delay,median_arrival_delay,count_dates_stop,first_date,last_date,count_3m_delay,count_5m_delay,count_10m_delay,stop_lat,stop_lon,stop_time,count_dates_train,stop_number
REG,5483,REGGIO CALABRIA CENTRALE,LAMEZIA TERME CENTRALE,LAMEZIA TERME CENTRALE,3.4615384615384617,3.0,78,2023-01-01,2023-03-31,46,16,2,38.921347,16.255577,15:37,78,1
REG,5483,REGGIO CALABRIA CENTRALE,LAMEZIA TERME CENTRALE,PIZZO,2.217948717948718,2.0,78,2023-01-01,2023-03-31,29,10,3,38.726323,16.150615,15:56,78,2
REG,5483,REGGIO CALABRIA CENTRALE,LAMEZIA TERME CENTRALE,VIBO MARINA,3.7564102564102564,3.0,78,2023-01-01,2023-03-31,52,19,4,38.713731,16.120199,16:00,78,3
REG,5483,REGGIO CALABRIA CENTRALE,LAMEZIA TERME CENTRALE,BRIATICO,4.794871794871795,4.0,78,2023-01-01,2023-03-31,68,36,5,38.725447,16.025765,16:07,78,4
REG,5483,REGGIO CALABRIA CENTRALE,LAMEZIA TERME CENTRALE,ZAMBRONE,3.5641025641025643,3.0,78,2023-01-01,2023-03-31,49,21,4,38.712738,15.976204,16:13,78,5
REG,5483,REGGIO CALABRIA CENTRALE,LAMEZIA TERME CENTRALE,PARGHELIA,3.3076923076923075,3.0,78,2023-01-01,2023-03-31,45,21,3,38.683341,15.925042,16:19,78,6
REG,5483,REGGIO CALABRIA CENTRALE,LAMEZIA TERME CENTRALE,TROPEA,4.333333333333333,4.0,78,2023-01-01,2023-03-31,58,36,4,38.672302,15.894568,16:25,78,7
REG,5483,REGGIO CALABRIA CENTRALE,LAMEZIA TERME CENTRALE,SANTA DOMENICA,2.5256410256410255,2.0,78,2023-01-01,2023-03-31,30,7,2,38.663764,15.859822,16:34,78,8
REG,5483,REGGIO CALABRIA CENTRALE,LAMEZIA TERME CENTRALE,RICADI,0.6794871794871795,0.0,78,2023-01-01,2023-03-31,10,4,1,38.630676,15.839848,16:39,78,9
REG,5483,REGGIO CALABRIA CENTRALE,LAMEZIA TERME CENTRALE,JOPPOLO,-0.6153846153846154,-1.0,78,2023-01-01,2023-03-31,7,3,1,38.580318,15.897025,16:48,78,10
REG,5483,REGGIO CALABRIA CENTRALE,LAMEZIA TERME CENTRALE,NICOTERA,2.9871794871794872,2.0,78,2023-01-01,2023-03-31,37,11,1,38.549328,15.933749,16:54,78,11
REG,5483,REGGIO CALABRIA CENTRALE,LAMEZIA TERME CENTRALE,ROSARNO,-3.2564102564102564,-4.0,78,2023-01-01,2023-03-31,1,1,0,38.488593,15.970149,17:12,78,12
REG,5483,REGGIO CALABRIA CENTRALE,LAMEZIA TERME CENTRALE,GIOIA TAURO,1.0512820512820513,1.0,78,2023-01-01,2023-03-31,5,3,1,38.423436,15.897516,17:22,78,13
REG,5483,REGGIO CALABRIA CENTRALE,LAMEZIA TERME CENTRALE,PALMI,1.3461538461538463,1.0,78,2023-01-01,2023-03-31,10,4,2,38.364914,15.84438,17:29,78,14
REG,5483,REGGIO CALABRIA CENTRALE,LAMEZIA TERME CENTRALE,BAGNARA,-0.05128205128205128,-1.0,78,2023-01-01,2023-03-31,6,3,2,38.282695,15.800327,17:38,78,15
REG,5483,REGGIO CALABRIA CENTRALE,LAMEZIA TERME CENTRALE,VILLA SAN GIOVANNI,-2.0641025641025643,-3.0,78,2023-01-01,2023-03-31,3,3,1,38.216638,15.634336,17:56,78,16
REG,5483,REGGIO CALABRIA CENTRALE,LAMEZIA TERME CENTRALE,REGGIO DI CALABRIA GALLICO,0.15384615384615385,0.0,78,2023-01-01,2023-03-31,4,2,0,38.165235,15.650716,18:05,78,17
REG,5483,REGGIO CALABRIA CENTRALE,LAMEZIA TERME CENTRALE,REGGIO CALABRIA CENTRALE,-2.641025641025641,-3.0,78,2023-01-01,2023-03-31,1,0,0,38.103884,15.635844,18:25,78,18
