train_class,train_number,train_arrival_stop_name,train_departure_stop_name,stop_name,avg_arrival_delay,median_arrival_delay,count_dates_stop,first_date,last_date,count_3m_delay,count_5m_delay,count_10m_delay,stop_lat,stop_lon,stop_time,count_dates_train,stop_number
REG,11433,NOVARA,DOMODOSSOLA,DOMODOSSOLA,2.5526315789473686,2.0,76,2023-01-02,2023-03-31,27,7,1,46.115429,8.296684,15:45,76,1
REG,11433,NOVARA,DOMODOSSOLA,VILLADOSSOLA,1.9342105263157894,2.0,76,2023-01-02,2023-03-31,17,6,0,46.064151,8.264675,15:50,76,2
REG,11433,NOVARA,DOMODOSSOLA,PALLANZENO,2.6710526315789473,2.0,76,2023-01-02,2023-03-31,31,7,1,46.043533,8.260645,15:53,76,3
REG,11433,NOVARA,DOMODOSSOLA,PIEDIMULERA,2.3026315789473686,2.0,76,2023-01-02,2023-03-31,22,7,1,46.024348,8.261237,15:57,76,4
REG,11433,NOVARA,DOMODOSSOLA,PIEVE VERGONTE,-0.3026315789473684,-1.0,76,2023-01-02,2023-03-31,7,2,0,46.009783,8.276298,16:01,76,5
REG,11433,NOVARA,DOMODOSSOLA,VOGOGNA OSSOLA,1.5526315789473684,1.0,76,2023-01-02,2023-03-31,14,5,0,46.005883,8.294664,16:04,76,6
REG,11433,NOVARA,DOMODOSSOLA,PREMOSELLO CHIOVENDA,-0.14473684210526316,-1.0,76,2023-01-02,2023-03-31,6,2,0,46.002188,8.326649,16:08,76,7
REG,11433,NOVARA,DOMODOSSOLA,ORNAVASSO,1.3026315789473684,1.0,76,2023-01-02,2023-03-31,6,3,0,45.970296,8.415892,16:19,76,8
REG,11433,NOVARA,DOMODOSSOLA,GRAVELLONA TOCE,-0.3157894736842105,-1.0,76,2023-01-02,2023-03-31,4,1,0,45.934051,8.428346,16:24,76,9
REG,11433,NOVARA,DOMODOSSOLA,OMEGNA CRUSINALLO,2.710526315789474,2.0,76,2023-01-02,2023-03-31,29,10,0,45.898138,8.413929,16:33,76,10
REG,11433,NOVARA,DOMODOSSOLA,OMEGNA,2.9210526315789473,2.0,76,2023-01-02,2023-03-31,35,10,1,45.87179,8.413291,16:37,76,11
REG,11433,NOVARA,DOMODOSSOLA,PETTENASCO,5.605263157894737,5.0,76,2023-01-02,2023-03-31,56,44,12,45.820498,8.406802,16:47,76,12
REG,11433,NOVARA,DOMODOSSOLA,ORTA MIASINO,4.592105263157895,4.0,76,2023-01-02,2023-03-31,51,38,10,45.795865,8.421217,16:52,76,13
REG,11433,NOVARA,DOMODOSSOLA,GOZZANO,5.644736842105263,5.0,76,2023-01-02,2023-03-31,56,45,13,45.741039,8.438726,16:58,76,14
REG,11433,NOVARA,DOMODOSSOLA,BORGOMANERO,6.118421052631579,6.0,76,2023-01-02,2023-03-31,61,48,13,45.701054,8.468093,17:03,76,15
REG,11433,NOVARA,DOMODOSSOLA,CRESSA FONTANETO,5.921052631578948,6.0,76,2023-01-02,2023-03-31,59,47,12,45.646331,8.498435,17:09,76,16
REG,11433,NOVARA,DOMODOSSOLA,MOMO,2.0657894736842106,2.0,76,2023-01-02,2023-03-31,27,15,2,45.574646,8.55689,17:20,76,17
REG,11433,NOVARA,DOMODOSSOLA,CALTIGNAGA,0.75,-1.0,76,2023-01-02,2023-03-31,12,6,1,45.519167,8.591602,17:29,76,18
REG,11433,NOVARA,DOMODOSSOLA,NOVARA,1.4078947368421053,1.0,76,2023-01-02,2023-03-31,15,4,1,45.451376,8.624895,17:40,76,19
