train_class,train_number,train_arrival_stop_name,train_departure_stop_name,stop_name,avg_arrival_delay,median_arrival_delay,count_dates_stop,first_date,last_date,count_3m_delay,count_5m_delay,count_10m_delay,stop_lat,stop_lon,stop_time,count_dates_train,stop_number
REG,19196,AULLA LUNIGIANA,PIAZZA AL SERCHIO,PIAZZA AL SERCHIO,1.7536231884057971,2.0,69,2023-01-09,2023-03-31,9,2,0,44.182515,10.296615,06:18,69,1
REG,19196,AULLA LUNIGIANA,PIAZZA AL SERCHIO,MINUCCIANO - PIEVE - CASOLA,0.9710144927536232,1.0,69,2023-01-09,2023-03-31,8,1,0,44.194385,10.193837,06:26,69,2
REG,19196,AULLA LUNIGIANA,PIAZZA AL SERCHIO,EQUI TERME,2.8115942028985508,2.0,69,2023-01-09,2023-03-31,34,14,0,44.170282,10.153624,06:36,69,3
REG,19196,AULLA LUNIGIANA,PIAZZA AL SERCHIO,MONZONE-M.DEI BANCHI-ISOLANO,2.8115942028985508,2.0,69,2023-01-09,2023-03-31,34,14,0,44.165637,10.123827,06:39,69,4
REG,19196,AULLA LUNIGIANA,PIAZZA AL SERCHIO,GRAGNOLA,2.579710144927536,2.0,69,2023-01-09,2023-03-31,27,12,0,44.191069,10.109245,06:44,69,5
REG,19196,AULLA LUNIGIANA,PIAZZA AL SERCHIO,FIVIZZANO - GASSANO,3.289855072463768,3.0,69,2023-01-09,2023-03-31,38,17,0,44.202672,10.091691,06:48,69,6
REG,19196,AULLA LUNIGIANA,PIAZZA AL SERCHIO,FIVIZZANO ROMETTA - SOLIERA,2.9130434782608696,2.0,69,2023-01-09,2023-03-31,33,15,0,44.201526,10.05953,06:52,69,7
REG,19196,AULLA LUNIGIANA,PIAZZA AL SERCHIO,AULLA LUNIGIANA,0.043478260869565216,-1.0,69,2023-01-09,2023-03-31,11,4,0,44.210555,9.970015,07:03,69,8
