train_class,train_number,train_arrival_stop_name,train_departure_stop_name,stop_name,avg_arrival_delay,median_arrival_delay,count_dates_stop,first_date,last_date,count_3m_delay,count_5m_delay,count_10m_delay,stop_lat,stop_lon,stop_time,count_dates_train,stop_number
REG,21645,GIACHERY,PALERMO NOTARBARTOLO,PALERMO NOTARBARTOLO,0.09523809523809523,0.0,63,2023-01-02,2023-03-31,0,0,0,38.132261,13.341572,16:07,63,1
REG,21645,GIACHERY,PALERMO NOTARBARTOLO,FEDERICO,-0.47619047619047616,-1.0,63,2023-01-02,2023-03-31,0,0,0,38.144862,13.344966,16:10,63,2
REG,21645,GIACHERY,PALERMO NOTARBARTOLO,FIERA,-1.2857142857142858,-1.0,63,2023-01-02,2023-03-31,0,0,0,38.144004,13.351336,16:13,63,3
REG,21645,GIACHERY,PALERMO NOTARBARTOLO,GIACHERY,-5.396825396825397,-5.0,63,2023-01-02,2023-03-31,0,0,0,38.138135,13.355856,16:21,63,4
