train_class,train_number,train_arrival_stop_name,train_departure_stop_name,stop_name,avg_arrival_delay,median_arrival_delay,count_dates_stop,first_date,last_date,count_3m_delay,count_5m_delay,count_10m_delay,stop_lat,stop_lon,stop_time,count_dates_train,stop_number
REG,19787,TERMOLI,PESCARA,PESCARA,1.4444444444444444,1.0,63,2023-01-02,2023-03-31,5,2,0,42.467789,14.205066,09:05,63,1
REG,19787,TERMOLI,PESCARA,PESCARA PORTA NUOVA,0.36507936507936506,0.0,63,2023-01-02,2023-03-31,2,2,0,42.458072,14.211663,09:08,63,2
REG,19787,TERMOLI,PESCARA,FRANCAVILLA AL MARE,0.2857142857142857,0.0,63,2023-01-02,2023-03-31,3,3,0,42.421316,14.288062,09:17,63,3
REG,19787,TERMOLI,PESCARA,ORTONA,2.7936507936507935,3.0,63,2023-01-02,2023-03-31,36,11,1,42.354196,14.407698,09:28,63,4
REG,19787,TERMOLI,PESCARA,S.VITO LANCIANO,2.9206349206349205,3.0,63,2023-01-02,2023-03-31,34,17,1,42.307401,14.448093,09:34,63,5
REG,19787,TERMOLI,PESCARA,FOSSACESIA - TORINO DI SANGRO,2.7142857142857144,3.0,63,2023-01-02,2023-03-31,33,14,1,42.237648,14.525456,09:41,63,6
REG,19787,TERMOLI,PESCARA,PORTO DI VASTO,1.2380952380952381,1.0,63,2023-01-02,2023-03-31,19,3,1,42.167774,14.698057,09:54,63,7
REG,19787,TERMOLI,PESCARA,VASTO S.SALVO,2.6825396825396823,2.0,63,2023-01-02,2023-03-31,27,6,2,42.079832,14.739483,10:01,63,8
REG,19787,TERMOLI,PESCARA,MONTENERO PETACCIATO,1.8253968253968254,1.0,63,2023-01-02,2023-03-31,17,7,2,42.033286,14.851015,10:09,63,9
REG,19787,TERMOLI,PESCARA,TERMOLI,0.47619047619047616,-1.0,63,2023-01-02,2023-03-31,9,4,1,42.000623,14.992805,10:20,63,10
