train_class,train_number,train_arrival_stop_name,train_departure_stop_name,stop_name,avg_arrival_delay,median_arrival_delay,count_dates_stop,first_date,last_date,count_3m_delay,count_5m_delay,count_10m_delay,stop_lat,stop_lon,stop_time,count_dates_train,stop_number
REG,2979,MILANO CENTRALE,MALPENSA AEROPORTO T1,MALPENSA AEROPORTO T1,1.4487179487179487,1.0,78,2023-01-01,2023-03-23,4,3,3,,,21:13,78,1
REG,2979,MILANO CENTRALE,MALPENSA AEROPORTO T1,BUSTO ARSIZIO N.,0.15384615384615385,-1.0,78,2023-01-01,2023-03-23,4,4,3,,,21:21,78,2
REG,2979,MILANO CENTRALE,MALPENSA AEROPORTO T1,SARONNO,-3.0256410256410255,-4.0,78,2023-01-01,2023-03-23,3,3,2,45.625309,9.030839,21:35,78,3
REG,2979,MILANO CENTRALE,MALPENSA AEROPORTO T1,MILANO BOVISA FNM,0.9358974358974359,0.0,78,2023-01-01,2023-03-23,18,6,2,45.502993,9.159235,21:48,78,4
REG,2979,MILANO CENTRALE,MALPENSA AEROPORTO T1,MILANO PORTA GARIBALDI,0.5641025641025641,-1.0,78,2023-01-01,2023-03-23,12,5,2,45.484917,9.187683,21:55,78,5
REG,2979,MILANO CENTRALE,MALPENSA AEROPORTO T1,MILANO CENTRALE,1.4871794871794872,1.0,78,2023-01-01,2023-03-23,21,7,2,45.486347,9.204528,22:07,78,6
