train_class,train_number,train_arrival_stop_name,train_departure_stop_name,stop_name,avg_arrival_delay,median_arrival_delay,count_dates_stop,first_date,last_date,count_3m_delay,count_5m_delay,count_10m_delay,stop_lat,stop_lon,stop_time,count_dates_train,stop_number
REG,24350,MILANO BOVISA FNM,PAVIA,PAVIA,5.333333333333333,5.0,81,2023-01-01,2023-03-23,74,42,7,45.188843,9.144674,14:39,81,1
REG,24350,MILANO BOVISA FNM,PAVIA,CERTOSA DI PAVIA,4.0246913580246915,4.0,81,2023-01-01,2023-03-23,55,32,6,45.256927,9.154456,14:46,81,2
REG,24350,MILANO BOVISA FNM,PAVIA,VILLAMAGGIORE,4.296296296296297,4.0,81,2023-01-01,2023-03-23,47,26,5,45.32045,9.190674,14:52,81,3
REG,24350,MILANO BOVISA FNM,PAVIA,LOCATE TRIULZI,5.0,4.0,81,2023-01-01,2023-03-23,60,35,4,45.35973,9.221398,14:58,81,4
REG,24350,MILANO BOVISA FNM,PAVIA,MILANO ROGOREDO,4.037037037037037,4.0,81,2023-01-01,2023-03-23,58,35,4,45.433866,9.2391,15:06,81,5
REG,24350,MILANO BOVISA FNM,PAVIA,MILANO PORTA VITTORIA,3.6049382716049383,2.0,81,2023-01-01,2023-03-23,40,16,3,45.459579,9.21813,15:14,81,6
REG,24350,MILANO BOVISA FNM,PAVIA,MILANO DATEO,4.395061728395062,3.0,81,2023-01-01,2023-03-23,46,19,5,45.462341,9.209277,15:17,81,7
REG,24350,MILANO BOVISA FNM,PAVIA,MILANO VENEZIA,4.2592592592592595,3.0,81,2023-01-01,2023-03-23,43,18,5,45.471121,9.201889,15:20,81,8
REG,24350,MILANO BOVISA FNM,PAVIA,MILANO REPUBBLICA,4.592592592592593,3.0,81,2023-01-01,2023-03-23,47,23,5,45.479984,9.198861,15:22,81,9
REG,24350,MILANO BOVISA FNM,PAVIA,MI P.GAR.SOTT.,4.827160493827161,3.0,81,2023-01-01,2023-03-23,52,24,5,45.484228,9.185122,15:25,81,10
REG,24350,MILANO BOVISA FNM,PAVIA,MILANO LANCETTI,3.123456790123457,1.0,81,2023-01-01,2023-03-23,31,12,5,45.492632,9.175832,15:28,81,11
REG,24350,MILANO BOVISA FNM,PAVIA,MILANO BOVISA FNM,0.9876543209876543,-1.0,81,2023-01-01,2023-03-23,12,7,5,45.502993,9.159235,15:35,81,12
