train_class,train_number,train_arrival_stop_name,train_departure_stop_name,stop_name,avg_arrival_delay,median_arrival_delay,count_dates_stop,first_date,last_date,count_3m_delay,count_5m_delay,count_10m_delay,stop_lat,stop_lon,stop_time,count_dates_train,stop_number
REG,10567,ALESSANDRIA,PAVIA,PAVIA,13.431818181818182,8.0,88,2023-01-01,2023-03-31,86,74,28,45.188843,9.144674,08:05,88,1
REG,10567,ALESSANDRIA,PAVIA,SAIRANO,14.839080459770114,8.0,87,2023-01-01,2023-03-31,87,73,31,45.138858,9.046868,08:12,88,2
REG,10567,ALESSANDRIA,PAVIA,SAIRANO ZINASCO,14.839080459770114,8.0,87,2023-01-01,2023-03-31,87,73,31,45.133795,9.030153,08:15,88,3
REG,10567,ALESSANDRIA,PAVIA,ZINASCO NUOVO,14.839080459770114,8.0,87,2023-01-01,2023-03-31,87,73,31,45.124555,8.999657,08:19,88,4
REG,10567,ALESSANDRIA,PAVIA,PIEVE ALBIGNOLA,14.839080459770114,8.0,87,2023-01-01,2023-03-31,87,73,31,45.116248,8.959723,08:23,88,5
REG,10567,ALESSANDRIA,PAVIA,SANNAZZARO,13.770114942528735,7.0,87,2023-01-01,2023-03-31,82,67,24,45.10554,8.905149,08:28,88,6
REG,10567,ALESSANDRIA,PAVIA,FERRERA LOMELLINA,13.620689655172415,6.0,87,2023-01-01,2023-03-31,81,67,22,45.111807,8.862805,08:34,88,7
REG,10567,ALESSANDRIA,PAVIA,LOMELLO,11.35632183908046,4.0,87,2023-01-01,2023-03-31,65,39,18,45.117276,8.799121,08:40,88,8
REG,10567,ALESSANDRIA,PAVIA,MEDE,12.03448275862069,5.0,87,2023-01-01,2023-03-31,68,46,20,45.095009,8.742594,08:47,88,9
REG,10567,ALESSANDRIA,PAVIA,TORREBERETTI,8.862068965517242,3.0,87,2023-01-01,2023-03-31,48,27,13,45.060533,8.660431,08:56,88,10
REG,10567,ALESSANDRIA,PAVIA,VALENZA,13.795454545454545,7.0,88,2023-01-01,2023-03-31,88,80,22,45.023527,8.625808,09:02,88,11
REG,10567,ALESSANDRIA,PAVIA,VALMADONNA,13.806818181818182,6.0,88,2023-01-01,2023-03-31,83,71,26,44.972588,8.610667,09:10,88,12
REG,10567,ALESSANDRIA,PAVIA,ALESSANDRIA,14.863636363636363,7.0,88,2023-01-01,2023-03-31,86,78,28,44.909091,8.606498,09:20,88,13
