train_class,train_number,train_arrival_stop_name,train_departure_stop_name,stop_name,avg_arrival_delay,median_arrival_delay,count_dates_stop,first_date,last_date,count_3m_delay,count_5m_delay,count_10m_delay,stop_lat,stop_lon,stop_time,count_dates_train,stop_number
REG,21826,TERMINI IMERESE,PALERMO CENTRALE,PALERMO CENTRALE,1.2133333333333334,1.0,75,2023-01-02,2023-03-31,8,5,1,38.109187,13.367515,15:58,75,1
REG,21826,TERMINI IMERESE,PALERMO CENTRALE,PALERMO BRANCACCIO,0.7466666666666667,0.0,75,2023-01-02,2023-03-31,7,5,2,38.093141,13.392508,16:03,75,2
REG,21826,TERMINI IMERESE,PALERMO CENTRALE,BAGHERIA,1.2666666666666666,1.0,75,2023-01-02,2023-03-31,11,4,1,38.089905,13.507215,16:15,75,3
REG,21826,TERMINI IMERESE,PALERMO CENTRALE,ALTAVILLA M.,1.68,1.0,75,2023-01-02,2023-03-31,17,6,0,38.048392,13.554421,16:25,75,4
REG,21826,TERMINI IMERESE,PALERMO CENTRALE,TERMINI IMERESE,0.0,-1.0,75,2023-01-02,2023-03-31,8,0,0,37.980132,13.703631,16:43,75,5
