train_class,train_number,train_arrival_stop_name,train_departure_stop_name,stop_name,avg_arrival_delay,median_arrival_delay,count_dates_stop,first_date,last_date,count_3m_delay,count_5m_delay,count_10m_delay,stop_lat,stop_lon,stop_time,count_dates_train,stop_number
REG,18523,FIRENZE S.M.N.,VIAREGGIO,VIAREGGIO,1.6923076923076923,2.0,13,2023-01-01,2023-03-26,1,0,0,43.865947,10.257886,15:10,13,1
REG,18523,FIRENZE S.M.N.,VIAREGGIO,LUCCA,1.6153846153846154,2.0,13,2023-01-01,2023-03-26,3,0,0,43.837186,10.506069,15:27,13,2
REG,18523,FIRENZE S.M.N.,VIAREGGIO,ALTOPASCIO,2.6923076923076925,3.0,13,2023-01-01,2023-03-26,7,1,0,43.817418,10.672754,15:40,13,3
REG,18523,FIRENZE S.M.N.,VIAREGGIO,PESCIA,0.6923076923076923,1.0,13,2023-01-01,2023-03-26,3,0,0,43.886811,10.686074,15:50,13,4
REG,18523,FIRENZE S.M.N.,VIAREGGIO,MONTECATINI CENTRO,2.6153846153846154,2.0,13,2023-01-01,2023-03-26,5,3,0,43.881216,10.77081,15:56,13,5
REG,18523,FIRENZE S.M.N.,VIAREGGIO,MONTECATINI TERME,3.230769230769231,3.0,13,2023-01-01,2023-03-26,7,4,0,43.879327,10.780588,15:59,13,6
REG,18523,FIRENZE S.M.N.,VIAREGGIO,PISTOIA,3.076923076923077,3.0,13,2023-01-01,2023-03-26,8,5,0,43.926804,10.914624,16:11,13,7
REG,18523,FIRENZE S.M.N.,VIAREGGIO,PRATO CENTRALE,-0.7692307692307693,-2.0,13,2023-01-01,2023-03-26,1,1,0,43.878737,11.109252,16:28,13,8
REG,18523,FIRENZE S.M.N.,VIAREGGIO,FIRENZE RIFREDI,-2.230769230769231,-3.0,13,2023-01-01,2023-03-26,0,0,0,43.800873,11.235729,16:44,13,9
REG,18523,FIRENZE S.M.N.,VIAREGGIO,FIRENZE S.M.N.,-1.6923076923076923,-2.0,13,2023-01-01,2023-03-26,0,0,0,43.776893,11.247373,16:52,13,10
