train_class,train_number,train_arrival_stop_name,train_departure_stop_name,stop_name,avg_arrival_delay,median_arrival_delay,count_dates_stop,first_date,last_date,count_3m_delay,count_5m_delay,count_10m_delay,stop_lat,stop_lon,stop_time,count_dates_train,stop_number
REG,20665,ORTE,FIUMICINO AEROPORTO,FIUMICINO AEROPORTO,2.081081081081081,2.0,74,2023-01-02,2023-03-31,17,4,1,41.793673,12.251728,13:57,74,1
REG,20665,ORTE,FIUMICINO AEROPORTO,PARCO LEONARDO,1.972972972972973,1.0,74,2023-01-02,2023-03-31,15,6,2,41.79932,12.29543,14:01,74,2
REG,20665,ORTE,FIUMICINO AEROPORTO,PONTE GALERIA,2.108108108108108,1.0,74,2023-01-02,2023-03-31,15,6,2,41.818349,12.344733,14:07,74,3
REG,20665,ORTE,FIUMICINO AEROPORTO,MURATELLA,2.9864864864864864,2.0,74,2023-01-02,2023-03-31,35,11,2,41.826182,12.412696,14:12,74,4
REG,20665,ORTE,FIUMICINO AEROPORTO,MAGLIANA,3.2027027027027026,3.0,74,2023-01-02,2023-03-31,39,14,3,41.834235,12.431017,14:15,74,5
REG,20665,ORTE,FIUMICINO AEROPORTO,VILLA BONELLI,2.824324324324324,2.0,74,2023-01-02,2023-03-31,32,12,2,41.8477601,12.455223,14:19,74,6
REG,20665,ORTE,FIUMICINO AEROPORTO,ROMA TRASTEVERE,3.945945945945946,3.0,74,2023-01-02,2023-03-31,56,21,3,41.872279,12.466162,14:24,74,7
REG,20665,ORTE,FIUMICINO AEROPORTO,ROMA OSTIENSE,2.135135135135135,1.0,74,2023-01-02,2023-03-31,23,10,2,41.87265,12.483917,14:28,74,8
REG,20665,ORTE,FIUMICINO AEROPORTO,ROMA TUSCOLANA,0.08955223880597014,-1.0,67,2023-01-02,2023-03-31,5,2,1,41.879384,12.523505,14:37,74,9
REG,20665,ORTE,FIUMICINO AEROPORTO,ROMA TIBURTINA,-1.8955223880597014,-2.0,67,2023-01-02,2023-03-31,2,1,1,41.910903,12.530749,14:45,74,10
REG,20665,ORTE,FIUMICINO AEROPORTO,ROMA NOMENTANA L.L.,1.6216216216216217,1.0,74,2023-01-02,2023-03-31,8,1,1,41.932935,12.523628,14:49,74,11
REG,20665,ORTE,FIUMICINO AEROPORTO,NUOVO SALARIO,2.547945205479452,2.0,73,2023-01-02,2023-03-31,30,3,1,41.956195,12.510317,14:55,74,12
REG,20665,ORTE,FIUMICINO AEROPORTO,FIDENE,0.7027027027027027,1.0,74,2023-01-02,2023-03-31,4,2,1,41.979773,12.508451,14:59,74,13
REG,20665,ORTE,FIUMICINO AEROPORTO,SETTE BAGNI,0.7297297297297297,1.0,74,2023-01-02,2023-03-31,3,2,0,42.006438,12.520156,15:04,74,14
REG,20665,ORTE,FIUMICINO AEROPORTO,MONTEROTONDO,-0.9864864864864865,-1.0,74,2023-01-02,2023-03-31,2,1,0,42.06409,12.595753,15:13,74,15
REG,20665,ORTE,FIUMICINO AEROPORTO,PIANA BELLA MONTELIBRETTI,1.9189189189189189,2.0,74,2023-01-02,2023-03-31,10,5,1,42.105159,12.632938,15:18,74,16
REG,20665,ORTE,FIUMICINO AEROPORTO,FARA SABINA,0.35135135135135137,0.0,74,2023-01-02,2023-03-31,9,5,2,42.155546,12.648323,15:25,74,17
REG,20665,ORTE,FIUMICINO AEROPORTO,POGGIO MIRTETO,0.47297297297297297,0.0,74,2023-01-02,2023-03-31,10,4,1,42.242187,12.633043,15:34,74,18
REG,20665,ORTE,FIUMICINO AEROPORTO,GAVIGNANO,2.945945945945946,2.0,74,2023-01-02,2023-03-31,32,10,3,,,15:39,74,19
REG,20665,ORTE,FIUMICINO AEROPORTO,STIMIGLIANO,1.0405405405405406,1.0,74,2023-01-02,2023-03-31,10,3,1,42.289811,12.568632,15:44,74,20
REG,20665,ORTE,FIUMICINO AEROPORTO,COLLEVECCHIO,1.0810810810810811,1.0,74,2023-01-02,2023-03-31,8,3,1,42.298089,12.520546,15:49,74,21
REG,20665,ORTE,FIUMICINO AEROPORTO,CIVITA CASTELLANA,0.9594594594594594,1.0,74,2023-01-02,2023-03-31,13,3,0,42.346593,12.453821,15:56,74,22
REG,20665,ORTE,FIUMICINO AEROPORTO,GALLESE IN TEVERINA,0.9324324324324325,1.0,74,2023-01-02,2023-03-31,10,3,0,42.380901,12.439732,16:01,74,23
REG,20665,ORTE,FIUMICINO AEROPORTO,ORTE,0.33783783783783783,0.0,74,2023-01-02,2023-03-31,8,3,1,42.43728,12.408986,16:10,74,24
