train_class,train_number,train_arrival_stop_name,train_departure_stop_name,stop_name,avg_arrival_delay,median_arrival_delay,count_dates_stop,first_date,last_date,count_3m_delay,count_5m_delay,count_10m_delay,stop_lat,stop_lon,stop_time,count_dates_train,stop_number
REG,25267,RHO,COMO S. GIOVANNI,COMO S. GIOVANNI,1.6451612903225807,1.0,62,2023-01-02,2023-03-31,14,0,0,45.808946,9.072331,17:49,62,1
REG,25267,RHO,COMO S. GIOVANNI,CARIMATE,0.5967741935483871,1.0,62,2023-01-02,2023-03-31,6,3,0,45.697094,9.107188,18:08,62,2
REG,25267,RHO,COMO S. GIOVANNI,CAMNAGO-LENTATE,1.1774193548387097,1.0,62,2023-01-02,2023-03-31,13,3,0,45.668425,9.133451,18:12,62,3
REG,25267,RHO,COMO S. GIOVANNI,SEREGNO,1.1451612903225807,1.0,62,2023-01-02,2023-03-31,10,4,0,45.64601,9.20285,18:18,62,4
REG,25267,RHO,COMO S. GIOVANNI,DESIO,0.9354838709677419,1.0,62,2023-01-02,2023-03-31,11,2,0,45.620112,9.218495,18:22,62,5
REG,25267,RHO,COMO S. GIOVANNI,LISSONE-MUGGIO`,1.435483870967742,1.0,62,2023-01-02,2023-03-31,17,7,1,45.60592,9.235368,18:26,62,6
REG,25267,RHO,COMO S. GIOVANNI,MONZA,2.064516129032258,1.0,62,2023-01-02,2023-03-31,20,12,2,45.577789,9.273253,18:31,62,7
REG,25267,RHO,COMO S. GIOVANNI,SESTO S. GIOVANNI,5.442622950819672,5.0,61,2023-01-02,2023-03-31,53,40,4,45.541087,9.23926,18:36,62,8
REG,25267,RHO,COMO S. GIOVANNI,MILANO GRECO PIRELLI,5.338709677419355,5.0,62,2023-01-02,2023-03-31,55,35,4,45.51272,9.214456,18:41,62,9
REG,25267,RHO,COMO S. GIOVANNI,MILANO PORTA GARIBALDI,2.370967741935484,2.0,62,2023-01-02,2023-03-31,26,15,2,45.484917,9.187683,18:51,62,10
REG,25267,RHO,COMO S. GIOVANNI,MILANO CERTOSA,2.4516129032258065,1.0,62,2023-01-02,2023-03-31,23,13,4,45.507019,9.133863,19:03,62,11
REG,25267,RHO,COMO S. GIOVANNI,RHO FIERA MILANO,0.9354838709677419,1.0,62,2023-01-02,2023-03-31,17,7,1,,,19:10,62,12
REG,25267,RHO,COMO S. GIOVANNI,RHO,1.7258064516129032,2.0,62,2023-01-02,2023-03-31,21,11,1,45.523813,9.043563,19:17,62,13
