train_class,train_number,train_arrival_stop_name,train_departure_stop_name,stop_name,avg_arrival_delay,median_arrival_delay,count_dates_stop,first_date,last_date,count_3m_delay,count_5m_delay,count_10m_delay,stop_lat,stop_lon,stop_time,count_dates_train,stop_number
REG,16705,VERONA PORTA NUOVA,BOLZANO,MEZZOCORONA,3.5555555555555554,3.0,63,2023-01-02,2023-03-31,36,22,1,46.207258,11.128595,19:15,63,1
REG,16705,VERONA PORTA NUOVA,BOLZANO,TRENTO,1.0476190476190477,1.0,63,2023-01-02,2023-03-31,18,9,1,46.072414,11.118941,19:31,63,2
REG,16705,VERONA PORTA NUOVA,BOLZANO,ROVERETO,2.1904761904761907,2.0,63,2023-01-02,2023-03-31,23,10,1,45.890985,11.033518,19:46,63,3
REG,16705,VERONA PORTA NUOVA,BOLZANO,ALA,2.5555555555555554,2.0,63,2023-01-02,2023-03-31,20,9,1,45.760087,10.996775,20:01,63,4
REG,16705,VERONA PORTA NUOVA,BOLZANO,PERI,2.1746031746031744,1.0,63,2023-01-02,2023-03-31,23,5,2,45.658402,10.900314,20:16,63,5
REG,16705,VERONA PORTA NUOVA,BOLZANO,POSTO COMUNICAZIONE DOLCE`,2.2222222222222223,1.0,63,2023-01-02,2023-03-31,24,10,3,45.601513,10.850588,20:22,63,6
REG,16705,VERONA PORTA NUOVA,BOLZANO,DOMEGLIARA,2.0952380952380953,2.0,63,2023-01-02,2023-03-31,25,11,3,45.522348,10.820408,20:29,63,7
REG,16705,VERONA PORTA NUOVA,BOLZANO,VERONA PORTA NUOVA,-0.9206349206349206,-2.0,63,2023-01-02,2023-03-31,11,5,2,45.428603,10.982377,20:51,63,8
