train_class,train_number,train_arrival_stop_name,train_departure_stop_name,stop_name,avg_arrival_delay,median_arrival_delay,count_dates_stop,first_date,last_date,count_3m_delay,count_5m_delay,count_10m_delay,stop_lat,stop_lon,stop_time,count_dates_train,stop_number
REG,21052,ROMA TERMINI,NAPOLI CENTRALE,NAPOLI CENTRALE,2.6184210526315788,2.0,76,2023-01-02,2023-03-31,11,6,1,40.852933,14.272908,04:05,76,1
REG,21052,ROMA TERMINI,NAPOLI CENTRALE,CASORIA,2.4078947368421053,1.0,76,2023-01-02,2023-03-31,16,7,1,40.907762,14.29874,04:14,76,2
REG,21052,ROMA TERMINI,NAPOLI CENTRALE,AVERSA,4.618421052631579,3.0,76,2023-01-02,2023-03-31,56,23,1,40.973323,14.218578,04:26,76,3
REG,21052,ROMA TERMINI,NAPOLI CENTRALE,VILLA LITERNO,4.653333333333333,3.0,75,2023-01-02,2023-03-31,43,24,5,41.004956,14.06753,04:38,76,4
REG,21052,ROMA TERMINI,NAPOLI CENTRALE,FALCIANO MONDRAGONE CAR.,6.7368421052631575,5.0,76,2023-01-02,2023-03-31,66,45,11,41.123525,13.971792,04:48,76,5
REG,21052,ROMA TERMINI,NAPOLI CENTRALE,SESSA AURUNCA R.,8.276315789473685,6.0,76,2023-01-02,2023-03-31,69,59,16,41.1955,13.8761,04:56,76,6
REG,21052,ROMA TERMINI,NAPOLI CENTRALE,MINTURNO,9.052631578947368,7.0,76,2023-01-02,2023-03-31,70,61,25,41.257621,13.720664,05:05,76,7
REG,21052,ROMA TERMINI,NAPOLI CENTRALE,FORMIA-GAETA,9.671052631578947,8.0,76,2023-01-02,2023-03-31,70,64,30,41.258773,13.605996,05:13,76,8
REG,21052,ROMA TERMINI,NAPOLI CENTRALE,LATINA,8.631578947368421,7.0,76,2023-01-02,2023-03-31,65,53,26,41.538372,12.945888,05:49,76,9
REG,21052,ROMA TERMINI,NAPOLI CENTRALE,ROMA TERMINI,3.539473684210526,0.0,76,2023-01-02,2023-03-31,25,20,11,41.900636,12.502026,06:30,76,10
