train_class,train_number,train_arrival_stop_name,train_departure_stop_name,stop_name,avg_arrival_delay,median_arrival_delay,count_dates_stop,first_date,last_date,count_3m_delay,count_5m_delay,count_10m_delay,stop_lat,stop_lon,stop_time,count_dates_train,stop_number
REG,12458,GENOVA BRIGNOLE,SESTRI LEVANTE,SESTRI LEVANTE,3.0833333333333335,2.0,12,2023-01-07,2023-03-26,6,2,0,44.27626,9.397651,19:53,12,1
REG,12458,GENOVA BRIGNOLE,SESTRI LEVANTE,CHIAVARI,3.75,3.0,12,2023-01-07,2023-03-26,8,2,1,44.315156,9.322464,20:03,12,2
REG,12458,GENOVA BRIGNOLE,SESTRI LEVANTE,S. MARGHERITA LIGURE PORTOFINO,3.0,1.0,12,2023-01-07,2023-03-26,6,3,1,44.33676,9.216673,20:18,12,3
REG,12458,GENOVA BRIGNOLE,SESTRI LEVANTE,RECCO,2.9166666666666665,2.0,12,2023-01-07,2023-03-26,6,3,0,44.361215,9.146788,20:27,12,4
REG,12458,GENOVA BRIGNOLE,SESTRI LEVANTE,GENOVA NERVI,-0.25,-1.0,12,2023-01-07,2023-03-26,2,1,0,44.381271,9.039895,20:45,12,5
REG,12458,GENOVA BRIGNOLE,SESTRI LEVANTE,GENOVA QUARTO DEI MILLE,2.0,2.0,12,2023-01-07,2023-03-26,3,1,0,44.388607,8.99597,20:51,12,6
REG,12458,GENOVA BRIGNOLE,SESTRI LEVANTE,GENOVA BRIGNOLE,1.0,1.0,12,2023-01-07,2023-03-26,3,1,0,44.407213,8.947553,21:01,12,7
