train_class,train_number,train_arrival_stop_name,train_departure_stop_name,stop_name,avg_arrival_delay,median_arrival_delay,count_dates_stop,first_date,last_date,count_3m_delay,count_5m_delay,count_10m_delay,stop_lat,stop_lon,stop_time,count_dates_train,stop_number
REG,19882,FOGGIA,POTENZA CENTRALE,POTENZA CENTRALE,1.6428571428571428,2.0,14,2023-01-01,2023-03-26,1,0,0,40.629469,15.806808,08:42,14,1
REG,19882,FOGGIA,POTENZA CENTRALE,POTENZA SUPERIORE,-0.8571428571428571,-1.0,14,2023-01-01,2023-03-26,0,0,0,40.64586,15.800966,08:48,14,2
REG,19882,FOGGIA,POTENZA CENTRALE,POTENZA MACCHIA ROMANA,3.0,3.0,14,2023-01-01,2023-03-26,13,0,0,,,08:52,14,3
REG,19882,FOGGIA,POTENZA CENTRALE,AVIGLIANO LUCANIA,1.7142857142857142,1.0,14,2023-01-01,2023-03-26,2,2,0,40.714667,15.785619,09:01,14,4
REG,19882,FOGGIA,POTENZA CENTRALE,PIETRAGALLA,2.4285714285714284,1.0,14,2023-01-01,2023-03-26,2,2,1,40.753314,15.79211,09:07,14,5
REG,19882,FOGGIA,POTENZA CENTRALE,POSSIDENTE,2.4285714285714284,1.0,14,2023-01-01,2023-03-26,2,2,1,40.781144,15.777104,09:12,14,6
REG,19882,FOGGIA,POTENZA CENTRALE,CASTEL LAGOPESOLE,1.7857142857142858,1.0,14,2023-01-01,2023-03-26,2,2,0,40.787682,15.758093,09:15,14,7
REG,19882,FOGGIA,POTENZA CENTRALE,RIONERO ATELLA RIPACANDITA,4.071428571428571,2.0,14,2023-01-01,2023-03-26,6,4,1,40.922066,15.678699,09:32,14,8
REG,19882,FOGGIA,POTENZA CENTRALE,BARILE,5.428571428571429,4.0,14,2023-01-01,2023-03-26,12,5,1,40.943044,15.670959,09:36,14,9
REG,19882,FOGGIA,POTENZA CENTRALE,MELFI,4.5,3.0,14,2023-01-01,2023-03-26,10,4,1,40.989871,15.646895,09:44,14,10
REG,19882,FOGGIA,POTENZA CENTRALE,FOGGIA,-0.9285714285714286,-2.0,14,2023-01-01,2023-03-26,2,1,0,41.466,15.555816,10:40,14,11
