train_class,train_number,train_arrival_stop_name,train_departure_stop_name,stop_name,avg_arrival_delay,median_arrival_delay,count_dates_stop,first_date,last_date,count_3m_delay,count_5m_delay,count_10m_delay,stop_lat,stop_lon,stop_time,count_dates_train,stop_number
REG,17087,ROVIGO,VENEZIA SANTA LUCIA,VENEZIA SANTA LUCIA,0.4666666666666667,0.0,90,2023-01-01,2023-03-31,3,1,0,45.441569,12.320882,11:51,90,1
REG,17087,ROVIGO,VENEZIA SANTA LUCIA,VENEZIA MESTRE,0.6292134831460674,0.0,89,2023-01-01,2023-03-31,7,2,1,45.482123,12.232069,12:02,90,2
REG,17087,ROVIGO,VENEZIA SANTA LUCIA,DOLO,-0.4777777777777778,-1.0,90,2023-01-01,2023-03-31,3,2,1,45.453466,12.07161,12:18,90,3
REG,17087,ROVIGO,VENEZIA SANTA LUCIA,PADOVA,0.2777777777777778,-1.0,90,2023-01-01,2023-03-31,19,4,1,45.417846,11.880794,12:39,90,4
REG,17087,ROVIGO,VENEZIA SANTA LUCIA,ABANO TERME,-0.7111111111111111,-2.0,90,2023-01-01,2023-03-31,5,2,0,45.355199,11.811533,12:48,90,5
REG,17087,ROVIGO,VENEZIA SANTA LUCIA,TERME EUGANEE-ABANO-MONTEGR.,-0.4444444444444444,-1.0,90,2023-01-01,2023-03-31,6,2,0,45.32744,11.79604,12:53,90,6
REG,17087,ROVIGO,VENEZIA SANTA LUCIA,BATTAGLIA TERME,0.06666666666666667,-1.0,90,2023-01-01,2023-03-31,5,3,1,45.291475,11.77838,12:57,90,7
REG,17087,ROVIGO,VENEZIA SANTA LUCIA,MONSELICE,1.7333333333333334,1.0,90,2023-01-01,2023-03-31,15,3,0,45.246116,11.74789,13:03,90,8
REG,17087,ROVIGO,VENEZIA SANTA LUCIA,S.ELENA - ESTE,-0.9213483146067416,-2.0,89,2023-01-01,2023-03-31,5,2,0,45.199209,11.712883,13:15,90,9
REG,17087,ROVIGO,VENEZIA SANTA LUCIA,STANGHELLA,-0.4222222222222222,-1.0,90,2023-01-01,2023-03-31,4,2,0,45.13209,11.749094,13:21,90,10
REG,17087,ROVIGO,VENEZIA SANTA LUCIA,ROVIGO,-4.866666666666666,-5.0,90,2023-01-01,2023-03-31,0,0,0,45.076993,11.780892,13:33,90,11
