train_class,train_number,train_arrival_stop_name,train_departure_stop_name,stop_name,avg_arrival_delay,median_arrival_delay,count_dates_stop,first_date,last_date,count_3m_delay,count_5m_delay,count_10m_delay,stop_lat,stop_lon,stop_time,count_dates_train,stop_number
REG,1240,M N CADORNA,NOVARA NORD,BUSTO ARSIZIO,0.0,0.0,75,2023-01-03,2023-03-31,0,0,0,45.616164,8.865031,11:38,75,1
REG,1240,M N CADORNA,NOVARA NORD,CASTELLANZA,0.0,0.0,75,2023-01-03,2023-03-31,0,0,0,,,11:41,75,2
REG,1240,M N CADORNA,NOVARA NORD,RESCALDINA,0.0,0.0,75,2023-01-03,2023-03-31,0,0,0,,,11:46,75,3
REG,1240,M N CADORNA,NOVARA NORD,SARONNO,0.0,0.0,75,2023-01-03,2023-03-31,0,0,0,45.625309,9.030839,11:52,75,4
