train_class,train_number,train_arrival_stop_name,train_departure_stop_name,stop_name,avg_arrival_delay,median_arrival_delay,count_dates_stop,first_date,last_date,count_3m_delay,count_5m_delay,count_10m_delay,stop_lat,stop_lon,stop_time,count_dates_train,stop_number
REG,17386,MANIAGO,SACILE,SACILE,1.95,1.0,80,2023-01-09,2023-03-31,8,5,1,45.948413,12.498498,15:20,80,1
REG,17386,MANIAGO,SACILE,BUDOIA POLCENIGO,-1.7625,-2.0,80,2023-01-09,2023-03-31,4,2,1,46.031464,12.537637,15:31,80,2
REG,17386,MANIAGO,SACILE,AVIANO,-0.25,-1.0,80,2023-01-09,2023-03-31,3,2,1,46.064362,12.590686,15:39,80,3
REG,17386,MANIAGO,SACILE,MONTEREALE VALCELLINA,-1.0875,-2.0,80,2023-01-09,2023-03-31,2,1,1,46.148009,12.658923,15:50,80,4
REG,17386,MANIAGO,SACILE,MANIAGO,-2.4,-3.0,80,2023-01-09,2023-03-31,1,1,1,46.170057,12.714527,15:58,80,5
