train_class,train_number,train_arrival_stop_name,train_departure_stop_name,stop_name,avg_arrival_delay,median_arrival_delay,count_dates_stop,first_date,last_date,count_3m_delay,count_5m_delay,count_10m_delay,stop_lat,stop_lon,stop_time,count_dates_train,stop_number
REG,90000,BOLOGNA C.LE,VIGNOLA,VIGNOLA,1.4482758620689655,1.0,58,2023-01-02,2023-03-31,4,3,1,,,06:08,58,1
REG,90000,BOLOGNA C.LE,VIGNOLA,BAZZANO,0.034482758620689655,0.0,58,2023-01-02,2023-03-31,4,3,0,,,06:19,58,2
REG,90000,BOLOGNA C.LE,VIGNOLA,CRESPELLANO,1.9482758620689655,2.0,58,2023-01-02,2023-03-31,15,3,0,,,06:27,58,3
REG,90000,BOLOGNA C.LE,VIGNOLA,VIA LUNGA,-0.7413793103448276,-1.0,58,2023-01-02,2023-03-31,3,1,0,,,06:32,58,4
REG,90000,BOLOGNA C.LE,VIGNOLA,CASALECCHIO GARIBALDI,3.1724137931034484,3.0,58,2023-01-02,2023-03-31,34,12,0,44.482995,11.272474,06:52,58,5
REG,90000,BOLOGNA C.LE,VIGNOLA,CASTELDEBOLE,5.035087719298246,5.0,57,2023-01-02,2023-03-31,54,33,0,44.503974,11.27456,06:56,58,6
REG,90000,BOLOGNA C.LE,VIGNOLA,BOLOGNA BORGO PANIGALE,4.4035087719298245,4.0,57,2023-01-02,2023-03-31,48,24,1,44.515024,11.284728,06:59,58,7
REG,90000,BOLOGNA C.LE,VIGNOLA,BOLOGNA C.LE,0.6379310344827587,0.0,58,2023-01-02,2023-03-31,11,3,0,44.50626,11.342267,07:08,58,8
