train_class,train_number,train_arrival_stop_name,train_departure_stop_name,stop_name,avg_arrival_delay,median_arrival_delay,count_dates_stop,first_date,last_date,count_3m_delay,count_5m_delay,count_10m_delay,stop_lat,stop_lon,stop_time,count_dates_train,stop_number
REG,12443,SESTRI LEVANTE,SAVONA,SAVONA,2.8260869565217392,2.0,23,2023-01-01,2023-03-26,6,2,1,44.306892,8.470259,18:05,23,1
REG,12443,SESTRI LEVANTE,SAVONA,ALBISOLA,3.090909090909091,3.0,22,2023-01-01,2023-03-26,14,3,0,44.33469,8.512092,18:09,23,2
REG,12443,SESTRI LEVANTE,SAVONA,VARAZZE,2.4347826086956523,2.0,23,2023-01-01,2023-03-26,6,2,1,44.356842,8.566682,18:17,23,3
REG,12443,SESTRI LEVANTE,SAVONA,COGOLETO,0.9565217391304348,1.0,23,2023-01-01,2023-03-26,2,2,1,44.389762,8.643906,18:24,23,4
REG,12443,SESTRI LEVANTE,SAVONA,ARENZANO,2.0869565217391304,2.0,23,2023-01-01,2023-03-26,4,3,1,44.403089,8.678322,18:28,23,5
REG,12443,SESTRI LEVANTE,SAVONA,GENOVA VOLTRI,0.6956521739130435,0.0,23,2023-01-01,2023-03-26,3,3,1,44.428467,8.758163,18:36,23,6
REG,12443,SESTRI LEVANTE,SAVONA,GENOVA SESTRI PONENTE,1.2173913043478262,0.0,23,2023-01-01,2023-03-26,4,2,1,44.422374,8.847707,18:48,23,7
REG,12443,SESTRI LEVANTE,SAVONA,GENOVA SAMPIERDARENA,1.0,-1.0,23,2023-01-01,2023-03-26,3,1,1,44.413102,8.887271,18:56,23,8
REG,12443,SESTRI LEVANTE,SAVONA,GENOVA P.PRINCIPE,3.0434782608695654,2.0,23,2023-01-01,2023-03-26,9,3,1,44.417784,8.9207,19:03,23,9
REG,12443,SESTRI LEVANTE,SAVONA,GENOVA BRIGNOLE,1.4782608695652173,0.0,23,2023-01-01,2023-03-26,5,2,1,44.407213,8.947553,19:11,23,10
REG,12443,SESTRI LEVANTE,SAVONA,GENOVA QUARTO DEI MILLE,1.3478260869565217,0.0,23,2023-01-01,2023-03-26,6,3,2,44.388607,8.99597,19:29,23,11
REG,12443,SESTRI LEVANTE,SAVONA,GENOVA NERVI,1.826086956521739,0.0,23,2023-01-01,2023-03-26,6,3,2,44.381271,9.039895,19:37,23,12
REG,12443,SESTRI LEVANTE,SAVONA,RECCO,2.0,0.0,23,2023-01-01,2023-03-26,6,4,3,44.361215,9.146788,19:51,23,13
REG,12443,SESTRI LEVANTE,SAVONA,S. MARGHERITA LIGURE PORTOFINO,1.7391304347826086,0.0,23,2023-01-01,2023-03-26,6,5,3,44.33676,9.216673,20:01,23,14
REG,12443,SESTRI LEVANTE,SAVONA,CHIAVARI,2.652173913043478,1.0,23,2023-01-01,2023-03-26,8,4,2,44.315156,9.322464,20:16,23,15
REG,12443,SESTRI LEVANTE,SAVONA,SESTRI LEVANTE,1.3043478260869565,0.0,23,2023-01-01,2023-03-26,4,3,1,44.27626,9.397651,20:28,23,16
