train_class,train_number,train_arrival_stop_name,train_departure_stop_name,stop_name,avg_arrival_delay,median_arrival_delay,count_dates_stop,first_date,last_date,count_3m_delay,count_5m_delay,count_10m_delay,stop_lat,stop_lon,stop_time,count_dates_train,stop_number
REG,12341,GENOVA BRIGNOLE,SAVONA,SAVONA,3.5555555555555554,3.0,63,2023-01-02,2023-03-31,40,11,3,44.306892,8.470259,08:20,63,1
REG,12341,GENOVA BRIGNOLE,SAVONA,ALBISOLA,3.9682539682539684,3.0,63,2023-01-02,2023-03-31,47,17,3,44.33469,8.512092,08:24,63,2
REG,12341,GENOVA BRIGNOLE,SAVONA,VARAZZE,3.0476190476190474,3.0,63,2023-01-02,2023-03-31,32,13,2,44.356842,8.566682,08:32,63,3
REG,12341,GENOVA BRIGNOLE,SAVONA,COGOLETO,2.8095238095238093,2.0,63,2023-01-02,2023-03-31,29,12,2,44.389762,8.643906,08:38,63,4
REG,12341,GENOVA BRIGNOLE,SAVONA,ARENZANO,3.365079365079365,3.0,63,2023-01-02,2023-03-31,37,15,2,44.403089,8.678322,08:42,63,5
REG,12341,GENOVA BRIGNOLE,SAVONA,GENOVA VOLTRI,2.0952380952380953,2.0,63,2023-01-02,2023-03-31,23,11,1,44.428467,8.758163,08:50,63,6
REG,12341,GENOVA BRIGNOLE,SAVONA,GENOVA SESTRI PONENTE,2.0,1.0,63,2023-01-02,2023-03-31,18,9,2,44.422374,8.847707,09:02,63,7
REG,12341,GENOVA BRIGNOLE,SAVONA,GENOVA SAMPIERDARENA,2.7777777777777777,2.0,63,2023-01-02,2023-03-31,22,13,3,44.413102,8.887271,09:09,63,8
REG,12341,GENOVA BRIGNOLE,SAVONA,GENOVA P.PRINCIPE,4.174603174603175,3.0,63,2023-01-02,2023-03-31,41,17,9,44.417784,8.9207,09:16,63,9
REG,12341,GENOVA BRIGNOLE,SAVONA,GENOVA BRIGNOLE,3.3333333333333335,2.0,63,2023-01-02,2023-03-31,29,16,6,44.407213,8.947553,09:24,63,10
