train_class,train_number,train_arrival_stop_name,train_departure_stop_name,stop_name,avg_arrival_delay,median_arrival_delay,count_dates_stop,first_date,last_date,count_3m_delay,count_5m_delay,count_10m_delay,stop_lat,stop_lon,stop_time,count_dates_train,stop_number
REG,19099,CHIUSI C.T.,SIENA,SIENA,3.533333333333333,2.0,75,2023-01-02,2023-03-31,26,11,4,43.331708,11.322972,20:23,75,1
REG,19099,CHIUSI C.T.,SIENA,ARBIA,2.4,1.0,75,2023-01-02,2023-03-31,14,10,4,43.294393,11.406225,20:32,75,2
REG,19099,CHIUSI C.T.,SIENA,CASTELNUOVO BERARDENGA,4.266666666666667,3.0,75,2023-01-02,2023-03-31,56,13,5,43.306882,11.484912,20:38,75,3
REG,19099,CHIUSI C.T.,SIENA,ASCIANO MONTE OLIVETO MAGGIORE,5.053333333333334,4.0,75,2023-01-02,2023-03-31,63,23,5,43.231706,11.563621,20:49,75,4
REG,19099,CHIUSI C.T.,SIENA,ASCIANO,2.08,1.0,75,2023-01-02,2023-03-31,19,9,4,43.235245,11.579237,20:56,75,5
REG,19099,CHIUSI C.T.,SIENA,RAPOLANO TERME,2.1333333333333333,1.0,75,2023-01-02,2023-03-31,14,6,4,43.283331,11.602504,21:04,75,6
REG,19099,CHIUSI C.T.,SIENA,SINALUNGA,3.3333333333333335,2.0,75,2023-01-02,2023-03-31,29,8,4,43.216189,11.744866,21:18,75,7
REG,19099,CHIUSI C.T.,SIENA,TORRITA DI SIENA,4.44,3.0,75,2023-01-02,2023-03-31,52,15,4,43.174187,11.78758,21:23,75,8
REG,19099,CHIUSI C.T.,SIENA,MONTEPULCIANO,6.0,4.0,75,2023-01-02,2023-03-31,65,36,7,43.135353,11.856865,21:29,75,9
REG,19099,CHIUSI C.T.,SIENA,CHIUSI C.T.,5.16,3.0,75,2023-01-02,2023-03-31,47,31,8,43.002466,11.957893,21:47,75,10
