train_class,train_number,train_arrival_stop_name,train_departure_stop_name,stop_name,avg_arrival_delay,median_arrival_delay,count_dates_stop,first_date,last_date,count_3m_delay,count_5m_delay,count_10m_delay,stop_lat,stop_lon,stop_time,count_dates_train,stop_number
REG,20461,FIUMICINO AEROPORTO,FARA SABINA,FARA SABINA,1.912280701754386,1.0,57,2023-01-10,2023-03-31,12,6,0,42.155546,12.648323,11:05,57,1
REG,20461,FIUMICINO AEROPORTO,FARA SABINA,PIANA BELLA MONTELIBRETTI,1.6666666666666667,1.0,57,2023-01-10,2023-03-31,14,2,0,42.105159,12.632938,11:11,57,2
REG,20461,FIUMICINO AEROPORTO,FARA SABINA,MONTEROTONDO,1.7719298245614035,1.0,57,2023-01-10,2023-03-31,15,3,0,42.06409,12.595753,11:16,57,3
REG,20461,FIUMICINO AEROPORTO,FARA SABINA,SETTE BAGNI,3.5789473684210527,3.0,57,2023-01-10,2023-03-31,32,14,4,42.006438,12.520156,11:24,57,4
REG,20461,FIUMICINO AEROPORTO,FARA SABINA,FIDENE,3.263157894736842,2.0,57,2023-01-10,2023-03-31,27,12,3,41.979773,12.508451,11:29,57,5
REG,20461,FIUMICINO AEROPORTO,FARA SABINA,NUOVO SALARIO,1.2456140350877194,1.0,57,2023-01-10,2023-03-31,12,7,1,41.956195,12.510317,11:33,57,6
REG,20461,FIUMICINO AEROPORTO,FARA SABINA,ROMA NOMENTANA L.L.,1.2105263157894737,-1.0,57,2023-01-10,2023-03-31,12,5,1,41.932935,12.523628,11:38,57,7
REG,20461,FIUMICINO AEROPORTO,FARA SABINA,ROMA TIBURTINA,-0.24528301886792453,-2.0,53,2023-01-10,2023-03-31,4,3,1,41.910903,12.530749,11:45,57,8
REG,20461,FIUMICINO AEROPORTO,FARA SABINA,ROMA TUSCOLANA,1.48,0.0,50,2023-01-10,2023-03-31,8,4,1,41.879384,12.523505,11:51,57,9
REG,20461,FIUMICINO AEROPORTO,FARA SABINA,ROMA OSTIENSE,-0.5,-2.0,56,2023-01-10,2023-03-31,4,1,1,41.87265,12.483917,11:59,57,10
REG,20461,FIUMICINO AEROPORTO,FARA SABINA,ROMA TRASTEVERE,1.0178571428571428,0.0,56,2023-01-10,2023-03-31,2,1,1,41.872279,12.466162,12:05,57,11
REG,20461,FIUMICINO AEROPORTO,FARA SABINA,VILLA BONELLI,1.9642857142857142,1.0,56,2023-01-10,2023-03-31,3,1,1,41.8477601,12.455223,12:09,57,12
REG,20461,FIUMICINO AEROPORTO,FARA SABINA,MAGLIANA,0.9821428571428571,0.0,56,2023-01-10,2023-03-31,2,1,1,41.834235,12.431017,12:13,57,13
REG,20461,FIUMICINO AEROPORTO,FARA SABINA,MURATELLA,2.0526315789473686,1.0,57,2023-01-10,2023-03-31,6,1,1,41.826182,12.412696,12:15,57,14
REG,20461,FIUMICINO AEROPORTO,FARA SABINA,PONTE GALERIA,1.719298245614035,1.0,57,2023-01-10,2023-03-31,5,1,1,41.818349,12.344733,12:20,57,15
REG,20461,FIUMICINO AEROPORTO,FARA SABINA,PARCO LEONARDO,2.807017543859649,2.0,57,2023-01-10,2023-03-31,16,4,1,41.79932,12.29543,12:26,57,16
REG,20461,FIUMICINO AEROPORTO,FARA SABINA,FIUMICINO AEROPORTO,1.263157894736842,1.0,57,2023-01-10,2023-03-31,4,1,1,41.793673,12.251728,12:33,57,17
