train_class,train_number,train_arrival_stop_name,train_departure_stop_name,stop_name,avg_arrival_delay,median_arrival_delay,count_dates_stop,first_date,last_date,count_3m_delay,count_5m_delay,count_10m_delay,stop_lat,stop_lon,stop_time,count_dates_train,stop_number
REG,25333,GALLARATE,LUINO,LUINO,3.049382716049383,2.0,81,2023-01-01,2023-03-31,21,9,3,45.996643,8.737464,13:45,81,1
REG,25333,GALLARATE,LUINO,PORTO VALTRAVAGLIA,3.2839506172839505,2.0,81,2023-01-01,2023-03-31,23,11,3,45.958219,8.674141,13:50,81,2
REG,25333,GALLARATE,LUINO,CALDE`,3.075,1.0,80,2023-01-01,2023-03-31,25,15,3,45.945812,8.663157,13:53,81,3
REG,25333,GALLARATE,LUINO,LAVENO MOMBELLO,3.5185185185185186,1.0,81,2023-01-01,2023-03-31,25,16,4,45.903272,8.624583,13:59,81,4
REG,25333,GALLARATE,LUINO,SANGIANO,4.405063291139241,2.0,79,2023-01-01,2023-03-31,28,19,5,45.874464,8.630769,14:04,81,5
REG,25333,GALLARATE,LUINO,BESOZZO,3.1728395061728394,1.0,81,2023-01-01,2023-03-31,22,14,5,45.842188,8.662997,14:09,81,6
REG,25333,GALLARATE,LUINO,TRAVEDONA BIANDRONNO,3.6049382716049383,1.0,81,2023-01-01,2023-03-31,22,15,5,45.809601,8.696322,14:14,81,7
REG,25333,GALLARATE,LUINO,TERNATE VARANO BORGHI,2.123456790123457,0.0,81,2023-01-01,2023-03-31,16,8,4,45.781835,8.700371,14:18,81,8
REG,25333,GALLARATE,LUINO,MORNAGO CIMBRO,0.3333333333333333,-2.0,81,2023-01-01,2023-03-31,8,6,4,45.729742,8.734193,14:26,81,9
REG,25333,GALLARATE,LUINO,BESNATE,2.2098765432098766,0.0,81,2023-01-01,2023-03-31,12,7,6,45.695409,8.761072,14:35,81,10
REG,25333,GALLARATE,LUINO,GALLARATE,1.345679012345679,-1.0,81,2023-01-01,2023-03-31,10,6,5,45.659828,8.798243,14:41,81,11
