train_class,train_number,train_arrival_stop_name,train_departure_stop_name,stop_name,avg_arrival_delay,median_arrival_delay,count_dates_stop,first_date,last_date,count_3m_delay,count_5m_delay,count_10m_delay,stop_lat,stop_lon,stop_time,count_dates_train,stop_number
REG,12853,S.AGATA M.,MESSINA CENTRALE,MESSINA CENTRALE,2.1447368421052633,2.0,76,2023-01-02,2023-03-31,30,2,0,38.184975,15.561278,05:03,76,1
REG,12853,S.AGATA M.,MESSINA CENTRALE,ROMETTA MESSINESE,0.631578947368421,1.0,76,2023-01-02,2023-03-31,2,2,0,38.228455,15.405894,05:17,76,2
REG,12853,S.AGATA M.,MESSINA CENTRALE,PACE DEL MELA,0.3157894736842105,0.0,76,2023-01-02,2023-03-31,3,1,0,38.202459,15.312676,05:28,76,3
REG,12853,S.AGATA M.,MESSINA CENTRALE,MILAZZO,-0.21052631578947367,-1.0,76,2023-01-02,2023-03-31,3,1,0,38.21195,15.244203,05:33,76,4
REG,12853,S.AGATA M.,MESSINA CENTRALE,BARCELLONA,0.15789473684210525,-1.0,76,2023-01-02,2023-03-31,5,2,0,38.14918,15.212499,05:39,76,5
REG,12853,S.AGATA M.,MESSINA CENTRALE,PATTI-SAN PIERO PATTI,-0.13157894736842105,-1.0,76,2023-01-02,2023-03-31,4,2,0,38.146905,14.975331,05:51,76,6
REG,12853,S.AGATA M.,MESSINA CENTRALE,SAN GIORGIO,1.5394736842105263,1.0,76,2023-01-02,2023-03-31,11,4,1,38.173967,14.94414,05:56,76,7
REG,12853,S.AGATA M.,MESSINA CENTRALE,GIOJOSA MAREA,-2.0,-3.0,76,2023-01-02,2023-03-31,4,4,0,38.175149,14.894794,06:05,76,8
REG,12853,S.AGATA M.,MESSINA CENTRALE,BROLO FICARRA,-1.105263157894737,-2.0,76,2023-01-02,2023-03-31,4,1,1,38.159204,14.830176,06:16,76,9
REG,12853,S.AGATA M.,MESSINA CENTRALE,CAPO D`ORLANDO-NASO,0.25,0.0,76,2023-01-02,2023-03-31,4,1,0,38.157941,14.744844,06:23,76,10
REG,12853,S.AGATA M.,MESSINA CENTRALE,ZAPPULLA,0.868421052631579,1.0,76,2023-01-02,2023-03-31,8,2,1,38.116962,14.703086,06:29,76,11
REG,12853,S.AGATA M.,MESSINA CENTRALE,SAN MARCO D`ALUNZIO T.,2.0657894736842106,2.0,76,2023-01-02,2023-03-31,13,3,2,38.094202,14.675909,06:33,76,12
REG,12853,S.AGATA M.,MESSINA CENTRALE,S.AGATA M.,-0.9473684210526315,-1.0,76,2023-01-02,2023-03-31,2,2,0,38.073554,14.640622,06:40,76,13
