train_class,train_number,train_arrival_stop_name,train_departure_stop_name,stop_name,avg_arrival_delay,median_arrival_delay,count_dates_stop,first_date,last_date,count_3m_delay,count_5m_delay,count_10m_delay,stop_lat,stop_lon,stop_time,count_dates_train,stop_number
REG,2475,BOLOGNA C.LE,MILANO CENTRALE,MILANO CENTRALE,3.8444444444444446,2.0,90,2023-01-01,2023-03-31,40,12,4,45.486347,9.204528,17:20,90,1
REG,2475,BOLOGNA C.LE,MILANO CENTRALE,MILANO LAMBRATE,2.522222222222222,1.0,90,2023-01-01,2023-03-31,18,7,4,45.484933,9.237333,17:26,90,2
REG,2475,BOLOGNA C.LE,MILANO CENTRALE,MILANO ROGOREDO,3.955056179775281,2.0,89,2023-01-01,2023-03-31,40,12,5,45.433866,9.2391,17:31,90,3
REG,2475,BOLOGNA C.LE,MILANO CENTRALE,LODI,6.786516853932584,4.0,89,2023-01-01,2023-03-31,72,43,11,45.308966,9.497585,17:46,90,4
REG,2475,BOLOGNA C.LE,MILANO CENTRALE,PIACENZA,2.0444444444444443,-2.0,90,2023-01-01,2023-03-31,17,14,10,45.052238,9.70633,18:12,90,5
REG,2475,BOLOGNA C.LE,MILANO CENTRALE,FIORENZUOLA,3.033333333333333,-1.0,90,2023-01-01,2023-03-31,21,14,10,44.928716,9.917403,18:26,90,6
REG,2475,BOLOGNA C.LE,MILANO CENTRALE,FIDENZA,0.05555555555555555,-3.0,90,2023-01-01,2023-03-31,15,11,6,44.86773,10.06339,18:41,90,7
REG,2475,BOLOGNA C.LE,MILANO CENTRALE,PARMA,4.7444444444444445,2.0,90,2023-01-01,2023-03-31,40,23,8,44.810203,10.32837,18:58,90,8
REG,2475,BOLOGNA C.LE,MILANO CENTRALE,S.ILARIO,5.166666666666667,4.0,90,2023-01-01,2023-03-31,56,40,9,44.765795,10.450469,19:14,90,9
REG,2475,BOLOGNA C.LE,MILANO CENTRALE,REGGIO EMILIA,8.1,6.0,90,2023-01-01,2023-03-31,68,63,18,44.697793,10.643093,19:25,90,10
REG,2475,BOLOGNA C.LE,MILANO CENTRALE,RUBIERA,7.5,6.0,90,2023-01-01,2023-03-31,70,58,15,44.65618,10.780252,19:34,90,11
REG,2475,BOLOGNA C.LE,MILANO CENTRALE,MODENA,7.333333333333333,5.0,90,2023-01-01,2023-03-31,68,51,16,44.654461,10.930373,19:44,90,12
REG,2475,BOLOGNA C.LE,MILANO CENTRALE,CASTELFRANCO D'EMILIA,8.02247191011236,5.0,89,2023-01-01,2023-03-31,71,50,21,44.597381,11.056408,19:53,90,13
REG,2475,BOLOGNA C.LE,MILANO CENTRALE,SAMOGGIA,9.588888888888889,7.0,90,2023-01-01,2023-03-31,79,63,29,44.567307,11.146221,19:59,90,14
REG,2475,BOLOGNA C.LE,MILANO CENTRALE,ANZOLA,9.269662921348315,7.0,89,2023-01-01,2023-03-31,75,57,27,,,20:04,90,15
REG,2475,BOLOGNA C.LE,MILANO CENTRALE,BOLOGNA C.LE,7.344444444444444,4.0,90,2023-01-01,2023-03-31,60,43,19,44.50626,11.342267,20:16,90,16
