train_class,train_number,train_arrival_stop_name,train_departure_stop_name,stop_name,avg_arrival_delay,median_arrival_delay,count_dates_stop,first_date,last_date,count_3m_delay,count_5m_delay,count_10m_delay,stop_lat,stop_lon,stop_time,count_dates_train,stop_number
AV,9716,TORINO P.NUOVA,VENEZIA SANTA LUCIA,VENEZIA SANTA LUCIA,1.1777777777777778,1.0,90,2023-01-01,2023-03-31,9,1,1,45.441569,12.320882,08:18,90,1
AV,9716,TORINO P.NUOVA,VENEZIA SANTA LUCIA,VENEZIA MESTRE,2.1666666666666665,2.0,90,2023-01-01,2023-03-31,32,9,2,45.482123,12.232069,08:28,90,2
AV,9716,TORINO P.NUOVA,VENEZIA SANTA LUCIA,PADOVA,1.9555555555555555,1.0,90,2023-01-01,2023-03-31,27,13,2,45.417846,11.880794,08:44,90,3
AV,9716,TORINO P.NUOVA,VENEZIA SANTA LUCIA,VICENZA,1.160919540229885,1.0,87,2023-01-01,2023-03-31,19,9,0,45.541102,11.540762,09:02,90,4
AV,9716,TORINO P.NUOVA,VENEZIA SANTA LUCIA,VERONA PORTA NUOVA,2.4482758620689653,2.0,87,2023-01-01,2023-03-31,36,19,2,45.428603,10.982377,09:30,90,5
AV,9716,TORINO P.NUOVA,VENEZIA SANTA LUCIA,PESCHIERA DEL GARDA,2.1264367816091956,1.0,87,2023-01-01,2023-03-31,33,17,4,45.438502,10.702509,09:46,90,6
AV,9716,TORINO P.NUOVA,VENEZIA SANTA LUCIA,BRESCIA,4.793103448275862,2.0,87,2023-01-01,2023-03-31,39,23,7,45.532315,10.212828,10:07,90,7
AV,9716,TORINO P.NUOVA,VENEZIA SANTA LUCIA,MILANO PORTA GARIBALDI,5.7,3.0,90,2023-01-01,2023-03-31,52,30,10,45.484917,9.187683,10:47,90,8
AV,9716,TORINO P.NUOVA,VENEZIA SANTA LUCIA,RHO FIERA MILANO,4.5,2.0,90,2023-01-01,2023-03-31,39,26,10,,,11:01,90,9
AV,9716,TORINO P.NUOVA,VENEZIA SANTA LUCIA,TORINO PORTA SUSA,5.622222222222222,3.0,90,2023-01-01,2023-03-31,48,32,15,45.075906,7.667673,11:38,90,10
AV,9716,TORINO P.NUOVA,VENEZIA SANTA LUCIA,TORINO P.NUOVA,3.3777777777777778,1.0,90,2023-01-01,2023-03-31,26,16,11,45.060969,7.67747,11:50,90,11
