train_class,train_number,train_arrival_stop_name,train_departure_stop_name,stop_name,avg_arrival_delay,median_arrival_delay,count_dates_stop,first_date,last_date,count_3m_delay,count_5m_delay,count_10m_delay,stop_lat,stop_lon,stop_time,count_dates_train,stop_number
REG,21106,SALERNO,POTENZA CENTRALE,POTENZA CENTRALE,2.723684210526316,2.0,76,2023-01-01,2023-03-31,13,4,2,40.629469,15.806808,13:25,76,1
REG,21106,SALERNO,POTENZA CENTRALE,TITO,0.6973684210526315,-1.0,76,2023-01-01,2023-03-31,6,3,1,40.607321,15.698194,13:35,76,2
REG,21106,SALERNO,POTENZA CENTRALE,PICERNO,2.776315789473684,1.0,76,2023-01-01,2023-03-31,19,7,3,40.640122,15.641612,13:42,76,3
REG,21106,SALERNO,POTENZA CENTRALE,BARAGIANO,3.6447368421052633,2.0,76,2023-01-01,2023-03-31,31,13,5,40.695213,15.569206,13:53,76,4
REG,21106,SALERNO,POTENZA CENTRALE,BELLA MURO,3.9473684210526314,3.0,76,2023-01-01,2023-03-31,40,16,4,40.700914,15.542936,13:57,76,5
REG,21106,SALERNO,POTENZA CENTRALE,BUCCINO S.,3.8421052631578947,2.0,76,2023-01-01,2023-03-31,33,19,6,40.600806,15.374199,14:17,76,6
REG,21106,SALERNO,POTENZA CENTRALE,CONTURSI TERME,1.4605263157894737,-1.0,76,2023-01-01,2023-03-31,19,16,5,40.630046,15.235486,14:34,76,7
REG,21106,SALERNO,POTENZA CENTRALE,EBOLI,4.9605263157894735,3.0,76,2023-01-01,2023-03-31,45,28,7,40.611057,15.052382,14:50,76,8
REG,21106,SALERNO,POTENZA CENTRALE,BATTIPAGLIA,4.592105263157895,3.0,76,2023-01-01,2023-03-31,46,29,5,40.605789,14.98324,15:00,76,9
REG,21106,SALERNO,POTENZA CENTRALE,SALERNO,1.1973684210526316,-1.0,76,2023-01-01,2023-03-31,16,10,5,40.675137,14.772822,15:20,76,10
