train_class,train_number,train_arrival_stop_name,train_departure_stop_name,stop_name,avg_arrival_delay,median_arrival_delay,count_dates_stop,first_date,last_date,count_3m_delay,count_5m_delay,count_10m_delay,stop_lat,stop_lon,stop_time,count_dates_train,stop_number
REG,16833,SACILE,UDINE,UDINE,4.354838709677419,4.0,62,2023-01-02,2023-03-31,43,23,4,46.055791,13.242003,20:32,62,1
REG,16833,SACILE,UDINE,BASILIANO,4.82258064516129,4.0,62,2023-01-02,2023-03-31,46,29,5,46.012737,13.109233,20:39,62,2
REG,16833,SACILE,UDINE,CODROIPO,5.655737704918033,6.0,61,2023-01-02,2023-03-31,44,38,8,45.9657,12.976543,20:46,62,3
REG,16833,SACILE,UDINE,CASARSA,4.483870967741935,4.0,62,2023-01-02,2023-03-31,43,31,5,45.953002,12.8406,20:54,62,4
REG,16833,SACILE,UDINE,PORDENONE,1.2903225806451613,1.0,62,2023-01-02,2023-03-31,22,10,3,45.956281,12.654126,21:09,62,5
REG,16833,SACILE,UDINE,SACILE,-0.27419354838709675,-1.0,62,2023-01-02,2023-03-31,6,4,1,45.948413,12.498498,21:24,62,6
