train_class,train_number,train_arrival_stop_name,train_departure_stop_name,stop_name,avg_arrival_delay,median_arrival_delay,count_dates_stop,first_date,last_date,count_3m_delay,count_5m_delay,count_10m_delay,stop_lat,stop_lon,stop_time,count_dates_train,stop_number
REG,21042,FORMIA-GAETA,NAPOLI CENTRALE,NAPOLI CENTRALE,1.7466666666666666,1.0,75,2023-01-02,2023-03-31,4,2,1,40.852933,14.272908,05:31,75,1
REG,21042,FORMIA-GAETA,NAPOLI CENTRALE,CASORIA,-2.0,-2.0,75,2023-01-02,2023-03-31,2,2,0,40.907762,14.29874,05:42,75,2
REG,21042,FORMIA-GAETA,NAPOLI CENTRALE,AVERSA,0.52,0.0,75,2023-01-02,2023-03-31,3,3,1,40.973323,14.218578,05:54,75,3
REG,21042,FORMIA-GAETA,NAPOLI CENTRALE,S.MARCELLINO FRIGNANO,1.1866666666666668,0.0,75,2023-01-02,2023-03-31,4,4,2,40.992103,14.171976,06:00,75,4
REG,21042,FORMIA-GAETA,NAPOLI CENTRALE,VILLA LITERNO,0.7567567567567568,-1.0,74,2023-01-02,2023-03-31,5,4,2,41.004956,14.06753,06:11,75,5
REG,21042,FORMIA-GAETA,NAPOLI CENTRALE,CANCELLO ARNONE,1.0933333333333333,-1.0,75,2023-01-02,2023-03-31,8,3,2,41.063369,14.02901,06:17,75,6
REG,21042,FORMIA-GAETA,NAPOLI CENTRALE,FALCIANO MONDRAGONE CAR.,1.92,1.0,75,2023-01-02,2023-03-31,9,5,3,41.123525,13.971792,06:24,75,7
REG,21042,FORMIA-GAETA,NAPOLI CENTRALE,SESSA AURUNCA R.,2.6933333333333334,1.0,75,2023-01-02,2023-03-31,18,8,3,41.1955,13.8761,06:32,75,8
REG,21042,FORMIA-GAETA,NAPOLI CENTRALE,MINTURNO,2.453333333333333,1.0,75,2023-01-02,2023-03-31,19,6,3,41.257621,13.720664,06:41,75,9
REG,21042,FORMIA-GAETA,NAPOLI CENTRALE,FORMIA-GAETA,3.24,2.0,75,2023-01-02,2023-03-31,27,10,3,41.258773,13.605996,06:50,75,10
