train_class,train_number,train_arrival_stop_name,train_departure_stop_name,stop_name,avg_arrival_delay,median_arrival_delay,count_dates_stop,first_date,last_date,count_3m_delay,count_5m_delay,count_10m_delay,stop_lat,stop_lon,stop_time,count_dates_train,stop_number
REG,5654,SAPRI,COSENZA,COSENZA,1.7142857142857142,1.0,63,2023-01-02,2023-03-31,10,2,0,39.318386,16.260955,20:23,63,1
REG,5654,SAPRI,COSENZA,CASTIGLIONE COSENTINO,0.09523809523809523,0.0,63,2023-01-02,2023-03-31,2,1,0,39.35542,16.244388,20:29,63,2
REG,5654,SAPRI,COSENZA,PAOLA,-0.14285714285714285,-1.0,63,2023-01-02,2023-03-31,6,1,1,39.359442,16.033093,20:45,63,3
REG,5654,SAPRI,COSENZA,CETRARO,2.142857142857143,1.0,63,2023-01-02,2023-03-31,20,8,4,39.512553,15.939263,21:10,63,4
REG,5654,SAPRI,COSENZA,CAPO BONIFATI,5.238095238095238,3.0,63,2023-01-02,2023-03-31,38,21,6,39.558342,15.874052,21:16,63,5
REG,5654,SAPRI,COSENZA,BELVEDERE MARITTIMO,6.968253968253968,6.0,63,2023-01-02,2023-03-31,40,35,17,39.616549,15.853039,21:33,63,6
REG,5654,SAPRI,COSENZA,DIAMANTE BUONVICINO,7.5396825396825395,6.0,63,2023-01-02,2023-03-31,41,36,17,39.67701,15.824278,21:39,63,7
REG,5654,SAPRI,COSENZA,SCALEA S.DOMENICA TALAO,8.285714285714286,6.0,63,2023-01-02,2023-03-31,42,39,19,39.8083,15.80139,21:48,63,8
REG,5654,SAPRI,COSENZA,PRAJA AJETA TORTORA,7.365079365079365,5.0,63,2023-01-02,2023-03-31,41,36,18,39.900832,15.780628,21:56,63,9
REG,5654,SAPRI,COSENZA,MARATEA,6.714285714285714,4.0,63,2023-01-02,2023-03-31,40,30,16,39.995028,15.70975,22:05,63,10
REG,5654,SAPRI,COSENZA,SAPRI,5.888888888888889,3.0,63,2023-01-02,2023-03-31,40,22,13,40.078013,15.627204,22:16,63,11
