train_class,train_number,train_arrival_stop_name,train_departure_stop_name,stop_name,avg_arrival_delay,median_arrival_delay,count_dates_stop,first_date,last_date,count_3m_delay,count_5m_delay,count_10m_delay,stop_lat,stop_lon,stop_time,count_dates_train,stop_number
REG,20759,CESANO DI ROMA,MONTEROTONDO,MONTEROTONDO,1.45,1.0,60,2023-01-09,2023-03-31,3,3,0,42.06409,12.595753,17:54,60,1
REG,20759,CESANO DI ROMA,MONTEROTONDO,SETTE BAGNI,1.8333333333333333,2.0,60,2023-01-09,2023-03-31,10,3,0,42.006438,12.520156,18:01,60,2
REG,20759,CESANO DI ROMA,MONTEROTONDO,FIDENE,1.9166666666666667,1.0,60,2023-01-09,2023-03-31,13,4,0,41.979773,12.508451,18:06,60,3
REG,20759,CESANO DI ROMA,MONTEROTONDO,NUOVO SALARIO,-0.05,-1.0,60,2023-01-09,2023-03-31,4,1,0,41.956195,12.510317,18:10,60,4
REG,20759,CESANO DI ROMA,MONTEROTONDO,ROMA NOMENTANA L.L.,-0.48333333333333334,-1.0,60,2023-01-09,2023-03-31,2,1,0,41.932935,12.523628,18:15,60,5
REG,20759,CESANO DI ROMA,MONTEROTONDO,ROMA TIBURTINA,-1.0701754385964912,-2.0,57,2023-01-09,2023-03-31,2,1,0,41.910903,12.530749,18:22,60,6
REG,20759,CESANO DI ROMA,MONTEROTONDO,ROMA TUSCOLANA,0.7407407407407407,1.0,54,2023-01-09,2023-03-31,8,3,0,41.879384,12.523505,18:28,60,7
REG,20759,CESANO DI ROMA,MONTEROTONDO,ROMA OSTIENSE,-0.25,-1.0,60,2023-01-09,2023-03-31,4,2,1,41.87265,12.483917,18:36,60,8
REG,20759,CESANO DI ROMA,MONTEROTONDO,ROMA TRASTEVERE,2.25,2.0,60,2023-01-09,2023-03-31,19,2,1,41.872279,12.466162,18:40,60,9
REG,20759,CESANO DI ROMA,MONTEROTONDO,QUATTRO VENTI,2.7,2.0,60,2023-01-09,2023-03-31,30,2,1,41.880145,12.459731,18:43,60,10
REG,20759,CESANO DI ROMA,MONTEROTONDO,ROMA S.PIETRO,1.75,1.0,60,2023-01-09,2023-03-31,15,1,1,41.896143,12.454497,18:47,60,11
REG,20759,CESANO DI ROMA,MONTEROTONDO,VALLE AURELIA,5.15,5.0,60,2023-01-09,2023-03-31,60,33,2,41.899356,12.447667,18:50,60,12
REG,20759,CESANO DI ROMA,MONTEROTONDO,APPIANO,2.45,2.0,60,2023-01-09,2023-03-31,21,2,2,41.909342,12.43838,18:54,60,13
REG,20759,CESANO DI ROMA,MONTEROTONDO,ROMA BALDUINA,1.8833333333333333,1.0,60,2023-01-09,2023-03-31,15,2,2,,,18:56,60,14
REG,20759,CESANO DI ROMA,MONTEROTONDO,GEMELLI,3.6333333333333333,3.0,60,2023-01-09,2023-03-31,39,15,2,41.927813,12.427797,18:59,60,15
REG,20759,CESANO DI ROMA,MONTEROTONDO,ROMA MONTE MARIO,2.2,2.0,60,2023-01-09,2023-03-31,20,3,2,41.939088,12.421732,19:02,60,16
REG,20759,CESANO DI ROMA,MONTEROTONDO,ROMA S.FILIPPO NERI,1.8166666666666667,1.0,60,2023-01-09,2023-03-31,15,3,2,41.950262,12.412414,19:05,60,17
REG,20759,CESANO DI ROMA,MONTEROTONDO,OTTAVIA,2.966666666666667,2.0,60,2023-01-09,2023-03-31,23,10,3,,,19:08,60,18
REG,20759,CESANO DI ROMA,MONTEROTONDO,IPOGEO DEGLI OTTAVI,2.8,2.0,60,2023-01-09,2023-03-31,18,6,3,41.968391,12.409026,19:11,60,19
REG,20759,CESANO DI ROMA,MONTEROTONDO,LA GIUSTINIANA,3.05,2.0,60,2023-01-09,2023-03-31,21,8,3,41.985243,12.403457,19:14,60,20
REG,20759,CESANO DI ROMA,MONTEROTONDO,LA STORTA,2.7,1.0,60,2023-01-09,2023-03-31,19,4,3,42.001748,12.381254,19:18,60,21
REG,20759,CESANO DI ROMA,MONTEROTONDO,OLGIATA,4.433333333333334,3.0,60,2023-01-09,2023-03-31,43,18,3,42.01538,12.363864,19:21,60,22
REG,20759,CESANO DI ROMA,MONTEROTONDO,CESANO DI ROMA,2.8666666666666667,2.0,60,2023-01-09,2023-03-31,20,7,3,42.061833,12.326669,19:28,60,23
