train_class,train_number,train_arrival_stop_name,train_departure_stop_name,stop_name,avg_arrival_delay,median_arrival_delay,count_dates_stop,first_date,last_date,count_3m_delay,count_5m_delay,count_10m_delay,stop_lat,stop_lon,stop_time,count_dates_train,stop_number
REG,2713,AOSTA,TORINO P.NUOVA,TORINO P.NUOVA,2.36,2.0,75,2023-01-02,2023-03-31,10,5,2,45.060969,7.67747,05:25,75,1
REG,2713,AOSTA,TORINO P.NUOVA,TORINO PORTA SUSA,-0.28,-1.0,75,2023-01-02,2023-03-31,6,3,2,45.075906,7.667673,05:33,75,2
REG,2713,AOSTA,TORINO P.NUOVA,CHIVASSO,2.3733333333333335,1.0,75,2023-01-02,2023-03-31,17,11,4,45.193637,7.889666,05:48,75,3
REG,2713,AOSTA,TORINO P.NUOVA,IVREA,6.64,4.0,75,2023-01-02,2023-03-31,57,31,10,45.461542,7.876348,06:13,75,4
REG,2713,AOSTA,TORINO P.NUOVA,PONT SAINT MARTIN,4.1866666666666665,2.0,75,2023-01-02,2023-03-31,25,12,8,45.589834,7.795024,06:33,75,5
REG,2713,AOSTA,TORINO P.NUOVA,VERRES,3.8533333333333335,1.0,75,2023-01-02,2023-03-31,16,13,8,45.659822,7.690012,06:45,75,6
REG,2713,AOSTA,TORINO P.NUOVA,CHATILLON SAINT VINCENT,2.689189189189189,-1.0,74,2023-01-02,2023-03-31,17,12,6,45.7434,7.619309,06:59,75,7
REG,2713,AOSTA,TORINO P.NUOVA,NUS,6.1066666666666665,3.0,75,2023-01-02,2023-03-31,44,17,8,45.738786,7.4712,07:09,75,8
REG,2713,AOSTA,TORINO P.NUOVA,AOSTA,6.386666666666667,4.0,75,2023-01-02,2023-03-31,50,34,9,45.73407,7.322424,07:20,75,9
