train_class,train_number,train_arrival_stop_name,train_departure_stop_name,stop_name,avg_arrival_delay,median_arrival_delay,count_dates_stop,first_date,last_date,count_3m_delay,count_5m_delay,count_10m_delay,stop_lat,stop_lon,stop_time,count_dates_train,stop_number
REG,12773,ROMA TIBURTINA PIAZZALE EST,TIVOLI,TIVOLI,1.894736842105263,1.0,76,2023-01-02,2023-03-31,23,5,0,41.961849,12.805047,16:05,76,1
REG,12773,ROMA TIBURTINA PIAZZALE EST,TIVOLI,MARCELLINA-PALOMBARA,2.026315789473684,1.0,76,2023-01-02,2023-03-31,24,7,1,41.999609,12.79134,16:11,76,2
REG,12773,ROMA TIBURTINA PIAZZALE EST,TIVOLI,GUIDONIA-MONTECELIO-S.ANGELO,1.7866666666666666,1.0,75,2023-01-02,2023-03-31,26,4,1,41.993405,12.725681,16:19,76,3
REG,12773,ROMA TIBURTINA PIAZZALE EST,TIVOLI,BAGNI DI TIVOLI,2.723684210526316,3.0,76,2023-01-02,2023-03-31,41,10,1,41.949593,12.722208,16:26,76,4
REG,12773,ROMA TIBURTINA PIAZZALE EST,TIVOLI,LUNGHEZZA,3.8684210526315788,4.0,76,2023-01-02,2023-03-31,55,21,1,41.923253,12.667212,16:33,76,5
REG,12773,ROMA TIBURTINA PIAZZALE EST,TIVOLI,PONTE DI NONA,2.6184210526315788,3.0,76,2023-01-02,2023-03-31,39,10,1,42.061563,13.581585,16:36,76,6
REG,12773,ROMA TIBURTINA PIAZZALE EST,TIVOLI,SALONE,3.1973684210526314,3.0,76,2023-01-02,2023-03-31,50,13,1,41.915253,12.636215,16:39,76,7
REG,12773,ROMA TIBURTINA PIAZZALE EST,TIVOLI,LA RUSTICA UIR,2.460526315789474,2.0,76,2023-01-02,2023-03-31,34,9,1,,,16:42,76,8
REG,12773,ROMA TIBURTINA PIAZZALE EST,TIVOLI,TOR SAPIENZA,1.0657894736842106,1.0,76,2023-01-02,2023-03-31,13,4,1,41.907095,12.594489,16:49,76,9
REG,12773,ROMA TIBURTINA PIAZZALE EST,TIVOLI,ROMA PRENESTINA,-0.8552631578947368,-1.0,76,2023-01-02,2023-03-31,2,1,0,41.897571,12.545803,17:00,76,10
REG,12773,ROMA TIBURTINA PIAZZALE EST,TIVOLI,ROMA TIBURTINA PIAZZALE EST,0.02631578947368421,-1.0,76,2023-01-02,2023-03-31,3,3,1,41.910903,12.530749,17:06,76,11
