train_class,train_number,train_arrival_stop_name,train_departure_stop_name,stop_name,avg_arrival_delay,median_arrival_delay,count_dates_stop,first_date,last_date,count_3m_delay,count_5m_delay,count_10m_delay,stop_lat,stop_lon,stop_time,count_dates_train,stop_number
REG,17584,FAENZA,RAVENNA,RAVENNA,2.3098591549295775,1.0,71,2023-01-02,2023-03-31,13,6,1,44.419155,12.208404,07:12,71,1
REG,17584,FAENZA,RAVENNA,GODO,6.056338028169014,6.0,71,2023-01-02,2023-03-31,70,53,3,44.389322,12.071256,07:20,71,2
REG,17584,FAENZA,RAVENNA,RUSSI,3.6338028169014085,3.0,71,2023-01-02,2023-03-31,50,14,2,44.379011,12.03164,07:25,71,3
REG,17584,FAENZA,RAVENNA,GRANAROLO,3.704225352112676,3.0,71,2023-01-02,2023-03-31,42,15,3,44.357356,11.937441,07:33,71,4
REG,17584,FAENZA,RAVENNA,FAENZA,3.6619718309859155,2.0,71,2023-01-02,2023-03-31,35,14,3,44.293594,11.883268,07:42,71,5
