train_class,train_number,train_arrival_stop_name,train_departure_stop_name,stop_name,avg_arrival_delay,median_arrival_delay,count_dates_stop,first_date,last_date,count_3m_delay,count_5m_delay,count_10m_delay,stop_lat,stop_lon,stop_time,count_dates_train,stop_number
REG,10466,MILANO GRECO PIRELLI,PIACENZA,PIACENZA,1.5595238095238095,1.0,84,2023-01-01,2023-03-31,13,5,0,45.052238,9.70633,12:19,84,1
REG,10466,MILANO GRECO PIRELLI,PIACENZA,S.NICOLO',1.9880952380952381,1.0,84,2023-01-01,2023-03-31,22,11,2,45.058843,9.606443,12:26,84,2
REG,10466,MILANO GRECO PIRELLI,PIACENZA,CASTEL S.GIOVANNI,1.4642857142857142,1.0,84,2023-01-01,2023-03-31,19,10,3,45.063272,9.436856,12:42,84,3
REG,10466,MILANO GRECO PIRELLI,PIACENZA,ARENA PO,1.7023809523809523,1.0,84,2023-01-01,2023-03-31,19,12,4,45.082065,9.360394,12:48,84,4
REG,10466,MILANO GRECO PIRELLI,PIACENZA,STRADELLA,1.630952380952381,1.0,84,2023-01-01,2023-03-31,20,11,3,45.079465,9.300865,12:54,84,5
REG,10466,MILANO GRECO PIRELLI,PIACENZA,BRONI,2.380952380952381,1.0,84,2023-01-01,2023-03-31,34,15,2,45.066263,9.258751,13:01,84,6
REG,10466,MILANO GRECO PIRELLI,PIACENZA,PINAROLO PO,2.0595238095238093,1.0,84,2023-01-01,2023-03-31,27,11,4,45.073415,9.170273,13:11,84,7
REG,10466,MILANO GRECO PIRELLI,PIACENZA,BRESSANA BOTTARONE,4.488095238095238,4.0,84,2023-01-01,2023-03-31,55,35,5,45.086298,9.110602,13:21,84,8
REG,10466,MILANO GRECO PIRELLI,PIACENZA,CAVA MANARA,4.273809523809524,4.0,84,2023-01-01,2023-03-31,51,34,7,45.144867,9.115332,13:27,84,9
REG,10466,MILANO GRECO PIRELLI,PIACENZA,PAVIA,4.309523809523809,4.0,84,2023-01-01,2023-03-31,52,33,7,45.188843,9.144674,13:33,84,10
REG,10466,MILANO GRECO PIRELLI,PIACENZA,MILANO ROGOREDO,3.0952380952380953,2.0,84,2023-01-01,2023-03-31,35,25,9,45.433866,9.2391,13:53,84,11
REG,10466,MILANO GRECO PIRELLI,PIACENZA,MILANO LAMBRATE,0.8690476190476191,-1.0,84,2023-01-01,2023-03-31,21,16,9,45.484933,9.237333,14:06,84,12
REG,10466,MILANO GRECO PIRELLI,PIACENZA,MILANO GRECO PIRELLI,3.488095238095238,1.0,84,2023-01-01,2023-03-31,33,24,12,45.51272,9.214456,14:13,84,13
