train_class,train_number,train_arrival_stop_name,train_departure_stop_name,stop_name,avg_arrival_delay,median_arrival_delay,count_dates_stop,first_date,last_date,count_3m_delay,count_5m_delay,count_10m_delay,stop_lat,stop_lon,stop_time,count_dates_train,stop_number
REG,3238,TORINO P.NUOVA,CUNEO,CUNEO,3.7142857142857144,2.0,14,2023-01-01,2023-03-26,2,2,1,44.387914,7.536235,15:24,14,1
REG,3238,TORINO P.NUOVA,CUNEO,CENTALLO,1.6428571428571428,-1.0,14,2023-01-01,2023-03-26,2,2,1,44.496223,7.591035,15:34,14,2
REG,3238,TORINO P.NUOVA,CUNEO,FOSSANO,2.357142857142857,0.0,14,2023-01-01,2023-03-26,3,2,1,44.550231,7.717971,15:43,14,3
REG,3238,TORINO P.NUOVA,CUNEO,SAVIGLIANO,4.285714285714286,2.0,14,2023-01-01,2023-03-26,5,3,2,44.651337,7.663748,15:51,14,4
REG,3238,TORINO P.NUOVA,CUNEO,CAVALLERMAGGIORE,3.7857142857142856,2.0,14,2023-01-01,2023-03-26,5,3,2,44.708147,7.692108,15:57,14,5
REG,3238,TORINO P.NUOVA,CUNEO,CARMAGNOLA,2.2142857142857144,0.0,14,2023-01-01,2023-03-26,4,3,1,44.846944,7.72797,16:09,14,6
REG,3238,TORINO P.NUOVA,CUNEO,TORINO LINGOTTO,0.07142857142857142,-1.0,14,2023-01-01,2023-03-26,3,3,1,45.0266,7.657469,16:28,14,7
REG,3238,TORINO P.NUOVA,CUNEO,TORINO P.NUOVA,2.642857142857143,1.0,14,2023-01-01,2023-03-26,5,3,1,45.060969,7.67747,16:35,14,8
