train_class,train_number,train_arrival_stop_name,train_departure_stop_name,stop_name,avg_arrival_delay,median_arrival_delay,count_dates_stop,first_date,last_date,count_3m_delay,count_5m_delay,count_10m_delay,stop_lat,stop_lon,stop_time,count_dates_train,stop_number
REG,21719,PUNTA RAISI,PALERMO CENTRALE,PALERMO CENTRALE,1.5,1.0,14,2023-01-01,2023-03-26,1,1,0,38.109187,13.367515,09:08,14,1
REG,21719,PUNTA RAISI,PALERMO CENTRALE,GUADAGNA,1.7142857142857142,1.0,14,2023-01-01,2023-03-26,1,1,0,,,09:11,14,2
REG,21719,PUNTA RAISI,PALERMO CENTRALE,VESPRI,2.5,2.0,14,2023-01-01,2023-03-26,3,2,0,38.101996,13.362701,09:14,14,3
REG,21719,PUNTA RAISI,PALERMO CENTRALE,PALAZZO REALE-ORLEANS,-0.42857142857142855,-1.0,14,2023-01-01,2023-03-26,1,1,0,38.10878,13.353962,09:17,14,4
REG,21719,PUNTA RAISI,PALERMO CENTRALE,LOLLI,0.42857142857142855,0.0,14,2023-01-01,2023-03-26,1,1,0,,,09:21,14,5
REG,21719,PUNTA RAISI,PALERMO CENTRALE,PALERMO NOTARBARTOLO,-1.7857142857142858,-2.0,14,2023-01-01,2023-03-26,0,0,0,38.132261,13.341572,09:25,14,6
REG,21719,PUNTA RAISI,PALERMO CENTRALE,FRANCIA,-0.7142857142857143,-1.0,14,2023-01-01,2023-03-26,0,0,0,38.155233,13.321938,09:30,14,7
REG,21719,PUNTA RAISI,PALERMO CENTRALE,ISOLA DELLE FEMMINE,-1.7142857142857142,-2.0,14,2023-01-01,2023-03-26,0,0,0,38.194784,13.250188,09:43,14,8
REG,21719,PUNTA RAISI,PALERMO CENTRALE,CARINI,-1.2857142857142858,-2.0,14,2023-01-01,2023-03-26,0,0,0,38.147696,13.186624,09:53,14,9
REG,21719,PUNTA RAISI,PALERMO CENTRALE,PIRAINETO,-0.14285714285714285,0.0,14,2023-01-01,2023-03-26,0,0,0,38.169148,13.14256,09:58,14,10
REG,21719,PUNTA RAISI,PALERMO CENTRALE,PUNTA RAISI,-0.8571428571428571,-1.0,14,2023-01-01,2023-03-26,0,0,0,38.188892,13.110059,10:04,14,11
