train_class,train_number,train_arrival_stop_name,train_departure_stop_name,stop_name,avg_arrival_delay,median_arrival_delay,count_dates_stop,first_date,last_date,count_3m_delay,count_5m_delay,count_10m_delay,stop_lat,stop_lon,stop_time,count_dates_train,stop_number
REG,17500,BOLOGNA C.LE,IMOLA,IMOLA,2.77027027027027,2.0,74,2023-01-02,2023-03-31,23,10,1,44.359418,11.718723,15:08,74,1
REG,17500,BOLOGNA C.LE,IMOLA,CASTEL S.PIETRO TERME,2.972972972972973,2.0,74,2023-01-02,2023-03-31,31,14,2,44.407376,11.597681,15:14,74,2
REG,17500,BOLOGNA C.LE,IMOLA,VARIGNANA,5.513513513513513,4.0,74,2023-01-02,2023-03-31,71,36,7,44.436796,11.523078,15:19,74,3
REG,17500,BOLOGNA C.LE,IMOLA,OZZANO DELL'EMILIA,5.121621621621622,4.0,74,2023-01-02,2023-03-31,67,30,7,44.450797,11.487297,15:23,74,4
REG,17500,BOLOGNA C.LE,IMOLA,BOLOGNA SAN VITALE,7.378378378378378,7.0,74,2023-01-02,2023-03-31,74,60,16,,,15:33,74,5
REG,17500,BOLOGNA C.LE,IMOLA,BOLOGNA C.LE,1.4594594594594594,1.0,74,2023-01-02,2023-03-31,25,13,1,44.50626,11.342267,15:42,74,6
