train_class,train_number,train_arrival_stop_name,train_departure_stop_name,stop_name,avg_arrival_delay,median_arrival_delay,count_dates_stop,first_date,last_date,count_3m_delay,count_5m_delay,count_10m_delay,stop_lat,stop_lon,stop_time,count_dates_train,stop_number
REG,4194,PESCARA,SULMONA,SULMONA,2.0833333333333335,2.0,12,2023-01-01,2023-03-19,1,0,0,42.060836,13.907156,06:35,12,1
REG,4194,PESCARA,SULMONA,PRATOLA PELIGNA,1.5,1.0,12,2023-01-01,2023-03-19,0,0,0,42.102423,13.876349,06:40,12,2
REG,4194,PESCARA,SULMONA,POPOLI VITTORITO,-0.16666666666666666,0.0,12,2023-01-01,2023-03-19,0,0,0,42.172354,13.826152,06:49,12,3
REG,4194,PESCARA,SULMONA,TORRE DEI PASSERI,3.25,-1.0,12,2023-01-01,2023-03-19,2,1,1,42.244022,13.937525,07:02,12,4
REG,4194,PESCARA,SULMONA,PIANO D`ORTA BOLOGNANO,8.833333333333334,5.0,12,2023-01-01,2023-03-19,12,12,1,42.254455,13.951514,07:06,12,5
REG,4194,PESCARA,SULMONA,SCAFA S.VALENTINO CARAMANICO T,3.1666666666666665,-1.0,12,2023-01-01,2023-03-19,1,1,1,42.26717,13.99909,07:12,12,6
REG,4194,PESCARA,SULMONA,ALANNO,7.833333333333333,4.0,12,2023-01-01,2023-03-19,12,5,1,42.287185,14.019595,07:17,12,7
REG,4194,PESCARA,SULMONA,MANOPPELLO,2.4166666666666665,-1.0,12,2023-01-01,2023-03-19,1,1,1,42.305848,14.061057,07:23,12,8
REG,4194,PESCARA,SULMONA,CHIETI,3.75,0.0,12,2023-01-01,2023-03-19,1,1,1,42.356905,14.13815,07:29,12,9
REG,4194,PESCARA,SULMONA,PESCARA S. MARCO,-2.75,-6.0,12,2023-01-01,2023-03-19,1,1,1,42.44613,14.208981,07:45,12,10
REG,4194,PESCARA,SULMONA,PESCARA PORTA NUOVA,1.0,-2.0,12,2023-01-01,2023-03-19,1,1,1,42.458072,14.211663,07:50,12,11
REG,4194,PESCARA,SULMONA,PESCARA,1.0,-2.0,12,2023-01-01,2023-03-19,1,1,1,42.467789,14.205066,07:55,12,12
