train_class,train_number,train_arrival_stop_name,train_departure_stop_name,stop_name,avg_arrival_delay,median_arrival_delay,count_dates_stop,first_date,last_date,count_3m_delay,count_5m_delay,count_10m_delay,stop_lat,stop_lon,stop_time,count_dates_train,stop_number
REG,16951,PADOVA,LEGNAGO,LEGNAGO,1.263157894736842,1.0,76,2023-01-02,2023-03-31,2,0,0,45.189034,11.304724,05:46,76,1
REG,16951,PADOVA,LEGNAGO,BOSCHI S.ANNA,1.855263157894737,2.0,76,2023-01-02,2023-03-31,15,1,0,45.217328,11.362302,05:51,76,2
REG,16951,PADOVA,LEGNAGO,BEVILACQUA,0.32894736842105265,0.0,76,2023-01-02,2023-03-31,6,1,0,45.230145,11.398643,05:55,76,3
REG,16951,PADOVA,LEGNAGO,MONTAGNANA,-0.9736842105263158,-2.0,76,2023-01-02,2023-03-31,3,1,0,45.228238,11.459873,06:02,76,4
REG,16951,PADOVA,LEGNAGO,SALETTO,-0.6710526315789473,-1.0,76,2023-01-02,2023-03-31,2,0,0,45.22274,11.535093,06:13,76,5
REG,16951,PADOVA,LEGNAGO,OSPEDALETTO EUGANEO,-0.013157894736842105,0.0,76,2023-01-02,2023-03-31,5,1,0,45.221706,11.606553,06:19,76,6
REG,16951,PADOVA,LEGNAGO,ESTE,1.486842105263158,1.0,76,2023-01-02,2023-03-31,8,4,0,45.220954,11.662931,06:24,76,7
REG,16951,PADOVA,LEGNAGO,MONSELICE,0.3684210526315789,0.0,76,2023-01-02,2023-03-31,8,3,1,45.246116,11.74789,06:33,76,8
REG,16951,PADOVA,LEGNAGO,BATTAGLIA TERME,1.2763157894736843,1.0,76,2023-01-02,2023-03-31,12,5,1,45.291475,11.77838,06:40,76,9
REG,16951,PADOVA,LEGNAGO,TERME EUGANEE-ABANO-MONTEGR.,-0.5131578947368421,-1.0,76,2023-01-02,2023-03-31,6,3,1,45.32744,11.79604,06:46,76,10
REG,16951,PADOVA,LEGNAGO,ABANO TERME,2.736842105263158,2.0,76,2023-01-02,2023-03-31,26,7,1,45.355199,11.811533,06:50,76,11
REG,16951,PADOVA,LEGNAGO,PADOVA,-3.473684210526316,-4.0,76,2023-01-02,2023-03-31,1,1,1,45.417846,11.880794,07:02,76,12
