train_class,train_number,train_arrival_stop_name,train_departure_stop_name,stop_name,avg_arrival_delay,median_arrival_delay,count_dates_stop,first_date,last_date,count_3m_delay,count_5m_delay,count_10m_delay,stop_lat,stop_lon,stop_time,count_dates_train,stop_number
REG,19216,PIAZZA AL SERCHIO,LUCCA,LUCCA,2.5625,2.0,64,2023-01-02,2023-03-31,23,3,1,43.837186,10.506069,17:41,64,1
REG,19216,PIAZZA AL SERCHIO,LUCCA,S. PIETRO A VICO,0.765625,1.0,64,2023-01-02,2023-03-31,5,2,0,43.875094,10.530945,17:47,64,2
REG,19216,PIAZZA AL SERCHIO,LUCCA,PONTE A MORIANO,2.46875,2.0,64,2023-01-02,2023-03-31,22,4,1,43.908371,10.534264,17:52,64,3
REG,19216,PIAZZA AL SERCHIO,LUCCA,DIECIMO - PESCAGLIA,-0.90625,-2.0,64,2023-01-02,2023-03-31,4,3,1,43.959404,10.507844,18:02,64,4
REG,19216,PIAZZA AL SERCHIO,LUCCA,BORGO A MOZZANO,4.3125,4.0,64,2023-01-02,2023-03-31,43,26,4,43.977207,10.541285,18:13,64,5
REG,19216,PIAZZA AL SERCHIO,LUCCA,BAGNI DI LUCCA,0.96875,0.0,64,2023-01-02,2023-03-31,14,8,1,44.003447,10.551631,18:18,64,6
REG,19216,PIAZZA AL SERCHIO,LUCCA,GHIVIZZANO - COREGLIA,2.125,1.0,64,2023-01-02,2023-03-31,18,9,1,44.027583,10.510183,18:24,64,7
REG,19216,PIAZZA AL SERCHIO,LUCCA,FORNACI DI BARGA,0.703125,-1.0,64,2023-01-02,2023-03-31,13,6,1,44.045253,10.473173,18:29,64,8
REG,19216,PIAZZA AL SERCHIO,LUCCA,BARGA GALLICANO,2.5,2.0,64,2023-01-02,2023-03-31,23,11,1,44.068114,10.451938,18:33,64,9
REG,19216,PIAZZA AL SERCHIO,LUCCA,CASTELVECCHIO PASCOLI,2.515625,2.0,64,2023-01-02,2023-03-31,23,11,1,44.09007,10.455061,18:38,64,10
REG,19216,PIAZZA AL SERCHIO,LUCCA,CASTELNUOVO DI GARFAGNANA,3.171875,2.0,64,2023-01-02,2023-03-31,31,14,1,44.116351,10.409054,18:46,64,11
REG,19216,PIAZZA AL SERCHIO,LUCCA,VILLETTA S. ROMANO,4.65625,4.0,64,2023-01-02,2023-03-31,55,24,4,44.146764,10.367565,18:53,64,12
REG,19216,PIAZZA AL SERCHIO,LUCCA,POGGIO - CAREGGINE - VAGLI,4.65625,4.0,64,2023-01-02,2023-03-31,55,24,4,44.148541,10.350626,18:56,64,13
REG,19216,PIAZZA AL SERCHIO,LUCCA,CAMPORGIANO,4.65625,4.0,64,2023-01-02,2023-03-31,55,24,4,44.161448,10.334849,19:00,64,14
REG,19216,PIAZZA AL SERCHIO,LUCCA,PIAZZA AL SERCHIO,2.65625,2.0,64,2023-01-02,2023-03-31,24,13,1,44.182515,10.296615,19:07,64,15
