train_class,train_number,train_arrival_stop_name,train_departure_stop_name,stop_name,avg_arrival_delay,median_arrival_delay,count_dates_stop,first_date,last_date,count_3m_delay,count_5m_delay,count_10m_delay,stop_lat,stop_lon,stop_time,count_dates_train,stop_number
REG,24752,MILANO PORTA GARIBALDI,LECCO,LECCO,1.5058823529411764,1.0,85,2023-01-01,2023-03-30,9,5,2,45.856471,9.393638,13:07,85,1
REG,24752,MILANO PORTA GARIBALDI,LECCO,VALMADRERA,0.788235294117647,0.0,85,2023-01-01,2023-03-30,8,4,1,45.846439,9.368183,13:12,85,2
REG,24752,MILANO PORTA GARIBALDI,LECCO,CIVATE,1.3764705882352941,1.0,85,2023-01-01,2023-03-30,9,5,2,45.831295,9.352877,13:15,85,3
REG,24752,MILANO PORTA GARIBALDI,LECCO,SALA AL BARRO-GALBIATE,3.4235294117647057,3.0,85,2023-01-01,2023-03-30,58,9,3,45.821086,9.359223,13:17,85,4
REG,24752,MILANO PORTA GARIBALDI,LECCO,OGGIONO,1.8235294117647058,1.0,85,2023-01-01,2023-03-30,20,6,1,45.788993,9.33748,13:22,85,5
REG,24752,MILANO PORTA GARIBALDI,LECCO,MOLTENO,3.235294117647059,3.0,85,2023-01-01,2023-03-30,49,13,3,45.780939,9.301683,13:27,85,6
REG,24752,MILANO PORTA GARIBALDI,LECCO,COSTA MASNAGA,2.552941176470588,2.0,85,2023-01-01,2023-03-30,35,13,2,45.76343,9.285231,13:35,85,7
REG,24752,MILANO PORTA GARIBALDI,LECCO,CASSAGO-NIBIONNO-BULCIAGO,3.788235294117647,3.0,85,2023-01-01,2023-03-30,63,24,2,45.746243,9.279834,13:39,85,8
REG,24752,MILANO PORTA GARIBALDI,LECCO,RENATE-VEDUGGIO,3.8,3.0,85,2023-01-01,2023-03-30,63,24,2,45.728304,9.279834,13:42,85,9
REG,24752,MILANO PORTA GARIBALDI,LECCO,BESANA,4.552941176470588,4.0,85,2023-01-01,2023-03-30,68,38,4,45.702824,9.28288,13:47,85,10
REG,24752,MILANO PORTA GARIBALDI,LECCO,VILLA RAVERIO,4.482352941176471,4.0,85,2023-01-01,2023-03-30,65,37,4,45.690418,9.261549,13:52,85,11
REG,24752,MILANO PORTA GARIBALDI,LECCO,CARATE-CALO`,4.047058823529412,3.0,85,2023-01-01,2023-03-30,57,33,2,45.676451,9.252304,13:55,85,12
REG,24752,MILANO PORTA GARIBALDI,LECCO,TRIUGGIO-PONTE ALBIATE,2.3529411764705883,2.0,85,2023-01-01,2023-03-30,36,15,2,45.658956,9.266961,14:00,85,13
REG,24752,MILANO PORTA GARIBALDI,LECCO,VILLASANTA,0.7058823529411765,0.0,85,2023-01-01,2023-03-30,19,5,1,45.603434,9.304923,14:15,85,14
REG,24752,MILANO PORTA GARIBALDI,LECCO,MONZA SOBBORGHI,1.0705882352941176,1.0,85,2023-01-01,2023-03-30,10,2,0,45.582082,9.284375,14:20,85,15
REG,24752,MILANO PORTA GARIBALDI,LECCO,MONZA,-0.16470588235294117,-1.0,85,2023-01-01,2023-03-30,9,2,0,45.577789,9.273253,14:24,85,16
REG,24752,MILANO PORTA GARIBALDI,LECCO,SESTO S. GIOVANNI,2.552941176470588,2.0,85,2023-01-01,2023-03-30,34,12,1,45.541087,9.23926,14:30,85,17
REG,24752,MILANO PORTA GARIBALDI,LECCO,MILANO GRECO PIRELLI,1.9764705882352942,1.0,85,2023-01-01,2023-03-30,32,9,1,45.51272,9.214456,14:35,85,18
REG,24752,MILANO PORTA GARIBALDI,LECCO,MILANO PORTA GARIBALDI,0.9176470588235294,1.0,85,2023-01-01,2023-03-30,21,6,1,45.484917,9.187683,14:43,85,19
