train_class,train_number,train_arrival_stop_name,train_departure_stop_name,stop_name,avg_arrival_delay,median_arrival_delay,count_dates_stop,first_date,last_date,count_3m_delay,count_5m_delay,count_10m_delay,stop_lat,stop_lon,stop_time,count_dates_train,stop_number
REG,10523,CREMONA,BRESCIA,BRESCIA,1.9605263157894737,1.0,76,2023-01-02,2023-03-31,15,5,2,45.532315,10.212828,11:40,76,1
REG,10523,CREMONA,BRESCIA,S. ZENO FOLZANO,3.289473684210526,3.0,76,2023-01-02,2023-03-31,44,10,2,45.491552,10.211683,11:45,76,2
REG,10523,CREMONA,BRESCIA,BAGNOLO MELLA,2.4342105263157894,2.0,76,2023-01-02,2023-03-31,19,7,3,45.428532,10.183617,11:52,76,3
REG,10523,CREMONA,BRESCIA,MANERBIO,4.0131578947368425,3.0,76,2023-01-02,2023-03-31,50,17,5,45.357212,10.132348,11:59,76,4
REG,10523,CREMONA,BRESCIA,VEROLANUOVA,4.026666666666666,3.0,75,2023-01-02,2023-03-31,46,19,6,45.324989,10.08388,12:05,76,5
REG,10523,CREMONA,BRESCIA,ROBECCO-PONTEVICO,4.368421052631579,3.0,76,2023-01-02,2023-03-31,51,27,6,45.266224,10.078593,12:11,76,6
REG,10523,CREMONA,BRESCIA,OLMENETA,3.539473684210526,2.0,76,2023-01-02,2023-03-31,32,18,7,45.231099,10.03194,12:18,76,7
REG,10523,CREMONA,BRESCIA,CREMONA,2.723684210526316,2.0,76,2023-01-02,2023-03-31,29,7,3,45.143215,10.017951,12:38,76,8
