train_class,train_number,train_arrival_stop_name,train_departure_stop_name,stop_name,avg_arrival_delay,median_arrival_delay,count_dates_stop,first_date,last_date,count_3m_delay,count_5m_delay,count_10m_delay,stop_lat,stop_lon,stop_time,count_dates_train,stop_number
FR,9420,VENEZIA SANTA LUCIA,NAPOLI CENTRALE,NAPOLI CENTRALE,1.9662921348314606,1.0,89,2023-01-02,2023-03-31,19,10,1,40.852933,14.272908,11:09,89,1
FR,9420,VENEZIA SANTA LUCIA,NAPOLI CENTRALE,ROMA TERMINI,-1.595505617977528,-2.0,89,2023-01-02,2023-03-31,10,7,3,41.900636,12.502026,12:19,89,2
FR,9420,VENEZIA SANTA LUCIA,NAPOLI CENTRALE,ROMA TIBURTINA,1.2650602409638554,0.0,83,2023-01-02,2023-03-31,14,7,3,41.910903,12.530749,12:42,89,3
FR,9420,VENEZIA SANTA LUCIA,NAPOLI CENTRALE,FIRENZE S.M.N.,-0.6179775280898876,-1.0,89,2023-01-02,2023-03-31,14,7,4,43.776893,11.247373,14:11,89,4
FR,9420,VENEZIA SANTA LUCIA,NAPOLI CENTRALE,BOLOGNA C.LE/AV,-1.7159090909090908,-4.0,88,2023-01-02,2023-03-31,11,8,3,44.506813,11.342622,14:58,89,5
FR,9420,VENEZIA SANTA LUCIA,NAPOLI CENTRALE,ROVIGO,1.2584269662921348,-1.0,89,2023-01-02,2023-03-31,21,11,6,45.076993,11.780892,15:43,89,6
FR,9420,VENEZIA SANTA LUCIA,NAPOLI CENTRALE,PADOVA,4.348314606741573,2.0,89,2023-01-02,2023-03-31,40,20,10,45.417846,11.880794,16:04,89,7
FR,9420,VENEZIA SANTA LUCIA,NAPOLI CENTRALE,VENEZIA MESTRE,1.0112359550561798,-2.0,89,2023-01-02,2023-03-31,20,14,7,45.482123,12.232069,16:23,89,8
FR,9420,VENEZIA SANTA LUCIA,NAPOLI CENTRALE,VENEZIA SANTA LUCIA,2.898876404494382,2.0,89,2023-01-02,2023-03-31,35,14,7,45.441569,12.320882,16:34,89,9
