train_class,train_number,train_arrival_stop_name,train_departure_stop_name,stop_name,avg_arrival_delay,median_arrival_delay,count_dates_stop,first_date,last_date,count_3m_delay,count_5m_delay,count_10m_delay,stop_lat,stop_lon,stop_time,count_dates_train,stop_number
REG,23815,SULMONA,L`AQUILA,L`AQUILA,1.65,1.0,60,2023-01-09,2023-03-31,4,1,1,42.351055,13.384959,15:45,60,1
REG,23815,SULMONA,L`AQUILA,PAGANICA,0.4,0.0,60,2023-01-09,2023-03-31,2,1,1,42.334751,13.464317,15:52,60,2
REG,23815,SULMONA,L`AQUILA,S.DEMETRIO DE` VESTINI,0.08333333333333333,-1.0,60,2023-01-09,2023-03-31,2,1,1,42.294447,13.536543,16:00,60,3
REG,23815,SULMONA,L`AQUILA,MOLINA CASTEL VECCHIO SUBAQUEO,3.25,2.0,60,2023-01-09,2023-03-31,29,18,1,42.143476,13.739644,16:25,60,4
REG,23815,SULMONA,L`AQUILA,RAIANO,4.916666666666667,4.0,60,2023-01-09,2023-03-31,58,28,1,42.097931,13.80908,16:34,60,5
REG,23815,SULMONA,L`AQUILA,PRATOLA PELIGNA SUPERIORE,2.9833333333333334,3.0,60,2023-01-09,2023-03-31,33,9,1,42.080415,13.87223,16:40,60,6
REG,23815,SULMONA,L`AQUILA,SULMONA,3.15,3.0,60,2023-01-09,2023-03-31,34,11,1,42.060836,13.907156,16:47,60,7
