train_class,train_number,train_arrival_stop_name,train_departure_stop_name,stop_name,avg_arrival_delay,median_arrival_delay,count_dates_stop,first_date,last_date,count_3m_delay,count_5m_delay,count_10m_delay,stop_lat,stop_lon,stop_time,count_dates_train,stop_number
REG,12228,SESTRI LEVANTE,LA SPEZIA CENTRALE,LA SPEZIA CENTRALE,3.1123595505617976,2.0,89,2023-01-01,2023-03-31,41,18,2,44.11141,9.813906,13:15,89,1
REG,12228,SESTRI LEVANTE,LA SPEZIA CENTRALE,CORNIGLIA,3.3707865168539324,3.0,89,2023-01-01,2023-03-31,46,21,3,44.119938,9.711051,13:29,89,2
REG,12228,SESTRI LEVANTE,LA SPEZIA CENTRALE,MONTEROSSO,3.898876404494382,3.0,89,2023-01-01,2023-03-31,55,27,5,44.145967,9.649009,13:38,89,3
REG,12228,SESTRI LEVANTE,LA SPEZIA CENTRALE,LEVANTO,3.393258426966292,2.0,89,2023-01-01,2023-03-31,40,22,5,44.174167,9.616018,13:44,89,4
REG,12228,SESTRI LEVANTE,LA SPEZIA CENTRALE,FRAMURA,2.337078651685393,1.0,89,2023-01-01,2023-03-31,34,17,5,44.201903,9.555169,13:53,89,5
REG,12228,SESTRI LEVANTE,LA SPEZIA CENTRALE,DEIVA MARINA,0.8651685393258427,-1.0,89,2023-01-01,2023-03-31,17,7,4,44.217306,9.519022,13:59,89,6
REG,12228,SESTRI LEVANTE,LA SPEZIA CENTRALE,RIVA TRIGOSO,1.898876404494382,1.0,89,2023-01-01,2023-03-31,16,8,4,44.26391,9.429277,14:10,89,7
REG,12228,SESTRI LEVANTE,LA SPEZIA CENTRALE,SESTRI LEVANTE,-2.449438202247191,-4.0,89,2023-01-01,2023-03-31,5,4,4,44.27626,9.397651,14:19,89,8
