train_class,train_number,train_arrival_stop_name,train_departure_stop_name,stop_name,avg_arrival_delay,median_arrival_delay,count_dates_stop,first_date,last_date,count_3m_delay,count_5m_delay,count_10m_delay,stop_lat,stop_lon,stop_time,count_dates_train,stop_number
REG,25029,MILANO PORTA GARIBALDI,CHIASSO,CHIASSO,2.2875,1.0,80,2023-01-01,2023-03-31,16,8,2,45.830736,9.03421,08:13,80,1
REG,25029,MILANO PORTA GARIBALDI,CHIASSO,COMO S. GIOVANNI,1.75,1.0,80,2023-01-01,2023-03-31,13,7,2,45.808946,9.072331,08:18,80,2
REG,25029,MILANO PORTA GARIBALDI,CHIASSO,CARIMATE,1.7375,1.0,80,2023-01-01,2023-03-31,20,8,2,45.697094,9.107188,08:38,80,3
REG,25029,MILANO PORTA GARIBALDI,CHIASSO,CAMNAGO-LENTATE,2.5,1.0,80,2023-01-01,2023-03-31,27,10,4,45.668425,9.133451,08:42,80,4
REG,25029,MILANO PORTA GARIBALDI,CHIASSO,SEREGNO,2.6875,1.0,80,2023-01-01,2023-03-31,28,11,4,45.64601,9.20285,08:48,80,5
REG,25029,MILANO PORTA GARIBALDI,CHIASSO,DESIO,2.525,1.0,80,2023-01-01,2023-03-31,22,10,4,45.620112,9.218495,08:52,80,6
REG,25029,MILANO PORTA GARIBALDI,CHIASSO,LISSONE-MUGGIO`,2.9875,2.0,80,2023-01-01,2023-03-31,31,12,5,45.60592,9.235368,08:56,80,7
REG,25029,MILANO PORTA GARIBALDI,CHIASSO,MONZA,3.4,2.0,80,2023-01-01,2023-03-31,37,16,4,45.577789,9.273253,09:01,80,8
REG,25029,MILANO PORTA GARIBALDI,CHIASSO,SESTO S. GIOVANNI,6.1875,5.0,80,2023-01-01,2023-03-31,66,43,9,45.541087,9.23926,09:06,80,9
REG,25029,MILANO PORTA GARIBALDI,CHIASSO,MILANO GRECO PIRELLI,6.5375,5.0,80,2023-01-01,2023-03-31,67,47,13,45.51272,9.214456,09:11,80,10
REG,25029,MILANO PORTA GARIBALDI,CHIASSO,MILANO PORTA GARIBALDI,4.225,3.0,80,2023-01-01,2023-03-31,41,23,6,45.484917,9.187683,09:21,80,11
