train_class,train_number,train_arrival_stop_name,train_departure_stop_name,stop_name,avg_arrival_delay,median_arrival_delay,count_dates_stop,first_date,last_date,count_3m_delay,count_5m_delay,count_10m_delay,stop_lat,stop_lon,stop_time,count_dates_train,stop_number
REG,25083,MILANO PORTA GARIBALDI,COMO S. GIOVANNI,COMO S. GIOVANNI,1.2771084337349397,1.0,83,2023-01-01,2023-03-31,6,1,1,45.808946,9.072331,21:49,83,1
REG,25083,MILANO PORTA GARIBALDI,COMO S. GIOVANNI,CARIMATE,-0.12048192771084337,-1.0,83,2023-01-01,2023-03-31,3,1,1,45.697094,9.107188,22:08,83,2
REG,25083,MILANO PORTA GARIBALDI,COMO S. GIOVANNI,CAMNAGO-LENTATE,0.7710843373493976,1.0,83,2023-01-01,2023-03-31,9,1,1,45.668425,9.133451,22:12,83,3
REG,25083,MILANO PORTA GARIBALDI,COMO S. GIOVANNI,SEREGNO,0.8674698795180723,1.0,83,2023-01-01,2023-03-31,11,3,1,45.64601,9.20285,22:18,83,4
REG,25083,MILANO PORTA GARIBALDI,COMO S. GIOVANNI,DESIO,0.5903614457831325,0.0,83,2023-01-01,2023-03-31,8,2,1,45.620112,9.218495,22:22,83,5
REG,25083,MILANO PORTA GARIBALDI,COMO S. GIOVANNI,LISSONE-MUGGIO`,0.6024096385542169,0.0,83,2023-01-01,2023-03-31,11,2,1,45.60592,9.235368,22:26,83,6
REG,25083,MILANO PORTA GARIBALDI,COMO S. GIOVANNI,MONZA,0.6626506024096386,0.0,83,2023-01-01,2023-03-31,13,4,3,45.577789,9.273253,22:31,83,7
REG,25083,MILANO PORTA GARIBALDI,COMO S. GIOVANNI,SESTO S. GIOVANNI,2.7951807228915664,3.0,83,2023-01-01,2023-03-31,42,13,3,45.541087,9.23926,22:36,83,8
REG,25083,MILANO PORTA GARIBALDI,COMO S. GIOVANNI,MILANO GRECO PIRELLI,2.8795180722891565,2.0,83,2023-01-01,2023-03-31,41,14,4,45.51272,9.214456,22:41,83,9
REG,25083,MILANO PORTA GARIBALDI,COMO S. GIOVANNI,MILANO PORTA GARIBALDI,-0.7228915662650602,-2.0,83,2023-01-01,2023-03-31,7,5,1,45.484917,9.187683,22:51,83,10
