train_class,train_number,train_arrival_stop_name,train_departure_stop_name,stop_name,avg_arrival_delay,median_arrival_delay,count_dates_stop,first_date,last_date,count_3m_delay,count_5m_delay,count_10m_delay,stop_lat,stop_lon,stop_time,count_dates_train,stop_number
REG,4885,SALERNO,CASERTA,CASERTA,3.1704545454545454,3.0,88,2023-01-01,2023-03-31,46,15,2,41.068655,14.328457,16:42,88,1
REG,4885,SALERNO,CASERTA,CANCELLO,2.852272727272727,2.0,88,2023-01-01,2023-03-31,42,16,3,40.993063,14.418877,16:57,88,2
REG,4885,SALERNO,CASERTA,NOLA,3.3068181818181817,2.0,88,2023-01-01,2023-03-31,41,20,5,40.923652,14.525004,17:08,88,3
REG,4885,SALERNO,CASERTA,PALMA S.GENNARO,4.7727272727272725,4.0,88,2023-01-01,2023-03-31,64,32,10,40.864149,14.540472,17:15,88,4
REG,4885,SALERNO,CASERTA,SARNO,4.7701149425287355,4.0,87,2023-01-01,2023-03-31,61,38,9,40.813063,14.612442,17:23,88,5
REG,4885,SALERNO,CASERTA,SALERNO,0.5113636363636364,1.0,88,2023-01-01,2023-03-31,24,12,2,40.675137,14.772822,17:46,88,6
