train_class,train_number,train_arrival_stop_name,train_departure_stop_name,stop_name,avg_arrival_delay,median_arrival_delay,count_dates_stop,first_date,last_date,count_3m_delay,count_5m_delay,count_10m_delay,stop_lat,stop_lon,stop_time,count_dates_train,stop_number
REG,12799,ROMA OSTIENSE,VITERBO PORTA FIORENTINA,VITERBO PORTA FIORENTINA,0.5517241379310345,0.0,29,2023-01-01,2023-03-26,1,1,0,42.425237,12.106204,07:03,29,1
REG,12799,ROMA OSTIENSE,VITERBO PORTA FIORENTINA,VITERBO PORTA ROMANA,0.5,0.0,28,2023-01-01,2023-03-26,1,1,0,42.411974,12.110482,07:06,29,2
REG,12799,ROMA OSTIENSE,VITERBO PORTA FIORENTINA,TRE CROCI,2.0,2.0,29,2023-01-01,2023-03-26,7,2,0,42.331525,12.086159,07:15,29,3
REG,12799,ROMA OSTIENSE,VITERBO PORTA FIORENTINA,VETRALLA,-1.896551724137931,-2.0,29,2023-01-01,2023-03-26,1,0,0,42.304619,12.089137,07:22,29,4
REG,12799,ROMA OSTIENSE,VITERBO PORTA FIORENTINA,CAPRANICA,1.103448275862069,0.0,29,2023-01-01,2023-03-26,10,3,0,42.245195,12.157194,07:32,29,5
REG,12799,ROMA OSTIENSE,VITERBO PORTA FIORENTINA,ORIOLO,1.8620689655172413,1.0,29,2023-01-01,2023-03-26,10,4,0,42.166825,12.138499,07:40,29,6
REG,12799,ROMA OSTIENSE,VITERBO PORTA FIORENTINA,MANZIANA-CANALE MONTERANO,2.3448275862068964,2.0,29,2023-01-01,2023-03-26,10,6,0,42.128246,12.134934,07:45,29,7
REG,12799,ROMA OSTIENSE,VITERBO PORTA FIORENTINA,BRACCIANO,-2.1379310344827585,-3.0,29,2023-01-01,2023-03-26,2,0,0,42.103667,12.173023,07:56,29,8
REG,12799,ROMA OSTIENSE,VITERBO PORTA FIORENTINA,VIGNA DI VALLE,2.5517241379310347,2.0,29,2023-01-01,2023-03-26,13,5,0,42.076863,12.210716,08:02,29,9
REG,12799,ROMA OSTIENSE,VITERBO PORTA FIORENTINA,ANGUILLARA,-0.034482758620689655,1.0,29,2023-01-01,2023-03-26,5,1,0,42.068133,12.304978,08:14,29,10
REG,12799,ROMA OSTIENSE,VITERBO PORTA FIORENTINA,CESANO DI ROMA,2.1379310344827585,2.0,29,2023-01-01,2023-03-26,12,2,0,42.061833,12.326669,08:18,29,11
REG,12799,ROMA OSTIENSE,VITERBO PORTA FIORENTINA,OLGIATA,3.896551724137931,4.0,29,2023-01-01,2023-03-26,24,10,0,42.01538,12.363864,08:24,29,12
REG,12799,ROMA OSTIENSE,VITERBO PORTA FIORENTINA,LA STORTA,1.8275862068965518,2.0,29,2023-01-01,2023-03-26,11,2,0,42.001748,12.381254,08:28,29,13
REG,12799,ROMA OSTIENSE,VITERBO PORTA FIORENTINA,LA GIUSTINIANA,2.5172413793103448,3.0,29,2023-01-01,2023-03-26,15,2,0,41.985243,12.403457,08:32,29,14
REG,12799,ROMA OSTIENSE,VITERBO PORTA FIORENTINA,IPOGEO DEGLI OTTAVI,2.8275862068965516,3.0,29,2023-01-01,2023-03-26,15,5,0,41.968391,12.409026,08:35,29,15
REG,12799,ROMA OSTIENSE,VITERBO PORTA FIORENTINA,OTTAVIA,2.1724137931034484,2.0,29,2023-01-01,2023-03-26,11,2,0,,,08:38,29,16
REG,12799,ROMA OSTIENSE,VITERBO PORTA FIORENTINA,ROMA S.FILIPPO NERI,1.5172413793103448,1.0,29,2023-01-01,2023-03-26,7,1,0,41.950262,12.412414,08:41,29,17
REG,12799,ROMA OSTIENSE,VITERBO PORTA FIORENTINA,ROMA MONTE MARIO,0.7586206896551724,1.0,29,2023-01-01,2023-03-26,6,0,0,41.939088,12.421732,08:44,29,18
REG,12799,ROMA OSTIENSE,VITERBO PORTA FIORENTINA,GEMELLI,1.5862068965517242,1.0,29,2023-01-01,2023-03-26,8,1,0,41.927813,12.427797,08:47,29,19
REG,12799,ROMA OSTIENSE,VITERBO PORTA FIORENTINA,ROMA BALDUINA,1.8275862068965518,1.0,29,2023-01-01,2023-03-26,8,0,0,,,08:50,29,20
REG,12799,ROMA OSTIENSE,VITERBO PORTA FIORENTINA,APPIANO,1.8275862068965518,1.0,29,2023-01-01,2023-03-26,8,0,0,41.909342,12.43838,08:52,29,21
REG,12799,ROMA OSTIENSE,VITERBO PORTA FIORENTINA,VALLE AURELIA,3.1724137931034484,3.0,29,2023-01-01,2023-03-26,18,6,0,41.899356,12.447667,08:55,29,22
REG,12799,ROMA OSTIENSE,VITERBO PORTA FIORENTINA,ROMA S.PIETRO,0.06896551724137931,-1.0,29,2023-01-01,2023-03-26,2,0,0,41.896143,12.454497,08:59,29,23
REG,12799,ROMA OSTIENSE,VITERBO PORTA FIORENTINA,QUATTRO VENTI,1.206896551724138,1.0,29,2023-01-01,2023-03-26,4,0,0,41.880145,12.459731,09:03,29,24
REG,12799,ROMA OSTIENSE,VITERBO PORTA FIORENTINA,ROMA TRASTEVERE,2.103448275862069,2.0,29,2023-01-01,2023-03-26,8,1,0,41.872279,12.466162,09:06,29,25
REG,12799,ROMA OSTIENSE,VITERBO PORTA FIORENTINA,ROMA OSTIENSE,-0.1724137931034483,-1.0,29,2023-01-01,2023-03-26,1,0,0,41.87265,12.483917,09:10,29,26
