train_class,train_number,train_arrival_stop_name,train_departure_stop_name,stop_name,avg_arrival_delay,median_arrival_delay,count_dates_stop,first_date,last_date,count_3m_delay,count_5m_delay,count_10m_delay,stop_lat,stop_lon,stop_time,count_dates_train,stop_number
REG,21681,GIAMPILIERI,MESSINA CENTRALE,MESSINA CENTRALE,3.2837837837837838,3.0,74,2023-01-02,2023-03-31,38,21,2,38.184975,15.561278,05:55,74,1
REG,21681,GIAMPILIERI,MESSINA CENTRALE,CONTESSE,2.675675675675676,2.0,74,2023-01-02,2023-03-31,33,15,2,38.16193,15.544717,06:02,74,2
REG,21681,GIAMPILIERI,MESSINA CENTRALE,GALATI,3.2162162162162162,3.0,74,2023-01-02,2023-03-31,41,16,1,38.104511,15.505313,06:11,74,3
REG,21681,GIAMPILIERI,MESSINA CENTRALE,GIAMPILIERI,-0.5135135135135135,-1.0,74,2023-01-02,2023-03-31,7,2,1,38.080121,15.493863,06:25,74,4
