train_class,train_number,train_arrival_stop_name,train_departure_stop_name,stop_name,avg_arrival_delay,median_arrival_delay,count_dates_stop,first_date,last_date,count_3m_delay,count_5m_delay,count_10m_delay,stop_lat,stop_lon,stop_time,count_dates_train,stop_number
REG,11026,CREMONA,FIDENZA,FIDENZA,1.1388888888888888,1.0,72,2023-01-02,2023-03-31,10,3,2,44.86773,10.06339,13:46,72,1
REG,11026,CREMONA,FIDENZA,CASTIONE DEI MARCHESI,3.9444444444444446,3.0,72,2023-01-02,2023-03-31,57,13,3,44.915157,10.044449,13:52,72,2
REG,11026,CREMONA,FIDENZA,BUSSETO,4.111111111111111,3.0,72,2023-01-02,2023-03-31,43,16,5,44.974692,10.038909,13:59,72,3
REG,11026,CREMONA,FIDENZA,VILLANOVA D`ARDA,2.3333333333333335,1.0,72,2023-01-02,2023-03-31,21,11,6,45.028291,9.993291,14:07,72,4
REG,11026,CREMONA,FIDENZA,S. GIULIANO PIACENTINO,3.1666666666666665,1.0,72,2023-01-02,2023-03-31,23,12,7,45.070627,9.985919,14:13,72,5
REG,11026,CREMONA,FIDENZA,CASTELVETRO,0.6666666666666666,-1.0,72,2023-01-02,2023-03-31,11,9,5,45.100095,9.982181,14:18,72,6
REG,11026,CREMONA,FIDENZA,CREMONA,4.138888888888889,3.0,72,2023-01-02,2023-03-31,42,16,7,45.143215,10.017951,14:25,72,7
