train_class,train_number,train_arrival_stop_name,train_departure_stop_name,stop_name,avg_arrival_delay,median_arrival_delay,count_dates_stop,first_date,last_date,count_3m_delay,count_5m_delay,count_10m_delay,stop_lat,stop_lon,stop_time,count_dates_train,stop_number
REG,25883,BERGAMO,MILANO PORTA GARIBALDI,MILANO PORTA GARIBALDI,2.859375,2.0,64,2023-01-02,2023-03-31,28,12,1,45.484917,9.187683,22:31,64,1
REG,25883,BERGAMO,MILANO PORTA GARIBALDI,MILANO GRECO PIRELLI,1.671875,1.0,64,2023-01-02,2023-03-31,20,8,1,45.51272,9.214456,22:37,64,2
REG,25883,BERGAMO,MILANO PORTA GARIBALDI,SESTO S. GIOVANNI,1.3125,1.0,64,2023-01-02,2023-03-31,16,9,0,45.541087,9.23926,22:42,64,3
REG,25883,BERGAMO,MILANO PORTA GARIBALDI,MONZA,0.328125,-1.0,64,2023-01-02,2023-03-31,12,4,0,45.577789,9.273253,22:48,64,4
REG,25883,BERGAMO,MILANO PORTA GARIBALDI,ARCORE,1.046875,0.0,64,2023-01-02,2023-03-31,14,4,0,45.623493,9.322798,22:54,64,5
REG,25883,BERGAMO,MILANO PORTA GARIBALDI,CARNATE USMATE,0.515625,0.0,64,2023-01-02,2023-03-31,11,3,0,45.653072,9.375089,23:00,64,6
REG,25883,BERGAMO,MILANO PORTA GARIBALDI,PADERNO ROBBIATE,2.984375,3.0,64,2023-01-02,2023-03-31,33,16,0,45.678307,9.439202,23:06,64,7
REG,25883,BERGAMO,MILANO PORTA GARIBALDI,CALUSCO,3.3125,3.0,64,2023-01-02,2023-03-31,39,20,1,45.684113,9.470646,23:13,64,8
REG,25883,BERGAMO,MILANO PORTA GARIBALDI,TERNO,3.421875,3.0,64,2023-01-02,2023-03-31,39,20,1,45.688658,9.536169,23:19,64,9
REG,25883,BERGAMO,MILANO PORTA GARIBALDI,PONTE S.PIETRO,1.359375,1.0,64,2023-01-02,2023-03-31,20,8,0,45.69916,9.584322,23:26,64,10
REG,25883,BERGAMO,MILANO PORTA GARIBALDI,BERGAMO,1.90625,2.0,64,2023-01-02,2023-03-31,22,5,0,45.690271,9.675082,23:40,64,11
