train_class,train_number,train_arrival_stop_name,train_departure_stop_name,stop_name,avg_arrival_delay,median_arrival_delay,count_dates_stop,first_date,last_date,count_3m_delay,count_5m_delay,count_10m_delay,stop_lat,stop_lon,stop_time,count_dates_train,stop_number
REG,16293,VENEZIA SANTA LUCIA,BASSANO DEL GRAPPA,BASSANO DEL GRAPPA,2.026315789473684,2.0,76,2023-01-02,2023-03-31,9,4,2,45.766697,11.741525,05:21,76,1
REG,16293,VENEZIA SANTA LUCIA,BASSANO DEL GRAPPA,CASTELLO DI GODEGO,0.0,-1.0,76,2023-01-02,2023-03-31,4,4,2,45.688082,11.87759,05:34,76,2
REG,16293,VENEZIA SANTA LUCIA,BASSANO DEL GRAPPA,CASTELFRANCO VENETO,-2.1315789473684212,-3.0,76,2023-01-02,2023-03-31,3,2,1,45.666439,11.934315,05:43,76,3
REG,16293,VENEZIA SANTA LUCIA,BASSANO DEL GRAPPA,PIOMBINO DESE,1.013157894736842,1.0,76,2023-01-02,2023-03-31,6,3,1,45.60944,12.00058,05:52,76,4
REG,16293,VENEZIA SANTA LUCIA,BASSANO DEL GRAPPA,NOALE SCORZE`,1.3421052631578947,1.0,76,2023-01-02,2023-03-31,10,3,1,45.553833,12.074888,06:00,76,5
REG,16293,VENEZIA SANTA LUCIA,BASSANO DEL GRAPPA,MAERNE DI MARTELLAGO,2.9473684210526314,2.0,76,2023-01-02,2023-03-31,38,10,2,45.514799,12.150629,06:08,76,6
REG,16293,VENEZIA SANTA LUCIA,BASSANO DEL GRAPPA,SPINEA,1.7763157894736843,1.0,76,2023-01-02,2023-03-31,22,4,1,45.491568,12.177168,06:13,76,7
REG,16293,VENEZIA SANTA LUCIA,BASSANO DEL GRAPPA,VENEZIA MESTRE,1.263157894736842,1.0,76,2023-01-02,2023-03-31,19,6,0,45.482123,12.232069,06:21,76,8
REG,16293,VENEZIA SANTA LUCIA,BASSANO DEL GRAPPA,VENEZIA SANTA LUCIA,-0.23684210526315788,-1.0,76,2023-01-02,2023-03-31,6,2,1,45.441569,12.320882,06:33,76,9
