train_class,train_number,train_arrival_stop_name,train_departure_stop_name,stop_name,avg_arrival_delay,median_arrival_delay,count_dates_stop,first_date,last_date,count_3m_delay,count_5m_delay,count_10m_delay,stop_lat,stop_lon,stop_time,count_dates_train,stop_number
REG,25870,MILANO PORTA GARIBALDI,BERGAMO,BERGAMO,1.2,1.0,85,2023-01-01,2023-03-31,5,3,0,45.690271,9.675082,18:20,85,1
REG,25870,MILANO PORTA GARIBALDI,BERGAMO,PONTE S.PIETRO,2.8452380952380953,2.0,84,2023-01-01,2023-03-31,34,15,1,45.69916,9.584322,18:29,85,2
REG,25870,MILANO PORTA GARIBALDI,BERGAMO,TERNO,5.352941176470588,6.0,85,2023-01-01,2023-03-31,71,54,3,45.688658,9.536169,18:34,85,3
REG,25870,MILANO PORTA GARIBALDI,BERGAMO,CALUSCO,6.352941176470588,6.0,85,2023-01-01,2023-03-31,75,60,13,45.684113,9.470646,18:40,85,4
REG,25870,MILANO PORTA GARIBALDI,BERGAMO,PADERNO ROBBIATE,10.047058823529412,10.0,85,2023-01-01,2023-03-31,83,82,50,45.678307,9.439202,18:47,85,5
REG,25870,MILANO PORTA GARIBALDI,BERGAMO,CARNATE USMATE,6.694117647058824,6.0,85,2023-01-01,2023-03-31,76,64,14,45.653072,9.375089,18:58,85,6
REG,25870,MILANO PORTA GARIBALDI,BERGAMO,ARCORE,6.464285714285714,6.0,84,2023-01-01,2023-03-31,72,59,11,45.623493,9.322798,19:04,85,7
REG,25870,MILANO PORTA GARIBALDI,BERGAMO,MONZA,6.011764705882353,6.0,85,2023-01-01,2023-03-31,68,56,12,45.577789,9.273253,19:11,85,8
REG,25870,MILANO PORTA GARIBALDI,BERGAMO,SESTO S. GIOVANNI,7.047058823529412,6.0,85,2023-01-01,2023-03-31,76,63,16,45.541087,9.23926,19:16,85,9
REG,25870,MILANO PORTA GARIBALDI,BERGAMO,MILANO GRECO PIRELLI,6.764705882352941,6.0,85,2023-01-01,2023-03-31,74,59,15,45.51272,9.214456,19:21,85,10
REG,25870,MILANO PORTA GARIBALDI,BERGAMO,MILANO PORTA GARIBALDI,6.623529411764705,4.0,85,2023-01-01,2023-03-31,66,41,19,45.484917,9.187683,19:29,85,11
