train_class,train_number,train_arrival_stop_name,train_departure_stop_name,stop_name,avg_arrival_delay,median_arrival_delay,count_dates_stop,first_date,last_date,count_3m_delay,count_5m_delay,count_10m_delay,stop_lat,stop_lon,stop_time,count_dates_train,stop_number
REG,11027,FIDENZA,CREMONA,CREMONA,1.2567567567567568,1.0,74,2023-01-02,2023-03-31,6,1,0,45.143215,10.017951,13:33,74,1
REG,11027,FIDENZA,CREMONA,CASTELVETRO,2.108108108108108,2.0,74,2023-01-02,2023-03-31,16,3,1,45.100095,9.982181,13:38,74,2
REG,11027,FIDENZA,CREMONA,S. GIULIANO PIACENTINO,4.260273972602739,4.0,73,2023-01-02,2023-03-31,57,22,1,45.070627,9.985919,13:42,74,3
REG,11027,FIDENZA,CREMONA,VILLANOVA D`ARDA,2.9864864864864864,1.0,74,2023-01-02,2023-03-31,23,9,4,45.028291,9.993291,13:48,74,4
REG,11027,FIDENZA,CREMONA,BUSSETO,1.4594594594594594,0.0,74,2023-01-02,2023-03-31,12,6,4,44.974692,10.038909,13:56,74,5
REG,11027,FIDENZA,CREMONA,CASTIONE DEI MARCHESI,2.2027027027027026,1.0,74,2023-01-02,2023-03-31,17,8,4,44.915157,10.044449,14:08,74,6
REG,11027,FIDENZA,CREMONA,FIDENZA,3.189189189189189,1.0,74,2023-01-02,2023-03-31,22,10,6,44.86773,10.06339,14:17,74,7
