train_class,train_number,train_arrival_stop_name,train_departure_stop_name,stop_name,avg_arrival_delay,median_arrival_delay,count_dates_stop,first_date,last_date,count_3m_delay,count_5m_delay,count_10m_delay,stop_lat,stop_lon,stop_time,count_dates_train,stop_number
REG,16330,BASSANO DEL GRAPPA,VENEZIA SANTA LUCIA,VENEZIA SANTA LUCIA,0.4027777777777778,0.0,72,2023-01-02,2023-03-31,2,0,0,45.441569,12.320882,11:27,72,1
REG,16330,BASSANO DEL GRAPPA,VENEZIA SANTA LUCIA,VENEZIA MESTRE,0.5416666666666666,0.0,72,2023-01-02,2023-03-31,6,0,0,45.482123,12.232069,11:38,72,2
REG,16330,BASSANO DEL GRAPPA,VENEZIA SANTA LUCIA,SPINEA,0.1111111111111111,0.0,72,2023-01-02,2023-03-31,5,0,0,45.491568,12.177168,11:46,72,3
REG,16330,BASSANO DEL GRAPPA,VENEZIA SANTA LUCIA,MAERNE DI MARTELLAGO,0.5277777777777778,0.0,72,2023-01-02,2023-03-31,4,0,0,45.514799,12.150629,11:50,72,4
REG,16330,BASSANO DEL GRAPPA,VENEZIA SANTA LUCIA,NOALE SCORZE`,-0.6388888888888888,-1.0,72,2023-01-02,2023-03-31,3,0,0,45.553833,12.074888,12:00,72,5
REG,16330,BASSANO DEL GRAPPA,VENEZIA SANTA LUCIA,PIOMBINO DESE,-3.0416666666666665,-3.0,72,2023-01-02,2023-03-31,0,0,0,45.60944,12.00058,12:14,72,6
REG,16330,BASSANO DEL GRAPPA,VENEZIA SANTA LUCIA,CASTELFRANCO VENETO,0.5138888888888888,1.0,72,2023-01-02,2023-03-31,7,0,0,45.666439,11.934315,12:26,72,7
REG,16330,BASSANO DEL GRAPPA,VENEZIA SANTA LUCIA,CASTELLO DI GODEGO,1.625,1.0,72,2023-01-02,2023-03-31,14,1,0,45.688082,11.87759,12:34,72,8
REG,16330,BASSANO DEL GRAPPA,VENEZIA SANTA LUCIA,BASSANO DEL GRAPPA,2.486111111111111,2.0,72,2023-01-02,2023-03-31,29,7,0,45.766697,11.741525,12:44,72,9
