train_class,train_number,train_arrival_stop_name,train_departure_stop_name,stop_name,avg_arrival_delay,median_arrival_delay,count_dates_stop,first_date,last_date,count_3m_delay,count_5m_delay,count_10m_delay,stop_lat,stop_lon,stop_time,count_dates_train,stop_number
REG,24370,MILANO BOVISA FNM,PAVIA,PAVIA,7.063291139240507,6.0,79,2023-01-01,2023-03-23,74,58,14,45.188843,9.144674,19:39,79,1
REG,24370,MILANO BOVISA FNM,PAVIA,CERTOSA DI PAVIA,5.7594936708860756,5.0,79,2023-01-01,2023-03-23,65,43,10,45.256927,9.154456,19:46,79,2
REG,24370,MILANO BOVISA FNM,PAVIA,VILLAMAGGIORE,5.3924050632911396,5.0,79,2023-01-01,2023-03-23,61,44,8,45.32045,9.190674,19:52,79,3
REG,24370,MILANO BOVISA FNM,PAVIA,LOCATE TRIULZI,6.177215189873418,6.0,79,2023-01-01,2023-03-23,66,46,11,45.35973,9.221398,19:58,79,4
REG,24370,MILANO BOVISA FNM,PAVIA,MILANO ROGOREDO,7.217948717948718,6.0,78,2023-01-01,2023-03-23,64,48,15,45.433866,9.2391,20:06,79,5
REG,24370,MILANO BOVISA FNM,PAVIA,MILANO PORTA VITTORIA,7.075949367088608,5.0,79,2023-01-01,2023-03-23,52,40,12,45.459579,9.21813,20:14,79,6
REG,24370,MILANO BOVISA FNM,PAVIA,MILANO DATEO,8.050632911392405,5.0,79,2023-01-01,2023-03-23,54,42,19,45.462341,9.209277,20:17,79,7
REG,24370,MILANO BOVISA FNM,PAVIA,MILANO VENEZIA,7.949367088607595,5.0,79,2023-01-01,2023-03-23,54,40,19,45.471121,9.201889,20:20,79,8
REG,24370,MILANO BOVISA FNM,PAVIA,MILANO REPUBBLICA,8.278481012658228,5.0,79,2023-01-01,2023-03-23,55,41,20,,,20:22,79,9
REG,24370,MILANO BOVISA FNM,PAVIA,MI P.GAR.SOTT.,8.468354430379748,5.0,79,2023-01-01,2023-03-23,56,42,22,45.484228,9.185122,20:25,79,10
REG,24370,MILANO BOVISA FNM,PAVIA,MILANO LANCETTI,6.936708860759493,3.0,79,2023-01-01,2023-03-23,45,34,20,45.492632,9.175832,20:28,79,11
REG,24370,MILANO BOVISA FNM,PAVIA,MILANO BOVISA FNM,5.2025316455696204,1.0,79,2023-01-01,2023-03-23,33,24,15,45.502993,9.159235,20:35,79,12
