train_class,train_number,train_arrival_stop_name,train_departure_stop_name,stop_name,avg_arrival_delay,median_arrival_delay,count_dates_stop,first_date,last_date,count_3m_delay,count_5m_delay,count_10m_delay,stop_lat,stop_lon,stop_time,count_dates_train,stop_number
REG,4240,M N CADORNA,NOVARA NORD,BUSTO ARSIZIO,0.0,0.0,13,2023-01-01,2023-03-26,0,0,0,45.616164,8.865031,11:38,13,1
REG,4240,M N CADORNA,NOVARA NORD,CASTELLANZA,0.0,0.0,13,2023-01-01,2023-03-26,0,0,0,,,11:41,13,2
REG,4240,M N CADORNA,NOVARA NORD,RESCALDINA,0.0,0.0,13,2023-01-01,2023-03-26,0,0,0,,,11:46,13,3
REG,4240,M N CADORNA,NOVARA NORD,SARONNO,0.0,0.0,13,2023-01-01,2023-03-26,0,0,0,45.625309,9.030839,11:52,13,4
REG,4240,M N CADORNA,NOVARA NORD,MILANO NORD DOMODOSSOLA,0.0,0.0,13,2023-01-01,2023-03-26,0,0,0,,,12:09,13,5
