train_class,train_number,train_arrival_stop_name,train_departure_stop_name,stop_name,avg_arrival_delay,median_arrival_delay,count_dates_stop,first_date,last_date,count_3m_delay,count_5m_delay,count_10m_delay,stop_lat,stop_lon,stop_time,count_dates_train,stop_number
REG,23830,L`AQUILA,SULMONA,SULMONA,2.8333333333333335,2.0,12,2023-01-07,2023-03-25,6,1,0,42.060836,13.907156,13:52,12,1
REG,23830,L`AQUILA,SULMONA,PRATOLA PELIGNA SUPERIORE,6.166666666666667,6.0,12,2023-01-07,2023-03-25,12,12,0,42.080415,13.87223,13:58,12,2
REG,23830,L`AQUILA,SULMONA,RAIANO,0.5,0.0,12,2023-01-07,2023-03-25,1,0,0,42.097931,13.80908,14:04,12,3
REG,23830,L`AQUILA,SULMONA,MOLINA CASTEL VECCHIO SUBAQUEO,-0.5,-1.0,12,2023-01-07,2023-03-25,0,0,0,42.143476,13.739644,14:14,12,4
REG,23830,L`AQUILA,SULMONA,S.DEMETRIO DE` VESTINI,-0.5833333333333334,-1.0,12,2023-01-07,2023-03-25,2,0,0,42.294447,13.536543,14:37,12,5
REG,23830,L`AQUILA,SULMONA,PAGANICA,1.0833333333333333,1.0,12,2023-01-07,2023-03-25,1,0,0,42.334751,13.464317,14:44,12,6
REG,23830,L`AQUILA,SULMONA,Bazzano (AQ),6.0,6.0,11,2023-01-07,2023-03-25,11,11,0,,,14:48,12,7
REG,23830,L`AQUILA,SULMONA,L`AQUILA,-2.6666666666666665,-3.0,12,2023-01-07,2023-03-25,0,0,0,42.351055,13.384959,14:57,12,8
