train_class,train_number,train_arrival_stop_name,train_departure_stop_name,stop_name,avg_arrival_delay,median_arrival_delay,count_dates_stop,first_date,last_date,count_3m_delay,count_5m_delay,count_10m_delay,stop_lat,stop_lon,stop_time,count_dates_train,stop_number
REG,18736,FIRENZE S.M.N.,AREZZO,AREZZO,1.5384615384615385,1.0,13,2023-01-01,2023-03-26,1,1,0,43.461725,11.874189,06:05,13,1
REG,18736,FIRENZE S.M.N.,AREZZO,MONTEVARCHI TERRANUOVA,2.3846153846153846,2.0,13,2023-01-01,2023-03-26,4,1,0,43.525165,11.563983,06:30,13,2
REG,18736,FIRENZE S.M.N.,AREZZO,S.GIOVANNI VALDARNO,0.7692307692307693,0.0,13,2023-01-01,2023-03-26,2,1,0,43.56601,11.527033,06:36,13,3
REG,18736,FIRENZE S.M.N.,AREZZO,FIGLINE VALDARNO,1.6923076923076923,1.0,13,2023-01-01,2023-03-26,3,1,0,43.621596,11.473652,06:42,13,4
REG,18736,FIRENZE S.M.N.,AREZZO,INCISA,0.8461538461538461,0.0,13,2023-01-01,2023-03-26,3,1,0,43.656541,11.452728,06:47,13,5
REG,18736,FIRENZE S.M.N.,AREZZO,RIGNANO SULL`ARNO REGGELLO,0.9230769230769231,0.0,13,2023-01-01,2023-03-26,4,1,0,43.720834,11.452383,06:54,13,6
REG,18736,FIRENZE S.M.N.,AREZZO,PONTASSIEVE,1.4615384615384615,0.0,13,2023-01-01,2023-03-26,4,1,0,43.773949,11.437904,07:02,13,7
REG,18736,FIRENZE S.M.N.,AREZZO,FIRENZE CAMPO MARTE,0.23076923076923078,-1.0,13,2023-01-01,2023-03-26,2,1,0,43.776856,11.27702,07:17,13,8
REG,18736,FIRENZE S.M.N.,AREZZO,FIRENZE S.M.N.,0.0,-1.0,13,2023-01-01,2023-03-26,3,0,0,43.776893,11.247373,07:25,13,9
