train_class,train_number,train_arrival_stop_name,train_departure_stop_name,stop_name,avg_arrival_delay,median_arrival_delay,count_dates_stop,first_date,last_date,count_3m_delay,count_5m_delay,count_10m_delay,stop_lat,stop_lon,stop_time,count_dates_train,stop_number
FR,8810,MILANO CENTRALE,BARI CENTRALE,BARI CENTRALE,2.49438202247191,2.0,89,2023-01-01,2023-03-31,25,7,3,41.11774,16.869601,05:30,89,1
FR,8810,MILANO CENTRALE,BARI CENTRALE,BARLETTA,-4.640449438202247,-5.0,89,2023-01-01,2023-03-31,3,3,2,41.315227,16.278867,06:04,89,2
FR,8810,MILANO CENTRALE,BARI CENTRALE,FOGGIA,2.5168539325842696,2.0,89,2023-01-01,2023-03-31,35,17,5,41.466,15.555816,06:33,89,3
FR,8810,MILANO CENTRALE,BARI CENTRALE,TERMOLI,0.5730337078651685,-1.0,89,2023-01-01,2023-03-31,19,17,6,42.000623,14.992805,07:18,89,4
FR,8810,MILANO CENTRALE,BARI CENTRALE,PESCARA,0.5168539325842697,-2.0,89,2023-01-01,2023-03-31,26,16,7,42.467789,14.205066,08:07,89,5
FR,8810,MILANO CENTRALE,BARI CENTRALE,S.BENEDETTO DEL TRONTO,4.022471910112359,2.0,89,2023-01-01,2023-03-31,38,25,10,42.954386,13.882297,08:39,89,6
FR,8810,MILANO CENTRALE,BARI CENTRALE,ANCONA,6.910112359550562,5.0,89,2023-01-01,2023-03-31,60,46,22,43.607734,13.497665,09:22,89,7
FR,8810,MILANO CENTRALE,BARI CENTRALE,PESARO,8.511363636363637,6.0,88,2023-01-01,2023-03-31,60,50,29,43.906014,12.904848,09:50,89,8
FR,8810,MILANO CENTRALE,BARI CENTRALE,RICCIONE,9.820224719101123,7.0,89,2023-01-01,2023-03-31,71,57,29,43.999218,12.658549,10:04,89,9
FR,8810,MILANO CENTRALE,BARI CENTRALE,RIMINI,7.420454545454546,4.0,88,2023-01-01,2023-03-31,55,43,27,44.064176,12.574093,10:15,89,10
FR,8810,MILANO CENTRALE,BARI CENTRALE,FORLI`,6.550561797752809,4.0,89,2023-01-01,2023-03-31,47,38,23,44.22413,12.054871,10:40,89,11
FR,8810,MILANO CENTRALE,BARI CENTRALE,BOLOGNA C.LE,8.359550561797754,5.0,89,2023-01-01,2023-03-31,59,45,28,44.50626,11.342267,11:15,89,12
FR,8810,MILANO CENTRALE,BARI CENTRALE,MODENA,11.235955056179776,8.0,89,2023-01-01,2023-03-31,70,55,37,44.654461,10.930373,11:35,89,13
FR,8810,MILANO CENTRALE,BARI CENTRALE,REGGIO EMILIA,10.022727272727273,5.0,88,2023-01-01,2023-03-31,57,50,34,44.697793,10.643093,11:51,89,14
FR,8810,MILANO CENTRALE,BARI CENTRALE,PARMA,11.011363636363637,8.0,88,2023-01-01,2023-03-31,64,57,35,44.810203,10.32837,12:07,89,15
FR,8810,MILANO CENTRALE,BARI CENTRALE,MILANO CENTRALE,21.44943820224719,15.0,89,2023-01-01,2023-03-31,88,85,67,45.486347,9.204528,12:54,89,16
