train_class,train_number,train_arrival_stop_name,train_departure_stop_name,stop_name,avg_arrival_delay,median_arrival_delay,count_dates_stop,first_date,last_date,count_3m_delay,count_5m_delay,count_10m_delay,stop_lat,stop_lon,stop_time,count_dates_train,stop_number
REG,4347,BARI CENTRALE,FOGGIA,FOGGIA,4.603174603174603,3.0,63,2023-01-02,2023-03-31,37,22,8,41.466,15.555816,14:32,63,1
REG,4347,BARI CENTRALE,FOGGIA,INCORONATA,3.6825396825396823,2.0,63,2023-01-02,2023-03-31,29,14,6,41.408174,15.650728,14:39,63,2
REG,4347,BARI CENTRALE,FOGGIA,ORTANOVA,4.095238095238095,3.0,63,2023-01-02,2023-03-31,32,18,9,41.350441,15.732059,14:45,63,3
REG,4347,BARI CENTRALE,FOGGIA,CERIGNOLA,3.1904761904761907,2.0,63,2023-01-02,2023-03-31,27,17,3,41.315664,15.897298,14:54,63,4
REG,4347,BARI CENTRALE,FOGGIA,TRINITAPOLI S.FERDIN. DI P.,3.0,2.0,63,2023-01-02,2023-03-31,27,16,1,41.349677,16.090839,15:04,63,5
REG,4347,BARI CENTRALE,FOGGIA,BARLETTA,3.142857142857143,2.0,63,2023-01-02,2023-03-31,28,19,1,41.315227,16.278867,15:13,63,6
REG,4347,BARI CENTRALE,FOGGIA,TRANI,3.634920634920635,3.0,63,2023-01-02,2023-03-31,33,22,1,41.272693,16.417646,15:21,63,7
REG,4347,BARI CENTRALE,FOGGIA,BISCEGLIE,3.5555555555555554,3.0,63,2023-01-02,2023-03-31,32,20,2,41.235445,16.499484,15:27,63,8
REG,4347,BARI CENTRALE,FOGGIA,MOLFETTA,2.6666666666666665,2.0,63,2023-01-02,2023-03-31,29,18,2,41.196008,16.596793,15:34,63,9
REG,4347,BARI CENTRALE,FOGGIA,BARI CENTRALE,0.42857142857142855,0.0,63,2023-01-02,2023-03-31,10,4,1,41.11774,16.869601,15:55,63,10
