train_class,train_number,train_arrival_stop_name,train_departure_stop_name,stop_name,avg_arrival_delay,median_arrival_delay,count_dates_stop,first_date,last_date,count_3m_delay,count_5m_delay,count_10m_delay,stop_lat,stop_lon,stop_time,count_dates_train,stop_number
REG,26316,CHIVASSO,PINEROLO,PINEROLO,2.1232876712328768,1.0,73,2023-01-02,2023-03-31,17,8,1,44.887673,7.337402,18:46,73,1
REG,26316,CHIVASSO,PINEROLO,PINEROLO OLIMPICA,4.123287671232877,3.0,73,2023-01-02,2023-03-31,67,17,2,44.893325,7.349043,18:48,73,2
REG,26316,CHIVASSO,PINEROLO,PISCINA DI PINEROLO,0.0684931506849315,-1.0,73,2023-01-02,2023-03-31,8,2,1,44.921744,7.425482,18:56,73,3
REG,26316,CHIVASSO,PINEROLO,AIRASCA,4.424657534246576,5.0,73,2023-01-02,2023-03-31,49,40,3,44.928093,7.483536,19:01,73,4
REG,26316,CHIVASSO,PINEROLO,NONE,5.602739726027397,6.0,73,2023-01-02,2023-03-31,59,47,3,44.938011,7.540068,19:05,73,5
REG,26316,CHIVASSO,PINEROLO,CANDIOLO,6.808219178082192,7.0,73,2023-01-02,2023-03-31,67,55,12,44.961155,7.598973,19:10,73,6
REG,26316,CHIVASSO,PINEROLO,NICHELINO,4.835616438356165,5.0,73,2023-01-02,2023-03-31,61,39,1,44.99132,7.642068,19:19,73,7
REG,26316,CHIVASSO,PINEROLO,MONCALIERI SANGONE,5.041095890410959,5.0,73,2023-01-02,2023-03-31,65,44,2,45.000393,7.667991,19:23,73,8
REG,26316,CHIVASSO,PINEROLO,TORINO LINGOTTO,3.0273972602739727,3.0,73,2023-01-02,2023-03-31,43,12,1,45.0266,7.657469,19:30,73,9
REG,26316,CHIVASSO,PINEROLO,TORINO PORTA SUSA,2.6027397260273974,2.0,73,2023-01-02,2023-03-31,35,13,1,45.075906,7.667673,19:37,73,10
REG,26316,CHIVASSO,PINEROLO,TORINO REBAUDENGO FOSSATA,3.0821917808219177,3.0,73,2023-01-02,2023-03-31,42,16,1,,,19:41,73,11
REG,26316,CHIVASSO,PINEROLO,TORINO STURA,2.9726027397260273,3.0,73,2023-01-02,2023-03-31,38,14,1,45.121932,7.713202,19:45,73,12
REG,26316,CHIVASSO,PINEROLO,SETTIMO,2.958904109589041,3.0,73,2023-01-02,2023-03-31,37,13,1,45.139834,7.769335,19:50,73,13
REG,26316,CHIVASSO,PINEROLO,BRANDIZZO,2.73972602739726,2.0,73,2023-01-02,2023-03-31,30,10,2,45.178915,7.841218,19:56,73,14
REG,26316,CHIVASSO,PINEROLO,CHIVASSO,1.273972602739726,1.0,73,2023-01-02,2023-03-31,17,8,2,45.193637,7.889666,20:04,73,15
