train_class,train_number,train_arrival_stop_name,train_departure_stop_name,stop_name,avg_arrival_delay,median_arrival_delay,count_dates_stop,first_date,last_date,count_3m_delay,count_5m_delay,count_10m_delay,stop_lat,stop_lon,stop_time,count_dates_train,stop_number
REG,17846,BOLOGNA C.LE,PRATO CENTRALE,PRATO CENTRALE,1.5,1.0,44,2023-01-30,2023-03-31,5,0,0,43.878737,11.109252,17:10,44,1
REG,17846,BOLOGNA C.LE,PRATO CENTRALE,VAIANO,1.6046511627906976,1.0,43,2023-01-30,2023-03-31,6,2,0,43.961772,11.130773,17:17,44,2
REG,17846,BOLOGNA C.LE,PRATO CENTRALE,VERNIO MONTEPIANO CANTAGALLO,0.9767441860465116,1.0,43,2023-01-30,2023-03-31,5,1,0,44.043991,11.152342,17:25,44,3
REG,17846,BOLOGNA C.LE,PRATO CENTRALE,SAN BENEDETTO SAMBRO-CAST.PEPOLI,1.558139534883721,1.0,43,2023-01-30,2023-03-31,8,2,1,44.22866,11.19226,17:36,44,4
REG,17846,BOLOGNA C.LE,PRATO CENTRALE,GRIZZANA,1.8780487804878048,1.0,41,2023-01-30,2023-03-31,7,3,1,44.258292,11.181194,17:40,44,5
REG,17846,BOLOGNA C.LE,PRATO CENTRALE,MONZUNO,1.7209302325581395,1.0,43,2023-01-30,2023-03-31,10,4,1,44.322277,11.262082,17:47,44,6
REG,17846,BOLOGNA C.LE,PRATO CENTRALE,PIANORO,0.6190476190476191,-1.0,42,2023-01-30,2023-03-31,6,3,1,44.380589,11.340675,17:54,44,7
REG,17846,BOLOGNA C.LE,PRATO CENTRALE,MUSIANO-PIAN DI MACINA,0.8837209302325582,0.0,43,2023-01-30,2023-03-31,4,3,1,44.402423,11.344912,17:58,44,8
REG,17846,BOLOGNA C.LE,PRATO CENTRALE,RASTIGNANO,1.558139534883721,1.0,43,2023-01-30,2023-03-31,4,3,1,44.443592,11.357617,18:03,44,9
REG,17846,BOLOGNA C.LE,PRATO CENTRALE,BOLOGNA S.RUFFILLO,0.9302325581395349,0.0,43,2023-01-30,2023-03-31,4,2,1,44.462657,11.372967,18:06,44,10
REG,17846,BOLOGNA C.LE,PRATO CENTRALE,BOLOGNA MAZZINI,1.8048780487804879,1.0,41,2023-01-30,2023-03-31,5,3,2,44.482284,11.376271,18:10,44,11
REG,17846,BOLOGNA C.LE,PRATO CENTRALE,BOLOGNA SAN VITALE,2.227272727272727,2.0,44,2023-01-30,2023-03-31,4,2,1,,,18:15,44,12
REG,17846,BOLOGNA C.LE,PRATO CENTRALE,BOLOGNA C.LE,-2.340909090909091,-3.0,44,2023-01-30,2023-03-31,2,2,1,44.50626,11.342267,18:22,44,13
