train_class,train_number,train_arrival_stop_name,train_departure_stop_name,stop_name,avg_arrival_delay,median_arrival_delay,count_dates_stop,first_date,last_date,count_3m_delay,count_5m_delay,count_10m_delay,stop_lat,stop_lon,stop_time,count_dates_train,stop_number
REG,90180,GUASTALLA,REGGIO EMILIA,REGGIO EMILIA,3.111111111111111,2.0,27,2023-01-05,2023-03-31,11,5,1,44.697793,10.643093,13:20,27,1
REG,90180,GUASTALLA,REGGIO EMILIA,REGGIO MEDIOPADANA,1.7037037037037037,1.0,27,2023-01-05,2023-03-31,6,2,1,,,13:28,27,2
REG,90180,GUASTALLA,REGGIO EMILIA,BAGNOLO IN PIANO,2.074074074074074,2.0,27,2023-01-05,2023-03-31,9,2,1,,,13:34,27,3
REG,90180,GUASTALLA,REGGIO EMILIA,NOVELLARA,0.2962962962962963,-1.0,27,2023-01-05,2023-03-31,2,2,0,,,13:54,27,4
REG,90180,GUASTALLA,REGGIO EMILIA,GUASTALLA,0.4074074074074074,-1.0,27,2023-01-05,2023-03-31,4,2,1,,,14:13,27,5
