train_class,train_number,train_arrival_stop_name,train_departure_stop_name,stop_name,avg_arrival_delay,median_arrival_delay,count_dates_stop,first_date,last_date,count_3m_delay,count_5m_delay,count_10m_delay,stop_lat,stop_lon,stop_time,count_dates_train,stop_number
REG,23810,L`AQUILA,SULMONA,SULMONA,2.4285714285714284,2.0,14,2023-01-01,2023-03-26,6,0,0,42.060836,13.907156,08:43,14,1
REG,23810,L`AQUILA,SULMONA,PRATOLA PELIGNA SUPERIORE,6.428571428571429,6.0,14,2023-01-01,2023-03-26,14,14,0,42.080415,13.87223,08:48,14,2
REG,23810,L`AQUILA,SULMONA,RAIANO,-0.6428571428571429,-1.0,14,2023-01-01,2023-03-26,0,0,0,42.097931,13.80908,08:55,14,3
REG,23810,L`AQUILA,SULMONA,MOLINA CASTEL VECCHIO SUBAQUEO,1.3571428571428572,2.0,14,2023-01-01,2023-03-26,1,0,0,42.143476,13.739644,09:04,14,4
REG,23810,L`AQUILA,SULMONA,BEFFI,-0.14285714285714285,0.0,14,2023-01-01,2023-03-26,0,0,0,42.197341,13.660759,09:15,14,5
REG,23810,L`AQUILA,SULMONA,FONTECCHIO,7.5,7.0,14,2023-01-01,2023-03-26,14,14,2,42.222822,13.604445,09:22,14,6
REG,23810,L`AQUILA,SULMONA,FAGNANO CAMPANA,1.8571428571428572,1.0,14,2023-01-01,2023-03-26,6,1,0,42.250575,13.562743,09:28,14,7
REG,23810,L`AQUILA,SULMONA,S.DEMETRIO DE` VESTINI,1.2857142857142858,1.0,14,2023-01-01,2023-03-26,4,2,0,42.294447,13.536543,09:35,14,8
REG,23810,L`AQUILA,SULMONA,PAGANICA,0.6428571428571429,0.0,14,2023-01-01,2023-03-26,2,0,0,42.334751,13.464317,09:43,14,9
REG,23810,L`AQUILA,SULMONA,L`AQUILA,-0.42857142857142855,-1.0,14,2023-01-01,2023-03-26,0,0,0,42.351055,13.384959,09:52,14,10
