train_class,train_number,train_arrival_stop_name,train_departure_stop_name,stop_name,avg_arrival_delay,median_arrival_delay,count_dates_stop,first_date,last_date,count_3m_delay,count_5m_delay,count_10m_delay,stop_lat,stop_lon,stop_time,count_dates_train,stop_number
REG,11321,NOVARA,CHIVASSO,CHIVASSO,1.0833333333333333,1.0,12,2023-01-07,2023-03-25,1,0,0,45.193637,7.889666,10:40,12,1
REG,11321,NOVARA,CHIVASSO,TORRAZZA P.,1.0,1.0,12,2023-01-07,2023-03-25,1,0,0,45.211855,7.970255,10:46,12,2
REG,11321,NOVARA,CHIVASSO,SALUGGIA,2.5,1.0,12,2023-01-07,2023-03-25,2,1,1,45.23443,8.017112,10:51,12,3
REG,11321,NOVARA,CHIVASSO,S. ANTONINO DI SALUGGIA,2.25,1.0,12,2023-01-07,2023-03-25,2,1,1,45.253967,8.039728,10:55,12,4
REG,11321,NOVARA,CHIVASSO,LIVORNO FERRARIS,-1.1666666666666667,-2.0,12,2023-01-07,2023-03-25,1,1,1,45.283402,8.073493,11:01,12,5
REG,11321,NOVARA,CHIVASSO,BIANZE`,-0.08333333333333333,-1.0,12,2023-01-07,2023-03-25,1,1,0,45.309488,8.115523,11:06,12,6
REG,11321,NOVARA,CHIVASSO,TRONZANO,-0.6666666666666666,-1.0,12,2023-01-07,2023-03-25,1,1,0,45.342929,8.168395,11:11,12,7
REG,11321,NOVARA,CHIVASSO,SANTHIA`,-0.5,-1.0,12,2023-01-07,2023-03-25,1,1,0,45.363726,8.180093,11:15,12,8
REG,11321,NOVARA,CHIVASSO,S. GERMANO VERCELLESE,1.5,1.0,12,2023-01-07,2023-03-25,2,2,0,45.353603,8.249958,11:20,12,9
REG,11321,NOVARA,CHIVASSO,VERCELLI,-1.4166666666666667,-2.0,12,2023-01-07,2023-03-25,0,0,0,45.329909,8.416028,11:31,12,10
REG,11321,NOVARA,CHIVASSO,BORGO VERCELLI,-0.08333333333333333,-1.0,12,2023-01-07,2023-03-25,1,0,0,45.359252,8.461474,11:36,12,11
REG,11321,NOVARA,CHIVASSO,NOVARA,-0.08333333333333333,0.0,12,2023-01-07,2023-03-25,0,0,0,45.451376,8.624895,11:49,12,12
