train_class,train_number,train_arrival_stop_name,train_departure_stop_name,stop_name,avg_arrival_delay,median_arrival_delay,count_dates_stop,first_date,last_date,count_3m_delay,count_5m_delay,count_10m_delay,stop_lat,stop_lon,stop_time,count_dates_train,stop_number
REG,19818,ANCONA,FABRIANO,FABRIANO,3.3015873015873014,2.0,63,2023-01-02,2023-03-31,24,15,2,43.345429,12.905336,17:12,63,1
REG,19818,ANCONA,FABRIANO,ALBACINA,2.2857142857142856,1.0,63,2023-01-02,2023-03-31,23,14,1,43.345686,12.986501,17:21,63,2
REG,19818,ANCONA,FABRIANO,GENGA S.VITTORE TERME,3.6825396825396823,2.0,63,2023-01-02,2023-03-31,28,13,5,43.403011,12.977163,17:31,63,3
REG,19818,ANCONA,FABRIANO,SERRA S.QUIRICO,4.095238095238095,2.0,63,2023-01-02,2023-03-31,30,14,5,43.444879,13.027408,17:38,63,4
REG,19818,ANCONA,FABRIANO,CASTELPLANIO CUPRAMONTANA,3.2698412698412698,1.0,63,2023-01-02,2023-03-31,20,13,4,43.481403,13.084733,17:45,63,5
REG,19818,ANCONA,FABRIANO,JESI,1.2698412698412698,-2.0,63,2023-01-02,2023-03-31,11,6,4,43.520164,13.251316,17:59,63,6
REG,19818,ANCONA,FABRIANO,FALCONARA MARITTIMA,-1.0952380952380953,-3.0,63,2023-01-02,2023-03-31,5,4,4,43.630577,13.397378,18:22,63,7
REG,19818,ANCONA,FABRIANO,ANCONA,2.6507936507936507,1.0,63,2023-01-02,2023-03-31,15,8,3,43.607734,13.497665,18:36,63,8
