train_class,train_number,train_arrival_stop_name,train_departure_stop_name,stop_name,avg_arrival_delay,median_arrival_delay,count_dates_stop,first_date,last_date,count_3m_delay,count_5m_delay,count_10m_delay,stop_lat,stop_lon,stop_time,count_dates_train,stop_number
REG,18230,FIRENZE S.M.N.,SIENA,SIENA,2.142857142857143,2.0,14,2023-01-01,2023-03-26,2,1,0,43.331708,11.322972,15:18,14,1
REG,18230,FIRENZE S.M.N.,SIENA,POGGIBONSI,5.071428571428571,4.0,14,2023-01-01,2023-03-26,13,7,1,43.468093,11.149455,15:41,14,2
REG,18230,FIRENZE S.M.N.,SIENA,CERTALDO,3.642857142857143,3.0,14,2023-01-01,2023-03-26,9,5,0,43.547124,11.037711,15:53,14,3
REG,18230,FIRENZE S.M.N.,SIENA,EMPOLI,0.21428571428571427,0.0,14,2023-01-01,2023-03-26,1,0,0,43.715708,10.94915,16:20,14,4
REG,18230,FIRENZE S.M.N.,SIENA,FIRENZE RIFREDI,1.0714285714285714,1.0,14,2023-01-01,2023-03-26,2,0,0,43.800873,11.235729,16:43,14,5
REG,18230,FIRENZE S.M.N.,SIENA,FIRENZE S.M.N.,-1.5714285714285714,-2.0,14,2023-01-01,2023-03-26,0,0,0,43.776893,11.247373,16:52,14,6
