train_class,train_number,train_arrival_stop_name,train_departure_stop_name,stop_name,avg_arrival_delay,median_arrival_delay,count_dates_stop,first_date,last_date,count_3m_delay,count_5m_delay,count_10m_delay,stop_lat,stop_lon,stop_time,count_dates_train,stop_number
REG,4340,FOGGIA,BARI CENTRALE,BARI CENTRALE,3.28125,2.0,64,2023-01-02,2023-03-31,25,9,3,41.11774,16.869601,16:35,64,1
REG,4340,FOGGIA,BARI CENTRALE,BARI S. SPIRITO,2.671875,2.0,64,2023-01-02,2023-03-31,20,8,3,41.159653,16.746324,16:45,64,2
REG,4340,FOGGIA,BARI CENTRALE,GIOVINAZZO,2.5625,1.0,64,2023-01-02,2023-03-31,17,8,4,41.180968,16.669346,16:51,64,3
REG,4340,FOGGIA,BARI CENTRALE,MOLFETTA,2.507936507936508,1.0,63,2023-01-02,2023-03-31,14,7,5,41.196008,16.596793,16:57,64,4
REG,4340,FOGGIA,BARI CENTRALE,BISCEGLIE,3.453125,2.0,64,2023-01-02,2023-03-31,18,10,5,41.235445,16.499484,17:03,64,5
REG,4340,FOGGIA,BARI CENTRALE,TRANI,3.515625,2.0,64,2023-01-02,2023-03-31,24,11,5,41.272693,16.417646,17:09,64,6
REG,4340,FOGGIA,BARI CENTRALE,BARLETTA,2.890625,1.0,64,2023-01-02,2023-03-31,21,8,5,41.315227,16.278867,17:18,64,7
REG,4340,FOGGIA,BARI CENTRALE,TRINITAPOLI S.FERDIN. DI P.,4.296875,3.0,64,2023-01-02,2023-03-31,36,15,5,41.349677,16.090839,17:27,64,8
REG,4340,FOGGIA,BARI CENTRALE,CERIGNOLA,4.8125,3.0,64,2023-01-02,2023-03-31,39,21,6,41.315664,15.897298,17:37,64,9
REG,4340,FOGGIA,BARI CENTRALE,ORTANOVA,4.640625,3.0,64,2023-01-02,2023-03-31,37,18,6,41.350441,15.732059,17:46,64,10
REG,4340,FOGGIA,BARI CENTRALE,INCORONATA,3.828125,2.0,64,2023-01-02,2023-03-31,30,14,6,41.408174,15.650728,17:53,64,11
REG,4340,FOGGIA,BARI CENTRALE,FOGGIA,4.484375,3.0,64,2023-01-02,2023-03-31,34,14,7,41.466,15.555816,18:03,64,12
