train_class,train_number,train_arrival_stop_name,train_departure_stop_name,stop_name,avg_arrival_delay,median_arrival_delay,count_dates_stop,first_date,last_date,count_3m_delay,count_5m_delay,count_10m_delay,stop_lat,stop_lon,stop_time,count_dates_train,stop_number
REG,11068,ASTI,VOGHERA,VOGHERA,3.0,3.0,64,2023-01-02,2023-03-31,43,6,0,44.9978,9.007942,13:40,64,1
REG,11068,ASTI,VOGHERA,PONTECURONE,1.125,1.0,64,2023-01-02,2023-03-31,9,1,0,44.962014,8.929717,13:45,64,2
REG,11068,ASTI,VOGHERA,TORTONA,1.3125,1.0,64,2023-01-02,2023-03-31,12,3,0,44.900126,8.861777,13:52,64,3
REG,11068,ASTI,VOGHERA,S.GIULIANO PIEMONTE,0.703125,0.0,64,2023-01-02,2023-03-31,8,4,2,44.890543,8.760933,14:01,64,4
REG,11068,ASTI,VOGHERA,SPINETTA,1.046875,0.0,64,2023-01-02,2023-03-31,12,5,2,44.882378,8.683146,14:07,64,5
REG,11068,ASTI,VOGHERA,ALESSANDRIA,-0.125,-1.0,64,2023-01-02,2023-03-31,8,2,2,44.909091,8.606498,14:15,64,6
REG,11068,ASTI,VOGHERA,SOLERO,0.359375,-1.0,64,2023-01-02,2023-03-31,8,3,2,44.915886,8.51043,14:24,64,7
REG,11068,ASTI,VOGHERA,FELIZZANO,1.203125,1.0,64,2023-01-02,2023-03-31,10,3,2,44.893367,8.437155,14:29,64,8
REG,11068,ASTI,VOGHERA,ROCCHETTA TANARO CERRO,2.28125,1.0,64,2023-01-02,2023-03-31,8,4,3,44.875574,8.351402,14:35,64,9
REG,11068,ASTI,VOGHERA,CASTELLO D`ANNONE,3.1875,2.0,64,2023-01-02,2023-03-31,16,8,3,44.878742,8.312724,14:39,64,10
REG,11068,ASTI,VOGHERA,ASTI,4.890625,2.0,64,2023-01-02,2023-03-31,31,17,4,44.89479,8.208112,14:47,64,11
