train_class,train_number,train_arrival_stop_name,train_departure_stop_name,stop_name,avg_arrival_delay,median_arrival_delay,count_dates_stop,first_date,last_date,count_3m_delay,count_5m_delay,count_10m_delay,stop_lat,stop_lon,stop_time,count_dates_train,stop_number
REG,10854,MILANO GRECO PIRELLI,PIACENZA,PIACENZA,1.5813953488372092,1.0,86,2023-01-01,2023-03-31,15,6,1,45.052238,9.70633,06:07,86,1
REG,10854,MILANO GRECO PIRELLI,PIACENZA,CODOGNO,1.0,0.0,86,2023-01-01,2023-03-31,14,6,3,45.154897,9.701376,06:18,86,2
REG,10854,MILANO GRECO PIRELLI,PIACENZA,CASALPUSTERLENGO,1.2209302325581395,1.0,86,2023-01-01,2023-03-31,15,6,3,45.182473,9.653627,06:23,86,3
REG,10854,MILANO GRECO PIRELLI,PIACENZA,SECUGNAGO,1.7906976744186047,1.0,86,2023-01-01,2023-03-31,20,13,4,45.223253,9.58684,06:29,86,4
REG,10854,MILANO GRECO PIRELLI,PIACENZA,LODI,2.7906976744186047,2.0,86,2023-01-01,2023-03-31,35,16,4,45.308966,9.497585,06:37,86,5
REG,10854,MILANO GRECO PIRELLI,PIACENZA,MILANO ROGOREDO,0.18823529411764706,-1.0,85,2023-01-01,2023-03-31,14,9,6,45.433866,9.2391,06:59,86,6
REG,10854,MILANO GRECO PIRELLI,PIACENZA,MILANO LAMBRATE,0.9302325581395349,-1.0,86,2023-01-01,2023-03-31,13,8,5,45.484933,9.237333,07:11,86,7
REG,10854,MILANO GRECO PIRELLI,PIACENZA,MILANO GRECO PIRELLI,3.0697674418604652,1.0,86,2023-01-01,2023-03-31,26,14,8,45.51272,9.214456,07:18,86,8
