train_class,train_number,train_arrival_stop_name,train_departure_stop_name,stop_name,avg_arrival_delay,median_arrival_delay,count_dates_stop,first_date,last_date,count_3m_delay,count_5m_delay,count_10m_delay,stop_lat,stop_lon,stop_time,count_dates_train,stop_number
REG,2273,BERGAMO,MILANO PORTA GARIBALDI,MILANO PORTA GARIBALDI,1.359375,1.0,64,2023-01-02,2023-03-31,3,1,0,45.484917,9.187683,16:22,64,1
REG,2273,BERGAMO,MILANO PORTA GARIBALDI,MILANO LAMBRATE,0.5625,0.0,64,2023-01-02,2023-03-31,10,2,0,45.484933,9.237333,16:39,64,2
REG,2273,BERGAMO,MILANO PORTA GARIBALDI,PIOLTELLO LIMITO,0.359375,0.0,64,2023-01-02,2023-03-31,10,3,1,45.486019,9.329319,16:49,64,3
REG,2273,BERGAMO,MILANO PORTA GARIBALDI,TREVIGLIO OVEST,-1.71875,-2.0,64,2023-01-02,2023-03-31,3,1,0,45.521762,9.580281,17:05,64,4
REG,2273,BERGAMO,MILANO PORTA GARIBALDI,VERDELLO DALMINE,-0.40625,-1.0,64,2023-01-02,2023-03-31,2,1,0,45.605715,9.619797,17:13,64,5
REG,2273,BERGAMO,MILANO PORTA GARIBALDI,BERGAMO,-1.96875,-2.0,64,2023-01-02,2023-03-31,1,0,0,45.690271,9.675082,17:25,64,6
