train_class,train_number,train_arrival_stop_name,train_departure_stop_name,stop_name,avg_arrival_delay,median_arrival_delay,count_dates_stop,first_date,last_date,count_3m_delay,count_5m_delay,count_10m_delay,stop_lat,stop_lon,stop_time,count_dates_train,stop_number
REG,19360,LA SPEZIA CENTRALE,PISA CENTRALE,PISA CENTRALE,1.5416666666666667,1.0,72,2023-01-02,2023-03-31,8,3,1,43.70794,10.398183,15:54,72,1
REG,19360,LA SPEZIA CENTRALE,PISA CENTRALE,PISA SAN ROSSORE,0.4583333333333333,0.0,72,2023-01-02,2023-03-31,6,2,0,43.723702,10.387363,15:59,72,2
REG,19360,LA SPEZIA CENTRALE,PISA CENTRALE,TORRE DEL LAGO PUCCINI,2.0972222222222223,2.0,72,2023-01-02,2023-03-31,24,8,0,43.826501,10.290287,16:08,72,3
REG,19360,LA SPEZIA CENTRALE,PISA CENTRALE,VIAREGGIO,2.236111111111111,2.0,72,2023-01-02,2023-03-31,26,8,1,43.865947,10.257886,16:14,72,4
REG,19360,LA SPEZIA CENTRALE,PISA CENTRALE,PIETRASANTA,1.8472222222222223,1.0,72,2023-01-02,2023-03-31,20,10,0,43.95583,10.229731,16:21,72,5
REG,19360,LA SPEZIA CENTRALE,PISA CENTRALE,FORTE DEI MARMI SERRAVEZZA Q.,1.5,1.0,72,2023-01-02,2023-03-31,17,9,1,43.97777,10.19936,16:26,72,6
REG,19360,LA SPEZIA CENTRALE,PISA CENTRALE,MASSA CENTRO,1.7777777777777777,1.0,72,2023-01-02,2023-03-31,18,10,1,44.023741,10.136041,16:32,72,7
REG,19360,LA SPEZIA CENTRALE,PISA CENTRALE,SARZANA,2.2222222222222223,1.0,72,2023-01-02,2023-03-31,26,12,2,44.108865,9.960657,16:48,72,8
REG,19360,LA SPEZIA CENTRALE,PISA CENTRALE,VEZZANO LIGURE,1.4305555555555556,1.0,72,2023-01-02,2023-03-31,22,7,2,44.127081,9.88928,16:56,72,9
REG,19360,LA SPEZIA CENTRALE,PISA CENTRALE,LA SPEZIA MIGLIARINA,1.3472222222222223,0.0,72,2023-01-02,2023-03-31,19,5,2,44.123391,9.84028,17:02,72,10
REG,19360,LA SPEZIA CENTRALE,PISA CENTRALE,LA SPEZIA CENTRALE,3.8333333333333335,4.0,72,2023-01-02,2023-03-31,52,20,2,44.11141,9.813906,17:07,72,11
