train_class,train_number,train_arrival_stop_name,train_departure_stop_name,stop_name,avg_arrival_delay,median_arrival_delay,count_dates_stop,first_date,last_date,count_3m_delay,count_5m_delay,count_10m_delay,stop_lat,stop_lon,stop_time,count_dates_train,stop_number
REG,20169,VELLETRI,ROMA TIBURTINA,ROMA TIBURTINA,1.5471698113207548,1.0,53,2023-01-09,2023-03-31,5,3,1,41.910903,12.530749,18:55,53,1
REG,20169,VELLETRI,ROMA TIBURTINA,CAPANNELLE,-0.3018867924528302,-1.0,53,2023-01-09,2023-03-31,7,2,0,41.830713,12.568884,19:09,53,2
REG,20169,VELLETRI,ROMA TIBURTINA,CIAMPINO,2.339622641509434,2.0,53,2023-01-09,2023-03-31,13,6,0,41.804442,12.599546,19:14,53,3
REG,20169,VELLETRI,ROMA TIBURTINA,CASABIANCA,4.811320754716981,4.0,53,2023-01-09,2023-03-31,48,21,5,41.788327,12.60431,19:18,53,4
REG,20169,VELLETRI,ROMA TIBURTINA,S. MARIA DELLE MOLE,2.9245283018867925,2.0,53,2023-01-09,2023-03-31,24,10,2,41.774417,12.606225,19:22,53,5
REG,20169,VELLETRI,ROMA TIBURTINA,PAVONA,3.660377358490566,3.0,53,2023-01-09,2023-03-31,30,16,3,41.723897,12.61116,19:29,53,6
REG,20169,VELLETRI,ROMA TIBURTINA,CANCELLIERA,4.452830188679245,4.0,53,2023-01-09,2023-03-31,36,19,3,41.710587,12.621758,19:32,53,7
REG,20169,VELLETRI,ROMA TIBURTINA,CECCHINA,4.056603773584905,3.0,53,2023-01-09,2023-03-31,34,19,3,41.692029,12.650992,19:36,53,8
REG,20169,VELLETRI,ROMA TIBURTINA,LANUVIO,2.169811320754717,1.0,53,2023-01-09,2023-03-31,20,11,2,41.672211,12.690885,19:43,53,9
REG,20169,VELLETRI,ROMA TIBURTINA,S. GENNARO,3.509433962264151,2.0,53,2023-01-09,2023-03-31,26,15,2,,,19:48,53,10
REG,20169,VELLETRI,ROMA TIBURTINA,S. EUROSIA,3.4150943396226414,2.0,53,2023-01-09,2023-03-31,25,15,2,41.675927,12.755105,19:51,53,11
REG,20169,VELLETRI,ROMA TIBURTINA,VELLETRI,0.8679245283018868,-1.0,53,2023-01-09,2023-03-31,15,6,1,41.682421,12.780864,19:58,53,12
