train_class,train_number,train_arrival_stop_name,train_departure_stop_name,stop_name,avg_arrival_delay,median_arrival_delay,count_dates_stop,first_date,last_date,count_3m_delay,count_5m_delay,count_10m_delay,stop_lat,stop_lon,stop_time,count_dates_train,stop_number
REG,3133,SAVONA,TORINO P.NUOVA,TORINO P.NUOVA,1.5666666666666667,1.0,90,2023-01-01,2023-03-31,7,1,0,45.060969,7.67747,16:25,90,1
REG,3133,SAVONA,TORINO P.NUOVA,TORINO LINGOTTO,-2.3444444444444446,-3.0,90,2023-01-01,2023-03-31,1,1,0,45.0266,7.657469,16:33,90,2
REG,3133,SAVONA,TORINO P.NUOVA,CARMAGNOLA,1.4111111111111112,1.0,90,2023-01-01,2023-03-31,6,3,1,44.846944,7.72797,16:47,90,3
REG,3133,SAVONA,TORINO P.NUOVA,CAVALLERMAGGIORE,2.888888888888889,2.0,90,2023-01-01,2023-03-31,35,7,2,44.708147,7.692108,16:56,90,4
REG,3133,SAVONA,TORINO P.NUOVA,SAVIGLIANO,2.9555555555555557,2.0,90,2023-01-01,2023-03-31,35,9,3,44.651337,7.663748,17:02,90,5
REG,3133,SAVONA,TORINO P.NUOVA,FOSSANO,2.9555555555555557,2.0,90,2023-01-01,2023-03-31,35,13,3,44.550231,7.717971,17:11,90,6
REG,3133,SAVONA,TORINO P.NUOVA,MONDOVI`,0.4111111111111111,-1.0,90,2023-01-01,2023-03-31,16,7,2,44.398255,7.816339,17:26,90,7
REG,3133,SAVONA,TORINO P.NUOVA,CEVA,0.4777777777777778,-1.0,90,2023-01-01,2023-03-31,17,8,2,44.389861,8.031958,17:41,90,8
REG,3133,SAVONA,TORINO P.NUOVA,CENGIO,3.4444444444444446,1.0,90,2023-01-01,2023-03-31,27,19,3,44.390798,8.191824,17:57,90,9
REG,3133,SAVONA,TORINO P.NUOVA,SAN GIUSEPPE DI CAIRO,4.122222222222222,0.0,90,2023-01-01,2023-03-31,24,13,4,44.370096,8.28864,18:12,90,10
REG,3133,SAVONA,TORINO P.NUOVA,SAVONA,3.8555555555555556,-1.0,90,2023-01-01,2023-03-31,19,14,8,44.306892,8.470259,18:36,90,11
