train_class,train_number,train_arrival_stop_name,train_departure_stop_name,stop_name,avg_arrival_delay,median_arrival_delay,count_dates_stop,first_date,last_date,count_3m_delay,count_5m_delay,count_10m_delay,stop_lat,stop_lon,stop_time,count_dates_train,stop_number
REG,2927,MILANO CENTRALE,MALPENSA AEROPORTO T1,MALPENSA AEROPORTO T1,0.775,1.0,80,2023-01-01,2023-03-23,0,0,0,45.627242,8.711081,08:13,80,1
REG,2927,MILANO CENTRALE,MALPENSA AEROPORTO T1,FERNO LONATE POZZOLO,0.25,0.0,80,2023-01-01,2023-03-23,2,0,0,,,08:16,80,2
REG,2927,MILANO CENTRALE,MALPENSA AEROPORTO T1,BUSTO ARSIZIO N.,1.3875,1.0,80,2023-01-01,2023-03-23,7,2,0,,,08:21,80,3
REG,2927,MILANO CENTRALE,MALPENSA AEROPORTO T1,CASTELLANZA,1.3625,1.0,80,2023-01-01,2023-03-23,10,3,0,,,08:24,80,4
REG,2927,MILANO CENTRALE,MALPENSA AEROPORTO T1,RESCALDINA,0.8375,1.0,80,2023-01-01,2023-03-23,7,2,0,,,08:29,80,5
REG,2927,MILANO CENTRALE,MALPENSA AEROPORTO T1,SARONNO,1.275,1.0,80,2023-01-01,2023-03-23,12,4,0,45.625309,9.030839,08:35,80,6
REG,2927,MILANO CENTRALE,MALPENSA AEROPORTO T1,MILANO BOVISA FNM,1.8481012658227849,2.0,79,2023-01-01,2023-03-22,36,9,0,45.502993,9.159235,08:48,80,7
REG,2927,MILANO CENTRALE,MALPENSA AEROPORTO T1,MILANO PORTA GARIBALDI,1.075,1.0,80,2023-01-01,2023-03-23,22,9,0,45.484917,9.187683,08:55,80,8
REG,2927,MILANO CENTRALE,MALPENSA AEROPORTO T1,MILANO CENTRALE,3.3375,3.0,80,2023-01-01,2023-03-23,47,30,2,45.486347,9.204528,09:07,80,9
