train_class,train_number,train_arrival_stop_name,train_departure_stop_name,stop_name,avg_arrival_delay,median_arrival_delay,count_dates_stop,first_date,last_date,count_3m_delay,count_5m_delay,count_10m_delay,stop_lat,stop_lon,stop_time,count_dates_train,stop_number
REG,11393,NOVARA,CHIVASSO,CHIVASSO,0.7142857142857143,1.0,14,2023-01-01,2023-03-26,0,0,0,45.193637,7.889666,09:40,14,1
REG,11393,NOVARA,CHIVASSO,TORRAZZA P.,0.7142857142857143,1.0,14,2023-01-01,2023-03-26,0,0,0,45.211855,7.970255,09:46,14,2
REG,11393,NOVARA,CHIVASSO,SALUGGIA,1.7857142857142858,1.0,14,2023-01-01,2023-03-26,1,1,1,45.23443,8.017112,09:51,14,3
REG,11393,NOVARA,CHIVASSO,S. ANTONINO DI SALUGGIA,1.7857142857142858,1.0,14,2023-01-01,2023-03-26,1,1,1,45.253967,8.039728,09:55,14,4
REG,11393,NOVARA,CHIVASSO,LIVORNO FERRARIS,-0.7142857142857143,-2.0,14,2023-01-01,2023-03-26,2,2,0,45.283402,8.073493,10:01,14,5
REG,11393,NOVARA,CHIVASSO,BIANZE`,0.0,-1.0,14,2023-01-01,2023-03-26,2,2,0,45.309488,8.115523,10:06,14,6
REG,11393,NOVARA,CHIVASSO,TRONZANO,-0.5,-1.0,14,2023-01-01,2023-03-26,2,2,0,45.342929,8.168395,10:11,14,7
REG,11393,NOVARA,CHIVASSO,SANTHIA`,-0.14285714285714285,-1.0,14,2023-01-01,2023-03-26,2,1,0,45.363726,8.180093,10:15,14,8
REG,11393,NOVARA,CHIVASSO,S. GERMANO VERCELLESE,1.2142857142857142,0.0,14,2023-01-01,2023-03-26,2,2,0,45.353603,8.249958,10:20,14,9
REG,11393,NOVARA,CHIVASSO,VERCELLI,-1.7857142857142858,-3.0,14,2023-01-01,2023-03-26,1,0,0,45.329909,8.416028,10:31,14,10
REG,11393,NOVARA,CHIVASSO,BORGO VERCELLI,0.0,0.0,14,2023-01-01,2023-03-26,1,0,0,45.359252,8.461474,10:36,14,11
REG,11393,NOVARA,CHIVASSO,NOVARA,-1.2857142857142858,-2.0,14,2023-01-01,2023-03-26,0,0,0,45.451376,8.624895,10:49,14,12
