train_class,train_number,train_arrival_stop_name,train_departure_stop_name,stop_name,avg_arrival_delay,median_arrival_delay,count_dates_stop,first_date,last_date,count_3m_delay,count_5m_delay,count_10m_delay,stop_lat,stop_lon,stop_time,count_dates_train,stop_number
REG,16874,VENEZIA SANTA LUCIA,BELLUNO,BELLUNO,1.4864864864864864,1.0,74,2023-01-02,2023-03-31,5,2,0,46.141594,12.209703,07:20,74,1
REG,16874,VENEZIA SANTA LUCIA,BELLUNO,PONTE NELLE ALPI POLPET,0.43243243243243246,0.0,74,2023-01-02,2023-03-31,3,1,0,46.182328,12.277604,07:28,74,2
REG,16874,VENEZIA SANTA LUCIA,BELLUNO,STAZIONE PER L`ALPAGO,2.2162162162162162,2.0,74,2023-01-02,2023-03-31,22,1,0,46.137574,12.316066,07:40,74,3
REG,16874,VENEZIA SANTA LUCIA,BELLUNO,VITTORIO VENETO,2.72972972972973,3.0,74,2023-01-02,2023-03-31,41,4,0,45.989946,12.29327,07:58,74,4
REG,16874,VENEZIA SANTA LUCIA,BELLUNO,SOFFRATTA,2.2027027027027026,2.0,74,2023-01-02,2023-03-31,22,3,0,45.976377,12.299346,08:02,74,5
REG,16874,VENEZIA SANTA LUCIA,BELLUNO,CONEGLIANO,1.7162162162162162,1.0,74,2023-01-02,2023-03-31,18,9,1,45.884706,12.298909,08:16,74,6
REG,16874,VENEZIA SANTA LUCIA,BELLUNO,TREVISO C.,3.4054054054054053,2.0,74,2023-01-02,2023-03-31,28,15,5,45.659608,12.24614,08:35,74,7
REG,16874,VENEZIA SANTA LUCIA,BELLUNO,MOGLIANO VENETO,1.472972972972973,0.0,74,2023-01-02,2023-03-31,13,9,3,45.561964,12.23274,08:51,74,8
REG,16874,VENEZIA SANTA LUCIA,BELLUNO,VENEZIA MESTRE,-0.6081081081081081,-2.0,74,2023-01-02,2023-03-31,8,5,2,45.482123,12.232069,09:04,74,9
REG,16874,VENEZIA SANTA LUCIA,BELLUNO,VENEZIA SANTA LUCIA,-1.4054054054054055,-3.0,74,2023-01-02,2023-03-31,6,3,2,45.441569,12.320882,09:17,74,10
