train_class,train_number,train_arrival_stop_name,train_departure_stop_name,stop_name,avg_arrival_delay,median_arrival_delay,count_dates_stop,first_date,last_date,count_3m_delay,count_5m_delay,count_10m_delay,stop_lat,stop_lon,stop_time,count_dates_train,stop_number
IC,707,TARANTO,ROMA TERMINI,ROMA TERMINI,2.473684210526316,0.0,76,2023-01-01,2023-03-31,20,13,5,41.900636,12.502026,15:26,76,1
IC,707,TARANTO,ROMA TERMINI,LATINA,3.1842105263157894,2.0,76,2023-01-01,2023-03-31,34,18,5,41.538372,12.945888,15:55,76,2
IC,707,TARANTO,ROMA TERMINI,FORMIA-GAETA,0.8289473684210527,-2.0,76,2023-01-01,2023-03-31,22,12,7,41.258773,13.605996,16:33,76,3
IC,707,TARANTO,ROMA TERMINI,AVERSA,5.934210526315789,3.0,76,2023-01-01,2023-03-31,49,29,11,40.973323,14.218578,17:09,76,4
IC,707,TARANTO,ROMA TERMINI,NAPOLI CENTRALE,5.131578947368421,3.0,76,2023-01-01,2023-03-31,43,23,11,40.852933,14.272908,17:29,76,5
IC,707,TARANTO,ROMA TERMINI,SALERNO,3.039473684210526,1.0,76,2023-01-01,2023-03-31,24,19,6,40.675137,14.772822,18:23,76,6
IC,707,TARANTO,ROMA TERMINI,BATTIPAGLIA,4.2631578947368425,1.0,76,2023-01-01,2023-03-31,26,19,10,40.605789,14.98324,18:38,76,7
IC,707,TARANTO,ROMA TERMINI,EBOLI,7.434210526315789,4.0,76,2023-01-01,2023-03-31,60,32,13,40.611057,15.052382,18:45,76,8
IC,707,TARANTO,ROMA TERMINI,SICIGNANO DEGLI ALBURNI,8.526315789473685,5.0,76,2023-01-01,2023-03-31,51,40,15,40.605454,15.290904,19:10,76,9
IC,707,TARANTO,ROMA TERMINI,BELLA MURO,12.842105263157896,7.0,76,2023-01-01,2023-03-31,68,58,31,40.700914,15.542936,19:34,76,10
IC,707,TARANTO,ROMA TERMINI,POTENZA CENTRALE,8.342105263157896,3.0,76,2023-01-01,2023-03-31,40,32,13,40.629469,15.806808,20:06,76,11
IC,707,TARANTO,ROMA TERMINI,GRASSANO,9.407894736842104,3.0,76,2023-01-01,2023-03-31,41,30,18,40.593317,16.241049,20:44,76,12
IC,707,TARANTO,ROMA TERMINI,FERRANDINA,9.789473684210526,3.0,76,2023-01-01,2023-03-31,44,28,17,40.516566,16.475276,20:59,76,13
IC,707,TARANTO,ROMA TERMINI,METAPONTO,8.013157894736842,0.0,76,2023-01-01,2023-03-31,27,22,16,40.368496,16.815176,21:26,76,14
IC,707,TARANTO,ROMA TERMINI,TARANTO,4.4605263157894735,-4.0,76,2023-01-01,2023-03-31,19,17,17,40.483727,17.224059,22:00,76,15
