train_class,train_number,train_arrival_stop_name,train_departure_stop_name,stop_name,avg_arrival_delay,median_arrival_delay,count_dates_stop,first_date,last_date,count_3m_delay,count_5m_delay,count_10m_delay,stop_lat,stop_lon,stop_time,count_dates_train,stop_number
REG,17178,BRENNERO,MERANO,MERANO,1.186046511627907,1.0,86,2023-01-01,2023-03-31,3,0,0,46.673066,11.148978,15:16,86,1
REG,17178,BRENNERO,MERANO,MERANO MAIA BASSA,-0.011627906976744186,0.0,86,2023-01-01,2023-03-31,0,0,0,46.656202,11.147931,15:19,86,2
REG,17178,BRENNERO,MERANO,VILPIANO-NALLES,2.244186046511628,2.0,86,2023-01-01,2023-03-31,36,4,0,46.554251,11.220143,15:33,86,3
REG,17178,BRENNERO,MERANO,TERLANO-ANDRIANO,1.5116279069767442,1.0,86,2023-01-01,2023-03-31,18,2,0,46.528517,11.248394,15:38,86,4
REG,17178,BRENNERO,MERANO,SETTEQUERCE,3.36046511627907,3.0,86,2023-01-01,2023-03-31,62,16,0,46.508448,11.264785,15:41,86,5
REG,17178,BRENNERO,MERANO,PONTE D`ADIGE,2.7209302325581395,2.0,86,2023-01-01,2023-03-31,40,9,0,46.485444,11.297719,15:45,86,6
REG,17178,BRENNERO,MERANO,CASANOVA KAISERAU,0.6744186046511628,1.0,86,2023-01-01,2023-03-31,16,5,0,,,15:48,86,7
REG,17178,BRENNERO,MERANO,PONTE GARDENA,0.9651162790697675,1.0,86,2023-01-01,2023-03-31,19,4,0,46.6012,11.53251,16:17,86,8
REG,17178,BRENNERO,MERANO,BRESSANONE,1.0348837209302326,1.0,86,2023-01-01,2023-03-31,14,3,0,46.710088,11.649677,16:32,86,9
REG,17178,BRENNERO,MERANO,VIPITENO,-0.7441860465116279,-1.0,86,2023-01-01,2023-03-31,4,1,0,46.895732,11.440206,17:02,86,10
REG,17178,BRENNERO,MERANO,BRENNERO,-0.5813953488372093,-1.0,86,2023-01-01,2023-03-31,4,2,0,47.004117,11.505711,17:22,86,11
