train_class,train_number,train_arrival_stop_name,train_departure_stop_name,stop_name,avg_arrival_delay,median_arrival_delay,count_dates_stop,first_date,last_date,count_3m_delay,count_5m_delay,count_10m_delay,stop_lat,stop_lon,stop_time,count_dates_train,stop_number
REG,23871,FABRIANO,MACERATA,MACERATA,2.3870967741935485,1.0,62,2023-01-02,2023-03-31,4,3,1,43.293094,13.455172,19:18,62,1
REG,23871,FABRIANO,MACERATA,TOLENTINO,2.5483870967741935,1.0,62,2023-01-02,2023-03-31,7,3,1,43.214556,13.290501,19:36,62,2
REG,23871,FABRIANO,MACERATA,S.SEVERINO MARCHE,4.435483870967742,3.0,62,2023-01-02,2023-03-31,42,18,1,43.22996,13.183491,19:52,62,3
REG,23871,FABRIANO,MACERATA,CASTELRAIMONDO CAMERINO,3.935483870967742,3.0,62,2023-01-02,2023-03-31,36,18,1,43.210511,13.057274,20:04,62,4
REG,23871,FABRIANO,MACERATA,MATELICA,5.096774193548387,4.0,62,2023-01-02,2023-03-31,43,24,2,43.25394,13.01509,20:13,62,5
REG,23871,FABRIANO,MACERATA,ALBACINA,4.645161290322581,2.0,62,2023-01-02,2023-03-31,29,12,2,43.345686,12.986501,20:29,62,6
REG,23871,FABRIANO,MACERATA,FABRIANO,0.8709677419354839,-2.0,62,2023-01-02,2023-03-31,7,2,2,43.345429,12.905336,20:41,62,7
