train_class,train_number,train_arrival_stop_name,train_departure_stop_name,stop_name,avg_arrival_delay,median_arrival_delay,count_dates_stop,first_date,last_date,count_3m_delay,count_5m_delay,count_10m_delay,stop_lat,stop_lon,stop_time,count_dates_train,stop_number
REG,23752,ANCONA,ASCOLI PICENO,ASCOLI PICENO,1.3866666666666667,1.0,75,2023-01-02,2023-03-31,4,1,1,42.855474,13.587939,05:30,75,1
REG,23752,ANCONA,ASCOLI PICENO,OFFIDA CASTEL DI LAMA,1.3466666666666667,1.0,75,2023-01-02,2023-03-31,6,1,1,42.862074,13.720285,05:43,75,2
REG,23752,ANCONA,ASCOLI PICENO,PORTO D`ASCOLI,1.1066666666666667,1.0,75,2023-01-02,2023-03-31,7,1,1,42.912792,13.896813,06:04,75,3
REG,23752,ANCONA,ASCOLI PICENO,S.BENEDETTO DEL TRONTO,1.8933333333333333,1.0,75,2023-01-02,2023-03-31,14,4,1,42.954386,13.882297,06:10,75,4
REG,23752,ANCONA,ASCOLI PICENO,CUPRAMARITTIMA,1.4533333333333334,1.0,75,2023-01-02,2023-03-31,15,4,1,43.02349,13.860812,06:18,75,5
REG,23752,ANCONA,ASCOLI PICENO,PEDASO,1.64,1.0,75,2023-01-02,2023-03-31,16,5,1,43.094694,13.844906,06:24,75,6
REG,23752,ANCONA,ASCOLI PICENO,PORTO S. GIORGIO FERMO,0.5733333333333334,0.0,75,2023-01-02,2023-03-31,12,1,1,43.17972,13.7975,06:31,75,7
REG,23752,ANCONA,ASCOLI PICENO,PORTO S. ELPIDIO,0.9866666666666667,1.0,75,2023-01-02,2023-03-31,12,3,0,43.256855,13.760749,06:37,75,8
REG,23752,ANCONA,ASCOLI PICENO,CIVITANOVA MARCHE,0.29333333333333333,0.0,75,2023-01-02,2023-03-31,8,2,0,43.3091,13.7257,06:43,75,9
REG,23752,ANCONA,ASCOLI PICENO,LORETO,2.2933333333333334,1.0,75,2023-01-02,2023-03-31,7,3,1,43.448376,13.620455,06:58,75,10
REG,23752,ANCONA,ASCOLI PICENO,VARANO,4.373333333333333,4.0,75,2023-01-02,2023-03-31,41,36,3,43.574729,13.523436,07:16,75,11
REG,23752,ANCONA,ASCOLI PICENO,ANCONA,-0.18666666666666668,-2.0,75,2023-01-02,2023-03-31,5,4,1,43.607734,13.497665,07:28,75,12
