train_class,train_number,train_arrival_stop_name,train_departure_stop_name,stop_name,avg_arrival_delay,median_arrival_delay,count_dates_stop,first_date,last_date,count_3m_delay,count_5m_delay,count_10m_delay,stop_lat,stop_lon,stop_time,count_dates_train,stop_number
REG,22457,MODENA,MANTOVA,MANTOVA,2.0416666666666665,2.0,72,2023-01-02,2023-03-30,7,6,1,45.158746,10.783165,05:35,72,1
REG,22457,MODENA,MANTOVA,ROMANORE,0.5833333333333334,0.0,72,2023-01-02,2023-03-30,7,3,1,45.063834,10.750997,05:45,72,2
REG,22457,MODENA,MANTOVA,SUZZARA,1.9722222222222223,1.0,72,2023-01-02,2023-03-30,17,4,1,44.994432,10.756138,05:52,72,3
REG,22457,MODENA,MANTOVA,PALIDANO,4.013888888888889,3.0,72,2023-01-02,2023-03-30,63,19,1,44.972228,10.777412,05:55,72,4
REG,22457,MODENA,MANTOVA,GONZAGA-REGGIOLO,2.888888888888889,2.0,72,2023-01-02,2023-03-30,35,11,1,44.939239,10.815533,06:01,72,5
REG,22457,MODENA,MANTOVA,VILLANOVA DI REGGIOLO,5.291666666666667,5.0,72,2023-01-02,2023-03-30,69,42,4,44.915925,10.842455,06:04,72,6
REG,22457,MODENA,MANTOVA,ROLO NOVI FABBRICO,3.5972222222222223,3.0,72,2023-01-02,2023-03-30,49,20,1,44.886561,10.867882,06:11,72,7
REG,22457,MODENA,MANTOVA,CARPI,5.666666666666667,5.0,72,2023-01-02,2023-03-30,67,47,5,44.782919,10.891952,06:19,72,8
REG,22457,MODENA,MANTOVA,QUATTRO VILLE,5.680555555555555,5.0,72,2023-01-02,2023-03-30,67,45,6,,,06:27,72,9
REG,22457,MODENA,MANTOVA,MODENA,2.4722222222222223,3.0,72,2023-01-02,2023-03-30,37,14,2,44.654461,10.930373,06:37,72,10
