train_class,train_number,train_arrival_stop_name,train_departure_stop_name,stop_name,avg_arrival_delay,median_arrival_delay,count_dates_stop,first_date,last_date,count_3m_delay,count_5m_delay,count_10m_delay,stop_lat,stop_lon,stop_time,count_dates_train,stop_number
REG,18853,MONTEVARCHI TERRANUOVA,PISTOIA,PISTOIA,2.375,2.0,64,2023-01-02,2023-03-31,10,3,1,43.926804,10.914624,17:52,64,1
REG,18853,MONTEVARCHI TERRANUOVA,PISTOIA,PRATO CENTRALE,-0.28125,-1.0,64,2023-01-02,2023-03-31,5,3,1,43.878737,11.109252,18:11,64,2
REG,18853,MONTEVARCHI TERRANUOVA,PISTOIA,ZAMBRA,-1.2,-2.0,60,2023-01-02,2023-03-31,1,1,1,43.825856,11.206206,18:30,64,3
REG,18853,MONTEVARCHI TERRANUOVA,PISTOIA,FIRENZE CASTELLO,-0.546875,-1.0,64,2023-01-02,2023-03-31,2,1,1,43.819444,11.21838,18:34,64,4
REG,18853,MONTEVARCHI TERRANUOVA,PISTOIA,FIRENZE RIFREDI,-0.796875,-2.0,64,2023-01-02,2023-03-31,10,4,1,43.800873,11.235729,18:41,64,5
REG,18853,MONTEVARCHI TERRANUOVA,PISTOIA,FIRENZE STATUTO,2.28125,1.0,64,2023-01-02,2023-03-31,24,14,2,43.787273,11.249738,18:46,64,6
REG,18853,MONTEVARCHI TERRANUOVA,PISTOIA,FIRENZE CAMPO MARTE,3.125,2.0,64,2023-01-02,2023-03-31,27,20,3,43.776856,11.27702,18:51,64,7
REG,18853,MONTEVARCHI TERRANUOVA,PISTOIA,COMPIOBBI,6.0,5.0,64,2023-01-02,2023-03-31,55,34,12,43.782527,11.358695,19:00,64,8
REG,18853,MONTEVARCHI TERRANUOVA,PISTOIA,PONTASSIEVE,5.203125,4.0,64,2023-01-02,2023-03-31,48,28,8,43.773949,11.437904,19:09,64,9
REG,18853,MONTEVARCHI TERRANUOVA,PISTOIA,RIGNANO SULL`ARNO REGGELLO,4.453125,4.0,64,2023-01-02,2023-03-31,42,23,5,43.720834,11.452383,19:18,64,10
REG,18853,MONTEVARCHI TERRANUOVA,PISTOIA,INCISA,4.0625,3.0,64,2023-01-02,2023-03-31,40,21,4,43.656541,11.452728,19:25,64,11
REG,18853,MONTEVARCHI TERRANUOVA,PISTOIA,FIGLINE VALDARNO,4.921875,4.0,64,2023-01-02,2023-03-31,47,27,5,43.621596,11.473652,19:29,64,12
REG,18853,MONTEVARCHI TERRANUOVA,PISTOIA,S.GIOVANNI VALDARNO,4.765625,4.0,64,2023-01-02,2023-03-31,46,29,5,43.56601,11.527033,19:35,64,13
REG,18853,MONTEVARCHI TERRANUOVA,PISTOIA,MONTEVARCHI TERRANUOVA,0.96875,1.0,64,2023-01-02,2023-03-31,13,6,2,43.525165,11.563983,19:45,64,14
