train_class,train_number,train_arrival_stop_name,train_departure_stop_name,stop_name,avg_arrival_delay,median_arrival_delay,count_dates_stop,first_date,last_date,count_3m_delay,count_5m_delay,count_10m_delay,stop_lat,stop_lon,stop_time,count_dates_train,stop_number
REG,20503,FIUMICINO AEROPORTO,FARA SABINA,FARA SABINA,0.9230769230769231,1.0,13,2023-01-01,2023-03-26,0,0,0,42.155546,12.648323,16:20,13,1
REG,20503,FIUMICINO AEROPORTO,FARA SABINA,PIANA BELLA MONTELIBRETTI,0.0,0.0,13,2023-01-01,2023-03-26,0,0,0,42.105159,12.632938,16:26,13,2
REG,20503,FIUMICINO AEROPORTO,FARA SABINA,MONTEROTONDO,0.07692307692307693,0.0,13,2023-01-01,2023-03-26,0,0,0,42.06409,12.595753,16:31,13,3
REG,20503,FIUMICINO AEROPORTO,FARA SABINA,SETTE BAGNI,1.0769230769230769,1.0,13,2023-01-01,2023-03-26,1,0,0,42.006438,12.520156,16:39,13,4
REG,20503,FIUMICINO AEROPORTO,FARA SABINA,FIDENE,0.8461538461538461,1.0,13,2023-01-01,2023-03-26,0,0,0,41.979773,12.508451,16:44,13,5
REG,20503,FIUMICINO AEROPORTO,FARA SABINA,NUOVO SALARIO,-0.9230769230769231,-1.0,13,2023-01-01,2023-03-26,0,0,0,41.956195,12.510317,16:48,13,6
REG,20503,FIUMICINO AEROPORTO,FARA SABINA,ROMA NOMENTANA L.L.,-1.3846153846153846,-2.0,13,2023-01-01,2023-03-26,0,0,0,41.932935,12.523628,16:53,13,7
REG,20503,FIUMICINO AEROPORTO,FARA SABINA,ROMA TIBURTINA,-2.6666666666666665,-3.0,12,2023-01-01,2023-03-26,0,0,0,41.910903,12.530749,17:00,13,8
REG,20503,FIUMICINO AEROPORTO,FARA SABINA,ROMA TUSCOLANA,-0.9090909090909091,-1.0,11,2023-01-01,2023-03-26,0,0,0,41.879384,12.523505,17:06,13,9
REG,20503,FIUMICINO AEROPORTO,FARA SABINA,ROMA OSTIENSE,-2.3846153846153846,-2.0,13,2023-01-01,2023-03-26,0,0,0,41.87265,12.483917,17:14,13,10
REG,20503,FIUMICINO AEROPORTO,FARA SABINA,ROMA TRASTEVERE,0.6923076923076923,0.0,13,2023-01-01,2023-03-26,1,0,0,41.872279,12.466162,17:20,13,11
REG,20503,FIUMICINO AEROPORTO,FARA SABINA,VILLA BONELLI,2.1538461538461537,1.0,13,2023-01-01,2023-03-26,4,2,0,41.8477601,12.455223,17:24,13,12
REG,20503,FIUMICINO AEROPORTO,FARA SABINA,MAGLIANA,2.3846153846153846,2.0,13,2023-01-01,2023-03-26,5,2,0,41.834235,12.431017,17:27,13,13
REG,20503,FIUMICINO AEROPORTO,FARA SABINA,MURATELLA,2.769230769230769,2.0,13,2023-01-01,2023-03-26,5,2,0,41.826182,12.412696,17:30,13,14
REG,20503,FIUMICINO AEROPORTO,FARA SABINA,PONTE GALERIA,3.0,3.0,13,2023-01-01,2023-03-26,8,2,0,41.818349,12.344733,17:34,13,15
REG,20503,FIUMICINO AEROPORTO,FARA SABINA,PARCO LEONARDO,4.0,4.0,13,2023-01-01,2023-03-26,12,3,0,41.79932,12.29543,17:40,13,16
REG,20503,FIUMICINO AEROPORTO,FARA SABINA,FIUMICINO AEROPORTO,1.0769230769230769,1.0,13,2023-01-01,2023-03-26,3,0,0,41.793673,12.251728,17:48,13,17
