train_class,train_number,train_arrival_stop_name,train_departure_stop_name,stop_name,avg_arrival_delay,median_arrival_delay,count_dates_stop,first_date,last_date,count_3m_delay,count_5m_delay,count_10m_delay,stop_lat,stop_lon,stop_time,count_dates_train,stop_number
REG,23272,BRACCIANO,ROMA TIBURTINA,ROMA TIBURTINA,1.9285714285714286,1.0,70,2023-01-02,2023-03-31,19,5,0,41.910903,12.530749,20:08,70,1
REG,23272,BRACCIANO,ROMA TIBURTINA,ROMA TUSCOLANA,0.5942028985507246,0.0,69,2023-01-02,2023-03-31,10,2,0,41.879384,12.523505,20:13,70,2
REG,23272,BRACCIANO,ROMA TIBURTINA,ROMA OSTIENSE,-1.0142857142857142,-1.0,70,2023-01-02,2023-03-31,2,2,0,41.87265,12.483917,20:21,70,3
REG,23272,BRACCIANO,ROMA TIBURTINA,ROMA TRASTEVERE,0.6428571428571429,0.0,70,2023-01-02,2023-03-31,5,3,0,41.872279,12.466162,20:25,70,4
REG,23272,BRACCIANO,ROMA TIBURTINA,QUATTRO VENTI,1.5285714285714285,1.0,70,2023-01-02,2023-03-31,8,3,0,41.880145,12.459731,20:28,70,5
REG,23272,BRACCIANO,ROMA TIBURTINA,ROMA S.PIETRO,0.21428571428571427,0.0,70,2023-01-02,2023-03-31,4,2,0,41.896143,12.454497,20:32,70,6
REG,23272,BRACCIANO,ROMA TIBURTINA,VALLE AURELIA,3.914285714285714,4.0,70,2023-01-02,2023-03-31,70,13,0,41.899356,12.447667,20:35,70,7
REG,23272,BRACCIANO,ROMA TIBURTINA,APPIANO,1.2428571428571429,1.0,70,2023-01-02,2023-03-31,6,0,0,41.909342,12.43838,20:39,70,8
REG,23272,BRACCIANO,ROMA TIBURTINA,ROMA BALDUINA,0.7142857142857143,0.0,70,2023-01-02,2023-03-31,5,0,0,,,20:41,70,9
REG,23272,BRACCIANO,ROMA TIBURTINA,GEMELLI,2.442857142857143,2.0,70,2023-01-02,2023-03-31,25,3,0,41.927813,12.427797,20:44,70,10
REG,23272,BRACCIANO,ROMA TIBURTINA,ROMA MONTE MARIO,1.0285714285714285,1.0,70,2023-01-02,2023-03-31,4,1,0,41.939088,12.421732,20:47,70,11
REG,23272,BRACCIANO,ROMA TIBURTINA,ROMA S.FILIPPO NERI,0.42857142857142855,0.0,70,2023-01-02,2023-03-31,4,1,0,41.950262,12.412414,20:50,70,12
REG,23272,BRACCIANO,ROMA TIBURTINA,OTTAVIA,1.7428571428571429,1.0,70,2023-01-02,2023-03-31,15,3,0,,,20:53,70,13
REG,23272,BRACCIANO,ROMA TIBURTINA,IPOGEO DEGLI OTTAVI,1.1285714285714286,1.0,70,2023-01-02,2023-03-31,7,1,0,41.968391,12.409026,20:56,70,14
REG,23272,BRACCIANO,ROMA TIBURTINA,LA GIUSTINIANA,1.5797101449275361,1.0,69,2023-01-02,2023-03-31,10,2,0,41.985243,12.403457,20:59,70,15
REG,23272,BRACCIANO,ROMA TIBURTINA,LA STORTA,1.2285714285714286,1.0,70,2023-01-02,2023-03-31,12,3,0,42.001748,12.381254,21:03,70,16
REG,23272,BRACCIANO,ROMA TIBURTINA,OLGIATA,3.1714285714285713,3.0,70,2023-01-02,2023-03-31,39,11,1,42.01538,12.363864,21:06,70,17
REG,23272,BRACCIANO,ROMA TIBURTINA,CESANO DI ROMA,0.9142857142857143,1.0,70,2023-01-02,2023-03-31,11,4,0,42.061833,12.326669,21:13,70,18
REG,23272,BRACCIANO,ROMA TIBURTINA,ANGUILLARA,0.1,-1.0,70,2023-01-02,2023-03-31,7,2,0,42.068133,12.304978,21:19,70,19
REG,23272,BRACCIANO,ROMA TIBURTINA,VIGNA DI VALLE,3.342857142857143,3.0,70,2023-01-02,2023-03-31,46,10,1,42.076863,12.210716,21:28,70,20
REG,23272,BRACCIANO,ROMA TIBURTINA,BRACCIANO,1.9,2.0,70,2023-01-02,2023-03-31,23,5,1,42.103667,12.173023,21:35,70,21
