train_class,train_number,train_arrival_stop_name,train_departure_stop_name,stop_name,avg_arrival_delay,median_arrival_delay,count_dates_stop,first_date,last_date,count_3m_delay,count_5m_delay,count_10m_delay,stop_lat,stop_lon,stop_time,count_dates_train,stop_number
REG,21013,NAPOLI CAMPI FLEGREI,POZZUOLI SOLFATARA,POZZUOLI SOLFATARA,2.2386363636363638,1.0,88,2023-01-01,2023-03-31,29,4,1,40.827586,14.126163,12:03,88,1
REG,21013,NAPOLI CAMPI FLEGREI,POZZUOLI SOLFATARA,BAGNOLI AGNANO TERME,-0.21951219512195122,-1.0,41,2023-01-01,2023-03-31,7,0,0,40.819444,14.166694,12:08,88,2
REG,21013,NAPOLI CAMPI FLEGREI,POZZUOLI SOLFATARA,CAVALLEGGERI AOSTA,2.284090909090909,2.0,88,2023-01-01,2023-03-31,32,9,1,40.819292,14.185679,12:12,88,3
REG,21013,NAPOLI CAMPI FLEGREI,POZZUOLI SOLFATARA,NAPOLI CAMPI FLEGREI,0.7727272727272727,1.0,88,2023-01-01,2023-03-31,19,4,1,40.822462,14.194649,12:17,88,4
