train_class,train_number,train_arrival_stop_name,train_departure_stop_name,stop_name,avg_arrival_delay,median_arrival_delay,count_dates_stop,first_date,last_date,count_3m_delay,count_5m_delay,count_10m_delay,stop_lat,stop_lon,stop_time,count_dates_train,stop_number
REG,21427,NAPOLI CENTRALE,VILLA LITERNO,VILLA LITERNO,3.824324324324324,2.0,74,2023-01-02,2023-03-31,35,21,7,41.004956,14.06753,16:50,74,1
REG,21427,NAPOLI CENTRALE,VILLA LITERNO,S.MARCELLINO FRIGNANO,4.608108108108108,3.0,74,2023-01-02,2023-03-31,47,28,8,40.992103,14.171976,16:59,74,2
REG,21427,NAPOLI CENTRALE,VILLA LITERNO,AVERSA,5.108108108108108,4.0,74,2023-01-02,2023-03-31,49,32,12,40.973323,14.218578,17:05,74,3
REG,21427,NAPOLI CENTRALE,VILLA LITERNO,CASORIA,6.554054054054054,6.0,74,2023-01-02,2023-03-31,49,45,22,40.907762,14.29874,17:21,74,4
REG,21427,NAPOLI CENTRALE,VILLA LITERNO,NAPOLI CENTRALE,2.2432432432432434,2.0,74,2023-01-02,2023-03-31,29,17,5,40.852933,14.272908,17:39,74,5
