train_class,train_number,train_arrival_stop_name,train_departure_stop_name,stop_name,avg_arrival_delay,median_arrival_delay,count_dates_stop,first_date,last_date,count_3m_delay,count_5m_delay,count_10m_delay,stop_lat,stop_lon,stop_time,count_dates_train,stop_number
REG,19191,LUCCA,PIAZZA AL SERCHIO,PIAZZA AL SERCHIO,1.2297297297297298,1.0,74,2023-01-02,2023-03-31,2,0,0,44.182515,10.296615,05:25,74,1
REG,19191,LUCCA,PIAZZA AL SERCHIO,CASTELNUOVO DI GARFAGNANA,2.0547945205479454,2.0,73,2023-01-02,2023-03-31,22,0,0,44.116351,10.409054,05:37,74,2
REG,19191,LUCCA,PIAZZA AL SERCHIO,BARGA GALLICANO,2.958904109589041,3.0,73,2023-01-02,2023-03-31,48,6,0,44.068114,10.451938,05:47,74,3
REG,19191,LUCCA,PIAZZA AL SERCHIO,FORNACI DI BARGA,2.3424657534246576,2.0,73,2023-01-02,2023-03-31,27,3,0,44.045253,10.473173,05:52,74,4
REG,19191,LUCCA,PIAZZA AL SERCHIO,GHIVIZZANO - COREGLIA,3.0547945205479454,3.0,73,2023-01-02,2023-03-31,46,11,0,44.027583,10.510183,05:57,74,5
REG,19191,LUCCA,PIAZZA AL SERCHIO,BAGNI DI LUCCA,1.6027397260273972,2.0,73,2023-01-02,2023-03-31,15,1,0,44.003447,10.551631,06:03,74,6
REG,19191,LUCCA,PIAZZA AL SERCHIO,BORGO A MOZZANO,2.3424657534246576,2.0,73,2023-01-02,2023-03-31,26,7,0,43.977207,10.541285,06:07,74,7
REG,19191,LUCCA,PIAZZA AL SERCHIO,DIECIMO - PESCAGLIA,-0.684931506849315,-1.0,73,2023-01-02,2023-03-31,2,1,0,43.959404,10.507844,06:14,74,8
REG,19191,LUCCA,PIAZZA AL SERCHIO,PONTE A MORIANO,1.9452054794520548,1.0,73,2023-01-02,2023-03-31,11,3,2,43.908371,10.534264,06:25,74,9
REG,19191,LUCCA,PIAZZA AL SERCHIO,S. PIETRO A VICO,2.2054794520547945,2.0,73,2023-01-02,2023-03-31,17,4,2,43.875094,10.530945,06:29,74,10
REG,19191,LUCCA,PIAZZA AL SERCHIO,LUCCA,-0.5540540540540541,-1.0,74,2023-01-02,2023-03-31,3,2,1,43.837186,10.506069,06:39,74,11
