train_class,train_number,train_arrival_stop_name,train_departure_stop_name,stop_name,avg_arrival_delay,median_arrival_delay,count_dates_stop,first_date,last_date,count_3m_delay,count_5m_delay,count_10m_delay,stop_lat,stop_lon,stop_time,count_dates_train,stop_number
REG,3235,CUNEO,TORINO P.NUOVA,TORINO P.NUOVA,2.011111111111111,1.0,90,2023-01-01,2023-03-31,14,2,1,45.060969,7.67747,17:25,90,1
REG,3235,CUNEO,TORINO P.NUOVA,TORINO LINGOTTO,-1.5444444444444445,-2.0,90,2023-01-01,2023-03-31,2,1,1,45.0266,7.657469,17:33,90,2
REG,3235,CUNEO,TORINO P.NUOVA,CARMAGNOLA,1.3555555555555556,1.0,90,2023-01-01,2023-03-31,10,3,1,44.846944,7.72797,17:47,90,3
REG,3235,CUNEO,TORINO P.NUOVA,CAVALLERMAGGIORE,2.7777777777777777,2.0,90,2023-01-01,2023-03-31,31,10,4,44.708147,7.692108,17:56,90,4
REG,3235,CUNEO,TORINO P.NUOVA,SAVIGLIANO,2.8555555555555556,2.0,90,2023-01-01,2023-03-31,37,13,4,44.651337,7.663748,18:02,90,5
REG,3235,CUNEO,TORINO P.NUOVA,FOSSANO,4.611111111111111,4.0,90,2023-01-01,2023-03-31,63,34,6,44.550231,7.717971,18:11,90,6
REG,3235,CUNEO,TORINO P.NUOVA,CENTALLO,5.011111111111111,4.0,90,2023-01-01,2023-03-31,69,42,7,44.496223,7.591035,18:21,90,7
REG,3235,CUNEO,TORINO P.NUOVA,CUNEO,1.7777777777777777,1.0,90,2023-01-01,2023-03-31,23,12,5,44.387914,7.536235,18:36,90,8
