train_class,train_number,train_arrival_stop_name,train_departure_stop_name,stop_name,avg_arrival_delay,median_arrival_delay,count_dates_stop,first_date,last_date,count_3m_delay,count_5m_delay,count_10m_delay,stop_lat,stop_lon,stop_time,count_dates_train,stop_number
IC,702,ROMA TERMINI,NAPOLI CENTRALE,NAPOLI CENTRALE,2.3333333333333335,1.0,12,2023-01-21,2023-02-01,3,2,0,40.852933,14.272908,18:31,12,1
IC,702,ROMA TERMINI,NAPOLI CENTRALE,AVERSA,-0.5833333333333334,-2.0,12,2023-01-21,2023-02-01,1,1,0,40.973323,14.218578,18:47,12,2
IC,702,ROMA TERMINI,NAPOLI CENTRALE,FORMIA-GAETA,7.0,5.0,12,2023-01-21,2023-02-01,12,8,2,41.258773,13.605996,19:20,12,3
IC,702,ROMA TERMINI,NAPOLI CENTRALE,LATINA,2.5,1.0,12,2023-01-21,2023-02-01,4,2,0,41.538372,12.945888,19:58,12,4
IC,702,ROMA TERMINI,NAPOLI CENTRALE,ROMA TERMINI,0.6666666666666666,0.0,12,2023-01-21,2023-02-01,3,2,0,41.900636,12.502026,20:34,12,5
