train_class,train_number,train_arrival_stop_name,train_departure_stop_name,stop_name,avg_arrival_delay,median_arrival_delay,count_dates_stop,first_date,last_date,count_3m_delay,count_5m_delay,count_10m_delay,stop_lat,stop_lon,stop_time,count_dates_train,stop_number
REG,4411,LECCE,BARI CENTRALE,BARI CENTRALE,1.4375,1.0,64,2023-01-02,2023-03-31,8,1,0,41.11774,16.869601,14:02,64,1
REG,4411,LECCE,BARI CENTRALE,BARI TORRE A MARE,-1.1875,-2.0,64,2023-01-02,2023-03-31,3,1,0,41.082637,16.995772,14:12,64,2
REG,4411,LECCE,BARI CENTRALE,MONOPOLI,0.03125,-1.0,64,2023-01-02,2023-03-31,3,2,1,40.952017,17.292455,14:28,64,3
REG,4411,LECCE,BARI CENTRALE,FASANO,2.0625,2.0,64,2023-01-02,2023-03-31,18,2,2,40.851753,17.3859,14:36,64,4
REG,4411,LECCE,BARI CENTRALE,OSTUNI,1.984375,2.0,64,2023-01-02,2023-03-31,17,4,2,40.752356,17.580809,14:50,64,5
REG,4411,LECCE,BARI CENTRALE,BRINDISI,0.5625,0.0,64,2023-01-02,2023-03-31,7,3,2,40.634339,17.938978,15:14,64,6
REG,4411,LECCE,BARI CENTRALE,SQUINZANO,-0.078125,-1.0,64,2023-01-02,2023-03-31,5,3,1,40.439266,18.046097,15:31,64,7
REG,4411,LECCE,BARI CENTRALE,LECCE,-2.578125,-4.0,64,2023-01-02,2023-03-31,3,2,1,40.34566,18.165724,15:43,64,8
