train_class,train_number,train_arrival_stop_name,train_departure_stop_name,stop_name,avg_arrival_delay,median_arrival_delay,count_dates_stop,first_date,last_date,count_3m_delay,count_5m_delay,count_10m_delay,stop_lat,stop_lon,stop_time,count_dates_train,stop_number
REG,12735,MINTURNO,ROMA TERMINI,ROMA TERMINI,2.3333333333333335,1.0,12,2023-01-07,2023-03-25,2,1,1,41.900636,12.502026,13:36,12,1
REG,12735,MINTURNO,ROMA TERMINI,POMEZIA - S.PALOMBA,5.0,4.0,12,2023-01-07,2023-03-25,10,3,1,41.706171,12.573611,13:50,12,2
REG,12735,MINTURNO,ROMA TERMINI,CAMPOLEONE,3.6666666666666665,2.0,12,2023-01-07,2023-03-25,5,4,1,41.642396,12.648341,13:59,12,3
REG,12735,MINTURNO,ROMA TERMINI,CISTERNA DI LATINA,5.083333333333333,4.0,12,2023-01-07,2023-03-25,9,5,1,41.586511,12.827538,14:08,12,4
REG,12735,MINTURNO,ROMA TERMINI,LATINA,5.083333333333333,1.0,12,2023-01-07,2023-03-25,5,3,2,41.538372,12.945888,14:18,12,5
REG,12735,MINTURNO,ROMA TERMINI,SEZZE ROMANO,6.5,3.0,12,2023-01-07,2023-03-25,7,4,3,41.495542,13.038452,14:26,12,6
REG,12735,MINTURNO,ROMA TERMINI,PRIVERNO FOSSANOVA,6.333333333333333,2.0,12,2023-01-07,2023-03-25,5,4,3,41.421853,13.186406,14:36,12,7
REG,12735,MINTURNO,ROMA TERMINI,MONTE S.BIAGIO,8.333333333333334,2.0,12,2023-01-07,2023-03-25,6,6,3,41.345967,13.347037,14:48,12,8
REG,12735,MINTURNO,ROMA TERMINI,FONDI - SPERLONGA,8.333333333333334,2.0,12,2023-01-07,2023-03-25,6,6,3,41.337663,13.424893,14:54,12,9
REG,12735,MINTURNO,ROMA TERMINI,FORMIA-GAETA,3.0833333333333335,-2.0,12,2023-01-07,2023-03-25,3,3,3,41.258773,13.605996,15:11,12,10
REG,12735,MINTURNO,ROMA TERMINI,MINTURNO,6.25,1.0,12,2023-01-07,2023-03-25,3,3,3,41.257621,13.720664,15:20,12,11
