train_class,train_number,train_arrival_stop_name,train_departure_stop_name,stop_name,avg_arrival_delay,median_arrival_delay,count_dates_stop,first_date,last_date,count_3m_delay,count_5m_delay,count_10m_delay,stop_lat,stop_lon,stop_time,count_dates_train,stop_number
REG,2451,BOLOGNA C.LE,MILANO CENTRALE,MILANO CENTRALE,1.9540229885057472,1.0,87,2023-01-01,2023-03-31,14,6,1,45.486347,9.204528,05:15,87,1
REG,2451,BOLOGNA C.LE,MILANO CENTRALE,MILANO ROGOREDO,-0.4942528735632184,-1.0,87,2023-01-01,2023-03-31,8,3,2,45.433866,9.2391,05:26,87,2
REG,2451,BOLOGNA C.LE,MILANO CENTRALE,LODI,1.9540229885057472,1.0,87,2023-01-01,2023-03-31,21,10,5,45.308966,9.497585,05:41,87,3
REG,2451,BOLOGNA C.LE,MILANO CENTRALE,PIACENZA,-3.954022988505747,-5.0,87,2023-01-01,2023-03-31,10,4,2,45.052238,9.70633,06:07,87,4
REG,2451,BOLOGNA C.LE,MILANO CENTRALE,FIORENZUOLA,-1.2183908045977012,-2.0,87,2023-01-01,2023-03-31,7,4,2,44.928716,9.917403,06:22,87,5
REG,2451,BOLOGNA C.LE,MILANO CENTRALE,FIDENZA,1.0804597701149425,0.0,87,2023-01-01,2023-03-31,11,6,2,44.86773,10.06339,06:30,87,6
REG,2451,BOLOGNA C.LE,MILANO CENTRALE,PARMA,-0.5465116279069767,-2.0,86,2023-01-01,2023-03-31,10,5,1,44.810203,10.32837,06:45,87,7
REG,2451,BOLOGNA C.LE,MILANO CENTRALE,S.ILARIO,0.9080459770114943,0.0,87,2023-01-01,2023-03-31,12,7,1,44.765795,10.450469,06:53,87,8
REG,2451,BOLOGNA C.LE,MILANO CENTRALE,REGGIO EMILIA,2.5517241379310347,2.0,87,2023-01-01,2023-03-31,33,12,1,44.697793,10.643093,07:04,87,9
REG,2451,BOLOGNA C.LE,MILANO CENTRALE,RUBIERA,1.896551724137931,1.0,87,2023-01-01,2023-03-31,20,12,2,44.65618,10.780252,07:13,87,10
REG,2451,BOLOGNA C.LE,MILANO CENTRALE,MODENA,2.186046511627907,1.0,86,2023-01-01,2023-03-31,26,14,2,44.654461,10.930373,07:22,87,11
REG,2451,BOLOGNA C.LE,MILANO CENTRALE,CASTELFRANCO D'EMILIA,2.586206896551724,1.0,87,2023-01-01,2023-03-31,28,17,3,44.597381,11.056408,07:31,87,12
REG,2451,BOLOGNA C.LE,MILANO CENTRALE,SAMOGGIA,0.3218390804597701,-1.0,87,2023-01-01,2023-03-31,11,6,2,44.567307,11.146221,07:42,87,13
REG,2451,BOLOGNA C.LE,MILANO CENTRALE,ANZOLA,0.29069767441860467,0.0,86,2023-01-01,2023-03-31,7,4,1,,,07:49,87,14
REG,2451,BOLOGNA C.LE,MILANO CENTRALE,BOLOGNA C.LE,-3.9195402298850577,-5.0,87,2023-01-01,2023-03-31,2,1,1,44.50626,11.342267,08:05,87,15
