train_class,train_number,train_arrival_stop_name,train_departure_stop_name,stop_name,avg_arrival_delay,median_arrival_delay,count_dates_stop,first_date,last_date,count_3m_delay,count_5m_delay,count_10m_delay,stop_lat,stop_lon,stop_time,count_dates_train,stop_number
REG,16959,MONSELICE,MANTOVA,MANTOVA,1.2857142857142858,1.0,14,2023-01-01,2023-03-26,0,0,0,45.158746,10.783165,15:37,14,1
REG,16959,MONSELICE,MANTOVA,MANTOVA FRASSINE,0.2857142857142857,0.0,14,2023-01-01,2023-03-26,0,0,0,45.150491,10.831007,15:43,14,2
REG,16959,MONSELICE,MANTOVA,GAZZO DI BIGARELLO,-0.14285714285714285,-1.0,14,2023-01-01,2023-03-26,0,0,0,45.176648,10.894005,15:50,14,3
REG,16959,MONSELICE,MANTOVA,CASTEL D`ARIO,-1.4285714285714286,-2.0,14,2023-01-01,2023-03-26,0,0,0,45.183399,10.97531,15:58,14,4
REG,16959,MONSELICE,MANTOVA,BONFERRARO,-3.7857142857142856,-4.0,14,2023-01-01,2023-03-26,0,0,0,45.185651,11.009247,16:04,14,5
REG,16959,MONSELICE,MANTOVA,NOGARA,-2.9285714285714284,-3.0,14,2023-01-01,2023-03-26,0,0,0,45.179937,11.070572,16:13,14,6
REG,16959,MONSELICE,MANTOVA,SANGUINETTO,-1.0,-1.0,14,2023-01-01,2023-03-26,0,0,0,45.188811,11.152467,16:21,14,7
REG,16959,MONSELICE,MANTOVA,CEREA,3.142857142857143,3.0,14,2023-01-01,2023-03-26,11,1,0,45.196556,11.213921,16:26,14,8
REG,16959,MONSELICE,MANTOVA,LEGNAGO,2.857142857142857,2.0,14,2023-01-01,2023-03-26,7,2,0,45.189034,11.304724,16:33,14,9
REG,16959,MONSELICE,MANTOVA,BOSCHI S.ANNA,5.214285714285714,5.0,14,2023-01-01,2023-03-26,14,8,0,45.217328,11.362302,16:39,14,10
REG,16959,MONSELICE,MANTOVA,BEVILACQUA,3.5714285714285716,3.0,14,2023-01-01,2023-03-26,10,3,0,45.230145,11.398643,16:43,14,11
REG,16959,MONSELICE,MANTOVA,MONTAGNANA,3.0,2.0,14,2023-01-01,2023-03-26,7,3,0,45.228238,11.459873,16:49,14,12
REG,16959,MONSELICE,MANTOVA,SALETTO,1.8571428571428572,1.0,14,2023-01-01,2023-03-26,4,3,0,45.22274,11.535093,16:56,14,13
REG,16959,MONSELICE,MANTOVA,OSPEDALETTO EUGANEO,-0.2857142857142857,-1.0,14,2023-01-01,2023-03-26,0,0,0,45.221706,11.606553,17:06,14,14
REG,16959,MONSELICE,MANTOVA,ESTE,-0.2857142857142857,-1.0,14,2023-01-01,2023-03-26,0,0,0,45.220954,11.662931,17:12,14,15
REG,16959,MONSELICE,MANTOVA,MONSELICE,0.2857142857142857,0.0,14,2023-01-01,2023-03-26,1,0,0,45.246116,11.74789,17:21,14,16
