train_class,train_number,train_arrival_stop_name,train_departure_stop_name,stop_name,avg_arrival_delay,median_arrival_delay,count_dates_stop,first_date,last_date,count_3m_delay,count_5m_delay,count_10m_delay,stop_lat,stop_lon,stop_time,count_dates_train,stop_number
REG,20038,ROMA TERMINI,ALBANO LAZIALE,ALBANO LAZIALE,1.1428571428571428,1.0,14,2023-01-01,2023-03-26,0,0,0,41.72632,12.658056,21:45,14,1
REG,20038,ROMA TERMINI,ALBANO LAZIALE,VILLETTA,-0.6428571428571429,-1.0,14,2023-01-01,2023-03-26,0,0,0,41.738237,12.649463,21:48,14,2
REG,20038,ROMA TERMINI,ALBANO LAZIALE,CASTEL GANDOLFO,-1.2142857142857142,-1.0,14,2023-01-01,2023-03-26,0,0,0,41.746946,12.652266,21:51,14,3
REG,20038,ROMA TERMINI,ALBANO LAZIALE,MARINO,-0.14285714285714285,-1.0,14,2023-01-01,2023-03-26,1,0,0,41.768961,12.655994,21:57,14,4
REG,20038,ROMA TERMINI,ALBANO LAZIALE,PANTANELLA,7.285714285714286,7.0,14,2023-01-01,2023-03-26,14,13,2,,,22:04,14,5
REG,20038,ROMA TERMINI,ALBANO LAZIALE,SASSONE,7.071428571428571,7.0,14,2023-01-01,2023-03-26,14,13,2,41.783777,12.625832,22:07,14,6
REG,20038,ROMA TERMINI,ALBANO LAZIALE,ACQUA ACETOSA,7.285714285714286,7.0,14,2023-01-01,2023-03-26,13,13,2,41.794294,12.616449,22:11,14,7
REG,20038,ROMA TERMINI,ALBANO LAZIALE,CIAMPINO,4.857142857142857,5.0,14,2023-01-01,2023-03-26,13,8,1,41.804442,12.599546,22:18,14,8
REG,20038,ROMA TERMINI,ALBANO LAZIALE,CAPANNELLE,6.071428571428571,6.0,14,2023-01-01,2023-03-26,13,11,2,41.830713,12.568884,22:22,14,9
REG,20038,ROMA TERMINI,ALBANO LAZIALE,ROMA TERMINI,2.642857142857143,2.0,14,2023-01-01,2023-03-26,7,2,0,41.900636,12.502026,22:34,14,10
