train_class,train_number,train_arrival_stop_name,train_departure_stop_name,stop_name,avg_arrival_delay,median_arrival_delay,count_dates_stop,first_date,last_date,count_3m_delay,count_5m_delay,count_10m_delay,stop_lat,stop_lon,stop_time,count_dates_train,stop_number
REG,3432,VENEZIA SANTA LUCIA,TRIESTE CENTRALE,TRIESTE CENTRALE,0.8295454545454546,0.0,88,2023-01-01,2023-03-31,9,4,2,45.657456,13.771873,05:16,88,1
REG,3432,VENEZIA SANTA LUCIA,TRIESTE CENTRALE,MONFALCONE,-0.13636363636363635,-1.0,88,2023-01-01,2023-03-31,9,5,2,45.807683,13.542929,05:39,88,2
REG,3432,VENEZIA SANTA LUCIA,TRIESTE CENTRALE,TRIESTE AIRPORT,1.7613636363636365,1.0,88,2023-01-01,2023-03-31,19,5,2,45.817482,13.485532,05:44,88,3
REG,3432,VENEZIA SANTA LUCIA,TRIESTE CENTRALE,CERVIGNANO A.G.,2.375,2.0,88,2023-01-01,2023-03-31,29,8,3,45.823948,13.342866,05:52,88,4
REG,3432,VENEZIA SANTA LUCIA,TRIESTE CENTRALE,SAN GIORGIO DI NOGARO,2.352272727272727,2.0,88,2023-01-01,2023-03-31,31,8,3,45.82917,13.210315,06:00,88,5
REG,3432,VENEZIA SANTA LUCIA,TRIESTE CENTRALE,LATISANA LIGNANO B.,1.0340909090909092,0.0,88,2023-01-01,2023-03-31,13,6,3,45.777733,13.001101,06:13,88,6
REG,3432,VENEZIA SANTA LUCIA,TRIESTE CENTRALE,PORTOGRUARO CAORLE,1.0340909090909092,0.0,88,2023-01-01,2023-03-31,13,8,4,45.781438,12.832375,06:24,88,7
REG,3432,VENEZIA SANTA LUCIA,TRIESTE CENTRALE,S. STINO DI LIVENZA,1.9886363636363635,1.0,88,2023-01-01,2023-03-31,21,14,3,45.721088,12.682769,06:33,88,8
REG,3432,VENEZIA SANTA LUCIA,TRIESTE CENTRALE,S. DONA` DI PIAVE,2.522727272727273,1.0,88,2023-01-01,2023-03-31,29,15,3,45.63983,12.559791,06:42,88,9
REG,3432,VENEZIA SANTA LUCIA,TRIESTE CENTRALE,QUARTO D`ALTINO,1.7727272727272727,1.0,88,2023-01-01,2023-03-31,27,12,5,45.574576,12.365032,06:54,88,10
REG,3432,VENEZIA SANTA LUCIA,TRIESTE CENTRALE,VENEZIA MESTRE,-0.8068181818181818,-2.0,88,2023-01-01,2023-03-31,10,6,5,45.482123,12.232069,07:09,88,11
REG,3432,VENEZIA SANTA LUCIA,TRIESTE CENTRALE,VENEZIA SANTA LUCIA,-1.3068181818181819,-2.0,88,2023-01-01,2023-03-31,7,5,2,45.441569,12.320882,07:21,88,12
