train_class,train_number,train_arrival_stop_name,train_departure_stop_name,stop_name,avg_arrival_delay,median_arrival_delay,count_dates_stop,first_date,last_date,count_3m_delay,count_5m_delay,count_10m_delay,stop_lat,stop_lon,stop_time,count_dates_train,stop_number
REG,17309,TREVISO C.,BELLUNO,BELLUNO,1.6326530612244898,1.0,49,2023-01-01,2023-02-24,5,1,0,46.141594,12.209703,18:34,49,1
REG,17309,TREVISO C.,BELLUNO,SEDICO BRIBANO,0.3673469387755102,0.0,49,2023-01-01,2023-02-24,2,1,0,46.095424,12.086508,18:45,49,2
REG,17309,TREVISO C.,BELLUNO,S.GIUSTINA CESIO,0.4489795918367347,0.0,49,2023-01-01,2023-02-24,3,1,0,46.077655,12.04294,18:51,49,3
REG,17309,TREVISO C.,BELLUNO,BUSCHE LENTIAI MEL,0.2857142857142857,0.0,49,2023-01-01,2023-02-24,6,4,0,46.040092,11.979251,19:04,49,4
REG,17309,TREVISO C.,BELLUNO,FELTRE,0.6326530612244898,0.0,49,2023-01-01,2023-02-24,5,4,0,46.012884,11.911493,19:12,49,5
REG,17309,TREVISO C.,BELLUNO,QUERO VAS,2.7755102040816326,2.0,49,2023-01-01,2023-02-24,18,6,1,45.939306,11.920189,19:23,49,6
REG,17309,TREVISO C.,BELLUNO,ALANO FENER VALDOBBIADENE,0.42857142857142855,0.0,49,2023-01-01,2023-02-24,8,2,0,45.90229,11.944546,19:35,49,7
REG,17309,TREVISO C.,BELLUNO,PEDEROBBA CAVASO POSSAGNO,1.5714285714285714,1.0,49,2023-01-01,2023-02-24,12,3,0,45.877299,11.965222,19:40,49,8
REG,17309,TREVISO C.,BELLUNO,CORNUDA,0.42857142857142855,0.0,49,2023-01-01,2023-02-24,6,2,0,45.833846,12.012886,19:47,49,9
REG,17309,TREVISO C.,BELLUNO,MONTEBELLUNA,1.653061224489796,2.0,49,2023-01-01,2023-02-24,15,3,0,45.776434,12.054,19:56,49,10
REG,17309,TREVISO C.,BELLUNO,TREVIGNANO SIGNORESSA,3.122448979591837,3.0,49,2023-01-01,2023-02-24,29,8,0,45.74789,12.103123,20:06,49,11
REG,17309,TREVISO C.,BELLUNO,POSTIOMA,2.5510204081632653,2.0,49,2023-01-01,2023-02-24,23,5,0,45.715862,12.148248,20:12,49,12
REG,17309,TREVISO C.,BELLUNO,PAESE CASTAGNOLE,3.2857142857142856,3.0,49,2023-01-01,2023-02-24,30,7,1,45.691182,12.182619,20:17,49,13
REG,17309,TREVISO C.,BELLUNO,TREVISO C.,-0.2653061224489796,-1.0,49,2023-01-01,2023-02-24,5,1,0,45.659608,12.24614,20:25,49,14
