train_class,train_number,train_arrival_stop_name,train_departure_stop_name,stop_name,avg_arrival_delay,median_arrival_delay,count_dates_stop,first_date,last_date,count_3m_delay,count_5m_delay,count_10m_delay,stop_lat,stop_lon,stop_time,count_dates_train,stop_number
REG,4279,PESCARA,ANCONA,ANCONA,3.359375,2.0,64,2023-01-02,2023-03-31,24,17,5,43.607734,13.497665,17:45,64,1
REG,4279,PESCARA,ANCONA,VARANO,3.890625,2.0,64,2023-01-02,2023-03-31,31,19,5,43.574729,13.523436,17:49,64,2
REG,4279,PESCARA,ANCONA,LORETO,2.46875,1.0,64,2023-01-02,2023-03-31,26,20,2,43.448376,13.620455,18:05,64,3
REG,4279,PESCARA,ANCONA,CIVITANOVA MARCHE,4.0,3.0,64,2023-01-02,2023-03-31,36,28,4,43.3091,13.7257,18:20,64,4
REG,4279,PESCARA,ANCONA,PORTO S. ELPIDIO,5.40625,4.0,64,2023-01-02,2023-03-31,41,32,7,43.256855,13.760749,18:25,64,5
REG,4279,PESCARA,ANCONA,PORTO S. GIORGIO FERMO,5.796875,5.0,64,2023-01-02,2023-03-31,45,34,7,43.17972,13.7975,18:31,64,6
REG,4279,PESCARA,ANCONA,PEDASO,5.390625,5.0,64,2023-01-02,2023-03-31,46,34,7,43.094694,13.844906,18:38,64,7
REG,4279,PESCARA,ANCONA,CUPRAMARITTIMA,6.28125,4.0,64,2023-01-02,2023-03-31,42,30,7,43.02349,13.860812,18:44,64,8
REG,4279,PESCARA,ANCONA,S.BENEDETTO DEL TRONTO,5.3125,3.0,64,2023-01-02,2023-03-31,38,22,6,42.954386,13.882297,18:53,64,9
REG,4279,PESCARA,ANCONA,PORTO D`ASCOLI,5.984375,4.0,64,2023-01-02,2023-03-31,40,24,8,42.912792,13.896813,18:58,64,10
REG,4279,PESCARA,ANCONA,ALBA ADRIATICA NERETO CONTR.,6.65625,4.0,64,2023-01-02,2023-03-31,42,27,9,42.83438,13.91733,19:04,64,11
REG,4279,PESCARA,ANCONA,GIULIANOVA,6.28125,3.0,64,2023-01-02,2023-03-31,39,25,8,42.751673,13.965743,19:11,64,12
REG,4279,PESCARA,ANCONA,ROSETO DEGLI ABRUZZI,6.234375,3.0,64,2023-01-02,2023-03-31,33,19,7,42.677852,14.01535,19:18,64,13
REG,4279,PESCARA,ANCONA,PINETO ATRI,6.453125,3.0,64,2023-01-02,2023-03-31,33,19,7,42.607736,14.069072,19:24,64,14
REG,4279,PESCARA,ANCONA,MONTESILVANO,5.859375,2.0,64,2023-01-02,2023-03-31,24,18,6,42.515766,14.152567,19:32,64,15
REG,4279,PESCARA,ANCONA,PESCARA,3.84375,-1.0,64,2023-01-02,2023-03-31,18,10,5,42.467789,14.205066,19:41,64,16
