train_class,train_number,train_arrival_stop_name,train_departure_stop_name,stop_name,avg_arrival_delay,median_arrival_delay,count_dates_stop,first_date,last_date,count_3m_delay,count_5m_delay,count_10m_delay,stop_lat,stop_lon,stop_time,count_dates_train,stop_number
AV,9674,FIRENZE S.M.N.,NAPOLI CENTRALE,NAPOLI CENTRALE,3.0963855421686746,3.0,83,2023-01-02,2023-03-31,43,22,0,40.852933,14.272908,20:30,83,1
AV,9674,FIRENZE S.M.N.,NAPOLI CENTRALE,NAPOLI AFRAGOLA,0.6385542168674698,0.0,83,2023-01-02,2023-03-31,18,10,2,,,20:42,83,2
AV,9674,FIRENZE S.M.N.,NAPOLI CENTRALE,ROMA TERMINI,2.108433734939759,1.0,83,2023-01-02,2023-03-31,24,15,3,41.900636,12.502026,21:38,83,3
AV,9674,FIRENZE S.M.N.,NAPOLI CENTRALE,ROMA TIBURTINA,4.397435897435898,3.0,78,2023-01-02,2023-03-31,48,25,7,41.910903,12.530749,21:52,83,4
AV,9674,FIRENZE S.M.N.,NAPOLI CENTRALE,FIRENZE S.M.N.,-2.746987951807229,-4.0,83,2023-01-02,2023-03-31,11,6,4,43.776893,11.247373,23:20,83,5
