train_class,train_number,train_arrival_stop_name,train_departure_stop_name,stop_name,avg_arrival_delay,median_arrival_delay,count_dates_stop,first_date,last_date,count_3m_delay,count_5m_delay,count_10m_delay,stop_lat,stop_lon,stop_time,count_dates_train,stop_number
REG,850,M N CADORNA,SARONNO,SARONNO,0.0,0.0,89,2023-01-01,2023-03-31,0,0,0,45.625309,9.030839,14:53,89,1
REG,850,M N CADORNA,SARONNO,SARONNO SUD,0.0,0.0,89,2023-01-01,2023-03-31,0,0,0,,,14:56,89,2
REG,850,M N CADORNA,SARONNO,CESATE,0.0,0.0,89,2023-01-01,2023-03-31,0,0,0,,,15:00,89,3
REG,850,M N CADORNA,SARONNO,BOLLATE NORD,0.0,0.0,89,2023-01-01,2023-03-31,0,0,0,,,15:07,89,4
REG,850,M N CADORNA,SARONNO,BOLLATE CENTRO,0.0,0.0,89,2023-01-01,2023-03-31,0,0,0,,,15:09,89,5
