train_class,train_number,train_arrival_stop_name,train_departure_stop_name,stop_name,avg_arrival_delay,median_arrival_delay,count_dates_stop,first_date,last_date,count_3m_delay,count_5m_delay,count_10m_delay,stop_lat,stop_lon,stop_time,count_dates_train,stop_number
REG,21967,REGGIO CALABRIA CENTRALE,MELITO DI PORTO SALVO,MELITO DI PORTO SALVO,1.5833333333333333,1.0,12,2023-01-07,2023-03-25,1,0,0,37.916732,15.780816,07:08,12,1
REG,21967,REGGIO CALABRIA CENTRALE,MELITO DI PORTO SALVO,SALINE DI REGGIO,1.25,1.0,12,2023-01-07,2023-03-25,2,0,0,37.938677,15.710664,07:14,12,2
REG,21967,REGGIO CALABRIA CENTRALE,MELITO DI PORTO SALVO,REGGIO DI CALABRIA PELLARO,-0.8333333333333334,-1.0,12,2023-01-07,2023-03-25,0,0,0,38.02561,15.650064,07:29,12,3
REG,21967,REGGIO CALABRIA CENTRALE,MELITO DI PORTO SALVO,REGGIO DI CALABRIA S.GREGORIO,-0.6666666666666666,-1.0,12,2023-01-07,2023-03-25,0,0,0,38.061274,15.652053,07:34,12,4
REG,21967,REGGIO CALABRIA CENTRALE,MELITO DI PORTO SALVO,REGGIO CALABRIA CENTRALE,-2.0833333333333335,-2.0,12,2023-01-07,2023-03-25,0,0,0,38.103884,15.635844,07:47,12,5
