train_class,train_number,train_arrival_stop_name,train_departure_stop_name,stop_name,avg_arrival_delay,median_arrival_delay,count_dates_stop,first_date,last_date,count_3m_delay,count_5m_delay,count_10m_delay,stop_lat,stop_lon,stop_time,count_dates_train,stop_number
REG,26724,TORINO STURA,FOSSANO,FOSSANO,1.2837837837837838,1.0,74,2023-01-02,2023-03-31,4,0,0,44.550231,7.717971,17:01,74,1
REG,26724,TORINO STURA,FOSSANO,SAVIGLIANO,0.7027027027027027,1.0,74,2023-01-02,2023-03-31,3,0,0,44.651337,7.663748,17:09,74,2
REG,26724,TORINO STURA,FOSSANO,CAVALLERMAGGIORE,0.22972972972972974,0.0,74,2023-01-02,2023-03-31,3,0,0,44.708147,7.692108,17:15,74,3
REG,26724,TORINO STURA,FOSSANO,RACCONIGI,0.6575342465753424,1.0,73,2023-01-02,2023-03-31,6,0,0,44.771179,7.685681,17:21,74,4
REG,26724,TORINO STURA,FOSSANO,CARMAGNOLA,1.1081081081081081,1.0,74,2023-01-02,2023-03-31,12,1,0,44.846944,7.72797,17:27,74,5
REG,26724,TORINO STURA,FOSSANO,TROFARELLO,0.36486486486486486,-1.0,74,2023-01-02,2023-03-31,14,9,1,44.980471,7.735206,17:41,74,6
REG,26724,TORINO STURA,FOSSANO,MONCALIERI,0.6216216216216216,0.0,74,2023-01-02,2023-03-31,9,7,1,44.998187,7.678027,17:46,74,7
REG,26724,TORINO STURA,FOSSANO,TORINO LINGOTTO,-0.5945945945945946,-1.0,74,2023-01-02,2023-03-31,9,3,0,45.0266,7.657469,17:52,74,8
REG,26724,TORINO STURA,FOSSANO,TORINO PORTA SUSA,-0.40540540540540543,-1.0,74,2023-01-02,2023-03-31,8,2,0,45.075906,7.667673,17:59,74,9
REG,26724,TORINO STURA,FOSSANO,TORINO REBAUDENGO FOSSATA,0.5405405405405406,0.0,74,2023-01-02,2023-03-31,9,5,0,,,18:03,74,10
REG,26724,TORINO STURA,FOSSANO,TORINO STURA,0.0,-1.0,74,2023-01-02,2023-03-31,9,3,0,45.121932,7.713202,18:08,74,11
