train_class,train_number,train_arrival_stop_name,train_departure_stop_name,stop_name,avg_arrival_delay,median_arrival_delay,count_dates_stop,first_date,last_date,count_3m_delay,count_5m_delay,count_10m_delay,stop_lat,stop_lon,stop_time,count_dates_train,stop_number
REG,10134,BERGAMO,BRESCIA,BRESCIA,1.0113636363636365,1.0,88,2023-01-01,2023-03-31,3,1,0,45.532315,10.212828,16:57,88,1
REG,10134,BERGAMO,BRESCIA,OSPITALETTO TRAVAGLIATO,-0.2159090909090909,-1.0,88,2023-01-01,2023-03-31,4,0,0,45.546042,10.074363,17:05,88,2
REG,10134,BERGAMO,BRESCIA,ROVATO,0.045454545454545456,-1.0,88,2023-01-01,2023-03-31,6,2,0,45.55193,10.000924,17:11,88,3
REG,10134,BERGAMO,BRESCIA,COCCAGLIO,-0.03409090909090909,-1.0,88,2023-01-01,2023-03-31,6,2,0,45.560971,9.977648,17:15,88,4
REG,10134,BERGAMO,BRESCIA,PALAZZOLO SULL`OGLIO,0.6363636363636364,0.0,88,2023-01-01,2023-03-31,9,7,1,45.601486,9.896235,17:24,88,5
REG,10134,BERGAMO,BRESCIA,GRUMELLO DEL MONTE,1.1818181818181819,1.0,88,2023-01-01,2023-03-31,14,7,1,45.634102,9.862767,17:29,88,6
REG,10134,BERGAMO,BRESCIA,MONTELLO GORLAGO,2.0681818181818183,1.0,88,2023-01-01,2023-03-31,22,13,3,45.67017,9.808488,17:38,88,7
REG,10134,BERGAMO,BRESCIA,SERIATE,1.375,-1.0,88,2023-01-01,2023-03-31,17,14,3,45.683145,9.724628,17:47,88,8
REG,10134,BERGAMO,BRESCIA,BERGAMO,1.0340909090909092,-1.0,88,2023-01-01,2023-03-31,15,13,3,45.690271,9.675082,17:54,88,9
