train_class,train_number,train_arrival_stop_name,train_departure_stop_name,stop_name,avg_arrival_delay,median_arrival_delay,count_dates_stop,first_date,last_date,count_3m_delay,count_5m_delay,count_10m_delay,stop_lat,stop_lon,stop_time,count_dates_train,stop_number
REG,90004,BOLOGNA C.LE,VIGNOLA,VIGNOLA,1.0892857142857142,1.0,56,2023-01-02,2023-03-31,4,0,0,,,07:17,56,1
REG,90004,BOLOGNA C.LE,VIGNOLA,BAZZANO,-3.5535714285714284,-4.0,56,2023-01-02,2023-03-31,1,0,0,,,07:28,56,2
REG,90004,BOLOGNA C.LE,VIGNOLA,CRESPELLANO,-0.48214285714285715,-1.0,56,2023-01-02,2023-03-31,1,0,0,,,07:39,56,3
REG,90004,BOLOGNA C.LE,VIGNOLA,VIA LUNGA,-4.357142857142857,-4.0,56,2023-01-02,2023-03-31,0,0,0,,,07:44,56,4
REG,90004,BOLOGNA C.LE,VIGNOLA,CASALECCHIO GARIBALDI,3.75,3.0,56,2023-01-02,2023-03-31,40,16,1,44.482995,11.272474,08:06,56,5
REG,90004,BOLOGNA C.LE,VIGNOLA,CASTELDEBOLE,5.357142857142857,5.0,56,2023-01-02,2023-03-31,50,36,2,44.503974,11.27456,08:10,56,6
REG,90004,BOLOGNA C.LE,VIGNOLA,BOLOGNA BORGO PANIGALE,4.732142857142857,4.0,56,2023-01-02,2023-03-31,47,25,2,44.515024,11.284728,08:13,56,7
REG,90004,BOLOGNA C.LE,VIGNOLA,BOLOGNA C.LE,2.3392857142857144,2.0,56,2023-01-02,2023-03-31,27,8,0,44.50626,11.342267,08:21,56,8
