train_class,train_number,train_arrival_stop_name,train_departure_stop_name,stop_name,avg_arrival_delay,median_arrival_delay,count_dates_stop,first_date,last_date,count_3m_delay,count_5m_delay,count_10m_delay,stop_lat,stop_lon,stop_time,count_dates_train,stop_number
FA,8867,REGGIO CALABRIA CENTRALE,ROMA TERMINI,ROMA TERMINI,6.921875,3.0,64,2023-01-01,2023-03-05,39,29,15,41.900636,12.502026,14:05,64,1
FA,8867,REGGIO CALABRIA CENTRALE,ROMA TERMINI,NAPOLI AFRAGOLA,10.34375,7.0,64,2023-01-01,2023-03-05,57,43,26,,,15:07,64,2
FA,8867,REGGIO CALABRIA CENTRALE,ROMA TERMINI,SALERNO,4.09375,0.0,64,2023-01-01,2023-03-05,28,23,16,40.675137,14.772822,15:39,64,3
FA,8867,REGGIO CALABRIA CENTRALE,ROMA TERMINI,BATTIPAGLIA,6.328125,1.0,64,2023-01-01,2023-03-05,30,26,16,40.605789,14.98324,15:51,64,4
FA,8867,REGGIO CALABRIA CENTRALE,ROMA TERMINI,VALLO DELLA LUC. CASTELNUOVO,6.984375,3.0,64,2023-01-01,2023-03-05,33,26,18,40.233316,15.266511,16:15,64,5
FA,8867,REGGIO CALABRIA CENTRALE,ROMA TERMINI,SAPRI,2.84375,-2.0,64,2023-01-01,2023-03-05,23,18,9,40.078013,15.627204,16:47,64,6
FA,8867,REGGIO CALABRIA CENTRALE,ROMA TERMINI,PAOLA,3.703125,2.0,64,2023-01-01,2023-03-05,29,18,8,39.359442,16.033093,17:42,64,7
FA,8867,REGGIO CALABRIA CENTRALE,ROMA TERMINI,LAMEZIA TERME CENTRALE,1.09375,-2.0,64,2023-01-01,2023-03-05,13,11,5,38.921347,16.255577,18:13,64,8
FA,8867,REGGIO CALABRIA CENTRALE,ROMA TERMINI,VIBO VALENZIA PIZZO,4.09375,1.0,64,2023-01-01,2023-03-05,13,11,6,38.714593,16.139887,18:29,64,9
FA,8867,REGGIO CALABRIA CENTRALE,ROMA TERMINI,ROSARNO,4.78125,1.0,64,2023-01-01,2023-03-05,18,12,7,38.488593,15.970149,18:45,64,10
FA,8867,REGGIO CALABRIA CENTRALE,ROMA TERMINI,GIOIA TAURO,4.90625,1.0,64,2023-01-01,2023-03-05,18,12,7,38.423436,15.897516,18:53,64,11
FA,8867,REGGIO CALABRIA CENTRALE,ROMA TERMINI,VILLA SAN GIOVANNI,0.078125,-4.0,64,2023-01-01,2023-03-05,9,8,6,38.216638,15.634336,19:19,64,12
FA,8867,REGGIO CALABRIA CENTRALE,ROMA TERMINI,REGGIO CALABRIA CENTRALE,0.234375,-4.0,64,2023-01-01,2023-03-05,8,7,5,38.103884,15.635844,19:37,64,13
