train_class,train_number,train_arrival_stop_name,train_departure_stop_name,stop_name,avg_arrival_delay,median_arrival_delay,count_dates_stop,first_date,last_date,count_3m_delay,count_5m_delay,count_10m_delay,stop_lat,stop_lon,stop_time,count_dates_train,stop_number
REG,26750,FOSSANO,TORINO STURA,TORINO STURA,2.0933333333333333,1.0,75,2023-01-02,2023-03-31,13,6,2,45.121932,7.713202,04:52,75,1
REG,26750,FOSSANO,TORINO STURA,TORINO REBAUDENGO FOSSATA,1.4133333333333333,1.0,75,2023-01-02,2023-03-31,11,5,2,,,04:56,75,2
REG,26750,FOSSANO,TORINO STURA,TORINO PORTA SUSA,1.1733333333333333,1.0,75,2023-01-02,2023-03-31,10,4,1,45.075906,7.667673,05:00,75,3
REG,26750,FOSSANO,TORINO STURA,TORINO LINGOTTO,-0.06666666666666667,-1.0,75,2023-01-02,2023-03-31,5,4,1,45.0266,7.657469,05:07,75,4
REG,26750,FOSSANO,TORINO STURA,MONCALIERI,2.2533333333333334,2.0,75,2023-01-02,2023-03-31,16,7,1,44.998187,7.678027,05:11,75,5
REG,26750,FOSSANO,TORINO STURA,TROFARELLO,1.7058823529411764,1.0,68,2023-01-02,2023-03-31,10,6,1,44.980471,7.735206,05:16,75,6
REG,26750,FOSSANO,TORINO STURA,CARMAGNOLA,1.4133333333333333,1.0,75,2023-01-02,2023-03-31,12,3,2,44.846944,7.72797,05:28,75,7
REG,26750,FOSSANO,TORINO STURA,RACCONIGI,1.7733333333333334,1.0,75,2023-01-02,2023-03-31,19,6,4,44.771179,7.685681,05:35,75,8
REG,26750,FOSSANO,TORINO STURA,CAVALLERMAGGIORE,1.44,1.0,75,2023-01-02,2023-03-31,18,8,4,44.708147,7.692108,05:41,75,9
REG,26750,FOSSANO,TORINO STURA,SAVIGLIANO,1.4266666666666667,1.0,75,2023-01-02,2023-03-31,19,9,3,44.651337,7.663748,05:47,75,10
REG,26750,FOSSANO,TORINO STURA,FOSSANO,-2.08,-3.0,75,2023-01-02,2023-03-31,7,4,1,44.550231,7.717971,05:59,75,11
