train_class,train_number,train_arrival_stop_name,train_departure_stop_name,stop_name,avg_arrival_delay,median_arrival_delay,count_dates_stop,first_date,last_date,count_3m_delay,count_5m_delay,count_10m_delay,stop_lat,stop_lon,stop_time,count_dates_train,stop_number
REG,10155,COLICO,CHIAVENNA,CHIAVENNA,1.0769230769230769,1.0,13,2023-01-01,2023-03-26,0,0,0,46.321258,9.407129,06:35,13,1
REG,10155,COLICO,CHIAVENNA,PRATA CAMPORTACCIO,-0.15384615384615385,0.0,13,2023-01-01,2023-03-26,0,0,0,,,06:37,13,2
REG,10155,COLICO,CHIAVENNA,S. CASSIANO VALCHIAVENNA,-0.9230769230769231,-1.0,13,2023-01-01,2023-03-26,0,0,0,46.275438,9.397419,06:43,13,3
REG,10155,COLICO,CHIAVENNA,SAMOLACO,-0.5384615384615384,-1.0,13,2023-01-01,2023-03-26,0,0,0,46.246436,9.423582,06:47,13,4
REG,10155,COLICO,CHIAVENNA,NOVATE-MEZZOLA,-0.07692307692307693,-1.0,13,2023-01-01,2023-03-26,0,0,0,46.216595,9.446573,06:51,13,5
REG,10155,COLICO,CHIAVENNA,VERCEIA,0.07692307692307693,0.0,13,2023-01-01,2023-03-26,0,0,0,46.202832,9.458412,06:54,13,6
REG,10155,COLICO,CHIAVENNA,DUBINO,0.6923076923076923,0.0,13,2023-01-01,2023-03-26,3,0,0,46.172802,9.432188,06:59,13,7
REG,10155,COLICO,CHIAVENNA,COLICO,1.6923076923076923,1.0,13,2023-01-01,2023-03-26,3,1,0,46.138019,9.375222,07:07,13,8
