train_class,train_number,train_arrival_stop_name,train_departure_stop_name,stop_name,avg_arrival_delay,median_arrival_delay,count_dates_stop,first_date,last_date,count_3m_delay,count_5m_delay,count_10m_delay,stop_lat,stop_lon,stop_time,count_dates_train,stop_number
REG,12578,LADISPOLI-CERVETERI,ROMA TERMINI,ROMA TERMINI,1.171875,1.0,64,2023-01-02,2023-03-31,10,1,0,41.900636,12.502026,07:42,64,1
REG,12578,LADISPOLI-CERVETERI,ROMA TERMINI,ROMA S.PIETRO,2.90625,2.0,64,2023-01-02,2023-03-31,30,13,1,41.896143,12.454497,07:54,64,2
REG,12578,LADISPOLI-CERVETERI,ROMA TERMINI,MACCARESE,3.546875,3.0,64,2023-01-02,2023-03-31,35,15,2,41.879372,12.23695,08:06,64,3
REG,12578,LADISPOLI-CERVETERI,ROMA TERMINI,LADISPOLI-CERVETERI,2.546875,2.0,64,2023-01-02,2023-03-31,23,6,3,41.953502,12.081675,08:21,64,4
