train_class,train_number,train_arrival_stop_name,train_departure_stop_name,stop_name,avg_arrival_delay,median_arrival_delay,count_dates_stop,first_date,last_date,count_3m_delay,count_5m_delay,count_10m_delay,stop_lat,stop_lon,stop_time,count_dates_train,stop_number
REG,19873,POTENZA CENTRALE,FOGGIA,FOGGIA,1.8620689655172413,1.0,87,2023-01-01,2023-03-31,14,3,1,41.466,15.555816,05:34,87,1
REG,19873,POTENZA CENTRALE,FOGGIA,MELFI,-5.160919540229885,-6.0,87,2023-01-01,2023-03-31,5,5,3,40.989871,15.646895,06:32,87,2
REG,19873,POTENZA CENTRALE,FOGGIA,BARILE,9.494117647058824,9.0,85,2023-01-01,2023-03-31,85,85,36,40.943044,15.670959,06:41,87,3
REG,19873,POTENZA CENTRALE,FOGGIA,RIONERO ATELLA RIPACANDITA,3.218390804597701,3.0,87,2023-01-01,2023-03-31,48,27,6,40.922066,15.678699,06:50,87,4
REG,19873,POTENZA CENTRALE,FOGGIA,FORENZA,0.9655172413793104,0.0,87,2023-01-01,2023-03-31,24,12,6,40.866839,15.725331,07:03,87,5
REG,19873,POTENZA CENTRALE,FOGGIA,FILIANO,6.609195402298851,6.0,87,2023-01-01,2023-03-31,74,65,16,40.837161,15.752285,07:10,87,6
REG,19873,POTENZA CENTRALE,FOGGIA,CASTEL LAGOPESOLE,4.597701149425287,4.0,87,2023-01-01,2023-03-31,62,31,7,40.787682,15.758093,07:18,87,7
REG,19873,POTENZA CENTRALE,FOGGIA,POSSIDENTE,5.183908045977011,4.0,87,2023-01-01,2023-03-31,62,37,8,40.781144,15.777104,07:22,87,8
REG,19873,POTENZA CENTRALE,FOGGIA,PIETRAGALLA,4.379310344827586,3.0,87,2023-01-01,2023-03-31,49,27,5,40.753314,15.79211,07:28,87,9
REG,19873,POTENZA CENTRALE,FOGGIA,AVIGLIANO LUCANIA,-0.10344827586206896,-1.0,87,2023-01-01,2023-03-31,12,7,2,40.714667,15.785619,07:37,87,10
REG,19873,POTENZA CENTRALE,FOGGIA,POTENZA MACCHIA ROMANA,2.6666666666666665,1.0,87,2023-01-01,2023-03-31,20,11,2,,,07:46,87,11
REG,19873,POTENZA CENTRALE,FOGGIA,POTENZA SUPERIORE,2.574712643678161,1.0,87,2023-01-01,2023-03-31,20,12,2,40.64586,15.800966,07:49,87,12
REG,19873,POTENZA CENTRALE,FOGGIA,POTENZA CENTRALE,-0.8275862068965517,-2.0,87,2023-01-01,2023-03-31,8,5,1,40.629469,15.806808,08:00,87,13
