train_class,train_number,train_arrival_stop_name,train_departure_stop_name,stop_name,avg_arrival_delay,median_arrival_delay,count_dates_stop,first_date,last_date,count_3m_delay,count_5m_delay,count_10m_delay,stop_lat,stop_lon,stop_time,count_dates_train,stop_number
REG,2769,AOSTA,TORINO P.NUOVA,TORINO P.NUOVA,2.75,3.0,12,2023-01-01,2023-03-12,7,0,0,45.060969,7.67747,13:25,12,1
REG,2769,AOSTA,TORINO P.NUOVA,TORINO PORTA SUSA,0.8333333333333334,1.0,12,2023-01-01,2023-03-12,1,0,0,45.075906,7.667673,13:33,12,2
REG,2769,AOSTA,TORINO P.NUOVA,CHIVASSO,3.25,2.0,12,2023-01-01,2023-03-12,5,2,1,45.193637,7.889666,13:48,12,3
REG,2769,AOSTA,TORINO P.NUOVA,IVREA,-2.75,-4.0,12,2023-01-01,2023-03-12,3,0,0,45.461542,7.876348,14:22,12,4
REG,2769,AOSTA,TORINO P.NUOVA,PONT SAINT MARTIN,0.3333333333333333,0.0,12,2023-01-01,2023-03-12,2,0,0,45.589834,7.795024,14:36,12,5
REG,2769,AOSTA,TORINO P.NUOVA,HONE BARD,0.5833333333333334,0.0,12,2023-01-01,2023-03-12,2,0,0,45.613918,7.741345,14:42,12,6
REG,2769,AOSTA,TORINO P.NUOVA,VERRES,0.16666666666666666,-1.0,12,2023-01-01,2023-03-12,0,0,0,45.659822,7.690012,14:49,12,7
REG,2769,AOSTA,TORINO P.NUOVA,CHATILLON SAINT VINCENT,0.5,0.0,12,2023-01-01,2023-03-12,1,0,0,45.7434,7.619309,15:01,12,8
REG,2769,AOSTA,TORINO P.NUOVA,NUS,2.6666666666666665,3.0,12,2023-01-01,2023-03-12,7,0,0,45.738786,7.4712,15:11,12,9
REG,2769,AOSTA,TORINO P.NUOVA,AOSTA,0.9166666666666666,1.0,12,2023-01-01,2023-03-12,4,1,0,45.73407,7.322424,15:22,12,10
