train_class,train_number,train_arrival_stop_name,train_departure_stop_name,stop_name,avg_arrival_delay,median_arrival_delay,count_dates_stop,first_date,last_date,count_3m_delay,count_5m_delay,count_10m_delay,stop_lat,stop_lon,stop_time,count_dates_train,stop_number
REG,17400,PARMA,BOLOGNA C.LE,BOLOGNA C.LE,3.1219512195121952,2.0,82,2023-01-06,2023-03-31,39,8,3,44.50626,11.342267,00:46,82,1
REG,17400,PARMA,BOLOGNA C.LE,ANZOLA,1.5731707317073171,1.0,82,2023-01-06,2023-03-31,17,11,5,,,00:57,82,2
REG,17400,PARMA,BOLOGNA C.LE,SAMOGGIA,1.4268292682926829,0.0,82,2023-01-06,2023-03-31,18,9,5,44.567307,11.146221,01:02,82,3
REG,17400,PARMA,BOLOGNA C.LE,CASTELFRANCO D'EMILIA,0.43209876543209874,-1.0,81,2023-01-06,2023-03-31,12,9,4,44.597381,11.056408,01:09,82,4
REG,17400,PARMA,BOLOGNA C.LE,MODENA,0.32926829268292684,-1.0,82,2023-01-06,2023-03-31,11,8,4,44.654461,10.930373,01:18,82,5
REG,17400,PARMA,BOLOGNA C.LE,RUBIERA,2.8658536585365852,1.0,82,2023-01-06,2023-03-31,28,15,8,44.65618,10.780252,01:29,82,6
REG,17400,PARMA,BOLOGNA C.LE,REGGIO EMILIA,2.5365853658536586,0.0,82,2023-01-06,2023-03-31,27,18,9,44.697793,10.643093,01:39,82,7
REG,17400,PARMA,BOLOGNA C.LE,S.ILARIO,-0.573170731707317,-3.0,82,2023-01-06,2023-03-31,15,12,7,44.765795,10.450469,01:56,82,8
REG,17400,PARMA,BOLOGNA C.LE,PARMA,-1.3780487804878048,-4.0,82,2023-01-06,2023-03-31,13,10,6,44.810203,10.32837,02:09,82,9
