train_class,train_number,train_arrival_stop_name,train_departure_stop_name,stop_name,avg_arrival_delay,median_arrival_delay,count_dates_stop,first_date,last_date,count_3m_delay,count_5m_delay,count_10m_delay,stop_lat,stop_lon,stop_time,count_dates_train,stop_number
REG,19843,TARANTO,BARI CENTRALE,BARI CENTRALE,3.533333333333333,3.0,90,2023-01-01,2023-03-31,66,13,2,41.11774,16.869601,14:37,90,1
REG,19843,TARANTO,BARI CENTRALE,BARI VILLAGGIO DEL LAVORATORE,0.8444444444444444,1.0,90,2023-01-01,2023-03-31,8,4,0,,,14:44,90,2
REG,19843,TARANTO,BARI CENTRALE,MODUGNO,0.9555555555555556,1.0,90,2023-01-01,2023-03-31,14,8,0,,,14:49,90,3
REG,19843,TARANTO,BARI CENTRALE,BITETTO PALO DEL COLLE,0.15555555555555556,0.0,90,2023-01-01,2023-03-31,8,3,0,41.041481,16.74053,14:54,90,4
REG,19843,TARANTO,BARI CENTRALE,GRUMO APPULA,1.4157303370786516,1.0,89,2023-01-01,2023-03-31,8,3,0,41.01199,16.718777,14:59,90,5
REG,19843,TARANTO,BARI CENTRALE,ACQUAVIVA DELLE FONTI,-0.1111111111111111,-1.0,90,2023-01-01,2023-03-31,7,3,0,40.892806,16.839826,15:10,90,6
REG,19843,TARANTO,BARI CENTRALE,GIOIA DEL COLLE,-0.4,-1.0,90,2023-01-01,2023-03-31,7,2,0,40.796983,16.916569,15:19,90,7
REG,19843,TARANTO,BARI CENTRALE,CASTELLANETA,0.5555555555555556,0.0,90,2023-01-01,2023-03-31,6,1,0,,,15:32,90,8
REG,19843,TARANTO,BARI CENTRALE,PALAGIANELLO,-0.15555555555555556,-1.0,90,2023-01-01,2023-03-31,6,0,0,40.610906,16.975202,15:37,90,9
REG,19843,TARANTO,BARI CENTRALE,TARANTO,0.13333333333333333,-1.0,90,2023-01-01,2023-03-31,7,3,3,40.483727,17.224059,15:59,90,10
