train_class,train_number,train_arrival_stop_name,train_departure_stop_name,stop_name,avg_arrival_delay,median_arrival_delay,count_dates_stop,first_date,last_date,count_3m_delay,count_5m_delay,count_10m_delay,stop_lat,stop_lon,stop_time,count_dates_train,stop_number
REG,10037,MORTARA,MI.P.GENOVA,MI.P.GENOVA,2.460674157303371,1.0,89,2023-01-01,2023-03-31,14,7,3,45.453379,9.169303,10:42,89,1
REG,10037,MORTARA,MI.P.GENOVA,MILANO S. CRISTOFORO,-0.06741573033707865,-1.0,89,2023-01-01,2023-03-31,7,6,3,45.442404,9.130258,10:48,89,2
REG,10037,MORTARA,MI.P.GENOVA,ALBAIRATE VERMEZZO,-0.12359550561797752,-1.0,89,2023-01-01,2023-03-31,10,5,3,,,10:59,89,3
REG,10037,MORTARA,MI.P.GENOVA,ABBIATEGRASSO,2.730337078651685,1.0,89,2023-01-01,2023-03-31,30,13,6,45.400631,8.921305,11:04,89,4
REG,10037,MORTARA,MI.P.GENOVA,VIGEVANO,3.7752808988764044,3.0,89,2023-01-01,2023-03-31,45,23,7,45.312712,8.861977,11:13,89,5
REG,10037,MORTARA,MI.P.GENOVA,PARONA LOMELLINA,4.584269662921348,3.0,89,2023-01-01,2023-03-31,55,30,8,45.280107,8.780315,11:19,89,6
REG,10037,MORTARA,MI.P.GENOVA,MORTARA,2.595505617977528,1.0,89,2023-01-01,2023-03-31,35,16,5,45.252171,8.731639,11:27,89,7
