train_class,train_number,train_arrival_stop_name,train_departure_stop_name,stop_name,avg_arrival_delay,median_arrival_delay,count_dates_stop,first_date,last_date,count_3m_delay,count_5m_delay,count_10m_delay,stop_lat,stop_lon,stop_time,count_dates_train,stop_number
REG,26908,BARDONECCHIA,TORINO P.NUOVA,TORINO P.NUOVA,3.3684210526315788,3.0,76,2023-01-02,2023-03-31,49,11,2,45.060969,7.67747,09:15,76,1
REG,26908,BARDONECCHIA,TORINO P.NUOVA,COLLEGNO,0.19736842105263158,-1.0,76,2023-01-02,2023-03-31,5,2,1,45.078854,7.574131,09:28,76,2
REG,26908,BARDONECCHIA,TORINO P.NUOVA,AVIGLIANA,0.38666666666666666,0.0,75,2023-01-02,2023-03-31,5,3,1,45.085276,7.401096,09:43,76,3
REG,26908,BARDONECCHIA,TORINO P.NUOVA,BUSSOLENO,-2.5733333333333333,-3.0,75,2023-01-02,2023-03-31,4,1,1,45.139631,7.144819,09:58,76,4
REG,26908,BARDONECCHIA,TORINO P.NUOVA,CHIOMONTE,1.0266666666666666,0.0,75,2023-01-02,2023-03-31,14,11,2,45.119876,6.988716,10:13,76,5
REG,26908,BARDONECCHIA,TORINO P.NUOVA,SALBERTRAND,1.9733333333333334,1.0,75,2023-01-02,2023-03-31,18,12,2,45.073478,6.887428,10:21,76,6
REG,26908,BARDONECCHIA,TORINO P.NUOVA,OULX CESANA CLAVIERE SESTRIERE,3.1315789473684212,2.0,76,2023-01-02,2023-03-31,27,18,4,45.038789,6.831432,10:27,76,7
REG,26908,BARDONECCHIA,TORINO P.NUOVA,BEAULARD,4.2631578947368425,3.0,76,2023-01-02,2023-03-31,41,22,6,45.046495,6.759713,10:33,76,8
REG,26908,BARDONECCHIA,TORINO P.NUOVA,BARDONECCHIA,-3.3815789473684212,-5.0,76,2023-01-02,2023-03-31,5,4,3,45.076447,6.709959,10:46,76,9
