train_class,train_number,train_arrival_stop_name,train_departure_stop_name,stop_name,avg_arrival_delay,median_arrival_delay,count_dates_stop,first_date,last_date,count_3m_delay,count_5m_delay,count_10m_delay,stop_lat,stop_lon,stop_time,count_dates_train,stop_number
AV,9311,NAPOLI CENTRALE,TORINO P.NUOVA,TORINO P.NUOVA,1.9101123595505618,2.0,89,2023-01-02,2023-03-31,16,3,0,45.060969,7.67747,08:40,89,1
AV,9311,NAPOLI CENTRALE,TORINO P.NUOVA,TORINO PORTA SUSA,-0.5730337078651685,-1.0,89,2023-01-02,2023-03-31,3,1,0,45.075906,7.667673,08:48,89,2
AV,9311,NAPOLI CENTRALE,TORINO P.NUOVA,RHO FIERA MILANO,2.247191011235955,1.0,89,2023-01-02,2023-03-31,32,22,4,,,09:26,89,3
AV,9311,NAPOLI CENTRALE,TORINO P.NUOVA,MILANO PORTA GARIBALDI,-1.0224719101123596,-2.0,89,2023-01-02,2023-03-31,17,6,0,45.484917,9.187683,09:45,89,4
AV,9311,NAPOLI CENTRALE,TORINO P.NUOVA,MILANO ROGOREDO,2.460674157303371,2.0,89,2023-01-02,2023-03-31,34,19,6,45.433866,9.2391,10:02,89,5
AV,9311,NAPOLI CENTRALE,TORINO P.NUOVA,REGGIO EMILIA AV,5.797752808988764,5.0,89,2023-01-02,2023-03-31,62,46,15,44.779886,10.744171,10:40,89,6
AV,9311,NAPOLI CENTRALE,TORINO P.NUOVA,BOLOGNA C.LE/AV,3.932584269662921,3.0,89,2023-01-02,2023-03-31,51,31,10,44.50626,11.342267,11:09,89,7
AV,9311,NAPOLI CENTRALE,TORINO P.NUOVA,FIRENZE S.M.N.,4.404494382022472,3.0,89,2023-01-02,2023-03-31,55,33,9,43.776893,11.247373,11:50,89,8
AV,9311,NAPOLI CENTRALE,TORINO P.NUOVA,ROMA TIBURTINA,7.240963855421687,4.0,83,2023-01-02,2023-03-31,55,41,25,41.910903,12.530749,13:22,89,9
AV,9311,NAPOLI CENTRALE,TORINO P.NUOVA,ROMA TERMINI,6.123595505617978,3.0,89,2023-01-02,2023-03-31,54,35,15,41.900636,12.502026,13:35,89,10
AV,9311,NAPOLI CENTRALE,TORINO P.NUOVA,NAPOLI AFRAGOLA,11.202247191011235,9.0,89,2023-01-02,2023-03-31,85,73,37,,,14:48,89,11
AV,9311,NAPOLI CENTRALE,TORINO P.NUOVA,NAPOLI CENTRALE,10.865168539325843,7.0,89,2023-01-02,2023-03-31,79,66,30,40.852933,14.272908,15:03,89,12
