train_class,train_number,train_arrival_stop_name,train_departure_stop_name,stop_name,avg_arrival_delay,median_arrival_delay,count_dates_stop,first_date,last_date,count_3m_delay,count_5m_delay,count_10m_delay,stop_lat,stop_lon,stop_time,count_dates_train,stop_number
REG,16523,PADOVA,BASSANO DEL GRAPPA,BASSANO DEL GRAPPA,1.7096774193548387,2.0,62,2023-01-02,2023-03-31,3,0,0,45.766697,11.741525,15:40,62,1
REG,16523,PADOVA,BASSANO DEL GRAPPA,CITTADELLA,-2.3225806451612905,-2.0,62,2023-01-02,2023-03-31,0,0,0,45.643868,11.789857,15:59,62,2
REG,16523,PADOVA,BASSANO DEL GRAPPA,CAMPOSAMPIERO,1.096774193548387,1.0,62,2023-01-02,2023-03-31,6,1,0,45.568922,11.928293,16:19,62,3
REG,16523,PADOVA,BASSANO DEL GRAPPA,VIGODARZERE,-0.43548387096774194,-1.0,62,2023-01-02,2023-03-31,3,2,1,45.453289,11.891641,16:36,62,4
REG,16523,PADOVA,BASSANO DEL GRAPPA,PADOVA,-1.2258064516129032,-2.0,62,2023-01-02,2023-03-31,2,1,1,45.417846,11.880794,16:44,62,5
