train_class,train_number,train_arrival_stop_name,train_departure_stop_name,stop_name,avg_arrival_delay,median_arrival_delay,count_dates_stop,first_date,last_date,count_3m_delay,count_5m_delay,count_10m_delay,stop_lat,stop_lon,stop_time,count_dates_train,stop_number
REG,21237,CAGLIARI,ORISTANO,ORISTANO,2.0714285714285716,1.0,14,2023-01-01,2023-03-26,4,2,0,39.902033,8.603974,19:30,14,1
REG,21237,CAGLIARI,ORISTANO,MARRUBIU TERRALBA ARBOREA,0.9285714285714286,1.0,14,2023-01-01,2023-03-26,2,1,0,39.75293,8.641144,19:40,14,2
REG,21237,CAGLIARI,ORISTANO,URAS MOGORO,1.4285714285714286,1.0,14,2023-01-01,2023-03-26,3,1,0,39.692629,8.696459,19:47,14,3
REG,21237,CAGLIARI,ORISTANO,SAN GAVINO,0.9285714285714286,1.0,14,2023-01-01,2023-03-26,4,1,0,39.546206,8.788017,19:59,14,4
REG,21237,CAGLIARI,ORISTANO,SAMASSI SERRENTI,-0.35714285714285715,-1.0,14,2023-01-01,2023-03-26,1,0,0,39.483075,8.899035,20:09,14,5
REG,21237,CAGLIARI,ORISTANO,SERRAMANNA NURAMINIS,-0.07142857142857142,-1.0,14,2023-01-01,2023-03-26,1,0,0,39.426123,8.916579,20:15,14,6
REG,21237,CAGLIARI,ORISTANO,VILLASOR,0.42857142857142855,0.0,14,2023-01-01,2023-03-26,2,0,0,39.381451,8.935907,20:21,14,7
REG,21237,CAGLIARI,ORISTANO,DECIMOMANNU,0.42857142857142855,0.0,14,2023-01-01,2023-03-26,2,0,0,39.304593,8.965808,20:28,14,8
REG,21237,CAGLIARI,ORISTANO,ASSEMINI,-0.2857142857142857,-1.0,14,2023-01-01,2023-03-26,0,0,0,39.287603,8.997936,20:33,14,9
REG,21237,CAGLIARI,ORISTANO,CAGLIARI ELMAS,-0.42857142857142855,-1.0,14,2023-01-01,2023-03-26,0,0,0,39.264193,9.045497,20:38,14,10
REG,21237,CAGLIARI,ORISTANO,ELMAS AEROPORTO,-0.5,-1.0,14,2023-01-01,2023-03-26,0,0,0,,,20:41,14,11
REG,21237,CAGLIARI,ORISTANO,CAGLIARI,-1.2857142857142858,-1.0,14,2023-01-01,2023-03-26,0,0,0,39.216078,9.107984,20:50,14,12
