train_class,train_number,train_arrival_stop_name,train_departure_stop_name,stop_name,avg_arrival_delay,median_arrival_delay,count_dates_stop,first_date,last_date,count_3m_delay,count_5m_delay,count_10m_delay,stop_lat,stop_lon,stop_time,count_dates_train,stop_number
REG,2014,TORINO P.NUOVA,MILANO CENTRALE,MILANO CENTRALE,1.7407407407407407,1.0,27,2023-01-01,2023-03-26,3,2,1,45.486347,9.204528,07:15,27,1
REG,2014,TORINO P.NUOVA,MILANO CENTRALE,RHO FIERA MILANO,3.6296296296296298,3.0,27,2023-01-01,2023-03-26,21,4,1,,,07:24,27,2
REG,2014,TORINO P.NUOVA,MILANO CENTRALE,MAGENTA,2.740740740740741,1.0,27,2023-01-01,2023-03-26,8,6,2,45.468204,8.880633,07:37,27,3
REG,2014,TORINO P.NUOVA,MILANO CENTRALE,NOVARA,0.8888888888888888,-1.0,27,2023-01-01,2023-03-26,9,4,0,45.451376,8.624895,07:54,27,4
REG,2014,TORINO P.NUOVA,MILANO CENTRALE,VERCELLI,1.7037037037037037,1.0,27,2023-01-01,2023-03-26,8,5,0,45.329909,8.416028,08:08,27,5
REG,2014,TORINO P.NUOVA,MILANO CENTRALE,SANTHIA`,3.5185185185185186,3.0,27,2023-01-01,2023-03-26,14,8,2,45.363726,8.180093,08:19,27,6
REG,2014,TORINO P.NUOVA,MILANO CENTRALE,CHIVASSO,0.1111111111111111,-1.0,27,2023-01-01,2023-03-26,7,2,1,45.193637,7.889666,08:40,27,7
REG,2014,TORINO P.NUOVA,MILANO CENTRALE,TORINO PORTA SUSA,3.7777777777777777,3.0,27,2023-01-01,2023-03-26,15,7,1,45.075906,7.667673,08:54,27,8
REG,2014,TORINO P.NUOVA,MILANO CENTRALE,TORINO P.NUOVA,1.5925925925925926,1.0,27,2023-01-01,2023-03-26,5,4,2,45.060969,7.67747,09:06,27,9
