train_class,train_number,train_arrival_stop_name,train_departure_stop_name,stop_name,avg_arrival_delay,median_arrival_delay,count_dates_stop,first_date,last_date,count_3m_delay,count_5m_delay,count_10m_delay,stop_lat,stop_lon,stop_time,count_dates_train,stop_number
REG,4283,NOVARA NORD,M N CADORNA,MILANO NORD DOMODOSSOLA,0.0,0.0,12,2023-01-01,2023-03-26,0,0,0,,,20:50,12,1
REG,4283,NOVARA NORD,M N CADORNA,SARONNO,0.0,0.0,12,2023-01-01,2023-03-26,0,0,0,45.625309,9.030839,21:06,12,2
REG,4283,NOVARA NORD,M N CADORNA,RESCALDINA,0.0,0.0,12,2023-01-01,2023-03-26,0,0,0,,,21:12,12,3
REG,4283,NOVARA NORD,M N CADORNA,CASTELLANZA,0.0,0.0,12,2023-01-01,2023-03-26,0,0,0,,,21:17,12,4
REG,4283,NOVARA NORD,M N CADORNA,BUSTO ARSIZIO,0.0,0.0,12,2023-01-01,2023-03-26,0,0,0,45.616164,8.865031,21:20,12,5
