train_class,train_number,train_arrival_stop_name,train_departure_stop_name,stop_name,avg_arrival_delay,median_arrival_delay,count_dates_stop,first_date,last_date,count_3m_delay,count_5m_delay,count_10m_delay,stop_lat,stop_lon,stop_time,count_dates_train,stop_number
REG,21381,VITERBO PORTA FIORENTINA,ROMA TIBURTINA,ROMA TIBURTINA,3.1666666666666665,2.0,12,2023-01-01,2023-03-26,5,2,0,41.910903,12.530749,08:38,12,1
REG,21381,VITERBO PORTA FIORENTINA,ROMA TIBURTINA,ROMA TUSCOLANA,1.7272727272727273,1.0,11,2023-01-01,2023-03-26,2,2,0,41.879384,12.523505,08:43,12,2
REG,21381,VITERBO PORTA FIORENTINA,ROMA TIBURTINA,ROMA OSTIENSE,-0.5,-2.0,12,2023-01-01,2023-03-26,2,2,0,41.87265,12.483917,08:51,12,3
REG,21381,VITERBO PORTA FIORENTINA,ROMA TIBURTINA,ROMA TRASTEVERE,0.9166666666666666,0.0,12,2023-01-01,2023-03-26,2,2,0,41.872279,12.466162,08:55,12,4
REG,21381,VITERBO PORTA FIORENTINA,ROMA TIBURTINA,QUATTRO VENTI,1.75,1.0,12,2023-01-01,2023-03-26,2,2,0,41.880145,12.459731,08:58,12,5
REG,21381,VITERBO PORTA FIORENTINA,ROMA TIBURTINA,ROMA S.PIETRO,0.25,-1.0,12,2023-01-01,2023-03-26,2,1,0,41.896143,12.454497,09:02,12,6
REG,21381,VITERBO PORTA FIORENTINA,ROMA TIBURTINA,VALLE AURELIA,4.166666666666667,4.0,12,2023-01-01,2023-03-26,12,2,0,41.899356,12.447667,09:05,12,7
REG,21381,VITERBO PORTA FIORENTINA,ROMA TIBURTINA,APPIANO,1.5,1.0,12,2023-01-01,2023-03-26,2,1,0,41.909342,12.43838,09:09,12,8
REG,21381,VITERBO PORTA FIORENTINA,ROMA TIBURTINA,ROMA BALDUINA,0.75,0.0,12,2023-01-01,2023-03-26,2,0,0,,,09:11,12,9
REG,21381,VITERBO PORTA FIORENTINA,ROMA TIBURTINA,GEMELLI,2.75,2.0,12,2023-01-01,2023-03-26,5,2,0,41.927813,12.427797,09:14,12,10
REG,21381,VITERBO PORTA FIORENTINA,ROMA TIBURTINA,ROMA MONTE MARIO,1.1666666666666667,1.0,12,2023-01-01,2023-03-26,2,0,0,41.939088,12.421732,09:17,12,11
REG,21381,VITERBO PORTA FIORENTINA,ROMA TIBURTINA,ROMA S.FILIPPO NERI,0.6666666666666666,0.0,12,2023-01-01,2023-03-26,2,0,0,41.950262,12.412414,09:20,12,12
REG,21381,VITERBO PORTA FIORENTINA,ROMA TIBURTINA,OTTAVIA,1.6666666666666667,1.0,12,2023-01-01,2023-03-26,3,0,0,,,09:23,12,13
REG,21381,VITERBO PORTA FIORENTINA,ROMA TIBURTINA,IPOGEO DEGLI OTTAVI,1.3333333333333333,1.0,12,2023-01-01,2023-03-26,3,0,0,41.968391,12.409026,09:26,12,14
REG,21381,VITERBO PORTA FIORENTINA,ROMA TIBURTINA,LA GIUSTINIANA,1.8333333333333333,1.0,12,2023-01-01,2023-03-26,3,0,0,41.985243,12.403457,09:29,12,15
REG,21381,VITERBO PORTA FIORENTINA,ROMA TIBURTINA,LA STORTA,1.0833333333333333,1.0,12,2023-01-01,2023-03-26,2,0,0,42.001748,12.381254,09:33,12,16
REG,21381,VITERBO PORTA FIORENTINA,ROMA TIBURTINA,OLGIATA,3.1666666666666665,3.0,12,2023-01-01,2023-03-26,10,2,0,42.01538,12.363864,09:36,12,17
REG,21381,VITERBO PORTA FIORENTINA,ROMA TIBURTINA,CESANO DI ROMA,2.0833333333333335,2.0,12,2023-01-01,2023-03-26,4,0,0,42.061833,12.326669,09:42,12,18
REG,21381,VITERBO PORTA FIORENTINA,ROMA TIBURTINA,ANGUILLARA,2.9166666666666665,2.0,12,2023-01-01,2023-03-26,6,2,0,42.068133,12.304978,09:46,12,19
REG,21381,VITERBO PORTA FIORENTINA,ROMA TIBURTINA,BRACCIANO,2.5833333333333335,2.0,12,2023-01-01,2023-03-26,5,2,0,42.103667,12.173023,09:58,12,20
REG,21381,VITERBO PORTA FIORENTINA,ROMA TIBURTINA,MANZIANA-CANALE MONTERANO,2.25,2.0,12,2023-01-01,2023-03-26,6,0,0,42.128246,12.134934,10:04,12,21
REG,21381,VITERBO PORTA FIORENTINA,ROMA TIBURTINA,ORIOLO,1.8333333333333333,2.0,12,2023-01-01,2023-03-26,4,0,0,42.166825,12.138499,10:10,12,22
REG,21381,VITERBO PORTA FIORENTINA,ROMA TIBURTINA,CAPRANICA,0.9166666666666666,1.0,12,2023-01-01,2023-03-26,4,0,0,42.245195,12.157194,10:19,12,23
REG,21381,VITERBO PORTA FIORENTINA,ROMA TIBURTINA,VETRALLA,-0.4166666666666667,-1.0,12,2023-01-01,2023-03-26,0,0,0,42.304619,12.089137,10:30,12,24
REG,21381,VITERBO PORTA FIORENTINA,ROMA TIBURTINA,TRE CROCI,1.0833333333333333,1.0,12,2023-01-01,2023-03-26,0,0,0,42.331525,12.086159,10:34,12,25
REG,21381,VITERBO PORTA FIORENTINA,ROMA TIBURTINA,VITERBO PORTA ROMANA,-0.75,-1.0,12,2023-01-01,2023-03-26,0,0,0,42.411974,12.110482,10:44,12,26
REG,21381,VITERBO PORTA FIORENTINA,ROMA TIBURTINA,VITERBO PORTA FIORENTINA,0.16666666666666666,0.0,12,2023-01-01,2023-03-26,0,0,0,42.425237,12.106204,10:49,12,27
