train_class,train_number,train_arrival_stop_name,train_departure_stop_name,stop_name,avg_arrival_delay,median_arrival_delay,count_dates_stop,first_date,last_date,count_3m_delay,count_5m_delay,count_10m_delay,stop_lat,stop_lon,stop_time,count_dates_train,stop_number
REG,2923,MILANO CENTRALE,MALPENSA AEROPORTO T1,MALPENSA AEROPORTO T1,0.8481012658227848,1.0,79,2023-01-01,2023-03-23,1,1,1,45.627242,8.711081,07:13,79,1
REG,2923,MILANO CENTRALE,MALPENSA AEROPORTO T1,FERNO LONATE POZZOLO,0.4177215189873418,0.0,79,2023-01-01,2023-03-23,2,1,1,,,07:16,79,2
REG,2923,MILANO CENTRALE,MALPENSA AEROPORTO T1,BUSTO ARSIZIO N.,1.6455696202531647,1.0,79,2023-01-01,2023-03-23,9,1,1,,,07:21,79,3
REG,2923,MILANO CENTRALE,MALPENSA AEROPORTO T1,CASTELLANZA,1.7468354430379747,2.0,79,2023-01-01,2023-03-23,15,1,1,,,07:24,79,4
REG,2923,MILANO CENTRALE,MALPENSA AEROPORTO T1,RESCALDINA,1.3037974683544304,1.0,79,2023-01-01,2023-03-23,13,2,1,,,07:29,79,5
REG,2923,MILANO CENTRALE,MALPENSA AEROPORTO T1,SARONNO,1.8354430379746836,2.0,79,2023-01-01,2023-03-23,22,5,1,45.625309,9.030839,07:35,79,6
REG,2923,MILANO CENTRALE,MALPENSA AEROPORTO T1,MILANO BOVISA FNM,2.392405063291139,2.0,79,2023-01-01,2023-03-23,39,12,2,45.502993,9.159235,07:48,79,7
REG,2923,MILANO CENTRALE,MALPENSA AEROPORTO T1,MILANO PORTA GARIBALDI,1.759493670886076,2.0,79,2023-01-01,2023-03-23,28,11,2,45.484917,9.187683,07:55,79,8
REG,2923,MILANO CENTRALE,MALPENSA AEROPORTO T1,MILANO CENTRALE,2.3544303797468356,2.0,79,2023-01-01,2023-03-23,31,16,3,45.486347,9.204528,08:07,79,9
