train_class,train_number,train_arrival_stop_name,train_departure_stop_name,stop_name,avg_arrival_delay,median_arrival_delay,count_dates_stop,first_date,last_date,count_3m_delay,count_5m_delay,count_10m_delay,stop_lat,stop_lon,stop_time,count_dates_train,stop_number
REG,17357,TRIESTE CENTRALE,UDINE,UDINE,2.0434782608695654,2.0,69,2023-01-02,2023-03-31,12,2,2,46.055791,13.242003,21:20,69,1
REG,17357,TRIESTE CENTRALE,UDINE,BUTTRIO,1.2608695652173914,1.0,69,2023-01-02,2023-03-31,6,4,1,46.012664,13.329039,21:27,69,2
REG,17357,TRIESTE CENTRALE,UDINE,MANZANO,1.1594202898550725,1.0,69,2023-01-02,2023-03-31,5,3,1,45.98811,13.375016,21:32,69,3
REG,17357,TRIESTE CENTRALE,UDINE,S.GIOVANNI AL NATISONE,0.9420289855072463,1.0,69,2023-01-02,2023-03-31,8,4,1,45.976122,13.397437,21:36,69,4
REG,17357,TRIESTE CENTRALE,UDINE,CORMONS,1.0434782608695652,0.0,69,2023-01-02,2023-03-31,8,5,3,45.957519,13.461563,21:41,69,5
REG,17357,TRIESTE CENTRALE,UDINE,GORIZIA CENTRALE,0.6521739130434783,0.0,69,2023-01-02,2023-03-31,9,4,3,45.933047,13.60684,21:50,69,6
REG,17357,TRIESTE CENTRALE,UDINE,SAGRADO,1.6956521739130435,1.0,69,2023-01-02,2023-03-31,7,3,3,45.872629,13.484004,22:01,69,7
REG,17357,TRIESTE CENTRALE,UDINE,RONCHI DEI LEGIONARI NORD,0.8405797101449275,0.0,69,2023-01-02,2023-03-31,10,3,2,45.830285,13.505962,22:07,69,8
REG,17357,TRIESTE CENTRALE,UDINE,MONFALCONE,1.2753623188405796,1.0,69,2023-01-02,2023-03-31,14,4,3,45.807683,13.542929,22:14,69,9
REG,17357,TRIESTE CENTRALE,UDINE,SISTIANA,2.072463768115942,1.0,69,2023-01-02,2023-03-31,13,5,3,45.774903,13.645832,22:22,69,10
REG,17357,TRIESTE CENTRALE,UDINE,BIVIO D`AURISINA,3.652173913043478,2.0,69,2023-01-02,2023-03-31,29,10,5,45.754253,13.655777,22:26,69,11
REG,17357,TRIESTE CENTRALE,UDINE,MIRAMARE,5.159420289855072,3.0,69,2023-01-02,2023-03-31,53,21,5,,,22:33,69,12
REG,17357,TRIESTE CENTRALE,UDINE,TRIESTE CENTRALE,1.391304347826087,0.0,69,2023-01-02,2023-03-31,11,5,4,45.657456,13.771873,22:44,69,13
