train_class,train_number,train_arrival_stop_name,train_departure_stop_name,stop_name,avg_arrival_delay,median_arrival_delay,count_dates_stop,first_date,last_date,count_3m_delay,count_5m_delay,count_10m_delay,stop_lat,stop_lon,stop_time,count_dates_train,stop_number
REG,90172,GUASTALLA,REGGIO EMILIA,REGGIO EMILIA,0.7419354838709677,0.0,31,2023-01-04,2023-03-30,7,3,0,44.697793,10.643093,06:47,31,1
REG,90172,GUASTALLA,REGGIO EMILIA,REGGIO MEDIOPADANA,2.096774193548387,1.0,31,2023-01-04,2023-03-30,9,4,0,,,06:54,31,2
REG,90172,GUASTALLA,REGGIO EMILIA,BAGNOLO IN PIANO,-2.225806451612903,-2.0,31,2023-01-04,2023-03-30,2,0,0,,,07:00,31,3
REG,90172,GUASTALLA,REGGIO EMILIA,NOVELLARA,-1.5806451612903225,-3.0,31,2023-01-04,2023-03-30,4,0,0,,,07:23,31,4
REG,90172,GUASTALLA,REGGIO EMILIA,GUASTALLA,2.7096774193548385,3.0,31,2023-01-04,2023-03-30,17,4,0,,,07:42,31,5
