train_class,train_number,train_arrival_stop_name,train_departure_stop_name,stop_name,avg_arrival_delay,median_arrival_delay,count_dates_stop,first_date,last_date,count_3m_delay,count_5m_delay,count_10m_delay,stop_lat,stop_lon,stop_time,count_dates_train,stop_number
REG,25066,COMO S. GIOVANNI,MILANO PORTA GARIBALDI,MILANO PORTA GARIBALDI,2.28,1.0,25,2023-01-01,2023-03-26,5,2,1,45.484917,9.187683,18:09,25,1
REG,25066,COMO S. GIOVANNI,MILANO PORTA GARIBALDI,MILANO GRECO PIRELLI,0.84,-1.0,25,2023-01-01,2023-03-26,4,1,1,45.51272,9.214456,18:15,25,2
REG,25066,COMO S. GIOVANNI,MILANO PORTA GARIBALDI,SESTO S. GIOVANNI,1.28,0.0,25,2023-01-01,2023-03-26,4,3,1,45.541087,9.23926,18:20,25,3
REG,25066,COMO S. GIOVANNI,MILANO PORTA GARIBALDI,MONZA,1.76,0.0,25,2023-01-01,2023-03-26,6,3,1,45.577789,9.273253,18:26,25,4
REG,25066,COMO S. GIOVANNI,MILANO PORTA GARIBALDI,LISSONE-MUGGIO`,2.28,0.0,25,2023-01-01,2023-03-26,8,6,1,45.60592,9.235368,18:31,25,5
REG,25066,COMO S. GIOVANNI,MILANO PORTA GARIBALDI,DESIO,4.04,2.0,25,2023-01-01,2023-03-26,10,8,2,45.620112,9.218495,18:35,25,6
REG,25066,COMO S. GIOVANNI,MILANO PORTA GARIBALDI,SEREGNO,2.12,0.0,25,2023-01-01,2023-03-26,8,5,2,45.64601,9.20285,18:40,25,7
REG,25066,COMO S. GIOVANNI,MILANO PORTA GARIBALDI,CAMNAGO-LENTATE,2.96,1.0,25,2023-01-01,2023-03-26,8,6,2,45.668425,9.133451,18:45,25,8
REG,25066,COMO S. GIOVANNI,MILANO PORTA GARIBALDI,CARIMATE,2.24,1.0,25,2023-01-01,2023-03-26,8,4,1,45.697094,9.107188,18:50,25,9
REG,25066,COMO S. GIOVANNI,MILANO PORTA GARIBALDI,COMO S. GIOVANNI,1.52,0.0,25,2023-01-01,2023-03-26,6,4,2,45.808946,9.072331,19:11,25,10
