train_class,train_number,train_arrival_stop_name,train_departure_stop_name,stop_name,avg_arrival_delay,median_arrival_delay,count_dates_stop,first_date,last_date,count_3m_delay,count_5m_delay,count_10m_delay,stop_lat,stop_lon,stop_time,count_dates_train,stop_number
REG,4409,LECCE,BARI CENTRALE,BARI CENTRALE,1.8333333333333333,1.0,12,2023-01-07,2023-03-25,2,1,0,41.11774,16.869601,13:35,12,1
REG,4409,LECCE,BARI CENTRALE,BARI TORRE A MARE,0.4166666666666667,-1.0,12,2023-01-07,2023-03-25,2,1,0,41.082637,16.995772,13:50,12,2
REG,4409,LECCE,BARI CENTRALE,MOLA DI BARI,0.5833333333333334,-1.0,12,2023-01-07,2023-03-25,2,1,0,41.057227,17.080919,13:56,12,3
REG,4409,LECCE,BARI CENTRALE,POLIGNANO A MARE,0.8333333333333334,1.0,12,2023-01-07,2023-03-25,2,1,0,40.990926,17.218676,14:05,12,4
REG,4409,LECCE,BARI CENTRALE,MONOPOLI,1.5833333333333333,1.0,12,2023-01-07,2023-03-25,3,1,0,40.952017,17.292455,14:11,12,5
REG,4409,LECCE,BARI CENTRALE,FASANO,2.0,1.0,12,2023-01-07,2023-03-25,4,3,0,40.851753,17.3859,14:20,12,6
REG,4409,LECCE,BARI CENTRALE,OSTUNI,0.9166666666666666,1.0,12,2023-01-07,2023-03-25,3,0,0,40.752356,17.580809,14:35,12,7
REG,4409,LECCE,BARI CENTRALE,BRINDISI,1.25,1.0,12,2023-01-07,2023-03-25,2,1,0,40.634339,17.938978,14:57,12,8
REG,4409,LECCE,BARI CENTRALE,SQUINZANO,0.16666666666666666,-1.0,12,2023-01-07,2023-03-25,1,1,0,40.439266,18.046097,15:14,12,9
REG,4409,LECCE,BARI CENTRALE,LECCE,-1.8333333333333333,-2.0,12,2023-01-07,2023-03-25,0,0,0,40.34566,18.165724,15:28,12,10
