train_class,train_number,train_arrival_stop_name,train_departure_stop_name,stop_name,avg_arrival_delay,median_arrival_delay,count_dates_stop,first_date,last_date,count_3m_delay,count_5m_delay,count_10m_delay,stop_lat,stop_lon,stop_time,count_dates_train,stop_number
REG,19894,FOGGIA,POTENZA CENTRALE,POTENZA CENTRALE,1.2857142857142858,1.0,14,2023-01-01,2023-03-26,0,0,0,40.629469,15.806808,13:30,14,1
REG,19894,FOGGIA,POTENZA CENTRALE,POTENZA SUPERIORE,-1.7857142857142858,-2.0,14,2023-01-01,2023-03-26,0,0,0,40.64586,15.800966,13:38,14,2
REG,19894,FOGGIA,POTENZA CENTRALE,POTENZA MACCHIA ROMANA,1.0714285714285714,1.0,14,2023-01-01,2023-03-26,0,0,0,,,13:46,14,3
REG,19894,FOGGIA,POTENZA CENTRALE,AVIGLIANO LUCANIA,0.7857142857142857,1.0,14,2023-01-01,2023-03-26,0,0,0,40.714667,15.785619,13:55,14,4
REG,19894,FOGGIA,POTENZA CENTRALE,PIETRAGALLA,1.0714285714285714,1.0,14,2023-01-01,2023-03-26,0,0,0,40.753314,15.79211,14:01,14,5
REG,19894,FOGGIA,POTENZA CENTRALE,POSSIDENTE,1.0714285714285714,1.0,14,2023-01-01,2023-03-26,0,0,0,40.781144,15.777104,14:06,14,6
REG,19894,FOGGIA,POTENZA CENTRALE,CASTEL LAGOPESOLE,0.35714285714285715,0.0,14,2023-01-01,2023-03-26,0,0,0,40.787682,15.758093,14:10,14,7
REG,19894,FOGGIA,POTENZA CENTRALE,FILIANO,2.0,1.0,14,2023-01-01,2023-03-26,3,1,0,40.837161,15.752285,14:16,14,8
REG,19894,FOGGIA,POTENZA CENTRALE,FORENZA,-1.3571428571428572,-2.0,14,2023-01-01,2023-03-26,1,0,0,40.866839,15.725331,14:25,14,9
REG,19894,FOGGIA,POTENZA CENTRALE,RIONERO ATELLA RIPACANDITA,-2.857142857142857,-3.0,14,2023-01-01,2023-03-26,0,0,0,40.922066,15.678699,14:37,14,10
REG,19894,FOGGIA,POTENZA CENTRALE,BARILE,1.0,1.0,14,2023-01-01,2023-03-26,0,0,0,40.943044,15.670959,14:42,14,11
REG,19894,FOGGIA,POTENZA CENTRALE,MELFI,-0.6428571428571429,-1.0,14,2023-01-01,2023-03-26,0,0,0,40.989871,15.646895,14:51,14,12
REG,19894,FOGGIA,POTENZA CENTRALE,ROCCHETTA S.ANT.LAC.,-2.5,-3.0,14,2023-01-01,2023-03-26,0,0,0,41.1518,15.53295,15:11,14,13
REG,19894,FOGGIA,POTENZA CENTRALE,CANDELA,2.9285714285714284,1.0,14,2023-01-01,2023-03-26,4,3,2,41.151439,15.533163,15:22,14,14
REG,19894,FOGGIA,POTENZA CENTRALE,ASCOLI SATRIANO,2.5,1.0,14,2023-01-01,2023-03-26,4,2,2,41.219859,15.547828,15:29,14,15
REG,19894,FOGGIA,POTENZA CENTRALE,ORDONA,3.9285714285714284,3.0,14,2023-01-01,2023-03-26,9,4,2,41.315006,15.620567,15:38,14,16
REG,19894,FOGGIA,POTENZA CENTRALE,FOGGIA,-1.5714285714285714,-2.0,14,2023-01-01,2023-03-26,2,1,0,41.466,15.555816,15:58,14,17
