train_class,train_number,train_arrival_stop_name,train_departure_stop_name,stop_name,avg_arrival_delay,median_arrival_delay,count_dates_stop,first_date,last_date,count_3m_delay,count_5m_delay,count_10m_delay,stop_lat,stop_lon,stop_time,count_dates_train,stop_number
REG,10905,BRESCIA,MILANO GRECO PIRELLI,MILANO GRECO PIRELLI,3.203125,1.0,64,2023-01-02,2023-03-31,19,10,5,45.51272,9.214456,17:17,64,1
REG,10905,BRESCIA,MILANO GRECO PIRELLI,MILANO LAMBRATE,3.6875,2.0,64,2023-01-02,2023-03-31,24,15,7,45.484933,9.237333,17:23,64,2
REG,10905,BRESCIA,MILANO GRECO PIRELLI,TREVIGLIO,7.4375,6.0,64,2023-01-02,2023-03-31,58,43,12,45.515063,9.587919,17:42,64,3
REG,10905,BRESCIA,MILANO GRECO PIRELLI,ROMANO,8.390625,6.0,64,2023-01-02,2023-03-31,58,43,17,45.523839,9.753402,17:56,64,4
REG,10905,BRESCIA,MILANO GRECO PIRELLI,ROVATO,7.734375,5.0,64,2023-01-02,2023-03-31,48,36,12,45.55193,10.000924,18:14,64,5
REG,10905,BRESCIA,MILANO GRECO PIRELLI,BRESCIA,8.265625,5.0,64,2023-01-02,2023-03-31,51,40,16,45.532315,10.212828,18:27,64,6
