train_class,train_number,train_arrival_stop_name,train_departure_stop_name,stop_name,avg_arrival_delay,median_arrival_delay,count_dates_stop,first_date,last_date,count_3m_delay,count_5m_delay,count_10m_delay,stop_lat,stop_lon,stop_time,count_dates_train,stop_number
REG,10309,LECCO,COLICO,COLICO,1.2133333333333334,1.0,75,2023-01-02,2023-03-31,3,1,1,46.138019,9.375222,14:37,75,1
REG,10309,LECCO,COLICO,PIONA,1.72,2.0,75,2023-01-02,2023-03-31,9,2,1,46.124696,9.350759,14:40,75,2
REG,10309,LECCO,COLICO,DORIO,2.6133333333333333,2.0,75,2023-01-02,2023-03-31,26,14,3,46.102756,9.319063,14:48,75,3
REG,10309,LECCO,COLICO,DERVIO,1.1066666666666667,1.0,75,2023-01-02,2023-03-31,18,8,2,46.077709,9.30596,14:53,75,4
REG,10309,LECCO,COLICO,BELLANO TARTAVELLE TERME,1.4266666666666667,1.0,75,2023-01-02,2023-03-31,18,10,3,46.039448,9.302776,14:59,75,5
REG,10309,LECCO,COLICO,VARENNA ESINO,2.7333333333333334,2.0,75,2023-01-02,2023-03-31,30,18,5,46.015,9.286405,15:04,75,6
REG,10309,LECCO,COLICO,FIUMELATTE,3.04,2.0,75,2023-01-02,2023-03-31,34,17,6,45.999017,9.292857,15:08,75,7
REG,10309,LECCO,COLICO,LIERNA,2.6933333333333334,2.0,75,2023-01-02,2023-03-31,30,16,6,45.960973,9.303071,15:15,75,8
REG,10309,LECCO,COLICO,OLCIO,4.44,3.0,75,2023-01-02,2023-03-31,54,25,7,45.938011,9.313898,15:22,75,9
REG,10309,LECCO,COLICO,MANDELLO DEL LARIO,1.72,1.0,75,2023-01-02,2023-03-31,21,12,2,45.915208,9.322061,15:29,75,10
REG,10309,LECCO,COLICO,ABBADIA LARIANA,-0.9466666666666667,-2.0,75,2023-01-02,2023-03-31,9,5,1,45.895864,9.335175,15:36,75,11
REG,10309,LECCO,COLICO,LECCO,1.3733333333333333,1.0,75,2023-01-02,2023-03-31,14,6,2,45.856471,9.393638,15:45,75,12
