train_class,train_number,train_arrival_stop_name,train_departure_stop_name,stop_name,avg_arrival_delay,median_arrival_delay,count_dates_stop,first_date,last_date,count_3m_delay,count_5m_delay,count_10m_delay,stop_lat,stop_lon,stop_time,count_dates_train,stop_number
REG,10142,BERGAMO,BRESCIA,BRESCIA,1.6704545454545454,1.0,88,2023-01-02,2023-03-31,11,5,2,45.532315,10.212828,20:57,88,1
REG,10142,BERGAMO,BRESCIA,OSPITALETTO TRAVAGLIATO,0.5227272727272727,0.0,88,2023-01-02,2023-03-31,8,5,1,45.546042,10.074363,21:05,88,2
REG,10142,BERGAMO,BRESCIA,ROVATO,0.375,0.0,88,2023-01-02,2023-03-31,8,4,1,45.55193,10.000924,21:11,88,3
REG,10142,BERGAMO,BRESCIA,COCCAGLIO,0.7045454545454546,0.0,88,2023-01-02,2023-03-31,11,5,2,45.560971,9.977648,21:15,88,4
REG,10142,BERGAMO,BRESCIA,PALAZZOLO SULL`OGLIO,3.3181818181818183,3.0,88,2023-01-02,2023-03-31,47,27,3,45.601486,9.896235,21:24,88,5
REG,10142,BERGAMO,BRESCIA,GRUMELLO DEL MONTE,3.4431818181818183,3.0,88,2023-01-02,2023-03-31,49,25,4,45.634102,9.862767,21:29,88,6
REG,10142,BERGAMO,BRESCIA,MONTELLO GORLAGO,2.7045454545454546,2.0,88,2023-01-02,2023-03-31,38,17,3,45.67017,9.808488,21:38,88,7
REG,10142,BERGAMO,BRESCIA,SERIATE,1.1363636363636365,0.0,88,2023-01-02,2023-03-31,22,12,2,45.683145,9.724628,21:47,88,8
REG,10142,BERGAMO,BRESCIA,BERGAMO,0.5795454545454546,0.0,88,2023-01-02,2023-03-31,18,7,2,45.690271,9.675082,21:54,88,9
