train_class,train_number,train_arrival_stop_name,train_departure_stop_name,stop_name,avg_arrival_delay,median_arrival_delay,count_dates_stop,first_date,last_date,count_3m_delay,count_5m_delay,count_10m_delay,stop_lat,stop_lon,stop_time,count_dates_train,stop_number
REG,16596,CASARSA,PORTOGRUARO CAORLE,PORTOGRUARO CAORLE,1.1355932203389831,1.0,59,2023-01-09,2023-03-31,2,0,0,45.781438,12.832375,16:46,59,1
REG,16596,CASARSA,PORTOGRUARO CAORLE,CORDOVADO SESTO,4.203389830508475,4.0,59,2023-01-09,2023-03-31,57,21,0,45.850653,12.877784,16:55,59,2
REG,16596,CASARSA,PORTOGRUARO CAORLE,S.VITO AL TAGLIAMENTO,5.016949152542373,5.0,59,2023-01-09,2023-03-31,58,43,0,45.912433,12.851594,17:02,59,3
REG,16596,CASARSA,PORTOGRUARO CAORLE,CASARSA,3.389830508474576,3.0,59,2023-01-09,2023-03-31,47,11,0,45.953002,12.8406,17:11,59,4
