train_class,train_number,train_arrival_stop_name,train_departure_stop_name,stop_name,avg_arrival_delay,median_arrival_delay,count_dates_stop,first_date,last_date,count_3m_delay,count_5m_delay,count_10m_delay,stop_lat,stop_lon,stop_time,count_dates_train,stop_number
REG,5596,SAPRI,PAOLA,PAOLA,1.5733333333333333,1.0,75,2023-01-02,2023-03-31,8,4,0,39.359442,16.033093,12:24,75,1
REG,5596,SAPRI,PAOLA,FUSCALDO,2.6133333333333333,2.0,75,2023-01-02,2023-03-31,24,4,0,39.409692,16.011475,12:28,75,2
REG,5596,SAPRI,PAOLA,CETRARO,3.1733333333333333,3.0,75,2023-01-02,2023-03-31,38,10,2,39.512553,15.939263,12:36,75,3
REG,5596,SAPRI,PAOLA,CAPO BONIFATI,3.8133333333333335,3.0,75,2023-01-02,2023-03-31,54,15,3,39.558342,15.874052,12:43,75,4
REG,5596,SAPRI,PAOLA,BELVEDERE MARITTIMO,4.266666666666667,3.0,75,2023-01-02,2023-03-31,56,16,5,39.616549,15.853039,12:48,75,5
REG,5596,SAPRI,PAOLA,DIAMANTE BUONVICINO,4.453333333333333,3.0,75,2023-01-02,2023-03-31,58,19,7,39.67701,15.824278,12:54,75,6
REG,5596,SAPRI,PAOLA,SCALEA S.DOMENICA TALAO,4.026666666666666,3.0,75,2023-01-02,2023-03-31,40,20,7,39.8083,15.80139,13:03,75,7
REG,5596,SAPRI,PAOLA,PRAJA AJETA TORTORA,3.8533333333333335,3.0,75,2023-01-02,2023-03-31,40,19,7,39.900832,15.780628,13:10,75,8
REG,5596,SAPRI,PAOLA,MARATEA,2.7066666666666666,2.0,75,2023-01-02,2023-03-31,29,18,7,39.995028,15.70975,13:19,75,9
REG,5596,SAPRI,PAOLA,SAPRI,3.546666666666667,2.0,75,2023-01-02,2023-03-31,36,19,7,40.078013,15.627204,13:30,75,10
