train_class,train_number,train_arrival_stop_name,train_departure_stop_name,stop_name,avg_arrival_delay,median_arrival_delay,count_dates_stop,first_date,last_date,count_3m_delay,count_5m_delay,count_10m_delay,stop_lat,stop_lon,stop_time,count_dates_train,stop_number
REG,21945,VILLA SAN GIOVANNI,MELITO DI PORTO SALVO,MELITO DI PORTO SALVO,1.21875,1.0,64,2023-01-02,2023-03-31,1,0,0,37.916732,15.780816,15:35,64,1
REG,21945,VILLA SAN GIOVANNI,MELITO DI PORTO SALVO,SALINE DI REGGIO,0.71875,1.0,64,2023-01-02,2023-03-31,3,0,0,37.938677,15.710664,15:41,64,2
REG,21945,VILLA SAN GIOVANNI,MELITO DI PORTO SALVO,REGGIO DI CALABRIA PELLARO,-0.015625,0.0,64,2023-01-02,2023-03-31,2,0,0,38.02561,15.650064,15:54,64,3
REG,21945,VILLA SAN GIOVANNI,MELITO DI PORTO SALVO,REGGIO DI CALABRIA S.GREGORIO,0.375,0.0,64,2023-01-02,2023-03-31,2,0,0,38.061274,15.652053,15:58,64,4
REG,21945,VILLA SAN GIOVANNI,MELITO DI PORTO SALVO,REGGIO CALABRIA CENTRALE,-0.5625,-1.0,64,2023-01-02,2023-03-31,0,0,0,38.103884,15.635844,16:10,64,5
REG,21945,VILLA SAN GIOVANNI,MELITO DI PORTO SALVO,REGGIO DI CALABRIA GALLICO,-0.421875,-1.0,64,2023-01-02,2023-03-31,1,0,0,38.165235,15.650716,16:30,64,6
REG,21945,VILLA SAN GIOVANNI,MELITO DI PORTO SALVO,VILLA SAN GIOVANNI,0.515625,0.0,64,2023-01-02,2023-03-31,4,1,0,38.216638,15.634336,16:41,64,7
