train_class,train_number,train_arrival_stop_name,train_departure_stop_name,stop_name,avg_arrival_delay,median_arrival_delay,count_dates_stop,first_date,last_date,count_3m_delay,count_5m_delay,count_10m_delay,stop_lat,stop_lon,stop_time,count_dates_train,stop_number
REG,17258,VERONA PORTA NUOVA,VENEZIA SANTA LUCIA,VENEZIA SANTA LUCIA,1.4193548387096775,1.0,62,2023-01-02,2023-03-31,9,2,0,45.441569,12.320882,15:04,62,1
REG,17258,VERONA PORTA NUOVA,VENEZIA SANTA LUCIA,VENEZIA MESTRE,1.7741935483870968,1.0,62,2023-01-02,2023-03-31,18,4,1,45.482123,12.232069,15:15,62,2
REG,17258,VERONA PORTA NUOVA,VENEZIA SANTA LUCIA,DOLO,-0.27419354838709675,-1.0,62,2023-01-02,2023-03-31,4,2,0,45.453466,12.07161,15:30,62,3
REG,17258,VERONA PORTA NUOVA,VENEZIA SANTA LUCIA,PADOVA,2.0491803278688523,2.0,61,2023-01-02,2023-03-31,20,8,1,45.417846,11.880794,15:51,62,4
REG,17258,VERONA PORTA NUOVA,VENEZIA SANTA LUCIA,GRISIGNANO DI ZOCCO,2.129032258064516,2.0,62,2023-01-02,2023-03-31,18,9,1,45.48638,11.710762,16:05,62,5
REG,17258,VERONA PORTA NUOVA,VENEZIA SANTA LUCIA,VICENZA,1.8387096774193548,1.0,62,2023-01-02,2023-03-31,17,8,1,45.541102,11.540762,16:18,62,6
REG,17258,VERONA PORTA NUOVA,VENEZIA SANTA LUCIA,ALTAVILLA TAVERNELLE,3.0483870967741935,1.0,62,2023-01-02,2023-03-31,22,15,4,45.511805,11.454702,16:25,62,7
REG,17258,VERONA PORTA NUOVA,VENEZIA SANTA LUCIA,SAN BONIFACIO,2.5483870967741935,1.0,62,2023-01-02,2023-03-31,20,12,5,45.40276,11.27406,16:44,62,8
REG,17258,VERONA PORTA NUOVA,VENEZIA SANTA LUCIA,CALDIERO,2.6774193548387095,2.0,62,2023-01-02,2023-03-31,26,8,1,45.41407,11.169753,17:05,62,9
REG,17258,VERONA PORTA NUOVA,VENEZIA SANTA LUCIA,VERONA PORTA VESCOVO,2.5806451612903225,2.0,62,2023-01-02,2023-03-31,26,8,1,45.435552,11.018841,17:16,62,10
REG,17258,VERONA PORTA NUOVA,VENEZIA SANTA LUCIA,VERONA PORTA NUOVA,2.032258064516129,2.0,62,2023-01-02,2023-03-31,27,7,3,45.428603,10.982377,17:26,62,11
