train_class,train_number,train_arrival_stop_name,train_departure_stop_name,stop_name,avg_arrival_delay,median_arrival_delay,count_dates_stop,first_date,last_date,count_3m_delay,count_5m_delay,count_10m_delay,stop_lat,stop_lon,stop_time,count_dates_train,stop_number
REG,21813,PALERMO CENTRALE,TERMINI IMERESE,TERMINI IMERESE,0.9733333333333334,1.0,75,2023-01-02,2023-03-31,5,1,0,37.980132,13.703631,10:34,75,1
REG,21813,PALERMO CENTRALE,TERMINI IMERESE,ALTAVILLA M.,-0.76,-1.0,75,2023-01-02,2023-03-31,1,0,0,38.048392,13.554421,10:50,75,2
REG,21813,PALERMO CENTRALE,TERMINI IMERESE,BAGHERIA,1.32,1.0,75,2023-01-02,2023-03-31,11,2,0,38.089905,13.507215,11:00,75,3
REG,21813,PALERMO CENTRALE,TERMINI IMERESE,PALERMO BRANCACCIO,1.12,1.0,75,2023-01-02,2023-03-31,11,2,0,38.093141,13.392508,11:12,75,4
REG,21813,PALERMO CENTRALE,TERMINI IMERESE,PALERMO CENTRALE,1.1866666666666668,1.0,75,2023-01-02,2023-03-31,9,2,0,38.109187,13.367515,11:17,75,5
