train_class,train_number,train_arrival_stop_name,train_departure_stop_name,stop_name,avg_arrival_delay,median_arrival_delay,count_dates_stop,first_date,last_date,count_3m_delay,count_5m_delay,count_10m_delay,stop_lat,stop_lon,stop_time,count_dates_train,stop_number
REG,17953,BOLOGNA C.LE,FERRARA,FERRARA,4.135135135135135,2.0,74,2023-01-02,2023-03-31,34,18,7,44.843047,11.603594,10:45,74,1
REG,17953,BOLOGNA C.LE,FERRARA,CORONELLA,3.8513513513513513,2.0,74,2023-01-02,2023-03-31,30,16,7,,,10:51,74,2
REG,17953,BOLOGNA C.LE,FERRARA,POGGIO RENATICO,4.783783783783784,3.0,74,2023-01-02,2023-03-31,41,24,8,44.767292,11.483701,10:56,74,3
REG,17953,BOLOGNA C.LE,FERRARA,GALLIERA,6.391891891891892,5.0,74,2023-01-02,2023-03-31,67,38,9,44.737738,11.441551,11:00,74,4
REG,17953,BOLOGNA C.LE,FERRARA,S.PIETRO IN CASALE,4.337837837837838,2.0,74,2023-01-02,2023-03-31,36,20,7,44.697928,11.404763,11:05,74,5
REG,17953,BOLOGNA C.LE,FERRARA,S.GIORGIO P.,4.702702702702703,2.0,74,2023-01-02,2023-03-31,37,24,7,44.646641,11.37901,11:10,74,6
REG,17953,BOLOGNA C.LE,FERRARA,FUNO CENTERGROSS,4.013513513513513,2.0,74,2023-01-02,2023-03-31,23,14,7,44.593646,11.370672,11:16,74,7
REG,17953,BOLOGNA C.LE,FERRARA,CASTELMAGGIORE,3.5945945945945947,1.0,74,2023-01-02,2023-03-31,25,16,7,44.576055,11.366901,11:19,74,8
REG,17953,BOLOGNA C.LE,FERRARA,BOLOGNA CORTICELLA,4.202702702702703,2.0,74,2023-01-02,2023-03-31,26,16,7,44.551985,11.35401,11:23,74,9
REG,17953,BOLOGNA C.LE,FERRARA,BOLOGNA C.LE,0.3918918918918919,-2.0,74,2023-01-02,2023-03-31,11,9,6,44.50626,11.342267,11:35,74,10
