train_class,train_number,train_arrival_stop_name,train_departure_stop_name,stop_name,avg_arrival_delay,median_arrival_delay,count_dates_stop,first_date,last_date,count_3m_delay,count_5m_delay,count_10m_delay,stop_lat,stop_lon,stop_time,count_dates_train,stop_number
REG,11056,ALESSANDRIA,VOGHERA,VOGHERA,3.03125,2.0,64,2023-01-02,2023-03-31,25,11,1,44.9978,9.007942,07:40,64,1
REG,11056,ALESSANDRIA,VOGHERA,PONTECURONE,1.421875,1.0,64,2023-01-02,2023-03-31,12,2,1,44.962014,8.929717,07:45,64,2
REG,11056,ALESSANDRIA,VOGHERA,TORTONA,2.078125,1.0,64,2023-01-02,2023-03-31,19,7,1,44.900126,8.861777,07:52,64,3
REG,11056,ALESSANDRIA,VOGHERA,S.GIULIANO PIEMONTE,1.1904761904761905,1.0,63,2023-01-02,2023-03-31,12,6,1,44.890543,8.760933,08:01,64,4
REG,11056,ALESSANDRIA,VOGHERA,SPINETTA,1.671875,1.0,64,2023-01-02,2023-03-31,17,8,2,44.882378,8.683146,08:07,64,5
REG,11056,ALESSANDRIA,VOGHERA,ALESSANDRIA,3.140625,2.0,64,2023-01-02,2023-03-31,29,17,2,44.909091,8.606498,08:15,64,6
