train_class,train_number,train_arrival_stop_name,train_departure_stop_name,stop_name,avg_arrival_delay,median_arrival_delay,count_dates_stop,first_date,last_date,count_3m_delay,count_5m_delay,count_10m_delay,stop_lat,stop_lon,stop_time,count_dates_train,stop_number
REG,21043,NAPOLI CENTRALE,FORMIA-GAETA,FORMIA-GAETA,1.381578947368421,1.0,76,2023-01-02,2023-03-31,8,3,0,41.258773,13.605996,06:37,76,1
REG,21043,NAPOLI CENTRALE,FORMIA-GAETA,MINTURNO,1.6842105263157894,1.0,76,2023-01-02,2023-03-31,11,4,0,41.257621,13.720664,06:44,76,2
REG,21043,NAPOLI CENTRALE,FORMIA-GAETA,SESSA AURUNCA R.,1.8421052631578947,1.0,76,2023-01-02,2023-03-31,17,5,0,41.1955,13.8761,06:53,76,3
REG,21043,NAPOLI CENTRALE,FORMIA-GAETA,FALCIANO MONDRAGONE CAR.,1.855263157894737,1.0,76,2023-01-02,2023-03-31,18,5,1,41.123525,13.971792,07:01,76,4
REG,21043,NAPOLI CENTRALE,FORMIA-GAETA,CANCELLO ARNONE,0.7894736842105263,0.0,76,2023-01-02,2023-03-31,11,5,1,41.063369,14.02901,07:08,76,5
REG,21043,NAPOLI CENTRALE,FORMIA-GAETA,VILLA LITERNO,3.7466666666666666,3.0,75,2023-01-02,2023-03-31,48,20,3,41.004956,14.06753,07:14,76,6
REG,21043,NAPOLI CENTRALE,FORMIA-GAETA,S.MARCELLINO FRIGNANO,3.9473684210526314,3.0,76,2023-01-02,2023-03-31,52,24,3,40.992103,14.171976,07:24,76,7
REG,21043,NAPOLI CENTRALE,FORMIA-GAETA,AVERSA,3.289473684210526,3.0,76,2023-01-02,2023-03-31,46,16,4,40.973323,14.218578,07:30,76,8
REG,21043,NAPOLI CENTRALE,FORMIA-GAETA,CASORIA,3.1184210526315788,3.0,76,2023-01-02,2023-03-31,40,18,2,40.907762,14.29874,07:44,76,9
REG,21043,NAPOLI CENTRALE,FORMIA-GAETA,NAPOLI CENTRALE,-0.5394736842105263,-1.0,76,2023-01-02,2023-03-31,15,6,2,40.852933,14.272908,08:00,76,10
