train_class,train_number,train_arrival_stop_name,train_departure_stop_name,stop_name,avg_arrival_delay,median_arrival_delay,count_dates_stop,first_date,last_date,count_3m_delay,count_5m_delay,count_10m_delay,stop_lat,stop_lon,stop_time,count_dates_train,stop_number
REG,21049,NAPOLI CENTRALE,ROMA TIBURTINA,ROMA TIBURTINA,2.661290322580645,1.0,62,2023-01-02,2023-03-31,6,3,2,41.910903,12.530749,06:55,62,1
REG,21049,NAPOLI CENTRALE,ROMA TIBURTINA,CAMPOLEONE,-0.5645161290322581,-3.0,62,2023-01-02,2023-03-31,12,9,3,41.642396,12.648341,07:27,62,2
REG,21049,NAPOLI CENTRALE,ROMA TIBURTINA,LATINA,-2.9193548387096775,-5.0,62,2023-01-02,2023-03-31,4,3,2,41.538372,12.945888,07:47,62,3
REG,21049,NAPOLI CENTRALE,ROMA TIBURTINA,FORMIA-GAETA,1.9344262295081966,0.0,61,2023-01-02,2023-03-31,22,16,5,41.258773,13.605996,08:27,62,4
REG,21049,NAPOLI CENTRALE,ROMA TIBURTINA,VILLA LITERNO,-4.435483870967742,-6.0,62,2023-01-02,2023-03-31,6,4,2,41.004956,14.06753,09:21,62,5
REG,21049,NAPOLI CENTRALE,ROMA TIBURTINA,AVERSA,-8.338709677419354,-10.0,62,2023-01-02,2023-03-31,2,2,0,40.973323,14.218578,09:43,62,6
REG,21049,NAPOLI CENTRALE,ROMA TIBURTINA,NAPOLI CENTRALE,-3.8225806451612905,-5.0,62,2023-01-02,2023-03-31,2,0,0,40.852933,14.272908,10:13,62,7
