train_class,train_number,train_arrival_stop_name,train_departure_stop_name,stop_name,avg_arrival_delay,median_arrival_delay,count_dates_stop,first_date,last_date,count_3m_delay,count_5m_delay,count_10m_delay,stop_lat,stop_lon,stop_time,count_dates_train,stop_number
REG,11331,NOVARA,CHIVASSO,CHIVASSO,4.0,3.0,76,2023-01-02,2023-03-31,48,27,5,45.193637,7.889666,15:40,76,1
REG,11331,NOVARA,CHIVASSO,TORRAZZA P.,3.9078947368421053,3.0,76,2023-01-02,2023-03-31,47,26,4,45.211855,7.970255,15:46,76,2
REG,11331,NOVARA,CHIVASSO,SALUGGIA,4.131578947368421,3.0,76,2023-01-02,2023-03-31,49,27,6,45.23443,8.017112,15:51,76,3
REG,11331,NOVARA,CHIVASSO,S. ANTONINO DI SALUGGIA,3.6315789473684212,3.0,76,2023-01-02,2023-03-31,42,21,4,45.253967,8.039728,15:55,76,4
REG,11331,NOVARA,CHIVASSO,LIVORNO FERRARIS,0.41333333333333333,0.0,75,2023-01-02,2023-03-31,11,7,1,45.283402,8.073493,16:01,76,5
REG,11331,NOVARA,CHIVASSO,BIANZE`,0.8947368421052632,0.0,76,2023-01-02,2023-03-31,15,9,1,45.309488,8.115523,16:06,76,6
REG,11331,NOVARA,CHIVASSO,TRONZANO,0.15789473684210525,-1.0,76,2023-01-02,2023-03-31,11,6,1,45.342929,8.168395,16:11,76,7
REG,11331,NOVARA,CHIVASSO,SANTHIA`,0.4266666666666667,-1.0,75,2023-01-02,2023-03-31,12,7,1,45.363726,8.180093,16:15,76,8
REG,11331,NOVARA,CHIVASSO,S. GERMANO VERCELLESE,2.4210526315789473,1.0,76,2023-01-02,2023-03-31,17,10,2,45.353603,8.249958,16:20,76,9
REG,11331,NOVARA,CHIVASSO,VERCELLI,-0.25,-1.0,76,2023-01-02,2023-03-31,9,5,2,45.329909,8.416028,16:31,76,10
REG,11331,NOVARA,CHIVASSO,BORGO VERCELLI,1.381578947368421,0.0,76,2023-01-02,2023-03-31,10,6,2,45.359252,8.461474,16:36,76,11
REG,11331,NOVARA,CHIVASSO,NOVARA,2.473684210526316,2.0,76,2023-01-02,2023-03-31,22,9,2,45.451376,8.624895,16:49,76,12
