train_class,train_number,train_arrival_stop_name,train_departure_stop_name,stop_name,avg_arrival_delay,median_arrival_delay,count_dates_stop,first_date,last_date,count_3m_delay,count_5m_delay,count_10m_delay,stop_lat,stop_lon,stop_time,count_dates_train,stop_number
REG,4919,CAGLIARI,IGLESIAS,IGLESIAS,1.6,1.0,70,2023-01-07,2023-03-31,6,2,1,39.310563,8.539786,15:52,70,1
REG,4919,CAGLIARI,IGLESIAS,VILLAMASSARGIA DOMUSNOVAS,-0.9714285714285714,-2.0,70,2023-01-07,2023-03-31,3,2,2,39.294811,8.641986,16:00,70,2
REG,4919,CAGLIARI,IGLESIAS,SILIQUA,-1.5857142857142856,-2.0,70,2023-01-07,2023-03-31,2,2,1,39.297005,8.813078,16:13,70,3
REG,4919,CAGLIARI,IGLESIAS,VILLASPECIOSA UTA,0.0,-1.0,70,2023-01-07,2023-03-31,3,2,2,39.304168,8.940501,16:24,70,4
REG,4919,CAGLIARI,IGLESIAS,DECIMOMANNU,-2.0,-3.0,70,2023-01-07,2023-03-31,2,2,2,39.304593,8.965808,16:30,70,5
REG,4919,CAGLIARI,IGLESIAS,ELMAS AEROPORTO,-0.22857142857142856,-1.0,70,2023-01-07,2023-03-31,4,3,2,,,16:38,70,6
REG,4919,CAGLIARI,IGLESIAS,CAGLIARI,0.9714285714285714,0.0,70,2023-01-07,2023-03-31,8,3,3,39.216078,9.107984,16:45,70,7
