train_class,train_number,train_arrival_stop_name,train_departure_stop_name,stop_name,avg_arrival_delay,median_arrival_delay,count_dates_stop,first_date,last_date,count_3m_delay,count_5m_delay,count_10m_delay,stop_lat,stop_lon,stop_time,count_dates_train,stop_number
REG,24915,ALBAIRATE VERMEZZO,MILANO PORTA GARIBALDI,MILANO PORTA GARIBALDI,3.506849315068493,1.0,73,2023-01-02,2023-03-31,23,16,6,45.484917,9.187683,05:18,73,1
REG,24915,ALBAIRATE VERMEZZO,MILANO PORTA GARIBALDI,MILANO LAMBRATE,-1.5068493150684932,-3.0,73,2023-01-02,2023-03-31,17,9,3,45.484933,9.237333,05:34,73,2
REG,24915,ALBAIRATE VERMEZZO,MILANO PORTA GARIBALDI,MILANO S. CRISTOFORO,-3.1666666666666665,-4.0,72,2023-01-02,2023-03-31,3,3,1,45.442404,9.130258,06:01,73,3
REG,24915,ALBAIRATE VERMEZZO,MILANO PORTA GARIBALDI,ALBAIRATE VERMEZZO,-0.6986301369863014,-1.0,73,2023-01-02,2023-03-31,5,2,0,,,06:24,73,4
