train_class,train_number,train_arrival_stop_name,train_departure_stop_name,stop_name,avg_arrival_delay,median_arrival_delay,count_dates_stop,first_date,last_date,count_3m_delay,count_5m_delay,count_10m_delay,stop_lat,stop_lon,stop_time,count_dates_train,stop_number
REG,17317,FELTRE,BELLUNO,BELLUNO,1.4545454545454546,1.0,33,2023-02-26,2023-03-31,1,0,0,46.141594,12.209703,17:34,33,1
REG,17317,FELTRE,BELLUNO,SEDICO BRIBANO,-0.06060606060606061,0.0,33,2023-02-26,2023-03-31,0,0,0,46.095424,12.086508,17:45,33,2
REG,17317,FELTRE,BELLUNO,S.GIUSTINA CESIO,-0.12121212121212122,0.0,33,2023-02-26,2023-03-31,0,0,0,46.077655,12.04294,17:51,33,3
REG,17317,FELTRE,BELLUNO,BUSCHE LENTIAI MEL,-3.606060606060606,-4.0,33,2023-02-26,2023-03-31,0,0,0,46.040092,11.979251,18:04,33,4
REG,17317,FELTRE,BELLUNO,FELTRE,-0.030303030303030304,0.0,33,2023-02-26,2023-03-31,0,0,0,46.012884,11.911493,18:12,33,5
