train_class,train_number,train_arrival_stop_name,train_departure_stop_name,stop_name,avg_arrival_delay,median_arrival_delay,count_dates_stop,first_date,last_date,count_3m_delay,count_5m_delay,count_10m_delay,stop_lat,stop_lon,stop_time,count_dates_train,stop_number
REG,25085,MILANO PORTA GARIBALDI,CHIASSO,CHIASSO,3.367088607594937,2.0,79,2023-01-01,2023-03-31,27,14,6,45.830736,9.03421,22:13,79,1
REG,25085,MILANO PORTA GARIBALDI,CHIASSO,COMO S. GIOVANNI,3.0,1.0,78,2023-01-01,2023-03-31,25,15,6,45.808946,9.072331,22:18,79,2
REG,25085,MILANO PORTA GARIBALDI,CHIASSO,CARIMATE,3.0632911392405062,1.0,79,2023-01-01,2023-03-31,26,16,7,45.697094,9.107188,22:38,79,3
REG,25085,MILANO PORTA GARIBALDI,CHIASSO,CAMNAGO-LENTATE,3.717948717948718,2.0,78,2023-01-01,2023-03-31,30,21,7,45.668425,9.133451,22:42,79,4
REG,25085,MILANO PORTA GARIBALDI,CHIASSO,SEREGNO,3.730769230769231,2.0,78,2023-01-01,2023-03-31,33,22,8,45.64601,9.20285,22:48,79,5
REG,25085,MILANO PORTA GARIBALDI,CHIASSO,DESIO,3.569620253164557,2.0,79,2023-01-01,2023-03-31,35,21,8,45.620112,9.218495,22:52,79,6
REG,25085,MILANO PORTA GARIBALDI,CHIASSO,LISSONE-MUGGIO`,4.102564102564102,2.0,78,2023-01-01,2023-03-31,38,26,9,45.60592,9.235368,22:56,79,7
REG,25085,MILANO PORTA GARIBALDI,CHIASSO,MONZA,3.3846153846153846,2.0,78,2023-01-01,2023-03-31,35,19,8,45.577789,9.273253,23:01,79,8
REG,25085,MILANO PORTA GARIBALDI,CHIASSO,SESTO S. GIOVANNI,5.538461538461538,4.0,78,2023-01-01,2023-03-31,52,37,12,45.541087,9.23926,23:06,79,9
REG,25085,MILANO PORTA GARIBALDI,CHIASSO,MILANO GRECO PIRELLI,5.346153846153846,4.0,78,2023-01-01,2023-03-31,50,32,12,45.51272,9.214456,23:11,79,10
REG,25085,MILANO PORTA GARIBALDI,CHIASSO,MILANO PORTA GARIBALDI,2.367088607594937,1.0,79,2023-01-01,2023-03-31,27,18,10,45.484917,9.187683,23:21,79,11
