train_class,train_number,train_arrival_stop_name,train_departure_stop_name,stop_name,avg_arrival_delay,median_arrival_delay,count_dates_stop,first_date,last_date,count_3m_delay,count_5m_delay,count_10m_delay,stop_lat,stop_lon,stop_time,count_dates_train,stop_number
REG,23542,BARLETTA,FASANO,FASANO,4.174603174603175,3.0,63,2023-01-02,2023-03-31,32,23,2,40.851753,17.3859,16:10,63,1
REG,23542,BARLETTA,FASANO,MONOPOLI,2.126984126984127,1.0,63,2023-01-02,2023-03-31,23,12,1,40.952017,17.292455,16:19,63,2
REG,23542,BARLETTA,FASANO,POLIGNANO A MARE,2.1904761904761907,1.0,63,2023-01-02,2023-03-31,22,11,1,40.990926,17.218676,16:25,63,3
REG,23542,BARLETTA,FASANO,MOLA DI BARI,2.3333333333333335,2.0,63,2023-01-02,2023-03-31,19,8,3,41.057227,17.080919,16:34,63,4
REG,23542,BARLETTA,FASANO,BARI TORRE A MARE,2.111111111111111,1.0,63,2023-01-02,2023-03-31,20,7,3,41.082637,16.995772,16:41,63,5
REG,23542,BARLETTA,FASANO,BARI CENTRALE,-1.0317460317460319,-2.0,63,2023-01-02,2023-03-31,2,2,1,41.11774,16.869601,17:08,63,6
REG,23542,BARLETTA,FASANO,BARI ZONA INDUSTRIALE,2.2857142857142856,1.0,63,2023-01-02,2023-03-31,20,7,4,,,17:15,63,7
REG,23542,BARLETTA,FASANO,BARI S. SPIRITO,4.396825396825397,3.0,63,2023-01-02,2023-03-31,39,20,4,41.159653,16.746324,17:23,63,8
REG,23542,BARLETTA,FASANO,GIOVINAZZO,3.746031746031746,2.0,63,2023-01-02,2023-03-31,27,16,5,41.180968,16.669346,17:29,63,9
REG,23542,BARLETTA,FASANO,MOLFETTA,2.9206349206349205,2.0,63,2023-01-02,2023-03-31,21,14,5,41.196008,16.596793,17:35,63,10
REG,23542,BARLETTA,FASANO,BISCEGLIE,2.365079365079365,1.0,63,2023-01-02,2023-03-31,19,13,5,41.235445,16.499484,17:42,63,11
REG,23542,BARLETTA,FASANO,TRANI,1.4603174603174602,0.0,63,2023-01-02,2023-03-31,16,7,4,41.272693,16.417646,17:49,63,12
REG,23542,BARLETTA,FASANO,BARLETTA,0.9206349206349206,1.0,63,2023-01-02,2023-03-31,16,7,2,41.315227,16.278867,18:00,63,13
