train_class,train_number,train_arrival_stop_name,train_departure_stop_name,stop_name,avg_arrival_delay,median_arrival_delay,count_dates_stop,first_date,last_date,count_3m_delay,count_5m_delay,count_10m_delay,stop_lat,stop_lon,stop_time,count_dates_train,stop_number
REG,90316,SUZZARA,PARMA,PARMA,0.704225352112676,0.0,71,2023-01-02,2023-03-31,6,2,2,44.810203,10.32837,06:29,71,1
REG,90316,SUZZARA,PARMA,BORETTO,0.5849056603773585,0.0,53,2023-01-02,2023-03-31,8,3,0,,,07:05,71,2
REG,90316,SUZZARA,PARMA,GUALTIERI,-2.2222222222222223,-3.0,54,2023-01-02,2023-03-31,1,0,0,,,07:19,71,3
REG,90316,SUZZARA,PARMA,GUASTALLA,-3.3703703703703702,-5.0,54,2023-01-02,2023-03-31,0,0,0,,,07:25,71,4
REG,90316,SUZZARA,PARMA,LUZZARA,-1.3333333333333333,-2.0,54,2023-01-02,2023-03-31,1,1,0,,,07:40,71,5
REG,90316,SUZZARA,PARMA,SUZZARA,1.7464788732394365,2.0,71,2023-01-02,2023-03-31,12,4,0,44.994432,10.756138,07:51,71,6
