train_class,train_number,train_arrival_stop_name,train_departure_stop_name,stop_name,avg_arrival_delay,median_arrival_delay,count_dates_stop,first_date,last_date,count_3m_delay,count_5m_delay,count_10m_delay,stop_lat,stop_lon,stop_time,count_dates_train,stop_number
REG,4099,ROMA TIBURTINA,FIRENZE S.M.N.,FIRENZE S.M.N.,2.4404761904761907,1.0,84,2023-01-02,2023-03-31,15,9,5,43.776893,11.247373,06:40,84,1
REG,4099,ROMA TIBURTINA,FIRENZE S.M.N.,FIRENZE CAMPO MARTE,3.4404761904761907,2.0,84,2023-01-02,2023-03-31,24,13,7,43.776856,11.27702,06:45,84,2
REG,4099,ROMA TIBURTINA,FIRENZE S.M.N.,FIGLINE VALDARNO,2.2560975609756095,0.0,82,2023-01-02,2023-03-31,20,15,9,43.621596,11.473652,07:03,84,3
REG,4099,ROMA TIBURTINA,FIRENZE S.M.N.,S.GIOVANNI VALDARNO,3.6144578313253013,2.0,83,2023-01-02,2023-03-31,25,16,9,43.56601,11.527033,07:09,84,4
REG,4099,ROMA TIBURTINA,FIRENZE S.M.N.,MONTEVARCHI TERRANUOVA,2.8795180722891565,1.0,83,2023-01-02,2023-03-31,25,17,8,43.525165,11.563983,07:15,84,5
REG,4099,ROMA TIBURTINA,FIRENZE S.M.N.,AREZZO,0.6785714285714286,-2.0,84,2023-01-02,2023-03-31,16,14,8,43.461725,11.874189,07:42,84,6
REG,4099,ROMA TIBURTINA,FIRENZE S.M.N.,CASTIGLION FIORENTINO,1.75,-1.0,84,2023-01-02,2023-03-31,18,16,8,43.34075,11.914362,07:54,84,7
REG,4099,ROMA TIBURTINA,FIRENZE S.M.N.,CAMUCIA CORTONA,1.7261904761904763,-1.0,84,2023-01-02,2023-03-31,17,16,8,43.261104,11.971245,08:02,84,8
REG,4099,ROMA TIBURTINA,FIRENZE S.M.N.,TERONTOLA CORTONA,1.6785714285714286,-1.0,84,2023-01-02,2023-03-31,17,15,7,43.210263,12.007906,08:09,84,9
REG,4099,ROMA TIBURTINA,FIRENZE S.M.N.,CASTIGLION DEL LAGO,2.130952380952381,0.0,84,2023-01-02,2023-03-31,17,14,6,43.123195,12.032077,08:16,84,10
REG,4099,ROMA TIBURTINA,FIRENZE S.M.N.,CHIUSI C.T.,0.8809523809523809,-1.0,84,2023-01-02,2023-03-31,16,10,6,43.002466,11.957893,08:29,84,11
REG,4099,ROMA TIBURTINA,FIRENZE S.M.N.,FABRO-FICULLE,3.9285714285714284,1.0,84,2023-01-02,2023-03-31,25,17,8,42.874851,12.04123,08:40,84,12
REG,4099,ROMA TIBURTINA,FIRENZE S.M.N.,ORVIETO,4.333333333333333,2.0,84,2023-01-02,2023-03-31,33,19,10,42.723379,12.127412,08:56,84,13
REG,4099,ROMA TIBURTINA,FIRENZE S.M.N.,ATTIGLIANO,-1.6071428571428572,-4.0,84,2023-01-02,2023-03-31,12,11,6,42.518054,12.294761,09:24,84,14
REG,4099,ROMA TIBURTINA,FIRENZE S.M.N.,ORTE,2.4761904761904763,1.0,84,2023-01-02,2023-03-31,14,11,6,42.43728,12.408986,09:36,84,15
REG,4099,ROMA TIBURTINA,FIRENZE S.M.N.,ROMA TIBURTINA,-4.0476190476190474,-3.0,84,2023-01-02,2023-03-31,5,5,1,41.910903,12.530749,10:49,84,16
