train_class,train_number,train_arrival_stop_name,train_departure_stop_name,stop_name,avg_arrival_delay,median_arrival_delay,count_dates_stop,first_date,last_date,count_3m_delay,count_5m_delay,count_10m_delay,stop_lat,stop_lon,stop_time,count_dates_train,stop_number
REG,3988,VENEZIA SANTA LUCIA,BOLOGNA C.LE,BOLOGNA C.LE,3.25,2.0,88,2023-01-01,2023-03-31,17,6,5,44.50626,11.342267,18:12,88,1
REG,3988,VENEZIA SANTA LUCIA,BOLOGNA C.LE,S.PIETRO IN CASALE,0.875,-1.0,88,2023-01-01,2023-03-31,12,7,5,44.697928,11.404763,18:28,88,2
REG,3988,VENEZIA SANTA LUCIA,BOLOGNA C.LE,FERRARA,2.897727272727273,0.0,88,2023-01-01,2023-03-31,22,13,9,44.843047,11.603594,18:42,88,3
REG,3988,VENEZIA SANTA LUCIA,BOLOGNA C.LE,ROVIGO,5.534090909090909,3.0,88,2023-01-01,2023-03-31,50,34,16,45.076993,11.780892,19:01,88,4
REG,3988,VENEZIA SANTA LUCIA,BOLOGNA C.LE,MONSELICE,4.784090909090909,4.0,88,2023-01-01,2023-03-31,55,37,10,45.246116,11.74789,19:22,88,5
REG,3988,VENEZIA SANTA LUCIA,BOLOGNA C.LE,TERME EUGANEE-ABANO-MONTEGR.,5.738636363636363,6.0,88,2023-01-01,2023-03-31,63,54,16,45.32744,11.79604,19:35,88,6
REG,3988,VENEZIA SANTA LUCIA,BOLOGNA C.LE,PADOVA,1.1931818181818181,1.0,88,2023-01-01,2023-03-31,28,12,4,45.417846,11.880794,19:51,88,7
REG,3988,VENEZIA SANTA LUCIA,BOLOGNA C.LE,VENEZIA MESTRE,3.965909090909091,3.0,88,2023-01-01,2023-03-31,50,23,5,45.482123,12.232069,20:07,88,8
REG,3988,VENEZIA SANTA LUCIA,BOLOGNA C.LE,VENEZIA SANTA LUCIA,3.102272727272727,2.0,88,2023-01-01,2023-03-31,36,12,4,45.441569,12.320882,20:20,88,9
