train_class,train_number,train_arrival_stop_name,train_departure_stop_name,stop_name,avg_arrival_delay,median_arrival_delay,count_dates_stop,first_date,last_date,count_3m_delay,count_5m_delay,count_10m_delay,stop_lat,stop_lon,stop_time,count_dates_train,stop_number
REG,26912,BARDONECCHIA,TORINO P.NUOVA,TORINO P.NUOVA,4.493333333333333,4.0,75,2023-01-02,2023-03-31,59,32,1,45.060969,7.67747,11:15,75,1
REG,26912,BARDONECCHIA,TORINO P.NUOVA,COLLEGNO,1.6133333333333333,1.0,75,2023-01-02,2023-03-31,22,8,2,45.078854,7.574131,11:28,75,2
REG,26912,BARDONECCHIA,TORINO P.NUOVA,AVIGLIANA,2.2266666666666666,1.0,75,2023-01-02,2023-03-31,24,16,3,45.085276,7.401096,11:43,75,3
REG,26912,BARDONECCHIA,TORINO P.NUOVA,BUSSOLENO,-0.8266666666666667,-2.0,75,2023-01-02,2023-03-31,15,8,2,45.139631,7.144819,11:58,75,4
REG,26912,BARDONECCHIA,TORINO P.NUOVA,CHIOMONTE,0.92,-1.0,75,2023-01-02,2023-03-31,17,11,3,45.119876,6.988716,12:13,75,5
REG,26912,BARDONECCHIA,TORINO P.NUOVA,SALBERTRAND,1.8266666666666667,1.0,75,2023-01-02,2023-03-31,18,12,4,45.073478,6.887428,12:21,75,6
REG,26912,BARDONECCHIA,TORINO P.NUOVA,OULX CESANA CLAVIERE SESTRIERE,2.986666666666667,1.0,75,2023-01-02,2023-03-31,24,14,5,45.038789,6.831432,12:27,75,7
REG,26912,BARDONECCHIA,TORINO P.NUOVA,BEAULARD,3.8,2.0,75,2023-01-02,2023-03-31,35,20,5,45.046495,6.759713,12:33,75,8
REG,26912,BARDONECCHIA,TORINO P.NUOVA,BARDONECCHIA,-4.013333333333334,-5.0,75,2023-01-02,2023-03-31,4,4,2,45.076447,6.709959,12:46,75,9
