train_class,train_number,train_arrival_stop_name,train_departure_stop_name,stop_name,avg_arrival_delay,median_arrival_delay,count_dates_stop,first_date,last_date,count_3m_delay,count_5m_delay,count_10m_delay,stop_lat,stop_lon,stop_time,count_dates_train,stop_number
REG,25574,STABIO,MALPENSA AEROPORTO T1,MALPENSA AEROPORTO T1,1.105263157894737,1.0,76,2023-01-01,2023-03-23,3,2,1,,,14:19,76,1
REG,25574,STABIO,MALPENSA AEROPORTO T1,FERNO LONATE POZZOLO,0.25,0.0,76,2023-01-01,2023-03-23,2,2,1,,,14:23,76,2
REG,25574,STABIO,MALPENSA AEROPORTO T1,BUSTO ARSIZIO N.,0.8289473684210527,1.0,76,2023-01-01,2023-03-23,7,1,1,,,14:29,76,3
REG,25574,STABIO,MALPENSA AEROPORTO T1,BUSTO ARSIZIO,2.6133333333333333,2.0,75,2023-01-01,2023-03-23,27,10,4,45.616164,8.865031,14:35,76,4
REG,25574,STABIO,MALPENSA AEROPORTO T1,GALLARATE,2.6052631578947367,2.0,76,2023-01-01,2023-03-23,24,10,4,45.659828,8.798243,14:44,76,5
REG,25574,STABIO,MALPENSA AEROPORTO T1,VARESE,1.736842105263158,0.0,76,2023-01-01,2023-03-23,14,11,3,45.816201,8.833089,15:00,76,6
REG,25574,STABIO,MALPENSA AEROPORTO T1,INDUNO OLONA,2.8157894736842106,1.0,76,2023-01-01,2023-03-23,12,9,2,45.846432,8.838357,15:09,76,7
REG,25574,STABIO,MALPENSA AEROPORTO T1,ARCISATE,2.776315789473684,1.0,76,2023-01-01,2023-03-23,12,7,2,45.858579,8.86241,15:13,76,8
REG,25574,STABIO,MALPENSA AEROPORTO T1,STABIO,0.5263157894736842,-1.0,76,2023-01-01,2023-03-23,4,2,1,,,15:22,76,9
