train_class,train_number,train_arrival_stop_name,train_departure_stop_name,stop_name,avg_arrival_delay,median_arrival_delay,count_dates_stop,first_date,last_date,count_3m_delay,count_5m_delay,count_10m_delay,stop_lat,stop_lon,stop_time,count_dates_train,stop_number
REG,20531,FIUMICINO AEROPORTO,FARA SABINA,FARA SABINA,1.293103448275862,1.0,58,2023-01-09,2023-03-31,2,1,1,42.155546,12.648323,17:35,58,1
REG,20531,FIUMICINO AEROPORTO,FARA SABINA,PIANA BELLA MONTELIBRETTI,1.1206896551724137,1.0,58,2023-01-09,2023-03-31,3,1,1,42.105159,12.632938,17:41,58,2
REG,20531,FIUMICINO AEROPORTO,FARA SABINA,MONTEROTONDO,0.9137931034482759,1.0,58,2023-01-09,2023-03-31,3,1,1,42.06409,12.595753,17:46,58,3
REG,20531,FIUMICINO AEROPORTO,FARA SABINA,SETTE BAGNI,2.086206896551724,2.0,58,2023-01-09,2023-03-31,14,3,1,42.006438,12.520156,17:54,58,4
REG,20531,FIUMICINO AEROPORTO,FARA SABINA,FIDENE,1.5689655172413792,1.0,58,2023-01-09,2023-03-31,8,3,1,41.979773,12.508451,17:59,58,5
REG,20531,FIUMICINO AEROPORTO,FARA SABINA,NUOVO SALARIO,0.034482758620689655,-1.0,58,2023-01-09,2023-03-31,3,1,0,41.956195,12.510317,18:03,58,6
REG,20531,FIUMICINO AEROPORTO,FARA SABINA,ROMA NOMENTANA L.L.,-0.4482758620689655,-1.0,58,2023-01-09,2023-03-31,2,1,0,41.932935,12.523628,18:08,58,7
REG,20531,FIUMICINO AEROPORTO,FARA SABINA,ROMA TIBURTINA,-1.7678571428571428,-3.0,56,2023-01-09,2023-03-31,3,1,0,41.910903,12.530749,18:15,58,8
REG,20531,FIUMICINO AEROPORTO,FARA SABINA,ROMA TUSCOLANA,-0.2830188679245283,-1.0,53,2023-01-09,2023-03-31,5,1,0,41.879384,12.523505,18:21,58,9
REG,20531,FIUMICINO AEROPORTO,FARA SABINA,ROMA OSTIENSE,-1.0689655172413792,-2.0,58,2023-01-09,2023-03-31,6,2,0,41.87265,12.483917,18:29,58,10
REG,20531,FIUMICINO AEROPORTO,FARA SABINA,ROMA TRASTEVERE,1.9310344827586208,1.0,58,2023-01-09,2023-03-31,15,7,1,41.872279,12.466162,18:35,58,11
REG,20531,FIUMICINO AEROPORTO,FARA SABINA,VILLA BONELLI,2.9827586206896552,2.0,58,2023-01-09,2023-03-31,26,9,1,41.8477601,12.455223,18:39,58,12
REG,20531,FIUMICINO AEROPORTO,FARA SABINA,MAGLIANA,2.3275862068965516,2.0,58,2023-01-09,2023-03-31,21,8,1,41.834235,12.431017,18:43,58,13
REG,20531,FIUMICINO AEROPORTO,FARA SABINA,MURATELLA,3.3448275862068964,3.0,58,2023-01-09,2023-03-31,30,11,2,41.826182,12.412696,18:45,58,14
REG,20531,FIUMICINO AEROPORTO,FARA SABINA,PONTE GALERIA,3.310344827586207,3.0,58,2023-01-09,2023-03-31,32,11,2,41.818349,12.344733,18:50,58,15
REG,20531,FIUMICINO AEROPORTO,FARA SABINA,PARCO LEONARDO,4.5344827586206895,4.0,58,2023-01-09,2023-03-31,45,25,3,41.79932,12.29543,18:56,58,16
REG,20531,FIUMICINO AEROPORTO,FARA SABINA,FIUMICINO AEROPORTO,3.2758620689655173,3.0,58,2023-01-09,2023-03-31,31,14,2,41.793673,12.251728,19:03,58,17
