train_class,train_number,train_arrival_stop_name,train_departure_stop_name,stop_name,avg_arrival_delay,median_arrival_delay,count_dates_stop,first_date,last_date,count_3m_delay,count_5m_delay,count_10m_delay,stop_lat,stop_lon,stop_time,count_dates_train,stop_number
REG,20385,ROMA TIBURTINA,CESANO DI ROMA,CESANO DI ROMA,1.1346153846153846,1.0,52,2023-01-09,2023-03-31,3,0,0,42.061833,12.326669,20:15,52,1
REG,20385,ROMA TIBURTINA,CESANO DI ROMA,OLGIATA,2.5961538461538463,2.0,52,2023-01-09,2023-03-31,25,3,0,42.01538,12.363864,20:21,52,2
REG,20385,ROMA TIBURTINA,CESANO DI ROMA,LA STORTA,1.6730769230769231,1.0,52,2023-01-09,2023-03-31,7,2,0,42.001748,12.381254,20:24,52,3
REG,20385,ROMA TIBURTINA,CESANO DI ROMA,LA GIUSTINIANA,2.0576923076923075,2.0,52,2023-01-09,2023-03-31,16,2,0,41.985243,12.403457,20:28,52,4
REG,20385,ROMA TIBURTINA,CESANO DI ROMA,IPOGEO DEGLI OTTAVI,2.326923076923077,2.0,52,2023-01-09,2023-03-31,23,2,0,41.968391,12.409026,20:31,52,5
REG,20385,ROMA TIBURTINA,CESANO DI ROMA,OTTAVIA,1.4230769230769231,1.0,52,2023-01-09,2023-03-31,8,1,0,,,20:34,52,6
REG,20385,ROMA TIBURTINA,CESANO DI ROMA,ROMA S.FILIPPO NERI,0.9807692307692307,1.0,52,2023-01-09,2023-03-31,4,2,0,41.950262,12.412414,20:37,52,7
REG,20385,ROMA TIBURTINA,CESANO DI ROMA,ROMA MONTE MARIO,0.25,0.0,52,2023-01-09,2023-03-31,3,2,0,41.939088,12.421732,20:40,52,8
REG,20385,ROMA TIBURTINA,CESANO DI ROMA,GEMELLI,1.0384615384615385,1.0,52,2023-01-09,2023-03-31,3,2,0,41.927813,12.427797,20:43,52,9
REG,20385,ROMA TIBURTINA,CESANO DI ROMA,ROMA BALDUINA,1.3846153846153846,1.0,52,2023-01-09,2023-03-31,3,2,0,,,20:46,52,10
REG,20385,ROMA TIBURTINA,CESANO DI ROMA,APPIANO,1.25,1.0,52,2023-01-09,2023-03-31,3,2,0,41.909342,12.43838,20:48,52,11
REG,20385,ROMA TIBURTINA,CESANO DI ROMA,VALLE AURELIA,2.8461538461538463,3.0,52,2023-01-09,2023-03-31,33,4,0,41.899356,12.447667,20:51,52,12
REG,20385,ROMA TIBURTINA,CESANO DI ROMA,ROMA S.PIETRO,-0.34615384615384615,-1.0,52,2023-01-09,2023-03-31,3,0,0,41.896143,12.454497,20:55,52,13
REG,20385,ROMA TIBURTINA,CESANO DI ROMA,QUATTRO VENTI,0.6923076923076923,0.0,52,2023-01-09,2023-03-31,3,2,0,41.880145,12.459731,20:59,52,14
REG,20385,ROMA TIBURTINA,CESANO DI ROMA,ROMA TRASTEVERE,2.5384615384615383,2.0,52,2023-01-09,2023-03-31,21,5,0,41.872279,12.466162,21:02,52,15
REG,20385,ROMA TIBURTINA,CESANO DI ROMA,ROMA OSTIENSE,0.8076923076923077,1.0,52,2023-01-09,2023-03-31,7,0,0,41.87265,12.483917,21:06,52,16
REG,20385,ROMA TIBURTINA,CESANO DI ROMA,ROMA TUSCOLANA,1.3653846153846154,1.0,52,2023-01-09,2023-03-31,11,4,0,41.879384,12.523505,21:13,52,17
REG,20385,ROMA TIBURTINA,CESANO DI ROMA,ROMA TIBURTINA,-1.6538461538461537,-3.0,52,2023-01-09,2023-03-31,3,2,0,41.910903,12.530749,21:22,52,18
