train_class,train_number,train_arrival_stop_name,train_departure_stop_name,stop_name,avg_arrival_delay,median_arrival_delay,count_dates_stop,first_date,last_date,count_3m_delay,count_5m_delay,count_10m_delay,stop_lat,stop_lon,stop_time,count_dates_train,stop_number
REG,21258,VILLA LITERNO,NAPOLI CAMPI FLEGREI,NAPOLI CAMPI FLEGREI,2.4285714285714284,2.0,14,2023-01-01,2023-03-26,4,2,0,40.822462,14.194649,20:45,14,1
REG,21258,VILLA LITERNO,NAPOLI CAMPI FLEGREI,CAVALLEGGERI AOSTA,1.0714285714285714,1.0,14,2023-01-01,2023-03-26,2,1,0,40.819292,14.185679,20:47,14,2
REG,21258,VILLA LITERNO,NAPOLI CAMPI FLEGREI,BAGNOLI AGNANO TERME,1.8571428571428572,1.0,7,2023-01-01,2023-03-26,3,1,0,40.819444,14.166694,20:51,14,3
REG,21258,VILLA LITERNO,NAPOLI CAMPI FLEGREI,POZZUOLI SOLFATARA,2.7857142857142856,2.0,14,2023-01-01,2023-03-26,5,1,0,40.827586,14.126163,20:56,14,4
REG,21258,VILLA LITERNO,NAPOLI CAMPI FLEGREI,GIUGLIANO QUALIANO,2.4285714285714284,2.0,14,2023-01-01,2023-03-26,7,2,0,40.935018,14.10378,21:08,14,5
REG,21258,VILLA LITERNO,NAPOLI CAMPI FLEGREI,VILLA LITERNO,0.6428571428571429,1.0,14,2023-01-01,2023-03-26,2,0,0,41.004956,14.06753,21:18,14,6
