train_class,train_number,train_arrival_stop_name,train_departure_stop_name,stop_name,avg_arrival_delay,median_arrival_delay,count_dates_stop,first_date,last_date,count_3m_delay,count_5m_delay,count_10m_delay,stop_lat,stop_lon,stop_time,count_dates_train,stop_number
REG,21960,CROTONE,CATANZARO LIDO,CATANZARO LIDO,2.2266666666666666,2.0,75,2023-01-02,2023-03-31,10,4,2,38.821788,16.612975,07:40,75,1
REG,21960,CROTONE,CATANZARO LIDO,CROPANI,2.32,2.0,75,2023-01-02,2023-03-31,29,5,2,38.921968,16.813562,07:54,75,2
REG,21960,CROTONE,CATANZARO LIDO,BOTRICELLO,1.6266666666666667,1.0,75,2023-01-02,2023-03-31,18,4,1,38.933943,16.857433,08:00,75,3
REG,21960,CROTONE,CATANZARO LIDO,CROTONE,1.44,2.0,75,2023-01-02,2023-03-31,24,5,1,39.0845,17.108418,08:30,75,4
