train_class,train_number,train_arrival_stop_name,train_departure_stop_name,stop_name,avg_arrival_delay,median_arrival_delay,count_dates_stop,first_date,last_date,count_3m_delay,count_5m_delay,count_10m_delay,stop_lat,stop_lon,stop_time,count_dates_train,stop_number
REG,24743,BESANA,MILANO PORTA GARIBALDI,MILANO PORTA GARIBALDI,1.8225806451612903,1.0,62,2023-01-02,2023-03-31,15,2,0,45.484917,9.187683,12:44,62,1
REG,24743,BESANA,MILANO PORTA GARIBALDI,MILANO GRECO PIRELLI,0.6451612903225806,0.0,62,2023-01-02,2023-03-31,12,6,0,45.51272,9.214456,12:51,62,2
REG,24743,BESANA,MILANO PORTA GARIBALDI,SESTO S. GIOVANNI,0.6612903225806451,0.0,62,2023-01-02,2023-03-31,13,5,0,45.541087,9.23926,12:56,62,3
REG,24743,BESANA,MILANO PORTA GARIBALDI,MONZA,2.806451612903226,2.0,62,2023-01-02,2023-03-31,26,13,0,45.577789,9.273253,13:02,62,4
REG,24743,BESANA,MILANO PORTA GARIBALDI,MONZA SOBBORGHI,2.9838709677419355,2.0,62,2023-01-02,2023-03-31,29,14,0,45.582082,9.284375,13:06,62,5
REG,24743,BESANA,MILANO PORTA GARIBALDI,VILLASANTA,0.5161290322580645,0.0,62,2023-01-02,2023-03-31,13,8,0,45.603434,9.304923,13:12,62,6
REG,24743,BESANA,MILANO PORTA GARIBALDI,TRIUGGIO-PONTE ALBIATE,-0.22580645161290322,0.0,62,2023-01-02,2023-03-31,2,0,0,45.658956,9.266961,13:31,62,7
REG,24743,BESANA,MILANO PORTA GARIBALDI,CARATE-CALO`,0.7903225806451613,1.0,62,2023-01-02,2023-03-31,3,0,0,45.676451,9.252304,13:34,62,8
REG,24743,BESANA,MILANO PORTA GARIBALDI,VILLA RAVERIO,0.7096774193548387,1.0,62,2023-01-02,2023-03-31,2,0,0,45.690418,9.261549,13:38,62,9
REG,24743,BESANA,MILANO PORTA GARIBALDI,BESANA,-1.2580645161290323,-2.0,62,2023-01-02,2023-03-31,1,0,0,45.702824,9.28288,13:44,62,10
