train_class,train_number,train_arrival_stop_name,train_departure_stop_name,stop_name,avg_arrival_delay,median_arrival_delay,count_dates_stop,first_date,last_date,count_3m_delay,count_5m_delay,count_10m_delay,stop_lat,stop_lon,stop_time,count_dates_train,stop_number
REG,2566,VARESE,MILANO PORTA GARIBALDI,MILANO PORTA GARIBALDI,2.586206896551724,2.0,58,2023-01-02,2023-03-30,19,3,2,45.484917,9.187683,18:00,58,1
REG,2566,VARESE,MILANO PORTA GARIBALDI,RHO FIERA MILANO,3.0,2.0,58,2023-01-02,2023-03-30,29,10,2,,,18:09,58,2
REG,2566,VARESE,MILANO PORTA GARIBALDI,LEGNANO,5.379310344827586,4.0,58,2023-01-02,2023-03-30,41,24,5,45.593653,8.910638,18:21,58,3
REG,2566,VARESE,MILANO PORTA GARIBALDI,BUSTO ARSIZIO,5.844827586206897,4.0,58,2023-01-02,2023-03-30,41,27,7,45.616164,8.865031,18:27,58,4
REG,2566,VARESE,MILANO PORTA GARIBALDI,GALLARATE,8.327586206896552,6.0,58,2023-01-02,2023-03-30,58,42,17,45.659828,8.798243,18:33,58,5
REG,2566,VARESE,MILANO PORTA GARIBALDI,VARESE,6.482758620689655,4.0,58,2023-01-02,2023-03-30,35,29,13,45.816201,8.833089,18:53,58,6
