train_class,train_number,train_arrival_stop_name,train_departure_stop_name,stop_name,avg_arrival_delay,median_arrival_delay,count_dates_stop,first_date,last_date,count_3m_delay,count_5m_delay,count_10m_delay,stop_lat,stop_lon,stop_time,count_dates_train,stop_number
REG,11478,ACQUI TERME,SAVONA,SAVONA,3.1818181818181817,2.0,88,2023-01-01,2023-03-30,25,14,3,44.306892,8.470259,20:00,88,1
REG,11478,ACQUI TERME,SAVONA,ALTARE,0.5795454545454546,-1.0,88,2023-01-01,2023-03-30,14,11,4,44.336169,8.332753,20:16,88,2
REG,11478,ACQUI TERME,SAVONA,SAN GIUSEPPE DI CAIRO,-6.2272727272727275,-7.0,88,2023-01-01,2023-03-30,3,3,1,44.370096,8.28864,20:32,88,3
REG,11478,ACQUI TERME,SAVONA,CAIRO MONTENOTTE,-0.07954545454545454,-1.0,88,2023-01-01,2023-03-30,2,2,1,44.394747,8.278786,20:42,88,4
REG,11478,ACQUI TERME,SAVONA,ROCCHETTA CAIRO,2.352272727272727,2.0,88,2023-01-01,2023-03-30,23,3,1,44.427477,8.295356,20:47,88,5
REG,11478,ACQUI TERME,SAVONA,DEGO,0.7045454545454546,1.0,88,2023-01-01,2023-03-30,5,3,1,44.448003,8.308469,20:51,88,6
REG,11478,ACQUI TERME,SAVONA,PIANA,1.0344827586206897,1.0,87,2023-01-01,2023-03-30,12,5,1,44.486383,8.308796,20:57,88,7
REG,11478,ACQUI TERME,SAVONA,MERANA,4.977011494252873,5.0,87,2023-01-01,2023-03-30,61,52,7,44.519368,8.298327,21:02,88,8
REG,11478,ACQUI TERME,SAVONA,SPIGNO,3.954022988505747,4.0,87,2023-01-01,2023-03-30,60,38,5,44.539437,8.317924,21:06,88,9
REG,11478,ACQUI TERME,SAVONA,MOMBALDONE ROCCAVERANO,3.2873563218390807,3.0,87,2023-01-01,2023-03-30,57,27,3,44.569891,8.332781,21:11,88,10
REG,11478,ACQUI TERME,SAVONA,MONTECHIARO DENICE,2.2528735632183907,2.0,87,2023-01-01,2023-03-30,39,13,1,44.600827,8.352185,21:16,88,11
REG,11478,ACQUI TERME,SAVONA,PONTI,2.9310344827586206,2.0,87,2023-01-01,2023-03-30,43,20,1,44.629979,8.365262,21:21,88,12
REG,11478,ACQUI TERME,SAVONA,BISTAGNO,1.632183908045977,1.0,87,2023-01-01,2023-03-30,30,11,1,44.659256,8.372057,21:26,88,13
REG,11478,ACQUI TERME,SAVONA,TERZO MONTABONE,1.6436781609195403,1.0,87,2023-01-01,2023-03-30,27,11,2,44.671932,8.428705,21:31,88,14
REG,11478,ACQUI TERME,SAVONA,ACQUI TERME,2.602272727272727,2.0,88,2023-01-01,2023-03-30,32,16,3,44.67407,8.474482,21:37,88,15
