train_class,train_number,train_arrival_stop_name,train_departure_stop_name,stop_name,avg_arrival_delay,median_arrival_delay,count_dates_stop,first_date,last_date,count_3m_delay,count_5m_delay,count_10m_delay,stop_lat,stop_lon,stop_time,count_dates_train,stop_number
REG,10898,MILANO CERTOSA,PIACENZA,PIACENZA,7.642857142857143,3.0,56,2023-01-03,2023-03-31,32,23,10,45.052238,9.70633,06:54,56,1
REG,10898,MILANO CERTOSA,PIACENZA,CASALPUSTERLENGO,7.4363636363636365,3.0,55,2023-01-03,2023-03-31,32,22,12,45.182473,9.653627,07:05,56,2
REG,10898,MILANO CERTOSA,PIACENZA,SECUGNAGO,7.745454545454545,4.0,55,2023-01-03,2023-03-31,35,24,11,45.223253,9.58684,07:11,56,3
REG,10898,MILANO CERTOSA,PIACENZA,LODI,9.090909090909092,5.0,55,2023-01-03,2023-03-31,42,30,14,45.308966,9.497585,07:19,56,4
REG,10898,MILANO CERTOSA,PIACENZA,MILANO ROGOREDO,9.982142857142858,4.0,56,2023-01-03,2023-03-31,35,28,18,45.433866,9.2391,07:37,56,5
REG,10898,MILANO CERTOSA,PIACENZA,MILANO LAMBRATE,10.642857142857142,4.0,56,2023-01-03,2023-03-31,30,26,19,45.484933,9.237333,07:49,56,6
REG,10898,MILANO CERTOSA,PIACENZA,MILANO CERTOSA,13.446428571428571,5.0,56,2023-01-03,2023-03-31,40,31,19,45.507019,9.133863,08:03,56,7
