train_class,train_number,train_arrival_stop_name,train_departure_stop_name,stop_name,avg_arrival_delay,median_arrival_delay,count_dates_stop,first_date,last_date,count_3m_delay,count_5m_delay,count_10m_delay,stop_lat,stop_lon,stop_time,count_dates_train,stop_number
REG,18585,LUCCA,PISA CENTRALE,PISA CENTRALE,1.0833333333333333,1.0,12,2023-01-07,2023-03-25,1,1,0,43.70794,10.398183,16:50,12,1
REG,18585,LUCCA,PISA CENTRALE,PISA SAN ROSSORE,0.25,-1.0,12,2023-01-07,2023-03-25,1,1,0,43.723702,10.387363,16:54,12,2
REG,18585,LUCCA,PISA CENTRALE,S.GIULIANO TERME,1.25,1.0,12,2023-01-07,2023-03-25,2,2,0,43.764895,10.436892,17:00,12,3
REG,18585,LUCCA,PISA CENTRALE,RIPAFRATTA,-0.5833333333333334,-1.0,12,2023-01-07,2023-03-25,2,0,0,43.821711,10.415733,17:08,12,4
REG,18585,LUCCA,PISA CENTRALE,LUCCA,0.5,0.0,12,2023-01-07,2023-03-25,2,0,0,43.837186,10.506069,17:17,12,5
