train_class,train_number,train_arrival_stop_name,train_departure_stop_name,stop_name,avg_arrival_delay,median_arrival_delay,count_dates_stop,first_date,last_date,count_3m_delay,count_5m_delay,count_10m_delay,stop_lat,stop_lon,stop_time,count_dates_train,stop_number
REG,2726,TORINO P.NUOVA,AOSTA,AOSTA,1.6666666666666667,1.0,12,2023-01-07,2023-03-11,1,1,0,45.73407,7.322424,12:40,12,1
REG,2726,TORINO P.NUOVA,AOSTA,NUS,2.3333333333333335,1.0,12,2023-01-07,2023-03-11,3,1,1,45.738786,7.4712,12:49,12,2
REG,2726,TORINO P.NUOVA,AOSTA,CHATILLON SAINT VINCENT,3.4166666666666665,2.0,12,2023-01-07,2023-03-11,4,2,2,45.7434,7.619309,12:59,12,3
REG,2726,TORINO P.NUOVA,AOSTA,VERRES,2.9166666666666665,1.0,12,2023-01-07,2023-03-11,5,2,2,45.659822,7.690012,13:11,12,4
REG,2726,TORINO P.NUOVA,AOSTA,PONT SAINT MARTIN,2.5833333333333335,1.0,12,2023-01-07,2023-03-11,4,2,2,45.589834,7.795024,13:21,12,5
REG,2726,TORINO P.NUOVA,AOSTA,IVREA,1.0833333333333333,1.0,12,2023-01-07,2023-03-11,4,0,0,45.461542,7.876348,13:40,12,6
REG,2726,TORINO P.NUOVA,AOSTA,CHIVASSO,2.4166666666666665,3.0,12,2023-01-07,2023-03-11,7,4,0,45.193637,7.889666,14:06,12,7
REG,2726,TORINO P.NUOVA,AOSTA,TORINO PORTA SUSA,6.0,6.0,12,2023-01-07,2023-03-11,9,7,2,45.075906,7.667673,14:25,12,8
REG,2726,TORINO P.NUOVA,AOSTA,TORINO P.NUOVA,5.416666666666667,3.0,12,2023-01-07,2023-03-11,7,5,2,45.060969,7.67747,14:35,12,9
