train_class,train_number,train_arrival_stop_name,train_departure_stop_name,stop_name,avg_arrival_delay,median_arrival_delay,count_dates_stop,first_date,last_date,count_3m_delay,count_5m_delay,count_10m_delay,stop_lat,stop_lon,stop_time,count_dates_train,stop_number
AV,9657,NAPOLI CENTRALE,MILANO CENTRALE,MILANO CENTRALE,5.670731707317073,6.0,82,2023-01-02,2023-03-31,67,51,8,45.486347,9.204528,18:30,82,1
AV,9657,NAPOLI CENTRALE,MILANO CENTRALE,BOLOGNA C.LE/AV,6.518518518518518,5.0,81,2023-01-02,2023-03-31,59,43,21,44.50626,11.342267,19:34,82,2
AV,9657,NAPOLI CENTRALE,MILANO CENTRALE,ROMA TERMINI,4.158536585365853,1.0,82,2023-01-02,2023-03-31,34,27,15,41.900636,12.502026,21:40,82,3
AV,9657,NAPOLI CENTRALE,MILANO CENTRALE,NAPOLI AFRAGOLA,10.777777777777779,8.0,81,2023-01-02,2023-03-31,76,62,29,,,22:48,82,4
AV,9657,NAPOLI CENTRALE,MILANO CENTRALE,NAPOLI CENTRALE,10.158536585365853,7.0,82,2023-01-02,2023-03-31,65,54,31,40.852933,14.272908,23:03,82,5
