train_class,train_number,train_arrival_stop_name,train_departure_stop_name,stop_name,avg_arrival_delay,median_arrival_delay,count_dates_stop,first_date,last_date,count_3m_delay,count_5m_delay,count_10m_delay,stop_lat,stop_lon,stop_time,count_dates_train,stop_number
REG,17235,VENEZIA SANTA LUCIA,VICENZA,VICENZA,3.0952380952380953,2.0,63,2023-01-02,2023-03-31,27,10,3,45.541102,11.540762,19:08,63,1
REG,17235,VENEZIA SANTA LUCIA,VICENZA,GRISIGNANO DI ZOCCO,4.142857142857143,3.0,63,2023-01-02,2023-03-31,40,19,4,45.48638,11.710762,19:19,63,2
REG,17235,VENEZIA SANTA LUCIA,VICENZA,PADOVA,0.47619047619047616,0.0,63,2023-01-02,2023-03-31,22,15,3,45.417846,11.880794,19:39,63,3
REG,17235,VENEZIA SANTA LUCIA,VICENZA,DOLO,4.571428571428571,4.0,63,2023-01-02,2023-03-31,43,30,5,45.453466,12.07161,19:56,63,4
REG,17235,VENEZIA SANTA LUCIA,VICENZA,VENEZIA MESTRE,-0.7301587301587301,-2.0,63,2023-01-02,2023-03-31,12,6,1,45.482123,12.232069,20:13,63,5
REG,17235,VENEZIA SANTA LUCIA,VICENZA,VENEZIA SANTA LUCIA,2.015873015873016,1.0,63,2023-01-02,2023-03-31,22,7,1,45.441569,12.320882,20:26,63,6
