train_class,train_number,train_arrival_stop_name,train_departure_stop_name,stop_name,avg_arrival_delay,median_arrival_delay,count_dates_stop,first_date,last_date,count_3m_delay,count_5m_delay,count_10m_delay,stop_lat,stop_lon,stop_time,count_dates_train,stop_number
REG,23829,SULMONA,L`AQUILA,L`AQUILA,1.3333333333333333,1.0,12,2023-01-07,2023-03-25,1,0,0,42.351055,13.384959,15:06,12,1
REG,23829,SULMONA,L`AQUILA,PAGANICA,0.16666666666666666,0.0,12,2023-01-07,2023-03-25,0,0,0,42.334751,13.464317,15:13,12,2
REG,23829,SULMONA,L`AQUILA,S.DEMETRIO DE` VESTINI,1.3333333333333333,1.0,12,2023-01-07,2023-03-25,0,0,0,42.294447,13.536543,15:20,12,3
REG,23829,SULMONA,L`AQUILA,MOLINA CASTEL VECCHIO SUBAQUEO,0.0,-1.0,12,2023-01-07,2023-03-25,1,0,0,42.143476,13.739644,15:44,12,4
REG,23829,SULMONA,L`AQUILA,RAIANO,-0.3333333333333333,-1.0,12,2023-01-07,2023-03-25,1,0,0,42.097931,13.80908,15:54,12,5
REG,23829,SULMONA,L`AQUILA,PRATOLA PELIGNA SUPERIORE,-3.3333333333333335,-3.0,12,2023-01-07,2023-03-25,0,0,0,42.080415,13.87223,16:02,12,6
REG,23829,SULMONA,L`AQUILA,SULMONA,-3.1666666666666665,-3.0,12,2023-01-07,2023-03-25,0,0,0,42.060836,13.907156,16:10,12,7
