train_class,train_number,train_arrival_stop_name,train_departure_stop_name,stop_name,avg_arrival_delay,median_arrival_delay,count_dates_stop,first_date,last_date,count_3m_delay,count_5m_delay,count_10m_delay,stop_lat,stop_lon,stop_time,count_dates_train,stop_number
REG,23530,BARLETTA,FASANO,FASANO,4.285714285714286,2.0,63,2023-01-02,2023-03-31,25,16,5,40.851753,17.3859,13:10,63,1
REG,23530,BARLETTA,FASANO,MONOPOLI,2.661290322580645,1.0,62,2023-01-02,2023-03-31,17,11,5,40.952017,17.292455,13:19,63,2
REG,23530,BARLETTA,FASANO,POLIGNANO A MARE,2.9365079365079363,1.0,63,2023-01-02,2023-03-31,19,11,4,40.990926,17.218676,13:25,63,3
REG,23530,BARLETTA,FASANO,MOLA DI BARI,3.380952380952381,2.0,63,2023-01-02,2023-03-31,26,16,3,41.057227,17.080919,13:34,63,4
REG,23530,BARLETTA,FASANO,BARI TORRE A MARE,3.6825396825396823,2.0,63,2023-01-02,2023-03-31,30,15,3,41.082637,16.995772,13:41,63,5
REG,23530,BARLETTA,FASANO,BARI CENTRALE,1.0158730158730158,-1.0,63,2023-01-02,2023-03-31,11,7,3,41.11774,16.869601,14:08,63,6
REG,23530,BARLETTA,FASANO,BARI ZONA INDUSTRIALE,3.746031746031746,2.0,63,2023-01-02,2023-03-31,24,11,5,,,14:15,63,7
REG,23530,BARLETTA,FASANO,BARI S. SPIRITO,5.603174603174603,4.0,63,2023-01-02,2023-03-31,49,21,6,41.159653,16.746324,14:23,63,8
REG,23530,BARLETTA,FASANO,GIOVINAZZO,5.063492063492063,3.0,63,2023-01-02,2023-03-31,42,17,5,41.180968,16.669346,14:29,63,9
REG,23530,BARLETTA,FASANO,MOLFETTA,4.190476190476191,2.0,63,2023-01-02,2023-03-31,29,13,5,41.196008,16.596793,14:35,63,10
REG,23530,BARLETTA,FASANO,BISCEGLIE,3.507936507936508,2.0,63,2023-01-02,2023-03-31,22,12,4,41.235445,16.499484,14:42,63,11
REG,23530,BARLETTA,FASANO,TRANI,2.4603174603174605,1.0,63,2023-01-02,2023-03-31,13,8,4,41.272693,16.417646,14:49,63,12
REG,23530,BARLETTA,FASANO,BARLETTA,1.1587301587301588,-1.0,63,2023-01-02,2023-03-31,10,5,4,41.315227,16.278867,15:00,63,13
