train_class,train_number,train_arrival_stop_name,train_departure_stop_name,stop_name,avg_arrival_delay,median_arrival_delay,count_dates_stop,first_date,last_date,count_3m_delay,count_5m_delay,count_10m_delay,stop_lat,stop_lon,stop_time,count_dates_train,stop_number
REG,23045,FELTRE,BELLUNO,BELLUNO,1.5,1.0,24,2023-02-27,2023-03-31,2,0,0,46.141594,12.209703,08:34,24,1
REG,23045,FELTRE,BELLUNO,SEDICO BRIBANO,-0.13043478260869565,0.0,23,2023-02-27,2023-03-31,0,0,0,46.095424,12.086508,08:45,24,2
REG,23045,FELTRE,BELLUNO,S.GIUSTINA CESIO,-0.041666666666666664,0.0,24,2023-02-27,2023-03-31,0,0,0,46.077655,12.04294,08:51,24,3
REG,23045,FELTRE,BELLUNO,FELTRE,-2.2083333333333335,-3.0,24,2023-02-27,2023-03-31,1,0,0,46.012884,11.911493,09:11,24,4
