train_class,train_number,train_arrival_stop_name,train_departure_stop_name,stop_name,avg_arrival_delay,median_arrival_delay,count_dates_stop,first_date,last_date,count_3m_delay,count_5m_delay,count_10m_delay,stop_lat,stop_lon,stop_time,count_dates_train,stop_number
REG,12214,GENOVA P.PRINCIPE,LA SPEZIA CENTRALE,LA SPEZIA CENTRALE,3.6984126984126986,2.0,63,2023-01-02,2023-03-31,17,11,5,44.11141,9.813906,07:06,63,1
REG,12214,GENOVA P.PRINCIPE,LA SPEZIA CENTRALE,CORNIGLIA,2.5714285714285716,1.0,63,2023-01-02,2023-03-31,15,7,5,44.119938,9.711051,07:20,63,2
REG,12214,GENOVA P.PRINCIPE,LA SPEZIA CENTRALE,MONTEROSSO,3.4285714285714284,1.0,63,2023-01-02,2023-03-31,21,9,4,44.145967,9.649009,07:28,63,3
REG,12214,GENOVA P.PRINCIPE,LA SPEZIA CENTRALE,LEVANTO,3.1587301587301586,1.0,63,2023-01-02,2023-03-31,19,8,4,44.174167,9.616018,07:33,63,4
REG,12214,GENOVA P.PRINCIPE,LA SPEZIA CENTRALE,FRAMURA,2.8095238095238093,1.0,63,2023-01-02,2023-03-31,15,8,3,44.201903,9.555169,07:41,63,5
REG,12214,GENOVA P.PRINCIPE,LA SPEZIA CENTRALE,DEIVA MARINA,3.1587301587301586,2.0,63,2023-01-02,2023-03-31,18,8,3,44.217306,9.519022,07:45,63,6
REG,12214,GENOVA P.PRINCIPE,LA SPEZIA CENTRALE,RIVA TRIGOSO,3.1587301587301586,1.0,63,2023-01-02,2023-03-31,21,8,3,44.26391,9.429277,07:55,63,7
REG,12214,GENOVA P.PRINCIPE,LA SPEZIA CENTRALE,SESTRI LEVANTE,2.903225806451613,1.0,62,2023-01-02,2023-03-31,19,10,3,44.27626,9.397651,07:59,63,8
REG,12214,GENOVA P.PRINCIPE,LA SPEZIA CENTRALE,CHIAVARI,2.0476190476190474,1.0,63,2023-01-02,2023-03-31,14,6,3,44.315156,9.322464,08:07,63,9
REG,12214,GENOVA P.PRINCIPE,LA SPEZIA CENTRALE,S. MARGHERITA LIGURE PORTOFINO,3.5245901639344264,1.0,61,2023-01-02,2023-03-31,22,12,4,44.33676,9.216673,08:21,63,10
REG,12214,GENOVA P.PRINCIPE,LA SPEZIA CENTRALE,RECCO,3.5555555555555554,2.0,63,2023-01-02,2023-03-31,23,13,4,44.361215,9.146788,08:30,63,11
REG,12214,GENOVA P.PRINCIPE,LA SPEZIA CENTRALE,GENOVA NERVI,1.0634920634920635,-1.0,63,2023-01-02,2023-03-31,11,6,2,44.381271,9.039895,08:42,63,12
REG,12214,GENOVA P.PRINCIPE,LA SPEZIA CENTRALE,GENOVA QUARTO DEI MILLE,3.0952380952380953,1.0,63,2023-01-02,2023-03-31,17,9,2,44.388607,8.99597,08:48,63,13
REG,12214,GENOVA P.PRINCIPE,LA SPEZIA CENTRALE,GENOVA BRIGNOLE,3.4285714285714284,2.0,63,2023-01-02,2023-03-31,21,10,3,44.407213,8.947553,08:56,63,14
REG,12214,GENOVA P.PRINCIPE,LA SPEZIA CENTRALE,GENOVA P.PRINCIPE,0.6825396825396826,-1.0,63,2023-01-02,2023-03-31,14,5,2,44.417784,8.9207,09:06,63,15
