train_class,train_number,train_arrival_stop_name,train_departure_stop_name,stop_name,avg_arrival_delay,median_arrival_delay,count_dates_stop,first_date,last_date,count_3m_delay,count_5m_delay,count_10m_delay,stop_lat,stop_lon,stop_time,count_dates_train,stop_number
REG,20826,DECIMOMANNU,CAGLIARI,CAGLIARI,1.3294117647058823,1.0,85,2023-01-01,2023-03-31,2,1,0,39.216078,9.107984,21:00,85,1
REG,20826,DECIMOMANNU,CAGLIARI,ELMAS AEROPORTO,0.23529411764705882,0.0,85,2023-01-01,2023-03-31,1,1,0,,,21:07,85,2
REG,20826,DECIMOMANNU,CAGLIARI,CAGLIARI ELMAS,0.5411764705882353,0.0,85,2023-01-01,2023-03-31,3,2,0,39.264193,9.045497,21:10,85,3
REG,20826,DECIMOMANNU,CAGLIARI,ASSEMINI CARMINE,0.5357142857142857,1.0,84,2023-01-01,2023-03-31,3,1,0,,,21:14,85,4
REG,20826,DECIMOMANNU,CAGLIARI,ASSEMINI,-0.6352941176470588,-1.0,85,2023-01-01,2023-03-31,2,0,0,39.287603,8.997936,21:17,85,5
REG,20826,DECIMOMANNU,CAGLIARI,ASSEMINI S. LUCIA,-0.7058823529411765,-1.0,85,2023-01-01,2023-03-31,2,0,0,,,21:20,85,6
REG,20826,DECIMOMANNU,CAGLIARI,DECIMOMANNU,-1.7058823529411764,-2.0,85,2023-01-01,2023-03-31,0,0,0,39.304593,8.965808,21:26,85,7
