train_class,train_number,train_arrival_stop_name,train_departure_stop_name,stop_name,avg_arrival_delay,median_arrival_delay,count_dates_stop,first_date,last_date,count_3m_delay,count_5m_delay,count_10m_delay,stop_lat,stop_lon,stop_time,count_dates_train,stop_number
REG,21708,PALERMO CENTRALE,PUNTA RAISI,PUNTA RAISI,1.2266666666666666,1.0,75,2023-01-02,2023-03-31,3,0,0,38.188892,13.110059,07:47,75,1
REG,21708,PALERMO CENTRALE,PUNTA RAISI,PIRAINETO,1.5866666666666667,1.0,75,2023-01-02,2023-03-31,5,0,0,38.169148,13.14256,07:50,75,2
REG,21708,PALERMO CENTRALE,PUNTA RAISI,CARINI,1.5466666666666666,1.0,75,2023-01-02,2023-03-31,9,0,0,38.147696,13.186624,07:55,75,3
REG,21708,PALERMO CENTRALE,PUNTA RAISI,ISOLA DELLE FEMMINE,2.3466666666666667,2.0,75,2023-01-02,2023-03-31,30,3,0,38.194784,13.250188,08:05,75,4
REG,21708,PALERMO CENTRALE,PUNTA RAISI,S.LORENZO COLLI,0.5466666666666666,0.0,75,2023-01-02,2023-03-31,6,2,1,38.16292,13.316449,08:22,75,5
REG,21708,PALERMO CENTRALE,PUNTA RAISI,FRANCIA,1.0266666666666666,0.0,75,2023-01-02,2023-03-31,8,2,1,38.155233,13.321938,08:25,75,6
REG,21708,PALERMO CENTRALE,PUNTA RAISI,PALERMO NOTARBARTOLO,0.56,0.0,75,2023-01-02,2023-03-31,6,2,1,38.132261,13.341572,08:29,75,7
REG,21708,PALERMO CENTRALE,PUNTA RAISI,LOLLI,3.9466666666666668,4.0,75,2023-01-02,2023-03-31,56,17,2,,,08:31,75,8
REG,21708,PALERMO CENTRALE,PUNTA RAISI,PALAZZO REALE-ORLEANS,2.36,2.0,75,2023-01-02,2023-03-31,30,9,2,38.10878,13.353962,08:35,75,9
REG,21708,PALERMO CENTRALE,PUNTA RAISI,VESPRI,3.3466666666666667,3.0,75,2023-01-02,2023-03-31,48,16,2,38.101996,13.362701,08:38,75,10
REG,21708,PALERMO CENTRALE,PUNTA RAISI,GUADAGNA,3.3866666666666667,3.0,75,2023-01-02,2023-03-31,48,16,2,,,08:41,75,11
REG,21708,PALERMO CENTRALE,PUNTA RAISI,PALERMO CENTRALE,0.0,-1.0,75,2023-01-02,2023-03-31,5,2,1,38.109187,13.367515,08:47,75,12
