train_class,train_number,train_arrival_stop_name,train_departure_stop_name,stop_name,avg_arrival_delay,median_arrival_delay,count_dates_stop,first_date,last_date,count_3m_delay,count_5m_delay,count_10m_delay,stop_lat,stop_lon,stop_time,count_dates_train,stop_number
REG,12039,GENOVA BRIGNOLE,BUSALLA,BUSALLA,1.28125,1.0,64,2023-01-02,2023-03-31,1,0,0,44.57558,8.943611,11:50,64,1
REG,12039,GENOVA BRIGNOLE,BUSALLA,GENOVA PONTEDECIMO,-0.5396825396825397,-1.0,63,2023-01-02,2023-03-31,1,0,0,44.494189,8.905642,12:03,64,2
REG,12039,GENOVA BRIGNOLE,BUSALLA,GENOVA BOLZANETO,-0.06349206349206349,-1.0,63,2023-01-02,2023-03-31,4,0,0,44.459208,8.900193,12:10,64,3
REG,12039,GENOVA BRIGNOLE,BUSALLA,GENOVA RIVAROLO,1.734375,1.0,64,2023-01-02,2023-03-31,12,1,0,44.435955,8.89106,12:15,64,4
REG,12039,GENOVA BRIGNOLE,BUSALLA,GENOVA SAMPIERDARENA,0.34375,0.0,64,2023-01-02,2023-03-31,5,1,0,44.413102,8.887271,12:20,64,5
REG,12039,GENOVA BRIGNOLE,BUSALLA,GENOVA P.PRINCIPE,1.40625,1.0,64,2023-01-02,2023-03-31,13,6,0,44.417784,8.9207,12:27,64,6
REG,12039,GENOVA BRIGNOLE,BUSALLA,GENOVA BRIGNOLE,-1.859375,-2.0,64,2023-01-02,2023-03-31,3,0,0,44.407213,8.947553,12:38,64,7
