train_class,train_number,train_arrival_stop_name,train_departure_stop_name,stop_name,avg_arrival_delay,median_arrival_delay,count_dates_stop,first_date,last_date,count_3m_delay,count_5m_delay,count_10m_delay,stop_lat,stop_lon,stop_time,count_dates_train,stop_number
REG,16232,VENEZIA SANTA LUCIA,BELLUNO,BELLUNO,1.9767441860465116,2.0,86,2023-01-01,2023-03-31,14,5,1,46.141594,12.209703,10:20,86,1
REG,16232,VENEZIA SANTA LUCIA,BELLUNO,PONTE NELLE ALPI POLPET,0.23255813953488372,0.0,86,2023-01-01,2023-03-31,6,3,0,46.182328,12.277604,10:28,86,2
REG,16232,VENEZIA SANTA LUCIA,BELLUNO,STAZIONE PER L`ALPAGO,2.1627906976744184,2.0,86,2023-01-01,2023-03-31,19,3,0,46.137574,12.316066,10:40,86,3
REG,16232,VENEZIA SANTA LUCIA,BELLUNO,S.CROCE DEL LAGO,0.23255813953488372,0.0,86,2023-01-01,2023-03-31,5,1,0,46.094795,12.324068,10:47,86,4
REG,16232,VENEZIA SANTA LUCIA,BELLUNO,VITTORIO VENETO,1.4186046511627908,1.0,86,2023-01-01,2023-03-31,14,1,0,45.989946,12.29327,11:00,86,5
REG,16232,VENEZIA SANTA LUCIA,BELLUNO,SOFFRATTA,0.7093023255813954,1.0,86,2023-01-01,2023-03-31,8,1,0,45.976377,12.299346,11:04,86,6
REG,16232,VENEZIA SANTA LUCIA,BELLUNO,CONEGLIANO,-1.7325581395348837,-2.0,86,2023-01-01,2023-03-31,4,2,0,45.884706,12.298909,11:18,86,7
REG,16232,VENEZIA SANTA LUCIA,BELLUNO,TREVISO C.,-0.6511627906976745,-2.0,86,2023-01-01,2023-03-31,8,5,1,45.659608,12.24614,11:36,86,8
REG,16232,VENEZIA SANTA LUCIA,BELLUNO,MOGLIANO VENETO,0.46511627906976744,0.0,86,2023-01-01,2023-03-31,11,8,1,45.561964,12.23274,11:51,86,9
REG,16232,VENEZIA SANTA LUCIA,BELLUNO,VENEZIA MESTRE,-0.9883720930232558,-2.0,86,2023-01-01,2023-03-31,9,4,1,45.482123,12.232069,12:04,86,10
REG,16232,VENEZIA SANTA LUCIA,BELLUNO,VENEZIA SANTA LUCIA,0.46511627906976744,1.0,86,2023-01-01,2023-03-31,11,4,0,45.441569,12.320882,12:17,86,11
