train_class,train_number,train_arrival_stop_name,train_departure_stop_name,stop_name,avg_arrival_delay,median_arrival_delay,count_dates_stop,first_date,last_date,count_3m_delay,count_5m_delay,count_10m_delay,stop_lat,stop_lon,stop_time,count_dates_train,stop_number
REG,4102,FIRENZE S.M.N.,CHIUSI C.T.,CHIUSI C.T.,2.045977011494253,1.0,87,2023-01-02,2023-03-31,20,6,1,43.002466,11.957893,14:58,87,1
REG,4102,FIRENZE S.M.N.,CHIUSI C.T.,CASTIGLION DEL LAGO,4.333333333333333,4.0,87,2023-01-02,2023-03-31,77,29,2,43.123195,12.032077,15:09,87,2
REG,4102,FIRENZE S.M.N.,CHIUSI C.T.,TERONTOLA CORTONA,5.0,5.0,87,2023-01-02,2023-03-31,81,44,3,43.210263,12.007906,15:16,87,3
REG,4102,FIRENZE S.M.N.,CHIUSI C.T.,CAMUCIA CORTONA,3.896551724137931,3.0,87,2023-01-02,2023-03-31,62,29,3,43.261104,11.971245,15:22,87,4
REG,4102,FIRENZE S.M.N.,CHIUSI C.T.,CASTIGLION FIORENTINO,3.045977011494253,3.0,87,2023-01-02,2023-03-31,44,19,2,43.34075,11.914362,15:30,87,5
REG,4102,FIRENZE S.M.N.,CHIUSI C.T.,AREZZO,2.8045977011494254,2.0,87,2023-01-02,2023-03-31,42,19,2,43.461725,11.874189,15:42,87,6
REG,4102,FIRENZE S.M.N.,CHIUSI C.T.,MONTEVARCHI TERRANUOVA,2.5172413793103448,2.0,87,2023-01-02,2023-03-31,38,19,4,43.525165,11.563983,16:06,87,7
REG,4102,FIRENZE S.M.N.,CHIUSI C.T.,S.GIOVANNI VALDARNO,2.425287356321839,2.0,87,2023-01-02,2023-03-31,34,18,4,43.56601,11.527033,16:11,87,8
REG,4102,FIRENZE S.M.N.,CHIUSI C.T.,FIGLINE VALDARNO,3.2528735632183907,2.0,87,2023-01-02,2023-03-31,40,23,5,43.621596,11.473652,16:17,87,9
REG,4102,FIRENZE S.M.N.,CHIUSI C.T.,FIRENZE CAMPO MARTE,0.8850574712643678,0.0,87,2023-01-02,2023-03-31,22,12,5,43.776856,11.27702,16:38,87,10
REG,4102,FIRENZE S.M.N.,CHIUSI C.T.,FIRENZE S.M.N.,-0.8160919540229885,-2.0,87,2023-01-02,2023-03-31,11,9,4,43.776893,11.247373,16:48,87,11
