train_class,train_number,train_arrival_stop_name,train_departure_stop_name,stop_name,avg_arrival_delay,median_arrival_delay,count_dates_stop,first_date,last_date,count_3m_delay,count_5m_delay,count_10m_delay,stop_lat,stop_lon,stop_time,count_dates_train,stop_number
REG,18621,LUCCA,VIAREGGIO,VIAREGGIO,2.6447368421052633,2.0,76,2023-01-02,2023-03-31,21,5,1,43.865947,10.257886,07:23,76,1
REG,18621,LUCCA,VIAREGGIO,MASSAROSA BOZZANO,3.1842105263157894,3.0,76,2023-01-02,2023-03-31,45,7,1,43.855652,10.352022,07:29,76,2
REG,18621,LUCCA,VIAREGGIO,NOZZANO,4.684210526315789,4.0,76,2023-01-02,2023-03-31,74,30,1,43.829956,10.40716,07:35,76,3
REG,18621,LUCCA,VIAREGGIO,LUCCA,3.8815789473684212,3.0,76,2023-01-02,2023-03-31,49,14,2,43.837186,10.506069,07:43,76,4
