train_class,train_number,train_arrival_stop_name,train_departure_stop_name,stop_name,avg_arrival_delay,median_arrival_delay,count_dates_stop,first_date,last_date,count_3m_delay,count_5m_delay,count_10m_delay,stop_lat,stop_lon,stop_time,count_dates_train,stop_number
REG,17048,VENEZIA SANTA LUCIA,PORTOGRUARO CAORLE,PORTOGRUARO CAORLE,3.460674157303371,3.0,89,2023-01-01,2023-03-31,85,6,2,45.781438,12.832375,17:39,89,1
REG,17048,VENEZIA SANTA LUCIA,PORTOGRUARO CAORLE,LISON,1.6404494382022472,1.0,89,2023-01-01,2023-03-31,7,3,2,45.751947,12.759416,17:44,89,2
REG,17048,VENEZIA SANTA LUCIA,PORTOGRUARO CAORLE,S. STINO DI LIVENZA,1.7752808988764044,1.0,89,2023-01-01,2023-03-31,14,4,1,45.721088,12.682769,17:50,89,3
REG,17048,VENEZIA SANTA LUCIA,PORTOGRUARO CAORLE,S. DONA` DI PIAVE,2.056179775280899,2.0,89,2023-01-01,2023-03-31,30,6,1,45.63983,12.559791,18:01,89,4
REG,17048,VENEZIA SANTA LUCIA,PORTOGRUARO CAORLE,QUARTO D`ALTINO,1.7191011235955056,1.0,89,2023-01-01,2023-03-31,30,11,1,45.574576,12.365032,18:17,89,5
REG,17048,VENEZIA SANTA LUCIA,PORTOGRUARO CAORLE,VENEZIA MESTRE,-2.202247191011236,-3.0,89,2023-01-01,2023-03-31,3,2,0,45.482123,12.232069,18:38,89,6
REG,17048,VENEZIA SANTA LUCIA,PORTOGRUARO CAORLE,VENEZIA SANTA LUCIA,1.2808988764044944,1.0,89,2023-01-01,2023-03-31,22,8,0,45.441569,12.320882,18:51,89,7
