train_class,train_number,train_arrival_stop_name,train_departure_stop_name,stop_name,avg_arrival_delay,median_arrival_delay,count_dates_stop,first_date,last_date,count_3m_delay,count_5m_delay,count_10m_delay,stop_lat,stop_lon,stop_time,count_dates_train,stop_number
REG,11121,SAN GIUSEPPE DI CAIRO,FOSSANO,FOSSANO,1.2266666666666666,1.0,75,2023-01-02,2023-03-31,5,1,1,44.550231,7.717971,10:22,75,1
REG,11121,SAN GIUSEPPE DI CAIRO,FOSSANO,TRINITA` BENE VAGIENNA,0.7066666666666667,1.0,75,2023-01-02,2023-03-31,2,1,1,44.504656,7.752647,10:27,75,2
REG,11121,SAN GIUSEPPE DI CAIRO,FOSSANO,MAGLIANO CRAVA MOROZZO,-0.18666666666666668,0.0,75,2023-01-02,2023-03-31,4,2,2,44.445259,7.777852,10:33,75,3
REG,11121,SAN GIUSEPPE DI CAIRO,FOSSANO,MONDOVI`,-0.08,-1.0,75,2023-01-02,2023-03-31,3,2,2,44.398255,7.816339,10:39,75,4
REG,11121,SAN GIUSEPPE DI CAIRO,FOSSANO,VICOFORTE SAN MICHELE,0.48,0.0,75,2023-01-02,2023-03-31,3,2,2,44.37404,7.894687,10:46,75,5
REG,11121,SAN GIUSEPPE DI CAIRO,FOSSANO,LESEGNO,0.0,-1.0,75,2023-01-02,2023-03-31,3,3,3,44.385891,7.94266,10:51,75,6
REG,11121,SAN GIUSEPPE DI CAIRO,FOSSANO,CEVA,0.06666666666666667,-1.0,75,2023-01-02,2023-03-31,3,3,3,44.389861,8.031958,10:58,75,7
REG,11121,SAN GIUSEPPE DI CAIRO,FOSSANO,SALE LANGHE,0.7733333333333333,-1.0,75,2023-01-02,2023-03-31,6,5,3,44.392425,8.077468,11:06,75,8
REG,11121,SAN GIUSEPPE DI CAIRO,FOSSANO,SALICETO,2.013333333333333,1.0,75,2023-01-02,2023-03-31,7,5,3,44.404437,8.172887,11:14,75,9
REG,11121,SAN GIUSEPPE DI CAIRO,FOSSANO,CENGIO,0.68,-1.0,75,2023-01-02,2023-03-31,6,5,2,44.390798,8.191824,11:19,75,10
REG,11121,SAN GIUSEPPE DI CAIRO,FOSSANO,SAN GIUSEPPE DI CAIRO,0.7866666666666666,-1.0,75,2023-01-02,2023-03-31,8,5,2,44.370096,8.28864,11:29,75,11
