train_class,train_number,train_arrival_stop_name,train_departure_stop_name,stop_name,avg_arrival_delay,median_arrival_delay,count_dates_stop,first_date,last_date,count_3m_delay,count_5m_delay,count_10m_delay,stop_lat,stop_lon,stop_time,count_dates_train,stop_number
REG,26214,CHIVASSO,PINEROLO,PINEROLO,0.898876404494382,1.0,89,2023-01-01,2023-03-31,1,0,0,44.887673,7.337402,11:17,89,1
REG,26214,CHIVASSO,PINEROLO,PINEROLO OLIMPICA,2.898876404494382,3.0,89,2023-01-01,2023-03-31,73,1,0,44.893325,7.349043,11:18,89,2
REG,26214,CHIVASSO,PINEROLO,PISCINA DI PINEROLO,-1.2808988764044944,-1.0,89,2023-01-01,2023-03-31,0,0,0,44.921744,7.425482,11:27,89,3
REG,26214,CHIVASSO,PINEROLO,AIRASCA,4.01123595505618,4.0,89,2023-01-01,2023-03-31,60,40,4,44.928093,7.483536,11:32,89,4
REG,26214,CHIVASSO,PINEROLO,NONE,4.98876404494382,5.0,89,2023-01-01,2023-03-31,64,51,9,44.938011,7.540068,11:36,89,5
REG,26214,CHIVASSO,PINEROLO,CANDIOLO,5.606741573033708,5.0,89,2023-01-01,2023-03-31,64,53,14,44.961155,7.598973,11:41,89,6
REG,26214,CHIVASSO,PINEROLO,NICHELINO,6.179775280898877,6.0,89,2023-01-01,2023-03-31,71,57,15,44.99132,7.642068,11:46,89,7
REG,26214,CHIVASSO,PINEROLO,MONCALIERI SANGONE,5.853932584269663,6.0,89,2023-01-01,2023-03-31,72,52,13,45.000393,7.667991,11:50,89,8
REG,26214,CHIVASSO,PINEROLO,TORINO LINGOTTO,3.4719101123595504,3.0,89,2023-01-01,2023-03-31,49,31,8,45.0266,7.657469,11:57,89,9
REG,26214,CHIVASSO,PINEROLO,TORINO PORTA SUSA,3.1931818181818183,3.0,88,2023-01-01,2023-03-31,45,26,6,45.075906,7.667673,12:04,89,10
REG,26214,CHIVASSO,PINEROLO,TORINO REBAUDENGO FOSSATA,3.590909090909091,3.0,88,2023-01-01,2023-03-31,45,29,6,,,12:08,89,11
REG,26214,CHIVASSO,PINEROLO,TORINO STURA,3.404494382022472,2.0,89,2023-01-01,2023-03-31,43,28,5,45.121932,7.713202,12:12,89,12
REG,26214,CHIVASSO,PINEROLO,SETTIMO,3.359550561797753,2.0,89,2023-01-01,2023-03-31,44,27,5,45.139834,7.769335,12:17,89,13
REG,26214,CHIVASSO,PINEROLO,BRANDIZZO,2.5842696629213484,2.0,89,2023-01-01,2023-03-31,35,19,6,45.178915,7.841218,12:23,89,14
REG,26214,CHIVASSO,PINEROLO,CHIVASSO,1.247191011235955,1.0,89,2023-01-01,2023-03-31,23,9,1,45.193637,7.889666,12:31,89,15
