train_class,train_number,train_arrival_stop_name,train_departure_stop_name,stop_name,avg_arrival_delay,median_arrival_delay,count_dates_stop,first_date,last_date,count_3m_delay,count_5m_delay,count_10m_delay,stop_lat,stop_lon,stop_time,count_dates_train,stop_number
REG,12801,ROMA OSTIENSE,VITERBO PORTA ROMANA,VITERBO PORTA ROMANA,1.576271186440678,1.0,59,2023-01-09,2023-03-31,5,0,0,42.411974,12.110482,07:54,59,1
REG,12801,ROMA OSTIENSE,VITERBO PORTA ROMANA,TRE CROCI,2.7457627118644066,3.0,59,2023-01-09,2023-03-31,35,2,0,42.331525,12.086159,08:02,59,2
REG,12801,ROMA OSTIENSE,VITERBO PORTA ROMANA,VETRALLA,1.6101694915254237,2.0,59,2023-01-09,2023-03-31,9,1,0,42.304619,12.089137,08:06,59,3
REG,12801,ROMA OSTIENSE,VITERBO PORTA ROMANA,CAPRANICA,2.1864406779661016,2.0,59,2023-01-09,2023-03-31,20,1,0,42.245195,12.157194,08:16,59,4
REG,12801,ROMA OSTIENSE,VITERBO PORTA ROMANA,ORIOLO,4.983050847457627,5.0,59,2023-01-09,2023-03-31,55,36,3,42.166825,12.138499,08:26,59,5
REG,12801,ROMA OSTIENSE,VITERBO PORTA ROMANA,MANZIANA-CANALE MONTERANO,5.440677966101695,5.0,59,2023-01-09,2023-03-31,56,43,3,42.128246,12.134934,08:31,59,6
REG,12801,ROMA OSTIENSE,VITERBO PORTA ROMANA,BRACCIANO,3.983050847457627,4.0,59,2023-01-09,2023-03-31,49,17,1,42.103667,12.173023,08:38,59,7
REG,12801,ROMA OSTIENSE,VITERBO PORTA ROMANA,ANGUILLARA,2.5254237288135593,2.0,59,2023-01-09,2023-03-31,28,14,0,42.068133,12.304978,08:55,59,8
REG,12801,ROMA OSTIENSE,VITERBO PORTA ROMANA,CESANO DI ROMA,2.8135593220338984,3.0,59,2023-01-09,2023-03-31,31,13,0,42.061833,12.326669,08:59,59,9
REG,12801,ROMA OSTIENSE,VITERBO PORTA ROMANA,LA STORTA,4.101694915254237,4.0,59,2023-01-09,2023-03-31,42,23,2,42.001748,12.381254,09:06,59,10
REG,12801,ROMA OSTIENSE,VITERBO PORTA ROMANA,VALLE AURELIA,2.6779661016949152,2.0,59,2023-01-09,2023-03-31,22,1,1,41.899356,12.447667,09:28,59,11
REG,12801,ROMA OSTIENSE,VITERBO PORTA ROMANA,ROMA S.PIETRO,0.13559322033898305,0.0,59,2023-01-09,2023-03-31,1,1,1,41.896143,12.454497,09:32,59,12
REG,12801,ROMA OSTIENSE,VITERBO PORTA ROMANA,ROMA TRASTEVERE,2.2203389830508473,2.0,59,2023-01-09,2023-03-31,16,2,1,41.872279,12.466162,09:38,59,13
REG,12801,ROMA OSTIENSE,VITERBO PORTA ROMANA,ROMA OSTIENSE,0.22033898305084745,0.0,59,2023-01-09,2023-03-31,2,2,1,41.87265,12.483917,09:42,59,14
