train_class,train_number,train_arrival_stop_name,train_departure_stop_name,stop_name,avg_arrival_delay,median_arrival_delay,count_dates_stop,first_date,last_date,count_3m_delay,count_5m_delay,count_10m_delay,stop_lat,stop_lon,stop_time,count_dates_train,stop_number
REG,5371,PALERMO CENTRALE,MESSINA CENTRALE,MESSINA CENTRALE,2.2142857142857144,2.0,14,2023-01-01,2023-03-26,2,1,1,38.184975,15.561278,18:57,14,1
REG,5371,PALERMO CENTRALE,MESSINA CENTRALE,MILAZZO,0.7857142857142857,0.0,14,2023-01-01,2023-03-26,1,1,0,38.21195,15.244203,19:14,14,2
REG,5371,PALERMO CENTRALE,MESSINA CENTRALE,BARCELLONA,0.6428571428571429,0.0,14,2023-01-01,2023-03-26,1,1,0,38.14918,15.212499,19:20,14,3
REG,5371,PALERMO CENTRALE,MESSINA CENTRALE,PATTI-SAN PIERO PATTI,0.2857142857142857,0.0,14,2023-01-01,2023-03-26,1,1,0,38.146905,14.975331,19:32,14,4
REG,5371,PALERMO CENTRALE,MESSINA CENTRALE,CAPO D`ORLANDO-NASO,-4.785714285714286,-5.0,14,2023-01-01,2023-03-26,0,0,0,38.157941,14.744844,19:56,14,5
REG,5371,PALERMO CENTRALE,MESSINA CENTRALE,S.AGATA M.,2.642857142857143,2.0,14,2023-01-01,2023-03-26,3,1,1,38.073554,14.640622,20:06,14,6
REG,5371,PALERMO CENTRALE,MESSINA CENTRALE,SANTO STEFANO DI CAMASTRA,-0.7142857142857143,-1.0,14,2023-01-01,2023-03-26,3,2,0,38.01778,14.35104,20:43,14,7
REG,5371,PALERMO CENTRALE,MESSINA CENTRALE,CEFALU`,-5.357142857142857,-7.0,14,2023-01-01,2023-03-26,2,0,0,38.03285,14.019526,21:16,14,8
REG,5371,PALERMO CENTRALE,MESSINA CENTRALE,TERMINI IMERESE,-1.5714285714285714,-2.0,14,2023-01-01,2023-03-26,0,0,0,37.980132,13.703631,21:35,14,9
REG,5371,PALERMO CENTRALE,MESSINA CENTRALE,PALERMO CENTRALE,-8.357142857142858,-9.0,14,2023-01-01,2023-03-26,0,0,0,38.109187,13.367515,22:05,14,10
