train_class,train_number,train_arrival_stop_name,train_departure_stop_name,stop_name,avg_arrival_delay,median_arrival_delay,count_dates_stop,first_date,last_date,count_3m_delay,count_5m_delay,count_10m_delay,stop_lat,stop_lon,stop_time,count_dates_train,stop_number
REG,17215,VENEZIA SANTA LUCIA,VERONA PORTA NUOVA,VERONA PORTA NUOVA,2.976470588235294,2.0,85,2023-01-01,2023-03-31,33,13,2,45.428603,10.982377,14:41,85,1
REG,17215,VENEZIA SANTA LUCIA,VERONA PORTA NUOVA,VERONA PORTA VESCOVO,2.611764705882353,2.0,85,2023-01-01,2023-03-31,31,17,2,45.435552,11.018841,14:45,85,2
REG,17215,VENEZIA SANTA LUCIA,VERONA PORTA NUOVA,CALDIERO,3.2470588235294118,2.0,85,2023-01-01,2023-03-31,39,20,3,45.41407,11.169753,14:55,85,3
REG,17215,VENEZIA SANTA LUCIA,VERONA PORTA NUOVA,SAN BONIFACIO,-1.4470588235294117,-2.0,85,2023-01-01,2023-03-31,9,4,2,45.40276,11.27406,15:07,85,4
REG,17215,VENEZIA SANTA LUCIA,VERONA PORTA NUOVA,ALTAVILLA TAVERNELLE,5.2823529411764705,5.0,85,2023-01-01,2023-03-31,73,48,10,45.511805,11.454702,15:26,85,5
REG,17215,VENEZIA SANTA LUCIA,VERONA PORTA NUOVA,VICENZA,-0.8,-1.0,85,2023-01-01,2023-03-31,14,6,0,45.541102,11.540762,15:39,85,6
REG,17215,VENEZIA SANTA LUCIA,VERONA PORTA NUOVA,GRISIGNANO DI ZOCCO,1.2823529411764707,1.0,85,2023-01-01,2023-03-31,17,8,1,45.48638,11.710762,15:52,85,7
REG,17215,VENEZIA SANTA LUCIA,VERONA PORTA NUOVA,PADOVA,-1.035294117647059,-2.0,85,2023-01-01,2023-03-31,8,5,0,45.417846,11.880794,16:08,85,8
REG,17215,VENEZIA SANTA LUCIA,VERONA PORTA NUOVA,DOLO,1.8705882352941177,1.0,85,2023-01-01,2023-03-31,26,11,1,45.453466,12.07161,16:26,85,9
REG,17215,VENEZIA SANTA LUCIA,VERONA PORTA NUOVA,VENEZIA MESTRE,-1.8352941176470587,-2.0,85,2023-01-01,2023-03-31,6,1,1,45.482123,12.232069,16:43,85,10
REG,17215,VENEZIA SANTA LUCIA,VERONA PORTA NUOVA,VENEZIA SANTA LUCIA,-0.4117647058823529,-1.0,85,2023-01-01,2023-03-31,8,2,1,45.441569,12.320882,16:56,85,11
