train_class,train_number,train_arrival_stop_name,train_departure_stop_name,stop_name,avg_arrival_delay,median_arrival_delay,count_dates_stop,first_date,last_date,count_3m_delay,count_5m_delay,count_10m_delay,stop_lat,stop_lon,stop_time,count_dates_train,stop_number
REG,10224,DOMODOSSOLA,MILANO PORTA GARIBALDI,MILANO PORTA GARIBALDI,2.057471264367816,2.0,87,2023-01-01,2023-03-31,13,3,1,45.484917,9.187683,11:46,87,1
REG,10224,DOMODOSSOLA,MILANO PORTA GARIBALDI,RHO FIERA MILANO,0.42528735632183906,0.0,87,2023-01-01,2023-03-31,7,2,1,45.521157,9.088595,11:56,87,2
REG,10224,DOMODOSSOLA,MILANO PORTA GARIBALDI,BUSTO ARSIZIO,1.9655172413793103,2.0,87,2023-01-01,2023-03-31,40,20,1,45.616164,8.865031,12:17,87,3
REG,10224,DOMODOSSOLA,MILANO PORTA GARIBALDI,GALLARATE,4.402298850574713,4.0,87,2023-01-01,2023-03-31,53,36,5,45.659828,8.798243,12:23,87,4
REG,10224,DOMODOSSOLA,MILANO PORTA GARIBALDI,CASORATE SEMPIONE,4.632183908045977,4.0,87,2023-01-01,2023-03-31,58,38,5,45.675075,8.743954,12:28,87,5
REG,10224,DOMODOSSOLA,MILANO PORTA GARIBALDI,SOMMA LOMBARDO,3.7471264367816093,3.0,87,2023-01-01,2023-03-31,49,33,4,45.686423,8.712991,12:32,87,6
REG,10224,DOMODOSSOLA,MILANO PORTA GARIBALDI,VERGIATE,3.5172413793103448,3.0,87,2023-01-01,2023-03-31,44,32,4,45.717119,8.693187,12:36,87,7
REG,10224,DOMODOSSOLA,MILANO PORTA GARIBALDI,SESTO CALENDE,3.3333333333333335,3.0,87,2023-01-01,2023-03-31,45,30,5,45.726241,8.628135,12:42,87,8
REG,10224,DOMODOSSOLA,MILANO PORTA GARIBALDI,DORMELLETTO,3.7011494252873565,3.0,87,2023-01-01,2023-03-31,47,33,6,45.7233,8.581906,12:47,87,9
REG,10224,DOMODOSSOLA,MILANO PORTA GARIBALDI,ARONA,2.057471264367816,1.0,87,2023-01-01,2023-03-31,35,22,2,45.755392,8.559075,12:53,87,10
REG,10224,DOMODOSSOLA,MILANO PORTA GARIBALDI,MEINA,2.1379310344827585,1.0,87,2023-01-01,2023-03-31,35,23,3,45.794389,8.535452,12:58,87,11
REG,10224,DOMODOSSOLA,MILANO PORTA GARIBALDI,LESA,2.8160919540229883,1.0,87,2023-01-01,2023-03-31,35,23,3,45.833042,8.566471,13:03,87,12
REG,10224,DOMODOSSOLA,MILANO PORTA GARIBALDI,BELGIRATE,0.9418604651162791,-1.0,86,2023-01-01,2023-03-31,27,13,2,45.843337,8.570821,13:07,87,13
REG,10224,DOMODOSSOLA,MILANO PORTA GARIBALDI,STRESA,0.47674418604651164,-1.0,86,2023-01-01,2023-03-31,21,7,2,45.884486,8.531454,13:14,87,14
REG,10224,DOMODOSSOLA,MILANO PORTA GARIBALDI,BAVENO,1.2528735632183907,0.0,87,2023-01-01,2023-03-31,20,8,2,45.909105,8.502121,13:18,87,15
REG,10224,DOMODOSSOLA,MILANO PORTA GARIBALDI,VERBANIA-PALLANZA,2.1954022988505746,1.0,87,2023-01-01,2023-03-31,25,15,3,45.943821,8.47224,13:23,87,16
REG,10224,DOMODOSSOLA,MILANO PORTA GARIBALDI,MERGOZZO,1.5632183908045978,1.0,87,2023-01-01,2023-03-31,23,13,4,45.961303,8.440881,13:27,87,17
REG,10224,DOMODOSSOLA,MILANO PORTA GARIBALDI,CUZZAGO,1.0804597701149425,0.0,87,2023-01-01,2023-03-31,18,12,4,45.993682,8.373989,13:32,87,18
REG,10224,DOMODOSSOLA,MILANO PORTA GARIBALDI,PREMOSELLO CHIOVENDA,1.793103448275862,1.0,87,2023-01-01,2023-03-31,25,14,5,46.002188,8.326649,13:37,87,19
REG,10224,DOMODOSSOLA,MILANO PORTA GARIBALDI,VOGOGNA OSSOLA,2.574712643678161,1.0,87,2023-01-01,2023-03-31,26,16,5,46.005883,8.294664,13:40,87,20
REG,10224,DOMODOSSOLA,MILANO PORTA GARIBALDI,DOMODOSSOLA,-4.287356321839081,-4.0,87,2023-01-01,2023-03-31,5,3,2,46.115429,8.296684,13:59,87,21
