train_class,train_number,train_arrival_stop_name,train_departure_stop_name,stop_name,avg_arrival_delay,median_arrival_delay,count_dates_stop,first_date,last_date,count_3m_delay,count_5m_delay,count_10m_delay,stop_lat,stop_lon,stop_time,count_dates_train,stop_number
REG,17396,UDINE,TRIESTE CENTRALE,TRIESTE CENTRALE,0.5384615384615384,0.0,26,2023-01-01,2023-03-26,1,1,0,45.657456,13.771873,15:28,26,1
REG,17396,UDINE,TRIESTE CENTRALE,MIRAMARE,-1.4230769230769231,-2.0,26,2023-01-01,2023-03-26,1,0,0,,,15:37,26,2
REG,17396,UDINE,TRIESTE CENTRALE,BIVIO D`AURISINA,0.8846153846153846,0.0,26,2023-01-01,2023-03-26,5,2,0,45.754253,13.655777,15:44,26,3
REG,17396,UDINE,TRIESTE CENTRALE,SISTIANA,0.19230769230769232,0.0,26,2023-01-01,2023-03-26,3,1,0,45.774903,13.645832,15:48,26,4
REG,17396,UDINE,TRIESTE CENTRALE,MONFALCONE,0.23076923076923078,0.0,26,2023-01-01,2023-03-26,4,1,0,45.807683,13.542929,15:57,26,5
REG,17396,UDINE,TRIESTE CENTRALE,RONCHI DEI LEGIONARI NORD,0.9230769230769231,0.0,26,2023-01-01,2023-03-26,4,0,0,45.830285,13.505962,16:02,26,6
REG,17396,UDINE,TRIESTE CENTRALE,SAGRADO,1.6153846153846154,1.0,26,2023-01-01,2023-03-26,6,1,0,45.872629,13.484004,16:08,26,7
REG,17396,UDINE,TRIESTE CENTRALE,GORIZIA CENTRALE,0.46153846153846156,0.0,26,2023-01-01,2023-03-26,2,0,0,45.933047,13.60684,16:19,26,8
REG,17396,UDINE,TRIESTE CENTRALE,CORMONS,0.07692307692307693,0.0,26,2023-01-01,2023-03-26,3,0,0,45.957519,13.461563,16:28,26,9
REG,17396,UDINE,TRIESTE CENTRALE,S.GIOVANNI AL NATISONE,-0.19230769230769232,-1.0,26,2023-01-01,2023-03-26,1,0,0,45.976122,13.397437,16:33,26,10
REG,17396,UDINE,TRIESTE CENTRALE,MANZANO,0.38461538461538464,0.0,26,2023-01-01,2023-03-26,2,0,0,45.98811,13.375016,16:37,26,11
REG,17396,UDINE,TRIESTE CENTRALE,BUTTRIO,0.5,0.0,26,2023-01-01,2023-03-26,1,0,0,46.012664,13.329039,16:42,26,12
REG,17396,UDINE,TRIESTE CENTRALE,UDINE,-1.5,-2.0,26,2023-01-01,2023-03-26,0,0,0,46.055791,13.242003,16:52,26,13
