train_class,train_number,train_arrival_stop_name,train_departure_stop_name,stop_name,avg_arrival_delay,median_arrival_delay,count_dates_stop,first_date,last_date,count_3m_delay,count_5m_delay,count_10m_delay,stop_lat,stop_lon,stop_time,count_dates_train,stop_number
REG,3498,VERONA PORTA NUOVA,VENEZIA SANTA LUCIA,VENEZIA SANTA LUCIA,1.2470588235294118,1.0,85,2023-01-01,2023-03-31,13,1,0,45.441569,12.320882,15:10,85,1
REG,3498,VERONA PORTA NUOVA,VENEZIA SANTA LUCIA,VENEZIA MESTRE,0.788235294117647,1.0,85,2023-01-01,2023-03-31,10,2,1,45.482123,12.232069,15:20,85,2
REG,3498,VERONA PORTA NUOVA,VENEZIA SANTA LUCIA,PADOVA,1.2470588235294118,0.0,85,2023-01-01,2023-03-31,19,8,3,45.417846,11.880794,15:38,85,3
REG,3498,VERONA PORTA NUOVA,VENEZIA SANTA LUCIA,VICENZA,0.9882352941176471,-1.0,85,2023-01-01,2023-03-31,17,11,4,45.541102,11.540762,15:56,85,4
REG,3498,VERONA PORTA NUOVA,VENEZIA SANTA LUCIA,SAN BONIFACIO,3.0352941176470587,2.0,85,2023-01-01,2023-03-31,30,16,5,45.40276,11.27406,16:12,85,5
REG,3498,VERONA PORTA NUOVA,VENEZIA SANTA LUCIA,VERONA PORTA VESCOVO,1.7647058823529411,1.0,85,2023-01-01,2023-03-31,27,13,5,45.435552,11.018841,16:31,85,6
REG,3498,VERONA PORTA NUOVA,VENEZIA SANTA LUCIA,VERONA PORTA NUOVA,2.8941176470588235,2.0,85,2023-01-01,2023-03-31,38,20,5,45.428603,10.982377,16:38,85,7
