train_class,train_number,train_arrival_stop_name,train_departure_stop_name,stop_name,avg_arrival_delay,median_arrival_delay,count_dates_stop,first_date,last_date,count_3m_delay,count_5m_delay,count_10m_delay,stop_lat,stop_lon,stop_time,count_dates_train,stop_number
REG,2260,MILANO PORTA GARIBALDI,BERGAMO,BERGAMO,1.5573770491803278,1.0,61,2023-01-02,2023-03-31,3,2,2,45.690271,9.675082,08:30,61,1
REG,2260,MILANO PORTA GARIBALDI,BERGAMO,VERDELLO DALMINE,1.8524590163934427,1.0,61,2023-01-02,2023-03-31,9,3,3,45.605715,9.619797,08:38,61,2
REG,2260,MILANO PORTA GARIBALDI,BERGAMO,TREVIGLIO OVEST,1.6229508196721312,1.0,61,2023-01-02,2023-03-31,14,5,3,45.521762,9.580281,08:47,61,3
REG,2260,MILANO PORTA GARIBALDI,BERGAMO,PIOLTELLO LIMITO,4.6,4.0,60,2023-01-02,2023-03-31,41,19,4,45.486019,9.329319,09:00,61,4
REG,2260,MILANO PORTA GARIBALDI,BERGAMO,MILANO LAMBRATE,1.7049180327868851,1.0,61,2023-01-02,2023-03-31,16,9,5,45.484933,9.237333,09:11,61,5
REG,2260,MILANO PORTA GARIBALDI,BERGAMO,MILANO PORTA GARIBALDI,1.6885245901639345,1.0,61,2023-01-02,2023-03-31,16,9,4,45.484917,9.187683,09:33,61,6
