train_class,train_number,train_arrival_stop_name,train_departure_stop_name,stop_name,avg_arrival_delay,median_arrival_delay,count_dates_stop,first_date,last_date,count_3m_delay,count_5m_delay,count_10m_delay,stop_lat,stop_lon,stop_time,count_dates_train,stop_number
REG,10002,CREMONA,PIADENA,PIADENA,4.125,1.0,88,2023-01-02,2023-03-31,25,11,6,45.127608,10.369962,06:52,88,1
REG,10002,CREMONA,PIADENA,TORRE DE` PICENARDI,4.795454545454546,2.0,88,2023-01-02,2023-03-31,36,17,6,45.137198,10.286849,06:57,88,2
REG,10002,CREMONA,PIADENA,GAZZO PIEVE S. GIACOMO,5.806818181818182,3.0,88,2023-01-02,2023-03-31,51,26,7,45.137151,10.189922,07:03,88,3
REG,10002,CREMONA,PIADENA,VILLETTA MALAGNINO,3.4886363636363638,1.0,88,2023-01-02,2023-03-31,27,13,5,45.137019,10.111943,07:11,88,4
REG,10002,CREMONA,PIADENA,CREMONA,2.4545454545454546,0.0,88,2023-01-02,2023-03-31,21,11,4,45.143215,10.017951,07:20,88,5
