train_class,train_number,train_arrival_stop_name,train_departure_stop_name,stop_name,avg_arrival_delay,median_arrival_delay,count_dates_stop,first_date,last_date,count_3m_delay,count_5m_delay,count_10m_delay,stop_lat,stop_lon,stop_time,count_dates_train,stop_number
REG,875,SARONNO,M N CADORNA,MILANO NORD DOMODOSSOLA,0.0,0.0,88,2023-01-01,2023-03-31,0,0,0,,,19:05,88,1
REG,875,SARONNO,M N CADORNA,BOLLATE CENTRO,0.0,0.0,88,2023-01-01,2023-03-31,0,0,0,,,19:17,88,2
REG,875,SARONNO,M N CADORNA,BOLLATE NORD,0.0,0.0,88,2023-01-01,2023-03-31,0,0,0,,,19:19,88,3
REG,875,SARONNO,M N CADORNA,CESATE,0.0,0.0,88,2023-01-01,2023-03-31,0,0,0,,,19:26,88,4
REG,875,SARONNO,M N CADORNA,SARONNO SUD,0.0,0.0,88,2023-01-01,2023-03-31,0,0,0,,,19:32,88,5
REG,875,SARONNO,M N CADORNA,SARONNO,0.0,0.0,88,2023-01-01,2023-03-31,0,0,0,45.625309,9.030839,19:37,88,6
