train_class,train_number,train_arrival_stop_name,train_departure_stop_name,stop_name,avg_arrival_delay,median_arrival_delay,count_dates_stop,first_date,last_date,count_3m_delay,count_5m_delay,count_10m_delay,stop_lat,stop_lon,stop_time,count_dates_train,stop_number
REG,25345,GALLARATE,LUINO,LUINO,3.792207792207792,3.0,77,2023-01-01,2023-03-31,43,25,3,45.996643,8.737464,19:45,77,1
REG,25345,GALLARATE,LUINO,PORTO VALTRAVAGLIA,4.441558441558442,3.0,77,2023-01-01,2023-03-31,51,29,3,45.958219,8.674141,19:50,77,2
REG,25345,GALLARATE,LUINO,CALDE`,4.51948051948052,4.0,77,2023-01-01,2023-03-31,47,33,4,45.945812,8.663157,19:53,77,3
REG,25345,GALLARATE,LUINO,LAVENO MOMBELLO,4.753246753246753,4.0,77,2023-01-01,2023-03-31,50,36,4,45.903272,8.624583,19:59,77,4
REG,25345,GALLARATE,LUINO,SANGIANO,5.51948051948052,4.0,77,2023-01-01,2023-03-31,57,37,5,45.874464,8.630769,20:04,77,5
REG,25345,GALLARATE,LUINO,BESOZZO,4.935064935064935,4.0,77,2023-01-01,2023-03-31,52,28,6,45.842188,8.662997,20:09,77,6
REG,25345,GALLARATE,LUINO,TRAVEDONA BIANDRONNO,6.0519480519480515,5.0,77,2023-01-01,2023-03-31,66,42,8,45.809601,8.696322,20:14,77,7
REG,25345,GALLARATE,LUINO,TERNATE VARANO BORGHI,4.6103896103896105,3.0,77,2023-01-01,2023-03-31,45,29,6,45.781835,8.700371,20:18,77,8
REG,25345,GALLARATE,LUINO,MORNAGO CIMBRO,2.4415584415584415,1.0,77,2023-01-01,2023-03-31,25,16,4,45.729742,8.734193,20:26,77,9
REG,25345,GALLARATE,LUINO,BESNATE,1.5324675324675325,1.0,77,2023-01-01,2023-03-31,13,7,4,45.695409,8.761072,20:35,77,10
REG,25345,GALLARATE,LUINO,GALLARATE,0.8571428571428571,-1.0,77,2023-01-01,2023-03-31,12,6,4,45.659828,8.798243,20:41,77,11
