train_class,train_number,train_arrival_stop_name,train_departure_stop_name,stop_name,avg_arrival_delay,median_arrival_delay,count_dates_stop,first_date,last_date,count_3m_delay,count_5m_delay,count_10m_delay,stop_lat,stop_lon,stop_time,count_dates_train,stop_number
REG,17941,BOLOGNA C.LE,FERRARA,FERRARA,2.0526315789473686,1.0,76,2023-01-02,2023-03-31,10,6,3,44.843047,11.603594,05:50,76,1
REG,17941,BOLOGNA C.LE,FERRARA,POGGIO RENATICO,3.6052631578947367,3.0,76,2023-01-02,2023-03-31,43,11,3,44.767292,11.483701,05:58,76,2
REG,17941,BOLOGNA C.LE,FERRARA,GALLIERA,3.25,2.0,76,2023-01-02,2023-03-31,28,10,3,44.737738,11.441551,06:04,76,3
REG,17941,BOLOGNA C.LE,FERRARA,S.PIETRO IN CASALE,1.1578947368421053,0.0,76,2023-01-02,2023-03-31,15,8,2,44.697928,11.404763,06:09,76,4
REG,17941,BOLOGNA C.LE,FERRARA,S.GIORGIO P.,0.5,-1.0,76,2023-01-02,2023-03-31,10,6,2,44.646641,11.37901,06:15,76,5
REG,17941,BOLOGNA C.LE,FERRARA,FUNO CENTERGROSS,1.236842105263158,0.0,76,2023-01-02,2023-03-31,13,5,2,44.593646,11.370672,06:20,76,6
REG,17941,BOLOGNA C.LE,FERRARA,CASTELMAGGIORE,-0.15789473684210525,-1.0,76,2023-01-02,2023-03-31,8,3,2,44.576055,11.366901,06:24,76,7
REG,17941,BOLOGNA C.LE,FERRARA,BOLOGNA CORTICELLA,1.25,1.0,76,2023-01-02,2023-03-31,11,3,2,44.551985,11.35401,06:28,76,8
REG,17941,BOLOGNA C.LE,FERRARA,BOLOGNA C.LE,-1.986842105263158,-3.0,76,2023-01-02,2023-03-31,4,2,1,44.50626,11.342267,06:40,76,9
