train_class,train_number,train_arrival_stop_name,train_departure_stop_name,stop_name,avg_arrival_delay,median_arrival_delay,count_dates_stop,first_date,last_date,count_3m_delay,count_5m_delay,count_10m_delay,stop_lat,stop_lon,stop_time,count_dates_train,stop_number
REG,25225,COMO S. GIOVANNI,RHO,RHO,5.2063492063492065,5.0,63,2023-01-02,2023-03-31,51,35,4,45.523813,9.043563,07:43,63,1
REG,25225,COMO S. GIOVANNI,RHO,RHO FIERA MILANO,2.0952380952380953,2.0,63,2023-01-02,2023-03-31,27,10,2,,,07:49,63,2
REG,25225,COMO S. GIOVANNI,RHO,MILANO CERTOSA,4.111111111111111,4.0,63,2023-01-02,2023-03-31,37,25,5,45.507019,9.133863,07:54,63,3
REG,25225,COMO S. GIOVANNI,RHO,MILANO PORTA GARIBALDI,3.1904761904761907,3.0,63,2023-01-02,2023-03-31,35,17,4,45.484917,9.187683,08:06,63,4
REG,25225,COMO S. GIOVANNI,RHO,MILANO GRECO PIRELLI,3.0317460317460316,2.0,63,2023-01-02,2023-03-31,30,16,3,45.51272,9.214456,08:15,63,5
REG,25225,COMO S. GIOVANNI,RHO,SESTO S. GIOVANNI,2.7301587301587302,2.0,63,2023-01-02,2023-03-31,31,13,3,45.541087,9.23926,08:20,63,6
REG,25225,COMO S. GIOVANNI,RHO,MONZA,3.5238095238095237,3.0,63,2023-01-02,2023-03-31,32,17,5,45.577789,9.273253,08:26,63,7
REG,25225,COMO S. GIOVANNI,RHO,LISSONE-MUGGIO`,4.0476190476190474,3.0,63,2023-01-02,2023-03-31,40,17,5,45.60592,9.235368,08:31,63,8
REG,25225,COMO S. GIOVANNI,RHO,DESIO,5.349206349206349,4.0,63,2023-01-02,2023-03-31,51,31,9,45.620112,9.218495,08:35,63,9
REG,25225,COMO S. GIOVANNI,RHO,SEREGNO,3.0317460317460316,2.0,63,2023-01-02,2023-03-31,27,14,4,45.64601,9.20285,08:40,63,10
REG,25225,COMO S. GIOVANNI,RHO,CAMNAGO-LENTATE,3.6666666666666665,3.0,63,2023-01-02,2023-03-31,32,16,4,45.668425,9.133451,08:45,63,11
REG,25225,COMO S. GIOVANNI,RHO,CARIMATE,2.6984126984126986,2.0,63,2023-01-02,2023-03-31,26,14,3,45.697094,9.107188,08:50,63,12
REG,25225,COMO S. GIOVANNI,RHO,COMO S. GIOVANNI,1.1111111111111112,-1.0,63,2023-01-02,2023-03-31,18,12,3,45.808946,9.072331,09:11,63,13
