train_class,train_number,train_arrival_stop_name,train_departure_stop_name,stop_name,avg_arrival_delay,median_arrival_delay,count_dates_stop,first_date,last_date,count_3m_delay,count_5m_delay,count_10m_delay,stop_lat,stop_lon,stop_time,count_dates_train,stop_number
REG,25869,BERGAMO,MILANO PORTA GARIBALDI,MILANO PORTA GARIBALDI,4.73015873015873,4.0,63,2023-01-04,2023-03-31,45,24,5,45.484917,9.187683,19:01,63,1
REG,25869,BERGAMO,MILANO PORTA GARIBALDI,MILANO GRECO PIRELLI,4.126984126984127,3.0,63,2023-01-04,2023-03-31,43,16,3,45.51272,9.214456,19:07,63,2
REG,25869,BERGAMO,MILANO PORTA GARIBALDI,SESTO S. GIOVANNI,3.857142857142857,3.0,63,2023-01-04,2023-03-31,36,14,3,45.541087,9.23926,19:12,63,3
REG,25869,BERGAMO,MILANO PORTA GARIBALDI,MONZA,3.1904761904761907,2.0,63,2023-01-04,2023-03-31,30,14,3,45.577789,9.273253,19:18,63,4
REG,25869,BERGAMO,MILANO PORTA GARIBALDI,ARCORE,4.129032258064516,3.0,62,2023-01-04,2023-03-31,34,16,4,45.623493,9.322798,19:24,63,5
REG,25869,BERGAMO,MILANO PORTA GARIBALDI,CARNATE USMATE,4.095238095238095,3.0,63,2023-01-04,2023-03-31,32,21,7,45.653072,9.375089,19:30,63,6
REG,25869,BERGAMO,MILANO PORTA GARIBALDI,PADERNO ROBBIATE,6.161290322580645,4.0,62,2023-01-04,2023-03-31,49,31,9,45.678307,9.439202,19:36,63,7
REG,25869,BERGAMO,MILANO PORTA GARIBALDI,CALUSCO,7.741935483870968,6.0,62,2023-01-04,2023-03-31,54,44,17,45.684113,9.470646,19:43,63,8
REG,25869,BERGAMO,MILANO PORTA GARIBALDI,TERNO,8.580645161290322,7.0,62,2023-01-04,2023-03-31,60,52,19,45.688658,9.536169,19:50,63,9
REG,25869,BERGAMO,MILANO PORTA GARIBALDI,PONTE S.PIETRO,9.338709677419354,8.0,62,2023-01-04,2023-03-31,62,53,25,45.69916,9.584322,19:55,63,10
REG,25869,BERGAMO,MILANO PORTA GARIBALDI,BERGAMO,11.841269841269842,10.0,63,2023-01-04,2023-03-31,62,60,32,45.690271,9.675082,20:05,63,11
