train_class,train_number,train_arrival_stop_name,train_departure_stop_name,stop_name,avg_arrival_delay,median_arrival_delay,count_dates_stop,first_date,last_date,count_3m_delay,count_5m_delay,count_10m_delay,stop_lat,stop_lon,stop_time,count_dates_train,stop_number
REG,4722,PERUGIA,TERNI,TERNI,1.6724137931034482,1.0,58,2023-01-09,2023-03-31,11,3,0,42.570768,12.651091,07:35,58,1
REG,4722,PERUGIA,TERNI,BAIANO DI SPOLETO,-0.03508771929824561,0.0,57,2023-01-09,2023-03-31,12,6,0,42.726238,12.663615,08:02,58,2
REG,4722,PERUGIA,TERNI,SPOLETO,0.6724137931034483,0.0,58,2023-01-09,2023-03-31,13,7,0,42.748121,12.736142,08:13,58,3
REG,4722,PERUGIA,TERNI,CAMPELLO,1.736842105263158,1.0,57,2023-01-09,2023-03-31,14,7,0,42.822814,12.761253,08:20,58,4
REG,4722,PERUGIA,TERNI,TREVI,-0.5964912280701754,-2.0,57,2023-01-09,2023-03-31,6,5,0,42.8762,12.733709,08:27,58,5
REG,4722,PERUGIA,TERNI,FOLIGNO,-0.6896551724137931,-1.0,58,2023-01-09,2023-03-31,5,5,0,42.954261,12.711096,08:35,58,6
REG,4722,PERUGIA,TERNI,SPELLO,2.1578947368421053,2.0,57,2023-01-09,2023-03-31,21,6,2,42.9844,12.668884,08:42,58,7
REG,4722,PERUGIA,TERNI,ASSISI,1.5087719298245614,1.0,57,2023-01-09,2023-03-31,15,6,2,43.058921,12.585304,08:51,58,8
REG,4722,PERUGIA,TERNI,BASTIA,-1.0175438596491229,-2.0,57,2023-01-09,2023-03-31,4,3,1,43.07133,12.547735,08:58,58,9
REG,4722,PERUGIA,TERNI,PERUGIA,1.1551724137931034,0.0,58,2023-01-09,2023-03-31,7,4,1,43.103808,12.375567,09:15,58,10
