train_class,train_number,train_arrival_stop_name,train_departure_stop_name,stop_name,avg_arrival_delay,median_arrival_delay,count_dates_stop,first_date,last_date,count_3m_delay,count_5m_delay,count_10m_delay,stop_lat,stop_lon,stop_time,count_dates_train,stop_number
REG,10878,MILANO GRECO PIRELLI,PIACENZA,PIACENZA,2.75,1.0,88,2023-01-01,2023-03-31,16,10,6,45.052238,9.70633,18:07,88,1
REG,10878,MILANO GRECO PIRELLI,PIACENZA,CODOGNO,2.0454545454545454,1.0,88,2023-01-01,2023-03-31,20,12,7,45.154897,9.701376,18:18,88,2
REG,10878,MILANO GRECO PIRELLI,PIACENZA,CASALPUSTERLENGO,2.7701149425287355,1.0,87,2023-01-01,2023-03-31,31,12,7,45.182473,9.653627,18:23,88,3
REG,10878,MILANO GRECO PIRELLI,PIACENZA,SECUGNAGO,3.1264367816091956,2.0,87,2023-01-01,2023-03-31,36,16,7,45.223253,9.58684,18:29,88,4
REG,10878,MILANO GRECO PIRELLI,PIACENZA,LODI,3.6931818181818183,2.0,88,2023-01-01,2023-03-31,42,20,7,45.308966,9.497585,18:37,88,5
REG,10878,MILANO GRECO PIRELLI,PIACENZA,MILANO ROGOREDO,2.147727272727273,1.0,88,2023-01-01,2023-03-31,24,14,7,45.433866,9.2391,18:59,88,6
REG,10878,MILANO GRECO PIRELLI,PIACENZA,MILANO LAMBRATE,3.9080459770114944,2.0,87,2023-01-01,2023-03-31,41,30,8,45.484933,9.237333,19:11,88,7
REG,10878,MILANO GRECO PIRELLI,PIACENZA,MILANO GRECO PIRELLI,5.625,3.0,88,2023-01-01,2023-03-31,47,38,13,45.51272,9.214456,19:18,88,8
