train_class,train_number,train_arrival_stop_name,train_departure_stop_name,stop_name,avg_arrival_delay,median_arrival_delay,count_dates_stop,first_date,last_date,count_3m_delay,count_5m_delay,count_10m_delay,stop_lat,stop_lon,stop_time,count_dates_train,stop_number
REG,12815,ROMA TIBURTINA,CESANO DI ROMA,CESANO DI ROMA,0.9166666666666666,1.0,12,2023-01-01,2023-03-26,1,0,0,42.061833,12.326669,15:01,12,1
REG,12815,ROMA TIBURTINA,CESANO DI ROMA,OLGIATA,2.5,2.0,12,2023-01-01,2023-03-26,5,0,0,42.01538,12.363864,15:07,12,2
REG,12815,ROMA TIBURTINA,CESANO DI ROMA,LA STORTA,0.25,0.0,12,2023-01-01,2023-03-26,0,0,0,42.001748,12.381254,15:11,12,3
REG,12815,ROMA TIBURTINA,CESANO DI ROMA,LA GIUSTINIANA,1.5,1.0,12,2023-01-01,2023-03-26,1,0,0,41.985243,12.403457,15:15,12,4
REG,12815,ROMA TIBURTINA,CESANO DI ROMA,IPOGEO DEGLI OTTAVI,2.0,2.0,12,2023-01-01,2023-03-26,3,0,0,41.968391,12.409026,15:18,12,5
REG,12815,ROMA TIBURTINA,CESANO DI ROMA,OTTAVIA,1.0833333333333333,1.0,12,2023-01-01,2023-03-26,0,0,0,,,15:21,12,6
REG,12815,ROMA TIBURTINA,CESANO DI ROMA,ROMA S.FILIPPO NERI,0.6666666666666666,1.0,12,2023-01-01,2023-03-26,0,0,0,41.950262,12.412414,15:24,12,7
REG,12815,ROMA TIBURTINA,CESANO DI ROMA,ROMA MONTE MARIO,0.0,0.0,12,2023-01-01,2023-03-26,0,0,0,41.939088,12.421732,15:27,12,8
REG,12815,ROMA TIBURTINA,CESANO DI ROMA,GEMELLI,1.0833333333333333,1.0,12,2023-01-01,2023-03-26,0,0,0,41.927813,12.427797,15:30,12,9
REG,12815,ROMA TIBURTINA,CESANO DI ROMA,ROMA BALDUINA,1.5,1.0,12,2023-01-01,2023-03-26,1,0,0,,,15:33,12,10
REG,12815,ROMA TIBURTINA,CESANO DI ROMA,APPIANO,1.5,1.0,12,2023-01-01,2023-03-26,1,0,0,41.909342,12.43838,15:35,12,11
REG,12815,ROMA TIBURTINA,CESANO DI ROMA,VALLE AURELIA,3.4166666666666665,3.0,12,2023-01-01,2023-03-26,12,1,0,41.899356,12.447667,15:38,12,12
REG,12815,ROMA TIBURTINA,CESANO DI ROMA,ROMA S.PIETRO,0.3333333333333333,0.0,12,2023-01-01,2023-03-26,0,0,0,41.896143,12.454497,15:42,12,13
REG,12815,ROMA TIBURTINA,CESANO DI ROMA,QUATTRO VENTI,1.9166666666666667,1.0,12,2023-01-01,2023-03-26,1,1,1,41.880145,12.459731,15:46,12,14
REG,12815,ROMA TIBURTINA,CESANO DI ROMA,ROMA TRASTEVERE,2.8333333333333335,2.0,12,2023-01-01,2023-03-26,2,1,1,41.872279,12.466162,15:49,12,15
REG,12815,ROMA TIBURTINA,CESANO DI ROMA,ROMA OSTIENSE,-0.75,-2.0,12,2023-01-01,2023-03-26,1,1,0,41.87265,12.483917,15:54,12,16
REG,12815,ROMA TIBURTINA,CESANO DI ROMA,ROMA TUSCOLANA,0.0,-1.0,12,2023-01-01,2023-03-26,1,1,0,41.879384,12.523505,16:00,12,17
REG,12815,ROMA TIBURTINA,CESANO DI ROMA,ROMA TIBURTINA,-0.9166666666666666,-1.0,12,2023-01-01,2023-03-26,1,1,0,41.910903,12.530749,16:07,12,18
