train_class,train_number,train_arrival_stop_name,train_departure_stop_name,stop_name,avg_arrival_delay,median_arrival_delay,count_dates_stop,first_date,last_date,count_3m_delay,count_5m_delay,count_10m_delay,stop_lat,stop_lon,stop_time,count_dates_train,stop_number
REG,2756,M N CADORNA,CAMNAGO LENTATE,SEVESO,0.0,0.0,62,2023-01-02,2023-03-31,0,0,0,45.648187,9.140488,15:54,62,1
REG,2756,M N CADORNA,CAMNAGO LENTATE,CESANO MADERNO,0.0,0.0,61,2023-01-02,2023-03-31,0,0,0,,,16:04,62,2
REG,2756,M N CADORNA,CAMNAGO LENTATE,VAREDO,0.0,0.0,61,2023-01-02,2023-03-31,0,0,0,,,16:10,62,3
REG,2756,M N CADORNA,CAMNAGO LENTATE,PADERNO DUGNANO,0.0,0.0,61,2023-01-02,2023-03-31,0,0,0,,,16:16,62,4
REG,2756,M N CADORNA,CAMNAGO LENTATE,MILANO NORD DOMODOSSOLA,0.0,0.0,61,2023-01-02,2023-03-31,0,0,0,,,16:32,62,5
