train_class,train_number,train_arrival_stop_name,train_departure_stop_name,stop_name,avg_arrival_delay,median_arrival_delay,count_dates_stop,first_date,last_date,count_3m_delay,count_5m_delay,count_10m_delay,stop_lat,stop_lon,stop_time,count_dates_train,stop_number
REG,17802,BOLOGNA C.LE,SAN BENEDETTO SAMBRO-CAST.PEPOLI,SAN BENEDETTO SAMBRO-CAST.PEPOLI,1.9516129032258065,1.0,62,2023-01-02,2023-03-31,13,4,0,44.22866,11.19226,05:51,62,1
REG,17802,BOLOGNA C.LE,SAN BENEDETTO SAMBRO-CAST.PEPOLI,GRIZZANA,3.032258064516129,3.0,62,2023-01-02,2023-03-31,40,8,0,44.258292,11.181194,05:54,62,2
REG,17802,BOLOGNA C.LE,SAN BENEDETTO SAMBRO-CAST.PEPOLI,MONZUNO,3.0,3.0,62,2023-01-02,2023-03-31,33,9,2,44.322277,11.262082,06:01,62,3
REG,17802,BOLOGNA C.LE,SAN BENEDETTO SAMBRO-CAST.PEPOLI,PIANORO,1.7580645161290323,1.0,62,2023-01-02,2023-03-31,15,4,1,44.380589,11.340675,06:08,62,4
REG,17802,BOLOGNA C.LE,SAN BENEDETTO SAMBRO-CAST.PEPOLI,MUSIANO-PIAN DI MACINA,1.7540983606557377,1.0,61,2023-01-02,2023-03-31,13,3,1,44.402423,11.344912,06:12,62,5
REG,17802,BOLOGNA C.LE,SAN BENEDETTO SAMBRO-CAST.PEPOLI,RASTIGNANO,1.6833333333333333,1.0,60,2023-01-02,2023-03-31,9,4,0,44.443592,11.357617,06:17,62,6
REG,17802,BOLOGNA C.LE,SAN BENEDETTO SAMBRO-CAST.PEPOLI,BOLOGNA S.RUFFILLO,1.1639344262295082,1.0,61,2023-01-02,2023-03-31,6,4,0,44.462657,11.372967,06:20,62,7
REG,17802,BOLOGNA C.LE,SAN BENEDETTO SAMBRO-CAST.PEPOLI,BOLOGNA MAZZINI,1.596774193548387,1.0,62,2023-01-02,2023-03-31,7,4,0,44.482284,11.376271,06:24,62,8
REG,17802,BOLOGNA C.LE,SAN BENEDETTO SAMBRO-CAST.PEPOLI,BOLOGNA SAN VITALE,1.967741935483871,2.0,62,2023-01-02,2023-03-31,5,3,0,,,06:29,62,9
REG,17802,BOLOGNA C.LE,SAN BENEDETTO SAMBRO-CAST.PEPOLI,BOLOGNA C.LE,-2.661290322580645,-3.0,62,2023-01-02,2023-03-31,0,0,0,44.50626,11.342267,06:36,62,10
