train_class,train_number,train_arrival_stop_name,train_departure_stop_name,stop_name,avg_arrival_delay,median_arrival_delay,count_dates_stop,first_date,last_date,count_3m_delay,count_5m_delay,count_10m_delay,stop_lat,stop_lon,stop_time,count_dates_train,stop_number
REG,4255,ANCONA,PESARO,PESARO,1.7936507936507937,1.0,63,2023-01-02,2023-03-31,6,4,2,43.906014,12.904848,18:07,63,1
REG,4255,ANCONA,PESARO,FANO,1.7619047619047619,2.0,63,2023-01-02,2023-03-31,13,5,2,43.842977,13.02478,18:15,63,2
REG,4255,ANCONA,PESARO,MAROTTA MONDOLFO,3.888888888888889,3.0,63,2023-01-02,2023-03-31,33,31,6,43.769748,13.137273,18:23,63,3
REG,4255,ANCONA,PESARO,SENIGALLIA,5.253968253968254,5.0,63,2023-01-02,2023-03-31,48,37,6,43.716277,13.221652,18:30,63,4
REG,4255,ANCONA,PESARO,FALCONARA MARITTIMA,-0.06349206349206349,-2.0,63,2023-01-02,2023-03-31,7,6,4,43.630577,13.397378,18:48,63,5
REG,4255,ANCONA,PESARO,ANCONA,0.3333333333333333,-1.0,63,2023-01-02,2023-03-31,8,5,3,43.607734,13.497665,19:00,63,6
