train_class,train_number,train_arrival_stop_name,train_departure_stop_name,stop_name,avg_arrival_delay,median_arrival_delay,count_dates_stop,first_date,last_date,count_3m_delay,count_5m_delay,count_10m_delay,stop_lat,stop_lon,stop_time,count_dates_train,stop_number
REG,21842,PALERMO CENTRALE,PALERMO NOTARBARTOLO,PALERMO NOTARBARTOLO,0.25675675675675674,0.0,74,2023-01-02,2023-03-31,3,1,0,38.132261,13.341572,21:40,74,1
REG,21842,PALERMO CENTRALE,PALERMO NOTARBARTOLO,LOLLI,-0.4189189189189189,-1.0,74,2023-01-02,2023-03-31,4,1,0,,,21:43,74,2
REG,21842,PALERMO CENTRALE,PALERMO NOTARBARTOLO,PALAZZO REALE-ORLEANS,-1.5,-2.0,74,2023-01-02,2023-03-31,1,1,0,38.10878,13.353962,21:48,74,3
REG,21842,PALERMO CENTRALE,PALERMO NOTARBARTOLO,VESPRI,0.36486486486486486,0.0,74,2023-01-02,2023-03-31,1,1,0,38.101996,13.362701,21:51,74,4
REG,21842,PALERMO CENTRALE,PALERMO NOTARBARTOLO,GUADAGNA,0.47297297297297297,0.0,74,2023-01-02,2023-03-31,1,1,0,,,21:54,74,5
REG,21842,PALERMO CENTRALE,PALERMO NOTARBARTOLO,PALERMO CENTRALE,-0.1891891891891892,0.0,74,2023-01-02,2023-03-31,0,0,0,38.109187,13.367515,21:58,74,6
