train_class,train_number,train_arrival_stop_name,train_departure_stop_name,stop_name,avg_arrival_delay,median_arrival_delay,count_dates_stop,first_date,last_date,count_3m_delay,count_5m_delay,count_10m_delay,stop_lat,stop_lon,stop_time,count_dates_train,stop_number
AV,9708,MILANO CENTRALE,VENEZIA SANTA LUCIA,VENEZIA SANTA LUCIA,1.3409090909090908,1.0,88,2023-01-01,2023-03-31,8,2,1,45.441569,12.320882,07:18,88,1
AV,9708,MILANO CENTRALE,VENEZIA SANTA LUCIA,VENEZIA MESTRE,3.0681818181818183,3.0,88,2023-01-01,2023-03-31,48,11,1,45.482123,12.232069,07:28,88,2
AV,9708,MILANO CENTRALE,VENEZIA SANTA LUCIA,PADOVA,2.5113636363636362,2.0,88,2023-01-01,2023-03-31,31,7,2,45.417846,11.880794,07:44,88,3
AV,9708,MILANO CENTRALE,VENEZIA SANTA LUCIA,VICENZA,1.1294117647058823,0.0,85,2023-01-01,2023-03-31,11,6,2,45.541102,11.540762,08:02,88,4
AV,9708,MILANO CENTRALE,VENEZIA SANTA LUCIA,VERONA PORTA NUOVA,1.2988505747126438,1.0,87,2023-01-01,2023-03-31,25,11,1,45.428603,10.982377,08:30,88,5
AV,9708,MILANO CENTRALE,VENEZIA SANTA LUCIA,PESCHIERA DEL GARDA,0.9655172413793104,0.0,87,2023-01-01,2023-03-31,19,10,1,45.438502,10.702509,08:46,88,6
AV,9708,MILANO CENTRALE,VENEZIA SANTA LUCIA,BRESCIA,3.3333333333333335,2.0,87,2023-01-01,2023-03-31,37,20,4,45.532315,10.212828,09:07,88,7
AV,9708,MILANO CENTRALE,VENEZIA SANTA LUCIA,MILANO CENTRALE,4.7272727272727275,4.0,88,2023-01-01,2023-03-31,59,31,7,45.486347,9.204528,09:45,88,8
