train_class,train_number,train_arrival_stop_name,train_departure_stop_name,stop_name,avg_arrival_delay,median_arrival_delay,count_dates_stop,first_date,last_date,count_3m_delay,count_5m_delay,count_10m_delay,stop_lat,stop_lon,stop_time,count_dates_train,stop_number
REG,26332,TORINO LINGOTTO,CHIVASSO,CHIVASSO,1.7096774193548387,1.0,62,2023-01-02,2023-03-31,14,3,0,45.193637,7.889666,13:52,62,1
REG,26332,TORINO LINGOTTO,CHIVASSO,BRANDIZZO,2.338709677419355,2.0,62,2023-01-02,2023-03-31,16,4,0,45.178915,7.841218,13:56,62,2
REG,26332,TORINO LINGOTTO,CHIVASSO,SETTIMO,2.7096774193548385,2.0,62,2023-01-02,2023-03-31,26,7,0,45.139834,7.769335,14:02,62,3
REG,26332,TORINO LINGOTTO,CHIVASSO,TORINO STURA,1.935483870967742,2.0,62,2023-01-02,2023-03-31,19,6,0,45.121932,7.713202,14:08,62,4
REG,26332,TORINO LINGOTTO,CHIVASSO,TORINO REBAUDENGO FOSSATA,1.1612903225806452,1.0,62,2023-01-02,2023-03-31,11,6,0,,,14:13,62,5
REG,26332,TORINO LINGOTTO,CHIVASSO,TORINO PORTA SUSA,0.0967741935483871,-1.0,62,2023-01-02,2023-03-31,8,2,0,45.075906,7.667673,14:18,62,6
REG,26332,TORINO LINGOTTO,CHIVASSO,TORINO LINGOTTO,2.725806451612903,2.0,62,2023-01-02,2023-03-31,28,5,0,45.0266,7.657469,14:25,62,7
