train_class,train_number,train_arrival_stop_name,train_departure_stop_name,stop_name,avg_arrival_delay,median_arrival_delay,count_dates_stop,first_date,last_date,count_3m_delay,count_5m_delay,count_10m_delay,stop_lat,stop_lon,stop_time,count_dates_train,stop_number
REG,2216,MILANO CENTRALE,BERGAMO,BERGAMO,1.4719101123595506,1.0,89,2023-01-01,2023-03-31,13,4,0,45.690271,9.675082,07:02,89,1
REG,2216,MILANO CENTRALE,BERGAMO,VERDELLO DALMINE,1.7303370786516854,1.0,89,2023-01-01,2023-03-31,19,4,0,45.605715,9.619797,07:10,89,2
REG,2216,MILANO CENTRALE,BERGAMO,PIOLTELLO LIMITO,2.337078651685393,2.0,89,2023-01-01,2023-03-31,38,17,1,45.486019,9.329319,07:30,89,3
REG,2216,MILANO CENTRALE,BERGAMO,MILANO LAMBRATE,1.404494382022472,1.0,89,2023-01-01,2023-03-31,27,14,1,45.484933,9.237333,07:39,89,4
REG,2216,MILANO CENTRALE,BERGAMO,MILANO CENTRALE,1.404494382022472,1.0,89,2023-01-01,2023-03-31,27,11,1,45.486347,9.204528,07:50,89,5
