train_class,train_number,train_arrival_stop_name,train_departure_stop_name,stop_name,avg_arrival_delay,median_arrival_delay,count_dates_stop,first_date,last_date,count_3m_delay,count_5m_delay,count_10m_delay,stop_lat,stop_lon,stop_time,count_dates_train,stop_number
REG,20533,FIUMICINO AEROPORTO,POGGIO MIRTETO,POGGIO MIRTETO,1.2840909090909092,1.0,88,2023-01-01,2023-03-31,1,0,0,42.242187,12.633043,17:40,88,1
REG,20533,FIUMICINO AEROPORTO,POGGIO MIRTETO,FARA SABINA,-0.2159090909090909,-1.0,88,2023-01-01,2023-03-31,0,0,0,42.155546,12.648323,17:49,88,2
REG,20533,FIUMICINO AEROPORTO,POGGIO MIRTETO,PIANA BELLA MONTELIBRETTI,1.6136363636363635,1.0,88,2023-01-01,2023-03-31,8,3,0,42.105159,12.632938,17:55,88,3
REG,20533,FIUMICINO AEROPORTO,POGGIO MIRTETO,MONTEROTONDO,0.4090909090909091,0.0,88,2023-01-01,2023-03-31,5,3,0,42.06409,12.595753,18:01,88,4
REG,20533,FIUMICINO AEROPORTO,POGGIO MIRTETO,SETTE BAGNI,1.8068181818181819,1.0,88,2023-01-01,2023-03-31,15,3,0,42.006438,12.520156,18:09,88,5
REG,20533,FIUMICINO AEROPORTO,POGGIO MIRTETO,FIDENE,1.75,1.0,88,2023-01-01,2023-03-31,18,5,0,41.979773,12.508451,18:14,88,6
REG,20533,FIUMICINO AEROPORTO,POGGIO MIRTETO,NUOVO SALARIO,0.11363636363636363,0.0,88,2023-01-01,2023-03-31,5,4,0,41.956195,12.510317,18:18,88,7
REG,20533,FIUMICINO AEROPORTO,POGGIO MIRTETO,ROMA NOMENTANA L.L.,-0.3522727272727273,-1.0,88,2023-01-01,2023-03-31,6,3,0,41.932935,12.523628,18:23,88,8
REG,20533,FIUMICINO AEROPORTO,POGGIO MIRTETO,ROMA TIBURTINA,-1.0481927710843373,-2.0,83,2023-01-01,2023-03-31,7,2,0,41.910903,12.530749,18:30,88,9
REG,20533,FIUMICINO AEROPORTO,POGGIO MIRTETO,ROMA TUSCOLANA,0.35443037974683544,0.0,79,2023-01-01,2023-03-31,9,3,0,41.879384,12.523505,18:36,88,10
REG,20533,FIUMICINO AEROPORTO,POGGIO MIRTETO,ROMA OSTIENSE,-0.9659090909090909,-2.0,88,2023-01-01,2023-03-31,7,3,0,41.87265,12.483917,18:44,88,11
REG,20533,FIUMICINO AEROPORTO,POGGIO MIRTETO,ROMA TRASTEVERE,1.3409090909090908,1.0,88,2023-01-01,2023-03-31,12,2,2,41.872279,12.466162,18:50,88,12
REG,20533,FIUMICINO AEROPORTO,POGGIO MIRTETO,VILLA BONELLI,2.409090909090909,2.0,88,2023-01-01,2023-03-31,24,6,2,41.8477601,12.455223,18:54,88,13
REG,20533,FIUMICINO AEROPORTO,POGGIO MIRTETO,MAGLIANA,2.6363636363636362,2.0,88,2023-01-01,2023-03-31,29,8,2,41.834235,12.431017,18:57,88,14
REG,20533,FIUMICINO AEROPORTO,POGGIO MIRTETO,MURATELLA,2.602272727272727,2.0,88,2023-01-01,2023-03-31,30,6,2,41.826182,12.412696,19:00,88,15
REG,20533,FIUMICINO AEROPORTO,POGGIO MIRTETO,PONTE GALERIA,2.4431818181818183,2.0,88,2023-01-01,2023-03-31,28,5,1,41.818349,12.344733,19:05,88,16
REG,20533,FIUMICINO AEROPORTO,POGGIO MIRTETO,PARCO LEONARDO,3.7613636363636362,3.0,88,2023-01-01,2023-03-31,65,19,1,41.79932,12.29543,19:11,88,17
REG,20533,FIUMICINO AEROPORTO,POGGIO MIRTETO,FIUMICINO AEROPORTO,2.25,2.0,88,2023-01-01,2023-03-31,27,7,1,41.793673,12.251728,19:18,88,18
