train_class,train_number,train_arrival_stop_name,train_departure_stop_name,stop_name,avg_arrival_delay,median_arrival_delay,count_dates_stop,first_date,last_date,count_3m_delay,count_5m_delay,count_10m_delay,stop_lat,stop_lon,stop_time,count_dates_train,stop_number
REG,20645,FARA SABINA,FIUMICINO AEROPORTO,FIUMICINO AEROPORTO,1.9830508474576272,2.0,59,2023-01-09,2023-03-31,12,3,0,41.793673,12.251728,12:12,59,1
REG,20645,FARA SABINA,FIUMICINO AEROPORTO,PARCO LEONARDO,2.0,2.0,59,2023-01-09,2023-03-31,18,4,0,41.79932,12.29543,12:16,59,2
REG,20645,FARA SABINA,FIUMICINO AEROPORTO,PONTE GALERIA,2.2203389830508473,2.0,59,2023-01-09,2023-03-31,21,4,0,41.818349,12.344733,12:22,59,3
REG,20645,FARA SABINA,FIUMICINO AEROPORTO,MURATELLA,3.152542372881356,3.0,59,2023-01-09,2023-03-31,32,11,1,41.826182,12.412696,12:27,59,4
REG,20645,FARA SABINA,FIUMICINO AEROPORTO,MAGLIANA,3.2203389830508473,3.0,59,2023-01-09,2023-03-31,34,14,1,41.834235,12.431017,12:30,59,5
REG,20645,FARA SABINA,FIUMICINO AEROPORTO,VILLA BONELLI,2.9491525423728815,3.0,59,2023-01-09,2023-03-31,31,10,1,41.8477601,12.455223,12:34,59,6
REG,20645,FARA SABINA,FIUMICINO AEROPORTO,ROMA TRASTEVERE,3.9322033898305087,4.0,59,2023-01-09,2023-03-31,45,21,1,41.872279,12.466162,12:39,59,7
REG,20645,FARA SABINA,FIUMICINO AEROPORTO,ROMA OSTIENSE,2.0,2.0,59,2023-01-09,2023-03-31,24,8,0,41.87265,12.483917,12:43,59,8
REG,20645,FARA SABINA,FIUMICINO AEROPORTO,ROMA TUSCOLANA,0.019230769230769232,-1.0,52,2023-01-09,2023-03-31,4,2,0,41.879384,12.523505,12:52,59,9
REG,20645,FARA SABINA,FIUMICINO AEROPORTO,ROMA TIBURTINA,-2.019230769230769,-3.0,52,2023-01-09,2023-03-31,2,1,0,41.910903,12.530749,13:00,59,10
REG,20645,FARA SABINA,FIUMICINO AEROPORTO,ROMA NOMENTANA L.L.,1.576271186440678,1.0,59,2023-01-09,2023-03-31,5,2,0,41.932935,12.523628,13:04,59,11
REG,20645,FARA SABINA,FIUMICINO AEROPORTO,NUOVO SALARIO,2.3728813559322033,2.0,59,2023-01-09,2023-03-31,17,1,0,41.956195,12.510317,13:10,59,12
REG,20645,FARA SABINA,FIUMICINO AEROPORTO,FIDENE,0.6101694915254238,0.0,59,2023-01-09,2023-03-31,2,1,0,41.979773,12.508451,13:14,59,13
REG,20645,FARA SABINA,FIUMICINO AEROPORTO,SETTE BAGNI,0.8135593220338984,1.0,59,2023-01-09,2023-03-31,2,0,0,42.006438,12.520156,13:19,59,14
REG,20645,FARA SABINA,FIUMICINO AEROPORTO,MONTEROTONDO,-0.8135593220338984,-1.0,59,2023-01-09,2023-03-31,0,0,0,42.06409,12.595753,13:28,59,15
REG,20645,FARA SABINA,FIUMICINO AEROPORTO,PIANA BELLA MONTELIBRETTI,1.728813559322034,2.0,59,2023-01-09,2023-03-31,8,0,0,42.105159,12.632938,13:33,59,16
REG,20645,FARA SABINA,FIUMICINO AEROPORTO,FARA SABINA,-1.5254237288135593,-2.0,59,2023-01-09,2023-03-31,0,0,0,42.155546,12.648323,13:42,59,17
