train_class,train_number,train_arrival_stop_name,train_departure_stop_name,stop_name,avg_arrival_delay,median_arrival_delay,count_dates_stop,first_date,last_date,count_3m_delay,count_5m_delay,count_10m_delay,stop_lat,stop_lon,stop_time,count_dates_train,stop_number
REG,2721,AOSTA,TORINO P.NUOVA,TORINO P.NUOVA,2.3424657534246576,2.0,73,2023-01-02,2023-03-31,16,3,2,45.060969,7.67747,09:25,73,1
REG,2721,AOSTA,TORINO P.NUOVA,TORINO PORTA SUSA,-0.863013698630137,-1.0,73,2023-01-02,2023-03-31,3,2,2,45.075906,7.667673,09:33,73,2
REG,2721,AOSTA,TORINO P.NUOVA,CHIVASSO,1.0684931506849316,1.0,73,2023-01-02,2023-03-31,10,3,2,45.193637,7.889666,09:48,73,3
REG,2721,AOSTA,TORINO P.NUOVA,IVREA,-0.7397260273972602,-2.0,73,2023-01-02,2023-03-31,11,8,3,45.461542,7.876348,10:22,73,4
REG,2721,AOSTA,TORINO P.NUOVA,PONT SAINT MARTIN,0.589041095890411,-1.0,73,2023-01-02,2023-03-31,12,8,3,45.589834,7.795024,10:36,73,5
REG,2721,AOSTA,TORINO P.NUOVA,VERRES,3.9726027397260273,3.0,73,2023-01-02,2023-03-31,38,25,2,45.659822,7.690012,10:47,73,6
REG,2721,AOSTA,TORINO P.NUOVA,CHATILLON SAINT VINCENT,3.638888888888889,3.0,72,2023-01-02,2023-03-31,40,19,2,45.7434,7.619309,10:59,73,7
REG,2721,AOSTA,TORINO P.NUOVA,NUS,4.808219178082192,4.0,73,2023-01-02,2023-03-31,57,26,4,45.738786,7.4712,11:09,73,8
REG,2721,AOSTA,TORINO P.NUOVA,AOSTA,3.767123287671233,3.0,73,2023-01-02,2023-03-31,44,21,4,45.73407,7.322424,11:20,73,9
