train_class,train_number,train_arrival_stop_name,train_departure_stop_name,stop_name,avg_arrival_delay,median_arrival_delay,count_dates_stop,first_date,last_date,count_3m_delay,count_5m_delay,count_10m_delay,stop_lat,stop_lon,stop_time,count_dates_train,stop_number
REG,26266,PINEROLO,CHIVASSO,CHIVASSO,1.28,1.0,75,2023-01-02,2023-03-31,8,1,0,45.193637,7.889666,12:27,75,1
REG,26266,PINEROLO,CHIVASSO,BRANDIZZO,0.7866666666666666,1.0,75,2023-01-02,2023-03-31,7,2,0,45.178915,7.841218,12:31,75,2
REG,26266,PINEROLO,CHIVASSO,SETTIMO,1.12,1.0,75,2023-01-02,2023-03-31,10,3,0,45.139834,7.769335,12:37,75,3
REG,26266,PINEROLO,CHIVASSO,TORINO STURA,-0.013333333333333334,-1.0,75,2023-01-02,2023-03-31,6,3,0,45.121932,7.713202,12:43,75,4
REG,26266,PINEROLO,CHIVASSO,TORINO REBAUDENGO FOSSATA,-0.10666666666666667,-1.0,75,2023-01-02,2023-03-31,5,1,0,,,12:48,75,5
REG,26266,PINEROLO,CHIVASSO,TORINO PORTA SUSA,-0.4533333333333333,-1.0,75,2023-01-02,2023-03-31,2,0,0,45.075906,7.667673,12:53,75,6
REG,26266,PINEROLO,CHIVASSO,TORINO LINGOTTO,1.1333333333333333,1.0,75,2023-01-02,2023-03-31,9,3,0,45.0266,7.657469,12:59,75,7
REG,26266,PINEROLO,CHIVASSO,MONCALIERI SANGONE,1.6933333333333334,1.0,75,2023-01-02,2023-03-31,21,6,0,45.000393,7.667991,13:04,75,8
REG,26266,PINEROLO,CHIVASSO,NICHELINO,3.026666666666667,3.0,75,2023-01-02,2023-03-31,39,12,0,44.99132,7.642068,13:07,75,9
REG,26266,PINEROLO,CHIVASSO,CANDIOLO,1.7733333333333334,1.0,75,2023-01-02,2023-03-31,23,7,0,44.961155,7.598973,13:13,75,10
REG,26266,PINEROLO,CHIVASSO,NONE,1.6,1.0,75,2023-01-02,2023-03-31,23,9,0,44.938011,7.540068,13:18,75,11
REG,26266,PINEROLO,CHIVASSO,AIRASCA,2.76,2.0,75,2023-01-02,2023-03-31,37,16,0,44.928093,7.483536,13:22,75,12
REG,26266,PINEROLO,CHIVASSO,PISCINA DI PINEROLO,3.04,3.0,75,2023-01-02,2023-03-31,40,18,2,44.921744,7.425482,13:27,75,13
REG,26266,PINEROLO,CHIVASSO,PINEROLO OLIMPICA,2.6,2.0,75,2023-01-02,2023-03-31,29,10,0,44.893325,7.349043,13:36,75,14
REG,26266,PINEROLO,CHIVASSO,PINEROLO,-2.1333333333333333,-3.0,75,2023-01-02,2023-03-31,3,1,0,44.887673,7.337402,13:41,75,15
