train_class,train_number,train_arrival_stop_name,train_departure_stop_name,stop_name,avg_arrival_delay,median_arrival_delay,count_dates_stop,first_date,last_date,count_3m_delay,count_5m_delay,count_10m_delay,stop_lat,stop_lon,stop_time,count_dates_train,stop_number
REG,22661,BERGAMO,TREVIGLIO,TREVIGLIO,2.1447368421052633,1.0,76,2023-01-02,2023-03-31,21,8,1,45.515063,9.587919,16:38,76,1
REG,22661,BERGAMO,TREVIGLIO,TREVIGLIO OVEST,0.5526315789473685,0.0,76,2023-01-02,2023-03-31,11,5,0,45.521762,9.580281,16:41,76,2
REG,22661,BERGAMO,TREVIGLIO,VERDELLO DALMINE,0.09210526315789473,-1.0,76,2023-01-02,2023-03-31,11,5,0,45.605715,9.619797,16:52,76,3
REG,22661,BERGAMO,TREVIGLIO,BERGAMO,1.2105263157894737,1.0,76,2023-01-02,2023-03-31,10,7,0,45.690271,9.675082,17:08,76,4
