train_class,train_number,train_arrival_stop_name,train_departure_stop_name,stop_name,avg_arrival_delay,median_arrival_delay,count_dates_stop,first_date,last_date,count_3m_delay,count_5m_delay,count_10m_delay,stop_lat,stop_lon,stop_time,count_dates_train,stop_number
REG,2025,MILANO CENTRALE,TORINO P.NUOVA,TORINO P.NUOVA,1.8777777777777778,2.0,90,2023-01-01,2023-03-31,14,2,0,45.060969,7.67747,11:54,90,1
REG,2025,MILANO CENTRALE,TORINO P.NUOVA,TORINO PORTA SUSA,-1.8888888888888888,-2.0,90,2023-01-01,2023-03-31,0,0,0,45.075906,7.667673,12:03,90,2
REG,2025,MILANO CENTRALE,TORINO P.NUOVA,CHIVASSO,1.6666666666666667,1.0,90,2023-01-01,2023-03-31,15,3,0,45.193637,7.889666,12:18,90,3
REG,2025,MILANO CENTRALE,TORINO P.NUOVA,SANTHIA`,0.0,-1.0,90,2023-01-01,2023-03-31,9,2,0,45.363726,8.180093,12:36,90,4
REG,2025,MILANO CENTRALE,TORINO P.NUOVA,VERCELLI,0.9333333333333333,1.0,90,2023-01-01,2023-03-31,14,5,0,45.329909,8.416028,12:48,90,5
REG,2025,MILANO CENTRALE,TORINO P.NUOVA,NOVARA,-0.26666666666666666,-1.0,90,2023-01-01,2023-03-31,9,3,0,45.451376,8.624895,13:03,90,6
REG,2025,MILANO CENTRALE,TORINO P.NUOVA,MAGENTA,2.7555555555555555,2.0,90,2023-01-01,2023-03-31,37,13,1,45.468204,8.880633,13:16,90,7
REG,2025,MILANO CENTRALE,TORINO P.NUOVA,RHO FIERA MILANO,0.17777777777777778,-1.0,90,2023-01-01,2023-03-31,15,5,2,45.521157,9.088595,13:32,90,8
REG,2025,MILANO CENTRALE,TORINO P.NUOVA,MILANO CENTRALE,1.4222222222222223,1.0,90,2023-01-01,2023-03-31,24,10,1,45.486347,9.204528,13:45,90,9
