train_class,train_number,train_arrival_stop_name,train_departure_stop_name,stop_name,avg_arrival_delay,median_arrival_delay,count_dates_stop,first_date,last_date,count_3m_delay,count_5m_delay,count_10m_delay,stop_lat,stop_lon,stop_time,count_dates_train,stop_number
REG,4228,PESARO,ANCONA,ANCONA,2.276315789473684,2.0,76,2023-01-02,2023-03-31,16,3,1,43.607734,13.497665,05:35,76,1
REG,4228,PESARO,ANCONA,FALCONARA MARITTIMA,1.5921052631578947,1.0,76,2023-01-02,2023-03-31,14,3,1,43.630577,13.397378,05:43,76,2
REG,4228,PESARO,ANCONA,MONTEMARCIANO,1.7894736842105263,1.0,76,2023-01-02,2023-03-31,20,5,1,43.651397,13.346478,05:48,76,3
REG,4228,PESARO,ANCONA,SENIGALLIA,1.618421052631579,1.0,76,2023-01-02,2023-03-31,19,5,2,43.716277,13.221652,05:59,76,4
REG,4228,PESARO,ANCONA,FANO,1.25,1.0,76,2023-01-02,2023-03-31,17,6,3,43.842977,13.02478,06:11,76,5
REG,4228,PESARO,ANCONA,PESARO,1.1710526315789473,1.0,76,2023-01-02,2023-03-31,15,7,3,43.906014,12.904848,06:22,76,6
