train_class,train_number,train_arrival_stop_name,train_departure_stop_name,stop_name,avg_arrival_delay,median_arrival_delay,count_dates_stop,first_date,last_date,count_3m_delay,count_5m_delay,count_10m_delay,stop_lat,stop_lon,stop_time,count_dates_train,stop_number
REG,17965,FERRARA,ROVIGO,ROVIGO,2.109375,1.0,64,2023-01-02,2023-03-31,18,5,1,45.076993,11.780892,15:04,64,1
REG,17965,FERRARA,ROVIGO,ARQUA`,1.125,1.0,64,2023-01-02,2023-03-31,12,4,1,45.006465,11.748518,15:09,64,2
REG,17965,FERRARA,ROVIGO,POLESELLA,2.9375,3.0,64,2023-01-02,2023-03-31,36,10,1,44.961039,11.738498,15:14,64,3
REG,17965,FERRARA,ROVIGO,P.C.CANARO,7.046875,7.0,64,2023-01-02,2023-03-31,58,58,12,44.923012,11.675223,15:21,64,4
REG,17965,FERRARA,ROVIGO,OCCHIOBELLO,7.03125,7.0,64,2023-01-02,2023-03-31,58,58,11,44.899384,11.621197,15:26,64,5
REG,17965,FERRARA,ROVIGO,PONTELAGOSCURO,7.0625,7.0,64,2023-01-02,2023-03-31,61,58,10,44.873216,11.612526,15:30,64,6
REG,17965,FERRARA,ROVIGO,FERRARA,1.0625,1.0,64,2023-01-02,2023-03-31,23,6,0,44.843047,11.603594,15:42,64,7
