train_class,train_number,train_arrival_stop_name,train_departure_stop_name,stop_name,avg_arrival_delay,median_arrival_delay,count_dates_stop,first_date,last_date,count_3m_delay,count_5m_delay,count_10m_delay,stop_lat,stop_lon,stop_time,count_dates_train,stop_number
REG,2536,PORTO CERESIO,MILANO PORTA GARIBALDI,MILANO PORTA GARIBALDI,1.8588235294117648,2.0,85,2023-01-01,2023-03-31,14,2,0,45.484917,9.187683,10:32,85,1
REG,2536,PORTO CERESIO,MILANO PORTA GARIBALDI,RHO FIERA MILANO,-0.5411764705882353,-1.0,85,2023-01-01,2023-03-31,4,1,0,,,10:42,85,2
REG,2536,PORTO CERESIO,MILANO PORTA GARIBALDI,LEGNANO,-0.27058823529411763,-1.0,85,2023-01-01,2023-03-31,10,2,0,45.593653,8.910638,10:55,85,3
REG,2536,PORTO CERESIO,MILANO PORTA GARIBALDI,BUSTO ARSIZIO,0.5058823529411764,0.0,85,2023-01-01,2023-03-31,16,6,0,45.616164,8.865031,11:00,85,4
REG,2536,PORTO CERESIO,MILANO PORTA GARIBALDI,GALLARATE,2.823529411764706,2.0,85,2023-01-01,2023-03-31,30,18,2,45.659828,8.798243,11:06,85,5
REG,2536,PORTO CERESIO,MILANO PORTA GARIBALDI,VARESE,1.9764705882352942,-1.0,85,2023-01-01,2023-03-31,24,12,4,45.816201,8.833089,11:24,85,6
REG,2536,PORTO CERESIO,MILANO PORTA GARIBALDI,INDUNO OLONA,3.8823529411764706,2.0,85,2023-01-01,2023-03-31,35,17,4,45.846432,8.838357,11:29,85,7
REG,2536,PORTO CERESIO,MILANO PORTA GARIBALDI,ARCISATE,4.7176470588235295,2.0,85,2023-01-01,2023-03-31,41,20,4,45.858579,8.86241,11:33,85,8
REG,2536,PORTO CERESIO,MILANO PORTA GARIBALDI,BISUSCHIO VIGGIU,4.705882352941177,2.0,85,2023-01-01,2023-03-31,40,20,5,45.870658,8.887544,11:37,85,9
REG,2536,PORTO CERESIO,MILANO PORTA GARIBALDI,PORTO CERESIO,3.0,1.0,85,2023-01-01,2023-03-31,28,9,4,45.903675,8.900357,11:45,85,10
