train_class,train_number,train_arrival_stop_name,train_departure_stop_name,stop_name,avg_arrival_delay,median_arrival_delay,count_dates_stop,first_date,last_date,count_3m_delay,count_5m_delay,count_10m_delay,stop_lat,stop_lon,stop_time,count_dates_train,stop_number
REG,20144,ROMA TIBURTINA,VELLETRI,VELLETRI,1.8035714285714286,1.0,56,2023-01-02,2023-03-31,8,2,0,41.682421,12.780864,15:27,56,1
REG,20144,ROMA TIBURTINA,VELLETRI,S. EUROSIA,0.8571428571428571,1.0,56,2023-01-02,2023-03-31,5,1,0,41.675927,12.755105,15:31,56,2
REG,20144,ROMA TIBURTINA,VELLETRI,S. GENNARO,1.3571428571428572,1.0,56,2023-01-02,2023-03-31,6,1,0,,,15:34,56,3
REG,20144,ROMA TIBURTINA,VELLETRI,LANUVIO,-0.625,-1.0,56,2023-01-02,2023-03-31,1,1,0,41.672211,12.690885,15:41,56,4
REG,20144,ROMA TIBURTINA,VELLETRI,CECCHINA,1.1785714285714286,1.0,56,2023-01-02,2023-03-31,6,2,0,41.692029,12.650992,15:49,56,5
REG,20144,ROMA TIBURTINA,VELLETRI,CANCELLIERA,3.0545454545454547,3.0,55,2023-01-02,2023-03-31,33,7,0,41.710587,12.621758,15:53,56,6
REG,20144,ROMA TIBURTINA,VELLETRI,PAVONA,-0.48214285714285715,-1.0,56,2023-01-02,2023-03-31,3,1,0,41.723897,12.61116,15:59,56,7
REG,20144,ROMA TIBURTINA,VELLETRI,S. MARIA DELLE MOLE,4.035714285714286,4.0,56,2023-01-02,2023-03-31,43,19,3,41.774417,12.606225,16:05,56,8
REG,20144,ROMA TIBURTINA,VELLETRI,CASABIANCA,2.9464285714285716,2.0,56,2023-01-02,2023-03-31,26,7,1,41.788327,12.60431,16:08,56,9
REG,20144,ROMA TIBURTINA,VELLETRI,CIAMPINO,0.44642857142857145,0.0,56,2023-01-02,2023-03-31,8,3,0,41.804442,12.599546,16:13,56,10
REG,20144,ROMA TIBURTINA,VELLETRI,CAPANNELLE,2.0892857142857144,2.0,56,2023-01-02,2023-03-31,18,5,2,41.830713,12.568884,16:17,56,11
REG,20144,ROMA TIBURTINA,VELLETRI,ROMA TIBURTINA,-0.7321428571428571,-1.0,56,2023-01-02,2023-03-31,7,3,0,41.910903,12.530749,16:35,56,12
