train_class,train_number,train_arrival_stop_name,train_departure_stop_name,stop_name,avg_arrival_delay,median_arrival_delay,count_dates_stop,first_date,last_date,count_3m_delay,count_5m_delay,count_10m_delay,stop_lat,stop_lon,stop_time,count_dates_train,stop_number
REG,26354,SUSA,TORINO P.NUOVA,TORINO P.NUOVA,1.9,2.0,90,2023-01-01,2023-03-31,16,3,0,45.060969,7.67747,06:45,90,1
REG,26354,SUSA,TORINO P.NUOVA,COLLEGNO,-0.35555555555555557,-1.0,90,2023-01-01,2023-03-31,2,0,0,45.078854,7.574131,06:58,90,2
REG,26354,SUSA,TORINO P.NUOVA,AVIGLIANA,0.5333333333333333,0.0,90,2023-01-01,2023-03-31,6,0,0,45.085276,7.401096,07:13,90,3
REG,26354,SUSA,TORINO P.NUOVA,S. AMBROGIO,2.011111111111111,2.0,90,2023-01-01,2023-03-31,19,8,0,45.101161,7.360933,07:18,90,4
REG,26354,SUSA,TORINO P.NUOVA,CONDOVE,-0.1,0.0,90,2023-01-01,2023-03-31,8,1,0,45.106689,7.317022,07:23,90,5
REG,26354,SUSA,TORINO P.NUOVA,S. ANTONINO VAIE,0.32222222222222224,0.0,90,2023-01-01,2023-03-31,9,1,0,45.109469,7.275931,07:27,90,6
REG,26354,SUSA,TORINO P.NUOVA,BORGONE,-0.28888888888888886,-1.0,90,2023-01-01,2023-03-31,6,2,0,45.123191,7.236037,07:32,90,7
REG,26354,SUSA,TORINO P.NUOVA,BRUZOLO,0.03333333333333333,-1.0,90,2023-01-01,2023-03-31,6,2,0,45.131032,7.201497,07:36,90,8
REG,26354,SUSA,TORINO P.NUOVA,BUSSOLENO,1.3,1.0,90,2023-01-01,2023-03-31,12,4,0,45.139631,7.144819,07:42,90,9
REG,26354,SUSA,TORINO P.NUOVA,SUSA,0.26666666666666666,0.0,90,2023-01-01,2023-03-31,10,4,1,45.138622,7.052311,07:53,90,10
