train_class,train_number,train_arrival_stop_name,train_departure_stop_name,stop_name,avg_arrival_delay,median_arrival_delay,count_dates_stop,first_date,last_date,count_3m_delay,count_5m_delay,count_10m_delay,stop_lat,stop_lon,stop_time,count_dates_train,stop_number
REG,24761,LECCO,MILANO PORTA GARIBALDI,MILANO PORTA GARIBALDI,1.5813953488372092,1.0,86,2023-01-01,2023-03-31,7,3,1,45.484917,9.187683,17:17,86,1
REG,24761,LECCO,MILANO PORTA GARIBALDI,MILANO GRECO PIRELLI,0.4069767441860465,0.0,86,2023-01-01,2023-03-31,6,5,2,45.51272,9.214456,17:23,86,2
REG,24761,LECCO,MILANO PORTA GARIBALDI,SESTO S. GIOVANNI,1.313953488372093,1.0,86,2023-01-01,2023-03-31,9,7,3,45.541087,9.23926,17:27,86,3
REG,24761,LECCO,MILANO PORTA GARIBALDI,MONZA,3.4823529411764707,3.0,85,2023-01-01,2023-03-31,43,18,4,45.577789,9.273253,17:33,86,4
REG,24761,LECCO,MILANO PORTA GARIBALDI,MONZA SOBBORGHI,3.2705882352941176,2.0,85,2023-01-01,2023-03-31,40,18,4,45.582082,9.284375,17:37,86,5
REG,24761,LECCO,MILANO PORTA GARIBALDI,VILLASANTA,2.070588235294118,1.0,85,2023-01-01,2023-03-31,28,10,3,45.603434,9.304923,17:42,86,6
REG,24761,LECCO,MILANO PORTA GARIBALDI,TRIUGGIO-PONTE ALBIATE,0.27906976744186046,-1.0,86,2023-01-01,2023-03-31,14,8,3,45.658956,9.266961,17:57,86,7
REG,24761,LECCO,MILANO PORTA GARIBALDI,CARATE-CALO`,1.9529411764705882,1.0,85,2023-01-01,2023-03-31,26,9,2,45.676451,9.252304,18:05,86,8
REG,24761,LECCO,MILANO PORTA GARIBALDI,VILLA RAVERIO,1.811764705882353,1.0,85,2023-01-01,2023-03-31,20,8,2,45.690418,9.261549,18:09,86,9
REG,24761,LECCO,MILANO PORTA GARIBALDI,BESANA,0.5357142857142857,-1.0,84,2023-01-01,2023-03-31,14,7,2,45.702824,9.28288,18:13,86,10
REG,24761,LECCO,MILANO PORTA GARIBALDI,RENATE-VEDUGGIO,1.8,1.0,85,2023-01-01,2023-03-31,20,8,2,45.728304,9.279834,18:17,86,11
REG,24761,LECCO,MILANO PORTA GARIBALDI,CASSAGO-NIBIONNO-BULCIAGO,1.8235294117647058,1.0,85,2023-01-01,2023-03-31,20,8,2,45.746243,9.279834,18:21,86,12
REG,24761,LECCO,MILANO PORTA GARIBALDI,COSTA MASNAGA,2.5714285714285716,2.0,84,2023-01-01,2023-03-31,28,15,3,45.76343,9.285231,18:24,86,13
REG,24761,LECCO,MILANO PORTA GARIBALDI,MOLTENO,4.571428571428571,4.0,84,2023-01-01,2023-03-31,67,26,6,45.780939,9.301683,18:28,86,14
REG,24761,LECCO,MILANO PORTA GARIBALDI,OGGIONO,3.6823529411764704,3.0,85,2023-01-01,2023-03-31,53,25,3,45.788993,9.33748,18:37,86,15
REG,24761,LECCO,MILANO PORTA GARIBALDI,SALA AL BARRO-GALBIATE,3.7790697674418605,3.0,86,2023-01-01,2023-03-31,58,26,4,45.821086,9.359223,18:42,86,16
REG,24761,LECCO,MILANO PORTA GARIBALDI,CIVATE,5.790697674418604,5.0,86,2023-01-01,2023-03-31,83,58,6,45.831295,9.352877,18:44,86,17
REG,24761,LECCO,MILANO PORTA GARIBALDI,VALMADRERA,3.0,2.0,86,2023-01-01,2023-03-31,41,20,3,45.846439,9.368183,18:48,86,18
REG,24761,LECCO,MILANO PORTA GARIBALDI,LECCO,1.558139534883721,1.0,86,2023-01-01,2023-03-31,28,14,4,45.856471,9.393638,18:56,86,19
