train_class,train_number,train_arrival_stop_name,train_departure_stop_name,stop_name,avg_arrival_delay,median_arrival_delay,count_dates_stop,first_date,last_date,count_3m_delay,count_5m_delay,count_10m_delay,stop_lat,stop_lon,stop_time,count_dates_train,stop_number
REG,4429,LECCE,BARI CENTRALE,BARI CENTRALE,2.21875,1.0,64,2023-01-02,2023-03-31,10,4,1,41.11774,16.869601,18:32,64,1
REG,4429,LECCE,BARI CENTRALE,BARI TORRE A MARE,0.015625,-1.0,64,2023-01-02,2023-03-31,6,3,1,41.082637,16.995772,18:42,64,2
REG,4429,LECCE,BARI CENTRALE,MONOPOLI,1.015625,0.0,64,2023-01-02,2023-03-31,7,4,1,40.952017,17.292455,18:58,64,3
REG,4429,LECCE,BARI CENTRALE,FASANO,2.90625,2.0,64,2023-01-02,2023-03-31,22,7,1,40.851753,17.3859,19:06,64,4
REG,4429,LECCE,BARI CENTRALE,OSTUNI,5.03125,3.0,64,2023-01-02,2023-03-31,42,19,2,40.752356,17.580809,19:17,64,5
REG,4429,LECCE,BARI CENTRALE,BRINDISI,3.0625,1.0,64,2023-01-02,2023-03-31,18,7,2,40.634339,17.938978,19:43,64,6
REG,4429,LECCE,BARI CENTRALE,SQUINZANO,3.53125,1.0,64,2023-01-02,2023-03-31,22,10,3,40.439266,18.046097,20:00,64,7
REG,4429,LECCE,BARI CENTRALE,LECCE,3.84375,1.0,64,2023-01-02,2023-03-31,25,10,3,40.34566,18.165724,20:13,64,8
