train_class,train_number,train_arrival_stop_name,train_departure_stop_name,stop_name,avg_arrival_delay,median_arrival_delay,count_dates_stop,first_date,last_date,count_3m_delay,count_5m_delay,count_10m_delay,stop_lat,stop_lon,stop_time,count_dates_train,stop_number
REG,19111,BUONCONVENTO,SIENA,SIENA,1.796875,1.0,64,2023-01-16,2023-03-31,8,3,0,43.331708,11.322972,05:45,64,1
REG,19111,BUONCONVENTO,SIENA,PONTE A TRESSA,2.78125,2.0,64,2023-01-16,2023-03-31,32,5,0,43.250844,11.39617,05:57,64,2
REG,19111,BUONCONVENTO,SIENA,MONTERONI D`ARBIA,1.5,1.0,64,2023-01-16,2023-03-31,13,3,0,43.230036,11.419662,06:03,64,3
REG,19111,BUONCONVENTO,SIENA,BUONCONVENTO,-0.84375,-1.0,64,2023-01-16,2023-03-31,2,1,0,43.135503,11.483773,06:22,64,4
