train_class,train_number,train_arrival_stop_name,train_departure_stop_name,stop_name,avg_arrival_delay,median_arrival_delay,count_dates_stop,first_date,last_date,count_3m_delay,count_5m_delay,count_10m_delay,stop_lat,stop_lon,stop_time,count_dates_train,stop_number
REG,5719,ARECHI,SALERNO,SALERNO,2.2916666666666665,2.0,72,2023-01-01,2023-03-31,20,4,0,40.675137,14.772822,10:35,72,1
REG,5719,ARECHI,SALERNO,TORRIONE,2.2916666666666665,2.0,72,2023-01-01,2023-03-31,20,4,0,,,10:39,72,2
REG,5719,ARECHI,SALERNO,PASTENA,2.2916666666666665,2.0,72,2023-01-01,2023-03-31,20,4,0,,,10:42,72,3
REG,5719,ARECHI,SALERNO,MERCATELLO,0.4305555555555556,0.0,72,2023-01-01,2023-03-31,8,2,0,40.606491,15.38979,10:45,72,4
REG,5719,ARECHI,SALERNO,ARECHI,0.18055555555555555,0.0,72,2023-01-01,2023-03-31,2,0,0,,,10:54,72,5
