train_class,train_number,train_arrival_stop_name,train_departure_stop_name,stop_name,avg_arrival_delay,median_arrival_delay,count_dates_stop,first_date,last_date,count_3m_delay,count_5m_delay,count_10m_delay,stop_lat,stop_lon,stop_time,count_dates_train,stop_number
REG,17710,PORRETTA  TERME,PISTOIA,PISTOIA,1.9642857142857142,1.0,84,2023-01-01,2023-03-31,15,5,1,43.926804,10.914624,12:20,84,1
REG,17710,PORRETTA  TERME,PISTOIA,PISTOIA OVEST,-0.023809523809523808,-1.0,84,2023-01-01,2023-03-31,6,4,2,,,12:23,84,2
REG,17710,PORRETTA  TERME,PISTOIA,CORBEZZI,1.0357142857142858,1.0,84,2023-01-01,2023-03-31,11,6,1,43.993948,10.919676,12:40,84,3
REG,17710,PORRETTA  TERME,PISTOIA,CASTAGNO,1.6428571428571428,1.0,84,2023-01-01,2023-03-31,10,6,1,44.012359,10.91538,12:44,84,4
REG,17710,PORRETTA  TERME,PISTOIA,SAN MOMME`,0.44047619047619047,0.0,84,2023-01-01,2023-03-31,8,2,0,44.027999,10.914798,12:48,84,5
REG,17710,PORRETTA  TERME,PISTOIA,PRACCHIA,1.0119047619047619,1.0,84,2023-01-01,2023-03-31,8,3,0,44.05479,10.90691,12:52,84,6
REG,17710,PORRETTA  TERME,PISTOIA,BIAGIONI LAGACCI,3.1204819277108435,3.0,83,2023-01-01,2023-03-31,53,8,1,44.086359,10.948257,12:57,84,7
REG,17710,PORRETTA  TERME,PISTOIA,MOLINO DEL PALLONE,1.3012048192771084,1.0,83,2023-01-01,2023-03-31,9,3,0,44.100128,10.961252,13:01,84,8
REG,17710,PORRETTA  TERME,PISTOIA,PONTE DELLA VENTURINA,3.3132530120481927,3.0,83,2023-01-01,2023-03-31,57,10,0,44.128589,10.990756,13:06,84,9
REG,17710,PORRETTA  TERME,PISTOIA,PORRETTA  TERME,-2.2976190476190474,-3.0,84,2023-01-01,2023-03-31,3,0,0,44.155757,10.978039,13:14,84,10
