train_class,train_number,train_arrival_stop_name,train_departure_stop_name,stop_name,avg_arrival_delay,median_arrival_delay,count_dates_stop,first_date,last_date,count_3m_delay,count_5m_delay,count_10m_delay,stop_lat,stop_lon,stop_time,count_dates_train,stop_number
REG,26369,TORINO P.NUOVA,SUSA,SUSA,1.7191011235955056,1.0,89,2023-01-01,2023-03-31,8,7,3,45.138622,7.052311,12:09,89,1
REG,26369,TORINO P.NUOVA,SUSA,BUSSOLENO,-1.0,-2.0,89,2023-01-01,2023-03-31,9,6,3,45.139631,7.144819,12:18,89,2
REG,26369,TORINO P.NUOVA,SUSA,BRUZOLO,3.0112359550561796,2.0,89,2023-01-01,2023-03-31,40,26,7,45.131032,7.201497,12:23,89,3
REG,26369,TORINO P.NUOVA,SUSA,BORGONE,2.662921348314607,2.0,89,2023-01-01,2023-03-31,38,20,5,45.123191,7.236037,12:27,89,4
REG,26369,TORINO P.NUOVA,SUSA,S. ANTONINO VAIE,3.168539325842697,2.0,89,2023-01-01,2023-03-31,43,24,6,45.109469,7.275931,12:31,89,5
REG,26369,TORINO P.NUOVA,SUSA,CONDOVE,2.9887640449438204,2.0,89,2023-01-01,2023-03-31,41,24,5,45.106689,7.317022,12:35,89,6
REG,26369,TORINO P.NUOVA,SUSA,S. AMBROGIO,3.4269662921348316,2.0,89,2023-01-01,2023-03-31,42,24,5,45.101161,7.360933,12:40,89,7
REG,26369,TORINO P.NUOVA,SUSA,AVIGLIANA,2.6179775280898876,2.0,89,2023-01-01,2023-03-31,37,20,3,45.085276,7.401096,12:44,89,8
REG,26369,TORINO P.NUOVA,SUSA,COLLEGNO,2.404494382022472,2.0,89,2023-01-01,2023-03-31,40,21,3,45.078854,7.574131,12:59,89,9
REG,26369,TORINO P.NUOVA,SUSA,TORINO P.NUOVA,-0.6067415730337079,-1.0,89,2023-01-01,2023-03-31,12,5,1,45.060969,7.67747,13:15,89,10
