train_class,train_number,train_arrival_stop_name,train_departure_stop_name,stop_name,avg_arrival_delay,median_arrival_delay,count_dates_stop,first_date,last_date,count_3m_delay,count_5m_delay,count_10m_delay,stop_lat,stop_lon,stop_time,count_dates_train,stop_number
AV,9512,MILANO CENTRALE,ROMA TERMINI,ROMA TERMINI,1.2159090909090908,1.0,88,2023-01-02,2023-03-31,15,6,0,41.900636,12.502026,07:10,88,1
AV,9512,MILANO CENTRALE,ROMA TERMINI,ROMA TIBURTINA,0.7738095238095238,1.0,84,2023-01-02,2023-03-31,16,6,0,41.910903,12.530749,07:17,88,2
AV,9512,MILANO CENTRALE,ROMA TERMINI,FIRENZE S.M.N.,6.715909090909091,5.0,88,2023-01-02,2023-03-31,66,50,16,43.776893,11.247373,08:46,88,3
AV,9512,MILANO CENTRALE,ROMA TERMINI,BOLOGNA C.LE/AV,5.908045977011494,3.0,87,2023-01-02,2023-03-31,53,37,18,44.50626,11.342267,09:33,88,4
AV,9512,MILANO CENTRALE,ROMA TERMINI,REGGIO EMILIA AV,6.908045977011494,4.0,87,2023-01-02,2023-03-31,46,36,24,44.779886,10.744171,09:58,88,5
AV,9512,MILANO CENTRALE,ROMA TERMINI,MILANO ROGOREDO,9.352272727272727,6.0,88,2023-01-02,2023-03-31,63,49,28,45.433866,9.2391,10:38,88,6
AV,9512,MILANO CENTRALE,ROMA TERMINI,MILANO CENTRALE,8.875,5.0,88,2023-01-02,2023-03-31,58,50,27,45.486347,9.204528,10:50,88,7
