train_class,train_number,train_arrival_stop_name,train_departure_stop_name,stop_name,avg_arrival_delay,median_arrival_delay,count_dates_stop,first_date,last_date,count_3m_delay,count_5m_delay,count_10m_delay,stop_lat,stop_lon,stop_time,count_dates_train,stop_number
REG,5098,NOCERA INFERIORE,SALERNO,SALERNO,1.403225806451613,1.0,62,2023-01-02,2023-03-31,5,3,1,40.675137,14.772822,19:27,62,1
REG,5098,NOCERA INFERIORE,SALERNO,CAVA DEI TIRRENI,0.21311475409836064,-1.0,61,2023-01-02,2023-03-31,5,3,1,40.703662,14.708461,19:41,62,2
REG,5098,NOCERA INFERIORE,SALERNO,NOCERA SUPERIORE,0.9836065573770492,0.0,61,2023-01-02,2023-03-31,7,4,2,40.742597,14.672398,19:48,62,3
REG,5098,NOCERA INFERIORE,SALERNO,NOCERA INFERIORE,0.8064516129032258,1.0,62,2023-01-02,2023-03-31,13,4,1,40.745318,14.635346,19:55,62,4
