train_class,train_number,train_arrival_stop_name,train_departure_stop_name,stop_name,avg_arrival_delay,median_arrival_delay,count_dates_stop,first_date,last_date,count_3m_delay,count_5m_delay,count_10m_delay,stop_lat,stop_lon,stop_time,count_dates_train,stop_number
REG,21752,PALERMO CENTRALE,PUNTA RAISI,PUNTA RAISI,1.6428571428571428,1.0,14,2023-01-01,2023-03-26,1,1,0,38.188892,13.110059,18:20,14,1
REG,21752,PALERMO CENTRALE,PUNTA RAISI,PIRAINETO,1.2142857142857142,1.0,14,2023-01-01,2023-03-26,1,1,0,38.169148,13.14256,18:24,14,2
REG,21752,PALERMO CENTRALE,PUNTA RAISI,CARINI,-0.14285714285714285,-1.0,14,2023-01-01,2023-03-26,1,1,0,38.147696,13.186624,18:30,14,3
REG,21752,PALERMO CENTRALE,PUNTA RAISI,ISOLA DELLE FEMMINE,-0.14285714285714285,-1.0,14,2023-01-01,2023-03-26,1,1,0,38.194784,13.250188,18:40,14,4
REG,21752,PALERMO CENTRALE,PUNTA RAISI,FRANCIA,-0.07142857142857142,0.0,14,2023-01-01,2023-03-26,1,0,0,38.155233,13.321938,18:54,14,5
REG,21752,PALERMO CENTRALE,PUNTA RAISI,PALERMO NOTARBARTOLO,-1.3571428571428572,-2.0,14,2023-01-01,2023-03-26,0,0,0,38.132261,13.341572,18:59,14,6
REG,21752,PALERMO CENTRALE,PUNTA RAISI,LOLLI,1.8571428571428572,2.0,14,2023-01-01,2023-03-26,1,0,0,,,19:02,14,7
REG,21752,PALERMO CENTRALE,PUNTA RAISI,PALAZZO REALE-ORLEANS,-1.9285714285714286,-2.0,14,2023-01-01,2023-03-26,0,0,0,38.10878,13.353962,19:07,14,8
REG,21752,PALERMO CENTRALE,PUNTA RAISI,VESPRI,0.35714285714285715,0.0,14,2023-01-01,2023-03-26,0,0,0,38.101996,13.362701,19:10,14,9
REG,21752,PALERMO CENTRALE,PUNTA RAISI,GUADAGNA,0.35714285714285715,0.0,14,2023-01-01,2023-03-26,0,0,0,,,19:13,14,10
REG,21752,PALERMO CENTRALE,PUNTA RAISI,PALERMO CENTRALE,-0.8571428571428571,-1.0,14,2023-01-01,2023-03-26,0,0,0,38.109187,13.367515,19:17,14,11
