train_class,train_number,train_arrival_stop_name,train_departure_stop_name,stop_name,avg_arrival_delay,median_arrival_delay,count_dates_stop,first_date,last_date,count_3m_delay,count_5m_delay,count_10m_delay,stop_lat,stop_lon,stop_time,count_dates_train,stop_number
REG,90023,VIGNOLA,BOLOGNA C.LE,BOLOGNA C.LE,2.0153846153846153,2.0,65,2023-01-01,2023-03-31,11,2,1,44.50626,11.342267,15:18,65,1
REG,90023,VIGNOLA,BOLOGNA C.LE,BOLOGNA BORGO PANIGALE,3.769230769230769,3.0,65,2023-01-01,2023-03-31,61,8,1,44.515024,11.284728,15:22,65,2
REG,90023,VIGNOLA,BOLOGNA C.LE,CASTELDEBOLE,0.07692307692307693,-1.0,65,2023-01-01,2023-03-31,11,1,1,44.503974,11.27456,15:25,65,3
REG,90023,VIGNOLA,BOLOGNA C.LE,CASALECCHIO GARIBALDI,-1.123076923076923,-1.0,65,2023-01-01,2023-03-31,2,1,1,44.482995,11.272474,15:31,65,4
REG,90023,VIGNOLA,BOLOGNA C.LE,VIA LUNGA,1.2615384615384615,1.0,65,2023-01-01,2023-03-31,15,6,0,,,15:49,65,5
REG,90023,VIGNOLA,BOLOGNA C.LE,CRESPELLANO,1.6615384615384616,1.0,65,2023-01-01,2023-03-31,19,8,1,,,15:54,65,6
REG,90023,VIGNOLA,BOLOGNA C.LE,BAZZANO,1.4307692307692308,1.0,65,2023-01-01,2023-03-31,14,3,2,,,16:02,65,7
REG,90023,VIGNOLA,BOLOGNA C.LE,VIGNOLA,1.2923076923076924,1.0,65,2023-01-01,2023-03-31,14,4,3,,,16:15,65,8
