train_class,train_number,train_arrival_stop_name,train_departure_stop_name,stop_name,avg_arrival_delay,median_arrival_delay,count_dates_stop,first_date,last_date,count_3m_delay,count_5m_delay,count_10m_delay,stop_lat,stop_lon,stop_time,count_dates_train,stop_number
REG,21098,ROMA TERMINI,NAPOLI CENTRALE,NAPOLI CENTRALE,3.6052631578947367,2.0,76,2023-01-02,2023-03-31,33,13,3,40.852933,14.272908,17:20,76,1
REG,21098,ROMA TERMINI,NAPOLI CENTRALE,AVERSA,1.2763157894736843,-1.0,76,2023-01-02,2023-03-31,13,9,3,40.973323,14.218578,17:36,76,2
REG,21098,ROMA TERMINI,NAPOLI CENTRALE,S.MARCELLINO FRIGNANO,3.039473684210526,1.0,76,2023-01-02,2023-03-31,19,12,5,40.992103,14.171976,17:42,76,3
REG,21098,ROMA TERMINI,NAPOLI CENTRALE,VILLA LITERNO,4.9605263157894735,3.0,76,2023-01-02,2023-03-31,43,22,6,41.004956,14.06753,17:53,76,4
REG,21098,ROMA TERMINI,NAPOLI CENTRALE,FALCIANO MONDRAGONE CAR.,10.907894736842104,10.0,76,2023-01-02,2023-03-31,73,73,39,41.123525,13.971792,18:04,76,5
REG,21098,ROMA TERMINI,NAPOLI CENTRALE,SESSA AURUNCA R.,11.907894736842104,10.0,76,2023-01-02,2023-03-31,75,73,42,41.1955,13.8761,18:12,76,6
REG,21098,ROMA TERMINI,NAPOLI CENTRALE,MINTURNO,13.381578947368421,11.0,76,2023-01-02,2023-03-31,75,75,51,41.257621,13.720664,18:20,76,7
REG,21098,ROMA TERMINI,NAPOLI CENTRALE,FORMIA-GAETA,5.684210526315789,4.0,76,2023-01-02,2023-03-31,46,36,13,41.258773,13.605996,18:36,76,8
REG,21098,ROMA TERMINI,NAPOLI CENTRALE,ITRI,3.9078947368421053,2.0,76,2023-01-02,2023-03-31,34,25,13,41.271328,13.545549,18:45,76,9
REG,21098,ROMA TERMINI,NAPOLI CENTRALE,FONDI - SPERLONGA,2.473684210526316,-1.0,76,2023-01-02,2023-03-31,28,18,11,41.337663,13.424893,18:55,76,10
REG,21098,ROMA TERMINI,NAPOLI CENTRALE,MONTE S.BIAGIO,1.6578947368421053,-1.0,76,2023-01-02,2023-03-31,20,16,8,41.345967,13.347037,19:03,76,11
REG,21098,ROMA TERMINI,NAPOLI CENTRALE,PRIVERNO FOSSANOVA,1.1578947368421053,-2.0,76,2023-01-02,2023-03-31,17,13,7,41.421853,13.186406,19:16,76,12
REG,21098,ROMA TERMINI,NAPOLI CENTRALE,SEZZE ROMANO,2.1447368421052633,-1.0,76,2023-01-02,2023-03-31,20,14,7,41.495542,13.038452,19:26,76,13
REG,21098,ROMA TERMINI,NAPOLI CENTRALE,LATINA,0.06578947368421052,-3.0,76,2023-01-02,2023-03-31,14,10,6,41.538372,12.945888,19:35,76,14
REG,21098,ROMA TERMINI,NAPOLI CENTRALE,CISTERNA DI LATINA,0.8421052631578947,-1.0,76,2023-01-02,2023-03-31,12,8,5,41.586511,12.827538,19:45,76,15
REG,21098,ROMA TERMINI,NAPOLI CENTRALE,CAMPOLEONE,0.7763157894736842,-1.0,76,2023-01-02,2023-03-31,11,7,4,41.642396,12.648341,19:57,76,16
REG,21098,ROMA TERMINI,NAPOLI CENTRALE,POMEZIA - S.PALOMBA,3.1315789473684212,2.0,76,2023-01-02,2023-03-31,27,15,6,41.706171,12.573611,20:04,76,17
REG,21098,ROMA TERMINI,NAPOLI CENTRALE,ROMA TERMINI,1.394736842105263,0.0,76,2023-01-02,2023-03-31,15,8,4,41.900636,12.502026,20:24,76,18
