train_class,train_number,train_arrival_stop_name,train_departure_stop_name,stop_name,avg_arrival_delay,median_arrival_delay,count_dates_stop,first_date,last_date,count_3m_delay,count_5m_delay,count_10m_delay,stop_lat,stop_lon,stop_time,count_dates_train,stop_number
REG,4157,ROMA TERMINI,ANCONA,ANCONA,5.136986301369863,5.0,73,2023-01-02,2023-03-31,59,43,4,43.607734,13.497665,18:50,73,1
REG,4157,ROMA TERMINI,ANCONA,FALCONARA MARITTIMA,4.438356164383562,4.0,73,2023-01-02,2023-03-31,55,36,3,43.630577,13.397378,18:59,73,2
REG,4157,ROMA TERMINI,ANCONA,CHIARAVALLE,2.863013698630137,3.0,73,2023-01-02,2023-03-31,41,19,2,43.595503,13.327655,19:05,73,3
REG,4157,ROMA TERMINI,ANCONA,JESI,4.917808219178082,5.0,73,2023-01-02,2023-03-31,56,39,8,43.520164,13.251316,19:13,73,4
REG,4157,ROMA TERMINI,ANCONA,CASTELPLANIO CUPRAMONTANA,4.589041095890411,4.0,73,2023-01-02,2023-03-31,51,35,7,43.481403,13.084733,19:26,73,5
REG,4157,ROMA TERMINI,ANCONA,SERRA S.QUIRICO,4.301369863013699,4.0,73,2023-01-02,2023-03-31,53,29,8,43.444879,13.027408,19:33,73,6
REG,4157,ROMA TERMINI,ANCONA,FABRIANO,3.9305555555555554,3.0,72,2023-01-02,2023-03-31,43,26,6,43.345429,12.905336,19:51,73,7
REG,4157,ROMA TERMINI,ANCONA,FOSSATO DI VICO GUBBIO,3.8493150684931505,3.0,73,2023-01-02,2023-03-31,42,24,9,43.283798,12.757258,20:06,73,8
REG,4157,ROMA TERMINI,ANCONA,GUALDO TADINO,3.7260273972602738,3.0,73,2023-01-02,2023-03-31,39,24,8,43.233475,12.7672,20:13,73,9
REG,4157,ROMA TERMINI,ANCONA,NOCERA UMBRA,2.9178082191780823,2.0,73,2023-01-02,2023-03-31,34,20,6,43.100663,12.767207,20:27,73,10
REG,4157,ROMA TERMINI,ANCONA,FOLIGNO,5.2465753424657535,5.0,73,2023-01-02,2023-03-31,48,40,11,42.954261,12.711096,20:44,73,11
REG,4157,ROMA TERMINI,ANCONA,SPOLETO,9.520547945205479,9.0,73,2023-01-02,2023-03-31,72,62,31,42.748121,12.736142,20:58,73,12
REG,4157,ROMA TERMINI,ANCONA,TERNI,7.5479452054794525,6.0,73,2023-01-02,2023-03-31,61,53,22,42.570768,12.651091,21:24,73,13
REG,4157,ROMA TERMINI,ANCONA,ORTE,3.808219178082192,3.0,73,2023-01-02,2023-03-31,40,28,11,42.43728,12.408986,21:45,73,14
REG,4157,ROMA TERMINI,ANCONA,ROMA TIBURTINA,8.855072463768115,7.0,69,2023-01-02,2023-03-31,57,43,26,41.910903,12.530749,22:21,73,15
REG,4157,ROMA TERMINI,ANCONA,ROMA TERMINI,5.191780821917808,3.0,73,2023-01-02,2023-03-31,38,28,13,41.900636,12.502026,22:32,73,16
