train_class,train_number,train_arrival_stop_name,train_departure_stop_name,stop_name,avg_arrival_delay,median_arrival_delay,count_dates_stop,first_date,last_date,count_3m_delay,count_5m_delay,count_10m_delay,stop_lat,stop_lon,stop_time,count_dates_train,stop_number
REG,4405,LECCE,BARI CENTRALE,BARI CENTRALE,0.96875,0.0,64,2023-01-02,2023-03-31,8,4,1,41.11774,16.869601,13:02,64,1
REG,4405,LECCE,BARI CENTRALE,BARI TORRE A MARE,-1.75,-3.0,64,2023-01-02,2023-03-31,6,4,0,41.082637,16.995772,13:12,64,2
REG,4405,LECCE,BARI CENTRALE,MONOPOLI,-0.078125,-1.0,64,2023-01-02,2023-03-31,6,5,1,40.952017,17.292455,13:28,64,3
REG,4405,LECCE,BARI CENTRALE,FASANO,2.296875,1.0,64,2023-01-02,2023-03-31,19,8,3,40.851753,17.3859,13:36,64,4
REG,4405,LECCE,BARI CENTRALE,OSTUNI,2.109375,1.0,64,2023-01-02,2023-03-31,16,10,2,40.752356,17.580809,13:50,64,5
REG,4405,LECCE,BARI CENTRALE,BRINDISI,0.21875,-1.0,64,2023-01-02,2023-03-31,15,8,1,40.634339,17.938978,14:12,64,6
REG,4405,LECCE,BARI CENTRALE,SQUINZANO,0.265625,-1.0,64,2023-01-02,2023-03-31,10,4,0,40.439266,18.046097,14:29,64,7
REG,4405,LECCE,BARI CENTRALE,LECCE,-2.1875,-3.0,64,2023-01-02,2023-03-31,5,4,0,40.34566,18.165724,14:43,64,8
