train_class,train_number,train_arrival_stop_name,train_departure_stop_name,stop_name,avg_arrival_delay,median_arrival_delay,count_dates_stop,first_date,last_date,count_3m_delay,count_5m_delay,count_10m_delay,stop_lat,stop_lon,stop_time,count_dates_train,stop_number
REG,17433,RIMINI,BOLOGNA C.LE,BOLOGNA C.LE,2.5064935064935066,1.0,77,2023-01-01,2023-03-31,12,6,2,44.50626,11.342267,05:00,77,1
REG,17433,RIMINI,BOLOGNA C.LE,VARIGNANA,5.4935064935064934,4.0,77,2023-01-01,2023-03-31,59,32,9,44.436796,11.523078,05:11,77,2
REG,17433,RIMINI,BOLOGNA C.LE,CASTEL S.PIETRO TERME,2.987012987012987,2.0,77,2023-01-01,2023-03-31,28,15,6,44.407376,11.597681,05:18,77,3
REG,17433,RIMINI,BOLOGNA C.LE,IMOLA,2.168831168831169,0.0,77,2023-01-01,2023-03-31,19,13,6,44.359418,11.718723,05:26,77,4
REG,17433,RIMINI,BOLOGNA C.LE,CASTELBOLOGNESE,3.090909090909091,1.0,77,2023-01-01,2023-03-31,22,16,6,44.325391,11.804174,05:32,77,5
REG,17433,RIMINI,BOLOGNA C.LE,FAENZA,3.051948051948052,1.0,77,2023-01-01,2023-03-31,26,16,6,44.293594,11.883268,05:38,77,6
REG,17433,RIMINI,BOLOGNA C.LE,FORLI`,3.3766233766233764,2.0,77,2023-01-01,2023-03-31,28,16,7,44.22413,12.054871,05:47,77,7
REG,17433,RIMINI,BOLOGNA C.LE,FORLIMPOPOLI,3.792207792207792,2.0,77,2023-01-01,2023-03-31,31,18,6,44.194165,12.128125,05:54,77,8
REG,17433,RIMINI,BOLOGNA C.LE,CESENA,1.9610389610389611,0.0,77,2023-01-01,2023-03-31,18,13,6,44.145449,12.24964,06:02,77,9
REG,17433,RIMINI,BOLOGNA C.LE,GAMBETTOLA,3.961038961038961,2.0,77,2023-01-01,2023-03-31,32,17,7,44.116718,12.327555,06:08,77,10
REG,17433,RIMINI,BOLOGNA C.LE,SAVIGNANO SUL RUBICONE,3.4675324675324677,1.0,77,2023-01-01,2023-03-31,28,14,6,44.095191,12.40421,06:14,77,11
REG,17433,RIMINI,BOLOGNA C.LE,SANTARCANGELO DI ROMAGNA,1.0,-1.0,77,2023-01-01,2023-03-31,13,8,4,44.070316,12.45454,06:20,77,12
REG,17433,RIMINI,BOLOGNA C.LE,RIMINI,1.3766233766233766,1.0,77,2023-01-01,2023-03-31,14,9,3,44.064176,12.574093,06:30,77,13
