train_class,train_number,train_arrival_stop_name,train_departure_stop_name,stop_name,avg_arrival_delay,median_arrival_delay,count_dates_stop,first_date,last_date,count_3m_delay,count_5m_delay,count_10m_delay,stop_lat,stop_lon,stop_time,count_dates_train,stop_number
REG,16643,UDINE,CARNIA,CARNIA,2.671875,2.0,64,2023-01-02,2023-03-31,22,2,1,46.373634,13.132847,17:22,64,1
REG,16643,UDINE,CARNIA,GEMONA DEL FRIULI,1.28125,1.0,64,2023-01-02,2023-03-31,6,2,1,46.274243,13.127978,17:32,64,2
REG,16643,UDINE,CARNIA,TARCENTO,0.609375,0.0,64,2023-01-02,2023-03-31,4,2,1,46.209134,13.196211,17:42,64,3
REG,16643,UDINE,CARNIA,UDINE,2.40625,2.0,64,2023-01-02,2023-03-31,16,4,1,46.055791,13.242003,17:59,64,4
