train_class,train_number,train_arrival_stop_name,train_departure_stop_name,stop_name,avg_arrival_delay,median_arrival_delay,count_dates_stop,first_date,last_date,count_3m_delay,count_5m_delay,count_10m_delay,stop_lat,stop_lon,stop_time,count_dates_train,stop_number
REG,20047,ALBANO LAZIALE,ROMA TERMINI,ROMA TERMINI,0.3684210526315789,0.0,76,2023-01-02,2023-03-31,2,1,1,41.900636,12.502026,21:21,76,1
REG,20047,ALBANO LAZIALE,ROMA TERMINI,CAPANNELLE,1.144736842105263,0.0,76,2023-01-02,2023-03-31,15,4,2,41.830713,12.568884,21:29,76,2
REG,20047,ALBANO LAZIALE,ROMA TERMINI,CIAMPINO,1.3421052631578947,1.0,76,2023-01-02,2023-03-31,12,4,2,41.804442,12.599546,21:36,76,3
REG,20047,ALBANO LAZIALE,ROMA TERMINI,ACQUA ACETOSA,3.210526315789474,2.0,76,2023-01-02,2023-03-31,37,8,3,41.794294,12.616449,21:40,76,4
REG,20047,ALBANO LAZIALE,ROMA TERMINI,SASSONE,2.3421052631578947,2.0,76,2023-01-02,2023-03-31,16,6,3,41.783777,12.625832,21:44,76,5
REG,20047,ALBANO LAZIALE,ROMA TERMINI,PANTANELLA,0.868421052631579,0.0,76,2023-01-02,2023-03-31,6,5,3,,,21:47,76,6
REG,20047,ALBANO LAZIALE,ROMA TERMINI,MARINO,1.236842105263158,1.0,76,2023-01-02,2023-03-31,8,3,1,41.768961,12.655994,21:56,76,7
REG,20047,ALBANO LAZIALE,ROMA TERMINI,CASTEL GANDOLFO,3.4133333333333336,3.0,75,2023-01-02,2023-03-31,71,3,1,41.746946,12.652266,22:03,76,8
REG,20047,ALBANO LAZIALE,ROMA TERMINI,VILLETTA,1.2266666666666666,1.0,75,2023-01-02,2023-03-31,3,2,1,41.738237,12.649463,22:08,76,9
REG,20047,ALBANO LAZIALE,ROMA TERMINI,ALBANO LAZIALE,-0.9078947368421053,-1.0,76,2023-01-02,2023-03-31,1,1,1,41.72632,12.658056,22:13,76,10
