train_class,train_number,train_arrival_stop_name,train_departure_stop_name,stop_name,avg_arrival_delay,median_arrival_delay,count_dates_stop,first_date,last_date,count_3m_delay,count_5m_delay,count_10m_delay,stop_lat,stop_lon,stop_time,count_dates_train,stop_number
REG,20175,VELLETRI,ROMA TERMINI,ROMA TERMINI,1.75,0.0,16,2023-01-02,2023-03-25,3,2,1,41.900636,12.502026,19:28,16,1
REG,20175,VELLETRI,ROMA TERMINI,CAPANNELLE,2.875,2.0,16,2023-01-02,2023-03-25,5,4,1,41.830713,12.568884,19:36,16,2
REG,20175,VELLETRI,ROMA TERMINI,CIAMPINO,3.0,1.0,16,2023-01-02,2023-03-25,6,4,1,41.804442,12.599546,19:43,16,3
REG,20175,VELLETRI,ROMA TERMINI,CASABIANCA,5.375,3.0,16,2023-01-02,2023-03-25,15,6,3,41.788327,12.60431,19:47,16,4
REG,20175,VELLETRI,ROMA TERMINI,S. MARIA DELLE MOLE,3.375,1.0,16,2023-01-02,2023-03-25,6,4,1,41.774417,12.606225,19:51,16,5
REG,20175,VELLETRI,ROMA TERMINI,PAVONA,4.5625,3.0,16,2023-01-02,2023-03-25,10,5,3,41.723897,12.61116,19:57,16,6
REG,20175,VELLETRI,ROMA TERMINI,CANCELLIERA,4.9375,4.0,16,2023-01-02,2023-03-25,12,6,2,41.710587,12.621758,20:00,16,7
REG,20175,VELLETRI,ROMA TERMINI,CECCHINA,4.5,3.0,16,2023-01-02,2023-03-25,10,5,2,41.692029,12.650992,20:05,16,8
REG,20175,VELLETRI,ROMA TERMINI,LANUVIO,5.1875,4.0,16,2023-01-02,2023-03-25,11,7,1,41.672211,12.690885,20:12,16,9
REG,20175,VELLETRI,ROMA TERMINI,S. GENNARO,4.8,5.0,15,2023-01-02,2023-03-25,11,9,1,,,20:21,16,10
REG,20175,VELLETRI,ROMA TERMINI,S. EUROSIA,3.1875,3.0,16,2023-01-02,2023-03-25,9,2,1,41.675927,12.755105,20:26,16,11
REG,20175,VELLETRI,ROMA TERMINI,VELLETRI,0.625,1.0,16,2023-01-02,2023-03-25,2,1,1,41.682421,12.780864,20:33,16,12
