train_class,train_number,train_arrival_stop_name,train_departure_stop_name,stop_name,avg_arrival_delay,median_arrival_delay,count_dates_stop,first_date,last_date,count_3m_delay,count_5m_delay,count_10m_delay,stop_lat,stop_lon,stop_time,count_dates_train,stop_number
REG,2035,MILANO CENTRALE,TORINO P.NUOVA,TORINO P.NUOVA,2.0,2.0,89,2023-01-01,2023-03-31,16,2,0,45.060969,7.67747,16:54,89,1
REG,2035,MILANO CENTRALE,TORINO P.NUOVA,TORINO PORTA SUSA,-1.8314606741573034,-2.0,89,2023-01-01,2023-03-31,3,3,0,45.075906,7.667673,17:03,89,2
REG,2035,MILANO CENTRALE,TORINO P.NUOVA,CHIVASSO,1.7303370786516854,1.0,89,2023-01-01,2023-03-31,11,6,1,45.193637,7.889666,17:18,89,3
REG,2035,MILANO CENTRALE,TORINO P.NUOVA,SANTHIA`,-0.06741573033707865,-1.0,89,2023-01-01,2023-03-31,9,4,2,45.363726,8.180093,17:36,89,4
REG,2035,MILANO CENTRALE,TORINO P.NUOVA,VERCELLI,1.1235955056179776,0.0,89,2023-01-01,2023-03-31,16,6,2,45.329909,8.416028,17:48,89,5
REG,2035,MILANO CENTRALE,TORINO P.NUOVA,NOVARA,0.48314606741573035,-1.0,89,2023-01-01,2023-03-31,16,7,3,45.451376,8.624895,18:03,89,6
REG,2035,MILANO CENTRALE,TORINO P.NUOVA,MAGENTA,3.5168539325842696,2.0,89,2023-01-01,2023-03-31,42,23,5,45.468204,8.880633,18:16,89,7
REG,2035,MILANO CENTRALE,TORINO P.NUOVA,RHO FIERA MILANO,1.752808988764045,1.0,89,2023-01-01,2023-03-31,27,13,5,,,18:32,89,8
REG,2035,MILANO CENTRALE,TORINO P.NUOVA,MILANO CENTRALE,4.134831460674158,4.0,89,2023-01-01,2023-03-31,63,35,6,45.486347,9.204528,18:45,89,9
