train_class,train_number,train_arrival_stop_name,train_departure_stop_name,stop_name,avg_arrival_delay,median_arrival_delay,count_dates_stop,first_date,last_date,count_3m_delay,count_5m_delay,count_10m_delay,stop_lat,stop_lon,stop_time,count_dates_train,stop_number
REG,22471,MODENA,MANTOVA,MANTOVA,2.033707865168539,2.0,89,2023-01-01,2023-03-31,15,7,0,45.158746,10.783165,11:29,89,1
REG,22471,MODENA,MANTOVA,BORGOCHIESANUOVA,1.1477272727272727,1.0,88,2023-01-01,2023-03-31,11,4,0,,,11:32,89,2
REG,22471,MODENA,MANTOVA,LEVATA,0.07954545454545454,0.0,88,2023-01-01,2023-03-31,8,2,0,,,11:35,89,3
REG,22471,MODENA,MANTOVA,ROMANORE,0.33707865168539325,0.0,89,2023-01-01,2023-03-31,8,5,0,45.063834,10.750997,11:42,89,4
REG,22471,MODENA,MANTOVA,SUZZARA,-0.4943820224719101,-1.0,89,2023-01-01,2023-03-31,6,2,1,44.994432,10.756138,11:51,89,5
REG,22471,MODENA,MANTOVA,PALIDANO,2.0,2.0,88,2023-01-01,2023-03-31,15,3,0,44.972228,10.777412,11:58,89,6
REG,22471,MODENA,MANTOVA,GONZAGA-REGGIOLO,0.38202247191011235,0.0,89,2023-01-01,2023-03-31,7,2,0,44.939239,10.815533,12:04,89,7
REG,22471,MODENA,MANTOVA,VILLANOVA DI REGGIOLO,1.853932584269663,1.0,89,2023-01-01,2023-03-31,17,5,1,44.915925,10.842455,12:08,89,8
REG,22471,MODENA,MANTOVA,ROLO NOVI FABBRICO,-0.23595505617977527,-1.0,89,2023-01-01,2023-03-31,6,3,1,44.886561,10.867882,12:14,89,9
REG,22471,MODENA,MANTOVA,CARPI,-0.9213483146067416,-2.0,89,2023-01-01,2023-03-31,4,4,2,44.782919,10.891952,12:24,89,10
REG,22471,MODENA,MANTOVA,QUATTRO VILLE,1.898876404494382,1.0,89,2023-01-01,2023-03-31,20,5,2,,,12:33,89,11
REG,22471,MODENA,MANTOVA,MODENA,-1.0337078651685394,-2.0,89,2023-01-01,2023-03-31,5,3,3,44.654461,10.930373,12:42,89,12
