train_class,train_number,train_arrival_stop_name,train_departure_stop_name,stop_name,avg_arrival_delay,median_arrival_delay,count_dates_stop,first_date,last_date,count_3m_delay,count_5m_delay,count_10m_delay,stop_lat,stop_lon,stop_time,count_dates_train,stop_number
REG,19888,MELFI,POTENZA CENTRALE,POTENZA CENTRALE,1.5263157894736843,1.0,76,2023-01-02,2023-03-31,3,2,0,40.629469,15.806808,12:34,76,1
REG,19888,MELFI,POTENZA CENTRALE,POTENZA SUPERIORE,-0.02631578947368421,0.0,76,2023-01-02,2023-03-31,1,1,0,40.64586,15.800966,12:42,76,2
REG,19888,MELFI,POTENZA CENTRALE,POTENZA MACCHIA ROMANA,3.4473684210526314,3.0,76,2023-01-02,2023-03-31,76,3,0,,,12:45,76,3
REG,19888,MELFI,POTENZA CENTRALE,AVIGLIANO LUCANIA,1.2763157894736843,1.0,76,2023-01-02,2023-03-31,6,3,1,40.714667,15.785619,12:54,76,4
REG,19888,MELFI,POTENZA CENTRALE,PIETRAGALLA,2.1052631578947367,2.0,76,2023-01-02,2023-03-31,15,4,1,40.753314,15.79211,13:00,76,5
REG,19888,MELFI,POTENZA CENTRALE,POSSIDENTE,2.1052631578947367,2.0,76,2023-01-02,2023-03-31,15,4,1,40.781144,15.777104,13:05,76,6
REG,19888,MELFI,POTENZA CENTRALE,CASTEL LAGOPESOLE,0.8157894736842105,0.0,76,2023-01-02,2023-03-31,6,3,1,40.787682,15.758093,13:09,76,7
REG,19888,MELFI,POTENZA CENTRALE,FORENZA,0.8289473684210527,1.0,76,2023-01-02,2023-03-31,9,3,1,40.866839,15.725331,13:24,76,8
REG,19888,MELFI,POTENZA CENTRALE,RIONERO ATELLA RIPACANDITA,0.17105263157894737,-1.0,76,2023-01-02,2023-03-31,9,2,1,40.922066,15.678699,13:34,76,9
REG,19888,MELFI,POTENZA CENTRALE,BARILE,2.5789473684210527,2.0,76,2023-01-02,2023-03-31,25,9,2,40.943044,15.670959,13:38,76,10
REG,19888,MELFI,POTENZA CENTRALE,MELFI,-2.0,-3.0,76,2023-01-02,2023-03-31,3,2,1,40.989871,15.646895,13:50,76,11
