train_class,train_number,train_arrival_stop_name,train_departure_stop_name,stop_name,avg_arrival_delay,median_arrival_delay,count_dates_stop,first_date,last_date,count_3m_delay,count_5m_delay,count_10m_delay,stop_lat,stop_lon,stop_time,count_dates_train,stop_number
REG,16793,VENEZIA SANTA LUCIA,UDINE,UDINE,2.324324324324324,2.0,74,2023-01-02,2023-03-31,13,3,1,46.055791,13.242003,13:32,74,1
REG,16793,VENEZIA SANTA LUCIA,UDINE,BASILIANO,1.6891891891891893,1.0,74,2023-01-02,2023-03-31,11,2,1,46.012737,13.109233,13:39,74,2
REG,16793,VENEZIA SANTA LUCIA,UDINE,CODROIPO,2.081081081081081,1.0,74,2023-01-02,2023-03-31,18,5,1,45.9657,12.976543,13:46,74,3
REG,16793,VENEZIA SANTA LUCIA,UDINE,CASARSA,1.1216216216216217,1.0,74,2023-01-02,2023-03-31,15,3,1,45.953002,12.8406,13:54,74,4
REG,16793,VENEZIA SANTA LUCIA,UDINE,PORDENONE,-1.0810810810810811,-2.0,74,2023-01-02,2023-03-31,4,3,2,45.956281,12.654126,14:09,74,5
REG,16793,VENEZIA SANTA LUCIA,UDINE,SACILE,-1.8108108108108107,-2.0,74,2023-01-02,2023-03-31,4,2,1,45.948413,12.498498,14:24,74,6
REG,16793,VENEZIA SANTA LUCIA,UDINE,CONEGLIANO,2.081081081081081,1.0,74,2023-01-02,2023-03-31,26,11,1,45.884706,12.298909,14:40,74,7
REG,16793,VENEZIA SANTA LUCIA,UDINE,SPRESIANO,1.3918918918918919,1.0,74,2023-01-02,2023-03-31,20,7,2,45.77763,12.266984,14:52,74,8
REG,16793,VENEZIA SANTA LUCIA,UDINE,TREVISO C.,1.2837837837837838,1.0,74,2023-01-02,2023-03-31,18,5,2,45.659608,12.24614,15:05,74,9
REG,16793,VENEZIA SANTA LUCIA,UDINE,MOGLIANO VENETO,0.4189189189189189,0.0,74,2023-01-02,2023-03-31,7,3,2,45.561964,12.23274,15:21,74,10
REG,16793,VENEZIA SANTA LUCIA,UDINE,VENEZIA MESTRE,-1.3243243243243243,-2.0,74,2023-01-02,2023-03-31,3,2,1,45.482123,12.232069,15:34,74,11
REG,16793,VENEZIA SANTA LUCIA,UDINE,VENEZIA SANTA LUCIA,0.13513513513513514,0.0,74,2023-01-02,2023-03-31,9,3,1,45.441569,12.320882,15:47,74,12
