train_class,train_number,train_arrival_stop_name,train_departure_stop_name,stop_name,avg_arrival_delay,median_arrival_delay,count_dates_stop,first_date,last_date,count_3m_delay,count_5m_delay,count_10m_delay,stop_lat,stop_lon,stop_time,count_dates_train,stop_number
IC,504,TORINO P.NUOVA,GENOVA P.PRINCIPE,GENOVA P.PRINCIPE,3.404494382022472,3.0,89,2023-01-01,2023-03-31,50,23,2,44.417784,8.9207,09:23,89,1
IC,504,TORINO P.NUOVA,GENOVA P.PRINCIPE,ALESSANDRIA,0.5842696629213483,0.0,89,2023-01-01,2023-03-31,21,13,2,44.909091,8.606498,10:08,89,2
IC,504,TORINO P.NUOVA,GENOVA P.PRINCIPE,ASTI,2.157303370786517,1.0,89,2023-01-01,2023-03-31,28,15,5,44.89479,8.208112,10:27,89,3
IC,504,TORINO P.NUOVA,GENOVA P.PRINCIPE,TORINO LINGOTTO,1.146067415730337,1.0,89,2023-01-01,2023-03-31,26,14,4,45.0266,7.657469,11:01,89,4
IC,504,TORINO P.NUOVA,GENOVA P.PRINCIPE,TORINO P.NUOVA,-0.16853932584269662,-1.0,89,2023-01-01,2023-03-31,18,8,3,45.060969,7.67747,11:10,89,5
