train_class,train_number,train_arrival_stop_name,train_departure_stop_name,stop_name,avg_arrival_delay,median_arrival_delay,count_dates_stop,first_date,last_date,count_3m_delay,count_5m_delay,count_10m_delay,stop_lat,stop_lon,stop_time,count_dates_train,stop_number
REG,12627,CASSINO,ROMA TERMINI,ROMA TERMINI,1.734375,1.0,64,2023-01-02,2023-03-31,10,6,1,41.900636,12.502026,16:07,64,1
REG,12627,CASSINO,ROMA TERMINI,COLLEFERRO-SEGNI-PALIANO,-2.15625,-3.0,64,2023-01-02,2023-03-31,4,2,2,41.740062,13.00299,16:47,64,2
REG,12627,CASSINO,ROMA TERMINI,FROSINONE,-1.625,-3.0,64,2023-01-02,2023-03-31,5,4,1,41.625333,13.328728,17:10,64,3
REG,12627,CASSINO,ROMA TERMINI,ROCCASECCA,-0.046875,-1.0,64,2023-01-02,2023-03-31,5,5,1,41.526377,13.645814,17:33,64,4
REG,12627,CASSINO,ROMA TERMINI,CASSINO,1.625,1.0,64,2023-01-02,2023-03-31,11,6,1,41.484306,13.832125,17:45,64,5
