train_class,train_number,train_arrival_stop_name,train_departure_stop_name,stop_name,avg_arrival_delay,median_arrival_delay,count_dates_stop,first_date,last_date,count_3m_delay,count_5m_delay,count_10m_delay,stop_lat,stop_lon,stop_time,count_dates_train,stop_number
REG,10665,PAVIA,VERCELLI,VERCELLI,3.96,2.0,75,2023-01-02,2023-03-31,36,12,4,45.329909,8.416028,06:53,75,1
REG,10665,PAVIA,VERCELLI,ROBBIO,5.32,3.0,75,2023-01-02,2023-03-31,50,25,5,45.293542,8.597051,07:09,75,2
REG,10665,PAVIA,VERCELLI,NICORVO,4.95945945945946,4.0,74,2023-01-02,2023-03-31,58,22,3,45.275462,8.6712,07:19,75,3
REG,10665,PAVIA,VERCELLI,GAMBOLO`REMONDO`,4.256756756756757,3.0,74,2023-01-02,2023-03-31,56,15,2,45.23587,8.79757,07:43,75,4
REG,10665,PAVIA,VERCELLI,TROMELLO,4.256756756756757,3.0,74,2023-01-02,2023-03-31,56,15,2,45.211988,8.872154,07:50,75,5
REG,10665,PAVIA,VERCELLI,GARLASCO,-0.10666666666666667,-1.0,75,2023-01-02,2023-03-31,3,3,2,45.198948,8.926829,07:57,75,6
REG,10665,PAVIA,VERCELLI,GROPELLO CAIROLI,4.324324324324325,3.0,74,2023-01-02,2023-03-31,46,19,3,45.173101,8.991626,08:08,75,7
REG,10665,PAVIA,VERCELLI,VILLANOVA D`ARDENGHI,4.324324324324325,3.0,74,2023-01-02,2023-03-31,46,19,3,45.156982,9.037176,08:13,75,8
REG,10665,PAVIA,VERCELLI,CAVA CARBONARA,2.0405405405405403,1.0,74,2023-01-02,2023-03-31,18,9,2,45.147055,9.071387,08:19,75,9
REG,10665,PAVIA,VERCELLI,PAVIA,5.573333333333333,4.0,75,2023-01-02,2023-03-31,59,35,7,45.188843,9.144674,08:28,75,10
