train_class,train_number,train_arrival_stop_name,train_departure_stop_name,stop_name,avg_arrival_delay,median_arrival_delay,count_dates_stop,first_date,last_date,count_3m_delay,count_5m_delay,count_10m_delay,stop_lat,stop_lon,stop_time,count_dates_train,stop_number
FR,9627,NAPOLI CENTRALE,MILANO CENTRALE,MILANO CENTRALE,2.619047619047619,1.0,63,2023-01-02,2023-03-31,7,4,2,45.486347,9.204528,11:58,63,1
FR,9627,NAPOLI CENTRALE,MILANO CENTRALE,BOLOGNA C.LE/AV,-1.380952380952381,-4.0,63,2023-01-02,2023-03-31,4,3,3,44.506813,11.342622,13:04,63,2
FR,9627,NAPOLI CENTRALE,MILANO CENTRALE,ROMA TERMINI,-1.9682539682539681,-3.0,63,2023-01-02,2023-03-31,12,7,3,41.900636,12.502026,15:10,63,3
FR,9627,NAPOLI CENTRALE,MILANO CENTRALE,NAPOLI CENTRALE,3.0634920634920637,1.0,63,2023-01-02,2023-03-31,18,11,7,40.852933,14.272908,16:33,63,4
