train_class,train_number,train_arrival_stop_name,train_departure_stop_name,stop_name,avg_arrival_delay,median_arrival_delay,count_dates_stop,first_date,last_date,count_3m_delay,count_5m_delay,count_10m_delay,stop_lat,stop_lon,stop_time,count_dates_train,stop_number
REG,22072,SAN GAVINO,CAGLIARI,CAGLIARI,1.532258064516129,1.0,62,2023-01-02,2023-03-31,5,1,0,39.216078,9.107984,16:05,62,1
REG,22072,SAN GAVINO,CAGLIARI,ELMAS AEROPORTO,1.2258064516129032,1.0,62,2023-01-02,2023-03-31,6,2,0,,,16:10,62,2
REG,22072,SAN GAVINO,CAGLIARI,DECIMOMANNU,0.5645161290322581,1.0,62,2023-01-02,2023-03-31,4,2,0,39.304593,8.965808,16:19,62,3
REG,22072,SAN GAVINO,CAGLIARI,VILLASOR,0.11290322580645161,-1.0,62,2023-01-02,2023-03-31,4,3,0,39.381451,8.935907,16:27,62,4
REG,22072,SAN GAVINO,CAGLIARI,SERRAMANNA NURAMINIS,0.9193548387096774,1.0,62,2023-01-02,2023-03-31,4,3,0,39.426123,8.916579,16:32,62,5
REG,22072,SAN GAVINO,CAGLIARI,SAMASSI SERRENTI,-0.1774193548387097,-1.0,62,2023-01-02,2023-03-31,4,3,0,39.483075,8.899035,16:39,62,6
REG,22072,SAN GAVINO,CAGLIARI,SAN GAVINO,-0.9354838709677419,-2.0,62,2023-01-02,2023-03-31,5,0,0,39.546206,8.788017,16:50,62,7
