train_class,train_number,train_arrival_stop_name,train_departure_stop_name,stop_name,avg_arrival_delay,median_arrival_delay,count_dates_stop,first_date,last_date,count_3m_delay,count_5m_delay,count_10m_delay,stop_lat,stop_lon,stop_time,count_dates_train,stop_number
REG,5829,CASERTA,CASSINO,CASSINO,1.0,1.0,66,2023-01-02,2023-03-31,1,1,1,41.484306,13.832125,18:05,66,1
REG,5829,CASERTA,CASSINO,FONTANAROSA,1.4153846153846155,1.0,65,2023-01-02,2023-03-31,4,1,1,,,18:09,66,2
REG,5829,CASERTA,CASSINO,ROCCA D`EVANDRO,2.3333333333333335,2.0,66,2023-01-02,2023-03-31,25,2,1,41.438861,13.911338,18:14,66,3
REG,5829,CASERTA,CASSINO,TORA PRESENZANO,4.863636363636363,5.0,66,2023-01-02,2023-03-31,62,35,2,41.358861,14.04514,18:28,66,4
REG,5829,CASERTA,CASSINO,VAIRANO,4.0,4.0,66,2023-01-02,2023-03-31,46,22,2,41.317446,14.104022,18:35,66,5
REG,5829,CASERTA,CASSINO,TEANO,1.7424242424242424,1.0,66,2023-01-02,2023-03-31,21,10,2,41.231804,14.077075,18:48,66,6
REG,5829,CASERTA,CASSINO,SPARANISE,0.8923076923076924,0.0,65,2023-01-02,2023-03-31,16,5,2,41.185707,14.092954,18:55,66,7
REG,5829,CASERTA,CASSINO,CAPUA,1.803030303030303,1.0,66,2023-01-02,2023-03-31,29,12,1,41.101306,14.210347,19:10,66,8
REG,5829,CASERTA,CASSINO,S.MARIA CAPUA VETERE,3.772727272727273,3.0,66,2023-01-02,2023-03-31,39,22,4,41.07353,14.254081,19:15,66,9
REG,5829,CASERTA,CASSINO,CASERTA,2.409090909090909,2.0,66,2023-01-02,2023-03-31,28,16,3,41.068655,14.328457,19:25,66,10
