train_class,train_number,train_arrival_stop_name,train_departure_stop_name,stop_name,avg_arrival_delay,median_arrival_delay,count_dates_stop,first_date,last_date,count_3m_delay,count_5m_delay,count_10m_delay,stop_lat,stop_lon,stop_time,count_dates_train,stop_number
REG,2279,BERGAMO,MILANO PORTA GARIBALDI,MILANO PORTA GARIBALDI,4.359375,3.0,64,2023-01-02,2023-03-31,35,21,3,45.484917,9.187683,19:22,64,1
REG,2279,BERGAMO,MILANO PORTA GARIBALDI,MILANO LAMBRATE,5.921875,4.0,64,2023-01-02,2023-03-31,45,29,8,45.484933,9.237333,19:39,64,2
REG,2279,BERGAMO,MILANO PORTA GARIBALDI,PIOLTELLO LIMITO,6.25,4.0,64,2023-01-02,2023-03-31,46,32,13,45.486019,9.329319,19:49,64,3
REG,2279,BERGAMO,MILANO PORTA GARIBALDI,TREVIGLIO OVEST,4.640625,3.0,64,2023-01-02,2023-03-31,33,23,11,45.521762,9.580281,20:05,64,4
REG,2279,BERGAMO,MILANO PORTA GARIBALDI,VERDELLO DALMINE,4.40625,2.0,64,2023-01-02,2023-03-31,28,20,11,45.605715,9.619797,20:13,64,5
REG,2279,BERGAMO,MILANO PORTA GARIBALDI,BERGAMO,4.203125,1.0,64,2023-01-02,2023-03-31,24,15,10,45.690271,9.675082,20:25,64,6
