train_class,train_number,train_arrival_stop_name,train_departure_stop_name,stop_name,avg_arrival_delay,median_arrival_delay,count_dates_stop,first_date,last_date,count_3m_delay,count_5m_delay,count_10m_delay,stop_lat,stop_lon,stop_time,count_dates_train,stop_number
REG,12326,SAVONA,SESTRI LEVANTE,SESTRI LEVANTE,2.3466666666666667,2.0,75,2023-01-02,2023-03-31,17,4,0,44.27626,9.397651,07:05,75,1
REG,12326,SAVONA,SESTRI LEVANTE,CHIAVARI,0.18666666666666668,0.0,75,2023-01-02,2023-03-31,3,3,0,44.315156,9.322464,07:15,75,2
REG,12326,SAVONA,SESTRI LEVANTE,S. MARGHERITA LIGURE PORTOFINO,3.8133333333333335,3.0,75,2023-01-02,2023-03-31,53,18,1,44.33676,9.216673,07:27,75,3
REG,12326,SAVONA,SESTRI LEVANTE,RECCO,3.6533333333333333,3.0,75,2023-01-02,2023-03-31,45,23,1,44.361215,9.146788,07:37,75,4
REG,12326,SAVONA,SESTRI LEVANTE,GENOVA NERVI,1.6,2.0,75,2023-01-02,2023-03-31,25,7,1,44.381271,9.039895,07:48,75,5
REG,12326,SAVONA,SESTRI LEVANTE,GENOVA BRIGNOLE,-0.28,-1.0,75,2023-01-02,2023-03-31,9,4,1,44.407213,8.947553,08:01,75,6
REG,12326,SAVONA,SESTRI LEVANTE,GENOVA P. PRINCIPE SOTTERRANEA,-0.8513513513513513,-2.0,74,2023-01-02,2023-03-31,5,3,2,44.414803,8.918041,08:10,75,7
REG,12326,SAVONA,SESTRI LEVANTE,GENOVA SAMPIERDARENA,-0.9333333333333333,-2.0,75,2023-01-02,2023-03-31,5,3,3,44.413102,8.887271,08:20,75,8
REG,12326,SAVONA,SESTRI LEVANTE,GENOVA SESTRI PONENTE,1.6,1.0,75,2023-01-02,2023-03-31,5,3,3,44.422374,8.847707,08:27,75,9
REG,12326,SAVONA,SESTRI LEVANTE,GENOVA VOLTRI,0.05333333333333334,-1.0,75,2023-01-02,2023-03-31,5,3,3,44.428467,8.758163,08:41,75,10
REG,12326,SAVONA,SESTRI LEVANTE,ARENZANO,-0.9333333333333333,-2.0,75,2023-01-02,2023-03-31,3,3,3,44.403089,8.678322,08:49,75,11
REG,12326,SAVONA,SESTRI LEVANTE,COGOLETO,1.2533333333333334,0.0,75,2023-01-02,2023-03-31,4,3,3,44.389762,8.643906,08:53,75,12
REG,12326,SAVONA,SESTRI LEVANTE,VARAZZE,1.9333333333333333,1.0,75,2023-01-02,2023-03-31,8,6,3,44.356842,8.566682,08:59,75,13
REG,12326,SAVONA,SESTRI LEVANTE,ALBISOLA,1.1733333333333333,0.0,75,2023-01-02,2023-03-31,9,6,3,44.33469,8.512092,09:07,75,14
REG,12326,SAVONA,SESTRI LEVANTE,SAVONA,0.0,-1.0,75,2023-01-02,2023-03-31,6,4,2,44.306892,8.470259,09:16,75,15
