train_class,train_number,train_arrival_stop_name,train_departure_stop_name,stop_name,avg_arrival_delay,median_arrival_delay,count_dates_stop,first_date,last_date,count_3m_delay,count_5m_delay,count_10m_delay,stop_lat,stop_lon,stop_time,count_dates_train,stop_number
REG,3508,VERONA PORTA NUOVA,VENEZIA SANTA LUCIA,VENEZIA SANTA LUCIA,1.8275862068965518,1.0,87,2023-01-01,2023-03-31,13,3,1,45.441569,12.320882,19:10,87,1
REG,3508,VERONA PORTA NUOVA,VENEZIA SANTA LUCIA,VENEZIA MESTRE,1.4482758620689655,1.0,87,2023-01-01,2023-03-31,21,6,1,45.482123,12.232069,19:20,87,2
REG,3508,VERONA PORTA NUOVA,VENEZIA SANTA LUCIA,PADOVA,1.3793103448275863,1.0,87,2023-01-01,2023-03-31,17,6,2,45.417846,11.880794,19:38,87,3
REG,3508,VERONA PORTA NUOVA,VENEZIA SANTA LUCIA,VICENZA,1.6428571428571428,1.0,84,2023-01-01,2023-03-31,21,12,3,45.541102,11.540762,19:56,87,4
REG,3508,VERONA PORTA NUOVA,VENEZIA SANTA LUCIA,SAN BONIFACIO,3.119047619047619,2.0,84,2023-01-01,2023-03-31,33,15,4,45.40276,11.27406,20:12,87,5
REG,3508,VERONA PORTA NUOVA,VENEZIA SANTA LUCIA,VERONA PORTA VESCOVO,-2.630952380952381,-4.0,84,2023-01-01,2023-03-31,7,5,3,45.435552,11.018841,20:31,87,6
REG,3508,VERONA PORTA NUOVA,VENEZIA SANTA LUCIA,VERONA PORTA NUOVA,1.0919540229885059,0.0,87,2023-01-01,2023-03-31,11,4,4,45.428603,10.982377,20:38,87,7
