train_class,train_number,train_arrival_stop_name,train_departure_stop_name,stop_name,avg_arrival_delay,median_arrival_delay,count_dates_stop,first_date,last_date,count_3m_delay,count_5m_delay,count_10m_delay,stop_lat,stop_lon,stop_time,count_dates_train,stop_number
REG,2933,MILANO CENTRALE,MALPENSA AEROPORTO T1,MALPENSA AEROPORTO T1,1.2317073170731707,1.0,82,2023-01-01,2023-03-28,12,2,0,45.627242,8.711081,09:43,82,1
REG,2933,MILANO CENTRALE,MALPENSA AEROPORTO T1,FERNO LONATE POZZOLO,0.5802469135802469,0.0,81,2023-01-01,2023-03-22,10,1,0,,,09:46,82,2
REG,2933,MILANO CENTRALE,MALPENSA AEROPORTO T1,BUSTO ARSIZIO N.,1.5555555555555556,1.0,81,2023-01-01,2023-03-22,19,4,0,,,09:51,82,3
REG,2933,MILANO CENTRALE,MALPENSA AEROPORTO T1,CASTELLANZA,1.308641975308642,1.0,81,2023-01-01,2023-03-22,16,5,0,,,09:54,82,4
REG,2933,MILANO CENTRALE,MALPENSA AEROPORTO T1,RESCALDINA,0.7283950617283951,1.0,81,2023-01-01,2023-03-22,14,2,0,,,09:59,82,5
REG,2933,MILANO CENTRALE,MALPENSA AEROPORTO T1,SARONNO,1.024390243902439,1.0,82,2023-01-01,2023-03-28,16,3,0,45.625309,9.030839,10:05,82,6
REG,2933,MILANO CENTRALE,MALPENSA AEROPORTO T1,MILANO BOVISA FNM,2.0617283950617282,2.0,81,2023-01-01,2023-03-22,26,8,2,45.502993,9.159235,10:18,82,7
REG,2933,MILANO CENTRALE,MALPENSA AEROPORTO T1,MILANO PORTA GARIBALDI,1.8780487804878048,1.0,82,2023-01-01,2023-03-28,26,8,2,45.484917,9.187683,10:25,82,8
REG,2933,MILANO CENTRALE,MALPENSA AEROPORTO T1,MILANO CENTRALE,2.2439024390243905,2.0,82,2023-01-01,2023-03-28,29,13,4,45.486347,9.204528,10:37,82,9
