train_class,train_number,train_arrival_stop_name,train_departure_stop_name,stop_name,avg_arrival_delay,median_arrival_delay,count_dates_stop,first_date,last_date,count_3m_delay,count_5m_delay,count_10m_delay,stop_lat,stop_lon,stop_time,count_dates_train,stop_number
REG,22875,GENOVA BRIGNOLE,GENOVA VOLTRI,GENOVA VOLTRI,1.640625,2.0,64,2023-01-02,2023-03-31,5,0,0,44.428467,8.758163,20:26,64,1
REG,22875,GENOVA BRIGNOLE,GENOVA VOLTRI,GENOVA SESTRI PONENTE,0.296875,0.0,64,2023-01-02,2023-03-31,2,0,0,44.422374,8.847707,20:38,64,2
REG,22875,GENOVA BRIGNOLE,GENOVA VOLTRI,GENOVA SAMPIERDARENA,1.03125,1.0,64,2023-01-02,2023-03-31,11,1,0,44.413102,8.887271,20:45,64,3
REG,22875,GENOVA BRIGNOLE,GENOVA VOLTRI,GENOVA P.PRINCIPE,2.515625,2.0,64,2023-01-02,2023-03-31,28,7,0,44.417784,8.9207,20:52,64,4
REG,22875,GENOVA BRIGNOLE,GENOVA VOLTRI,GENOVA BRIGNOLE,1.546875,1.0,64,2023-01-02,2023-03-31,19,5,1,44.407213,8.947553,21:00,64,5
