train_class,train_number,train_arrival_stop_name,train_departure_stop_name,stop_name,avg_arrival_delay,median_arrival_delay,count_dates_stop,first_date,last_date,count_3m_delay,count_5m_delay,count_10m_delay,stop_lat,stop_lon,stop_time,count_dates_train,stop_number
REG,5919,OLBIA,GOLFO ARANCI,GOLFO ARANCI,1.0714285714285714,1.0,14,2023-01-01,2023-03-26,0,0,0,40.997261,9.62471,13:01,14,1
REG,5919,OLBIA,GOLFO ARANCI,MARINELLA,2.4285714285714284,3.0,14,2023-01-01,2023-03-26,9,0,0,40.999129,9.55362,13:08,14,2
REG,5919,OLBIA,GOLFO ARANCI,RUDALZA,1.2857142857142858,1.0,14,2023-01-01,2023-03-26,0,0,0,40.994082,9.531214,13:12,14,3
REG,5919,OLBIA,GOLFO ARANCI,OLBIA,-1.3571428571428572,-2.0,14,2023-01-01,2023-03-26,1,0,0,40.924595,9.498293,13:25,14,4
