train_class,train_number,train_arrival_stop_name,train_departure_stop_name,stop_name,avg_arrival_delay,median_arrival_delay,count_dates_stop,first_date,last_date,count_3m_delay,count_5m_delay,count_10m_delay,stop_lat,stop_lon,stop_time,count_dates_train,stop_number
REG,21193,BENEVENTO,NAPOLI CENTRALE,NAPOLI CENTRALE,3.492957746478873,3.0,71,2023-01-02,2023-03-31,38,14,4,40.852933,14.272908,13:52,71,1
REG,21193,BENEVENTO,NAPOLI CENTRALE,AVERSA,1.8732394366197183,2.0,71,2023-01-02,2023-03-31,32,12,0,40.973323,14.218578,14:13,71,2
REG,21193,BENEVENTO,NAPOLI CENTRALE,CASERTA,1.4647887323943662,1.0,71,2023-01-02,2023-03-31,21,9,1,41.068655,14.328457,14:31,71,3
REG,21193,BENEVENTO,NAPOLI CENTRALE,VALLE DI MADDALONI,6.197183098591549,3.0,71,2023-01-02,2023-03-31,42,33,28,41.087558,14.426049,14:45,71,4
REG,21193,BENEVENTO,NAPOLI CENTRALE,FRASSO T. DUGENTA,7.802816901408451,5.0,71,2023-01-02,2023-03-31,44,37,28,41.137244,14.459459,14:51,71,5
REG,21193,BENEVENTO,NAPOLI CENTRALE,AMOROSI MELIZZANO,8.67605633802817,6.0,71,2023-01-02,2023-03-31,48,41,31,41.173509,14.470759,14:57,71,6
REG,21193,BENEVENTO,NAPOLI CENTRALE,TELESE CERRETO,10.605633802816902,10.0,71,2023-01-02,2023-03-31,54,48,37,41.211709,14.526165,15:02,71,7
REG,21193,BENEVENTO,NAPOLI CENTRALE,SOLOPACA,7.197183098591549,5.0,71,2023-01-02,2023-03-31,42,38,27,41.210521,14.571413,15:13,71,8
REG,21193,BENEVENTO,NAPOLI CENTRALE,S.LORENZO MAGGIORE,10.95774647887324,10.0,71,2023-01-02,2023-03-31,64,57,36,41.219748,14.648419,15:22,71,9
REG,21193,BENEVENTO,NAPOLI CENTRALE,PONTE CASALDUNI,4.845070422535211,3.0,71,2023-01-02,2023-03-31,38,28,14,41.214169,14.696458,15:35,71,10
REG,21193,BENEVENTO,NAPOLI CENTRALE,BENEVENTO,-3.7183098591549295,-6.0,71,2023-01-02,2023-03-31,10,7,6,41.141901,14.769998,15:56,71,11
