train_class,train_number,train_arrival_stop_name,train_departure_stop_name,stop_name,avg_arrival_delay,median_arrival_delay,count_dates_stop,first_date,last_date,count_3m_delay,count_5m_delay,count_10m_delay,stop_lat,stop_lon,stop_time,count_dates_train,stop_number
REG,23847,FABRIANO,MACERATA,MACERATA,1.2105263157894737,1.0,76,2023-01-02,2023-03-31,3,0,0,43.293094,13.455172,12:30,76,1
REG,23847,FABRIANO,MACERATA,TOLENTINO,-1.763157894736842,-2.0,76,2023-01-02,2023-03-31,0,0,0,43.214556,13.290501,12:52,76,2
REG,23847,FABRIANO,MACERATA,S.SEVERINO MARCHE,-1.118421052631579,-1.0,76,2023-01-02,2023-03-31,0,0,0,43.22996,13.183491,13:05,76,3
REG,23847,FABRIANO,MACERATA,CASTELRAIMONDO CAMERINO,1.4266666666666667,1.0,75,2023-01-02,2023-03-31,13,4,1,43.210511,13.057274,13:21,76,4
REG,23847,FABRIANO,MACERATA,MATELICA,2.5,2.0,76,2023-01-02,2023-03-31,25,7,3,43.25394,13.01509,13:30,76,5
REG,23847,FABRIANO,MACERATA,ALBACINA,2.223684210526316,1.0,76,2023-01-02,2023-03-31,23,7,1,43.345686,12.986501,13:50,76,6
REG,23847,FABRIANO,MACERATA,FABRIANO,0.10526315789473684,-1.0,76,2023-01-02,2023-03-31,8,3,1,43.345429,12.905336,14:00,76,7
