train_class,train_number,train_arrival_stop_name,train_departure_stop_name,stop_name,avg_arrival_delay,median_arrival_delay,count_dates_stop,first_date,last_date,count_3m_delay,count_5m_delay,count_10m_delay,stop_lat,stop_lon,stop_time,count_dates_train,stop_number
REG,17920,POGGIO RUSCO,BOLOGNA C.LE,BOLOGNA C.LE,2.923076923076923,2.0,13,2023-01-01,2023-03-26,4,2,1,44.50626,11.342267,09:23,13,1
REG,17920,POGGIO RUSCO,BOLOGNA C.LE,OSTERIA NUOVA,4.3076923076923075,2.0,13,2023-01-01,2023-03-26,5,5,3,44.586613,11.236525,09:34,13,2
REG,17920,POGGIO RUSCO,BOLOGNA C.LE,SAN GIOVANNI IN PERSICETO,4.153846153846154,2.0,13,2023-01-01,2023-03-26,5,4,3,44.643151,11.189444,09:40,13,3
REG,17920,POGGIO RUSCO,BOLOGNA C.LE,CREVALCORE,1.6923076923076923,-1.0,13,2023-01-01,2023-03-26,3,3,1,44.719156,11.152625,09:47,13,4
REG,17920,POGGIO RUSCO,BOLOGNA C.LE,CAMPOSANTO,3.230769230769231,2.0,13,2023-01-01,2023-03-26,5,3,1,44.787527,11.143587,09:52,13,5
REG,17920,POGGIO RUSCO,BOLOGNA C.LE,S.FELICE SP,2.5384615384615383,1.0,13,2023-01-01,2023-03-26,4,3,1,44.834527,11.140243,09:56,13,6
REG,17920,POGGIO RUSCO,BOLOGNA C.LE,MIRANDOLA,3.769230769230769,2.0,13,2023-01-01,2023-03-26,4,3,1,44.891638,11.111689,10:02,13,7
REG,17920,POGGIO RUSCO,BOLOGNA C.LE,POGGIO RUSCO,-1.3076923076923077,-3.0,13,2023-01-01,2023-03-26,2,1,1,44.981859,11.124627,10:13,13,8
