train_class,train_number,train_arrival_stop_name,train_departure_stop_name,stop_name,avg_arrival_delay,median_arrival_delay,count_dates_stop,first_date,last_date,count_3m_delay,count_5m_delay,count_10m_delay,stop_lat,stop_lon,stop_time,count_dates_train,stop_number
REG,12682,ROMA TERMINI,LATINA,LATINA,1.7833333333333334,1.0,60,2023-01-02,2023-03-31,12,5,0,41.538372,12.945888,17:10,60,1
REG,12682,ROMA TERMINI,LATINA,CISTERNA DI LATINA,2.1,1.0,60,2023-01-02,2023-03-31,16,7,0,41.586511,12.827538,17:17,60,2
REG,12682,ROMA TERMINI,LATINA,CAMPOLEONE,2.3666666666666667,2.0,60,2023-01-02,2023-03-31,21,8,2,41.642396,12.648341,17:27,60,3
REG,12682,ROMA TERMINI,LATINA,POMEZIA - S.PALOMBA,3.033333333333333,2.0,60,2023-01-02,2023-03-31,23,13,2,41.706171,12.573611,17:34,60,4
REG,12682,ROMA TERMINI,LATINA,TORRICOLA,2.65,2.0,60,2023-01-02,2023-03-31,21,14,1,41.809538,12.557716,17:42,60,5
REG,12682,ROMA TERMINI,LATINA,ROMA TERMINI,2.283333333333333,1.0,60,2023-01-02,2023-03-31,20,11,1,41.900636,12.502026,17:54,60,6
