train_class,train_number,train_arrival_stop_name,train_departure_stop_name,stop_name,avg_arrival_delay,median_arrival_delay,count_dates_stop,first_date,last_date,count_3m_delay,count_5m_delay,count_10m_delay,stop_lat,stop_lon,stop_time,count_dates_train,stop_number
REG,4094,FIRENZE S.M.N.,ROMA TERMINI,ROMA TERMINI,0.8536585365853658,0.0,82,2023-01-02,2023-03-31,5,2,1,41.900636,12.502026,06:06,82,1
REG,4094,FIRENZE S.M.N.,ROMA TERMINI,ROMA TIBURTINA,0.631578947368421,0.0,76,2023-01-02,2023-03-31,12,3,2,41.910903,12.530749,06:13,82,2
REG,4094,FIRENZE S.M.N.,ROMA TERMINI,ORTE,1.0493827160493827,0.0,81,2023-01-02,2023-03-31,16,6,4,42.43728,12.408986,06:48,82,3
REG,4094,FIRENZE S.M.N.,ROMA TERMINI,ATTIGLIANO,4.481481481481482,3.0,81,2023-01-02,2023-03-31,50,18,7,42.518054,12.294761,07:01,82,4
REG,4094,FIRENZE S.M.N.,ROMA TERMINI,ORVIETO,4.925925925925926,3.0,81,2023-01-02,2023-03-31,49,23,9,42.723379,12.127412,07:23,82,5
REG,4094,FIRENZE S.M.N.,ROMA TERMINI,ALLERONA-CASTEL VISCARDO,4.308641975308642,3.0,81,2023-01-02,2023-03-31,42,19,10,42.78502,12.035236,07:32,82,6
REG,4094,FIRENZE S.M.N.,ROMA TERMINI,FABRO-FICULLE,3.9876543209876543,2.0,81,2023-01-02,2023-03-31,34,18,9,42.874851,12.04123,07:41,82,7
REG,4094,FIRENZE S.M.N.,ROMA TERMINI,CHIUSI C.T.,6.54320987654321,5.0,81,2023-01-02,2023-03-31,64,57,12,43.002466,11.957893,07:52,82,8
REG,4094,FIRENZE S.M.N.,ROMA TERMINI,CASTIGLION DEL LAGO,5.3580246913580245,3.0,81,2023-01-02,2023-03-31,62,22,9,43.123195,12.032077,08:08,82,9
REG,4094,FIRENZE S.M.N.,ROMA TERMINI,TERONTOLA CORTONA,2.950617283950617,1.0,81,2023-01-02,2023-03-31,23,13,7,43.210263,12.007906,08:18,82,10
REG,4094,FIRENZE S.M.N.,ROMA TERMINI,CAMUCIA CORTONA,3.4634146341463414,2.0,82,2023-01-02,2023-03-31,29,14,7,43.261104,11.971245,08:23,82,11
REG,4094,FIRENZE S.M.N.,ROMA TERMINI,CASTIGLION FIORENTINO,4.012195121951219,2.0,82,2023-01-02,2023-03-31,34,17,9,43.34075,11.914362,08:30,82,12
REG,4094,FIRENZE S.M.N.,ROMA TERMINI,AREZZO,2.768292682926829,1.0,82,2023-01-02,2023-03-31,25,17,5,43.461725,11.874189,08:43,82,13
REG,4094,FIRENZE S.M.N.,ROMA TERMINI,MONTEVARCHI TERRANUOVA,3.768292682926829,1.0,82,2023-01-02,2023-03-31,32,20,6,43.525165,11.563983,09:06,82,14
REG,4094,FIRENZE S.M.N.,ROMA TERMINI,S.GIOVANNI VALDARNO,3.6097560975609757,2.0,82,2023-01-02,2023-03-31,33,19,5,43.56601,11.527033,09:11,82,15
REG,4094,FIRENZE S.M.N.,ROMA TERMINI,FIGLINE VALDARNO,4.829268292682927,3.0,82,2023-01-02,2023-03-31,43,23,6,43.621596,11.473652,09:17,82,16
REG,4094,FIRENZE S.M.N.,ROMA TERMINI,FIRENZE CAMPO MARTE,-0.8414634146341463,-3.0,82,2023-01-02,2023-03-31,12,10,5,43.776856,11.27702,09:43,82,17
REG,4094,FIRENZE S.M.N.,ROMA TERMINI,FIRENZE S.M.N.,3.048780487804878,2.0,82,2023-01-02,2023-03-31,30,13,5,43.776893,11.247373,09:52,82,18
