train_class,train_number,train_arrival_stop_name,train_departure_stop_name,stop_name,avg_arrival_delay,median_arrival_delay,count_dates_stop,first_date,last_date,count_3m_delay,count_5m_delay,count_10m_delay,stop_lat,stop_lon,stop_time,count_dates_train,stop_number
REG,5202,NAPOLI CENTRALE,SAPRI,SAPRI,4.0,3.0,87,2023-01-01,2023-03-31,53,26,6,40.078013,15.627204,10:16,87,1
REG,5202,NAPOLI CENTRALE,SAPRI,POLICASTRO BUSSENTINO,3.32183908045977,2.0,87,2023-01-01,2023-03-31,40,19,5,40.076482,15.528438,10:23,87,2
REG,5202,NAPOLI CENTRALE,SAPRI,CELLE BULGHERIA ROCCAGLORIOSA,4.057471264367816,4.0,87,2023-01-01,2023-03-31,57,27,6,40.10287,15.39473,10:34,87,3
REG,5202,NAPOLI CENTRALE,SAPRI,PISCIOTTA PALINURO,4.126436781609195,4.0,87,2023-01-01,2023-03-31,58,32,7,40.091539,15.243601,10:48,87,4
REG,5202,NAPOLI CENTRALE,SAPRI,ASCEA,4.5,4.0,86,2023-01-01,2023-03-31,57,34,9,40.140955,15.172626,10:55,87,5
REG,5202,NAPOLI CENTRALE,SAPRI,VALLO DELLA LUC. CASTELNUOVO,4.9655172413793105,4.0,87,2023-01-01,2023-03-31,62,39,11,40.233316,15.266511,11:03,87,6
REG,5202,NAPOLI CENTRALE,SAPRI,AGROPOLI CASTELLABATE,3.9655172413793105,3.0,87,2023-01-01,2023-03-31,46,30,8,40.351521,15.002053,11:18,87,7
REG,5202,NAPOLI CENTRALE,SAPRI,CAPACCIO ROCCADASPIDE,4.755813953488372,3.0,86,2023-01-01,2023-03-31,47,32,9,40.454518,15.013551,11:29,87,8
REG,5202,NAPOLI CENTRALE,SAPRI,BATTIPAGLIA,2.0919540229885056,1.0,87,2023-01-01,2023-03-31,29,22,8,40.605789,14.98324,11:43,87,9
REG,5202,NAPOLI CENTRALE,SAPRI,PONTECAGNANO,3.896551724137931,2.0,87,2023-01-01,2023-03-31,38,29,10,40.641033,14.870272,11:50,87,10
REG,5202,NAPOLI CENTRALE,SAPRI,SALERNO,2.1264367816091956,0.0,87,2023-01-01,2023-03-31,30,16,7,40.675137,14.772822,12:00,87,11
REG,5202,NAPOLI CENTRALE,SAPRI,NAPOLI CENTRALE,2.954022988505747,1.0,87,2023-01-01,2023-03-31,40,21,9,40.852933,14.272908,12:43,87,12
