train_class,train_number,train_arrival_stop_name,train_departure_stop_name,stop_name,avg_arrival_delay,median_arrival_delay,count_dates_stop,first_date,last_date,count_3m_delay,count_5m_delay,count_10m_delay,stop_lat,stop_lon,stop_time,count_dates_train,stop_number
REG,16594,CASARSA,PORTOGRUARO CAORLE,PORTOGRUARO CAORLE,1.1355932203389831,1.0,59,2023-01-09,2023-03-31,3,0,0,45.781438,12.832375,15:44,59,1
REG,16594,CASARSA,PORTOGRUARO CAORLE,CORDOVADO SESTO,0.6610169491525424,1.0,59,2023-01-09,2023-03-31,2,0,0,45.850653,12.877784,15:53,59,2
REG,16594,CASARSA,PORTOGRUARO CAORLE,S.VITO AL TAGLIAMENTO,1.847457627118644,2.0,59,2023-01-09,2023-03-31,11,1,0,45.912433,12.851594,16:00,59,3
REG,16594,CASARSA,PORTOGRUARO CAORLE,CASARSA,-1.6101694915254237,-2.0,59,2023-01-09,2023-03-31,1,0,0,45.953002,12.8406,16:11,59,4
