train_class,train_number,train_arrival_stop_name,train_departure_stop_name,stop_name,avg_arrival_delay,median_arrival_delay,count_dates_stop,first_date,last_date,count_3m_delay,count_5m_delay,count_10m_delay,stop_lat,stop_lon,stop_time,count_dates_train,stop_number
REG,10879,PIACENZA,MILANO GRECO PIRELLI,MILANO GRECO PIRELLI,3.1219512195121952,1.0,82,2023-01-02,2023-03-31,22,10,5,45.51272,9.214456,18:42,82,1
REG,10879,PIACENZA,MILANO GRECO PIRELLI,MILANO LAMBRATE,3.0609756097560976,2.0,82,2023-01-02,2023-03-31,22,10,5,45.484933,9.237333,18:48,82,2
REG,10879,PIACENZA,MILANO GRECO PIRELLI,MILANO ROGOREDO,3.2195121951219514,1.0,82,2023-01-02,2023-03-31,25,15,8,45.433866,9.2391,18:59,82,3
REG,10879,PIACENZA,MILANO GRECO PIRELLI,LODI,-0.34146341463414637,-3.0,82,2023-01-02,2023-03-31,12,10,7,45.308966,9.497585,19:21,82,4
REG,10879,PIACENZA,MILANO GRECO PIRELLI,SECUGNAGO,2.9390243902439024,0.0,82,2023-01-02,2023-03-31,17,13,9,45.223253,9.58684,19:29,82,5
REG,10879,PIACENZA,MILANO GRECO PIRELLI,CASALPUSTERLENGO,4.5,1.0,82,2023-01-02,2023-03-31,26,17,9,45.182473,9.653627,19:34,82,6
REG,10879,PIACENZA,MILANO GRECO PIRELLI,CODOGNO,4.451219512195122,1.0,82,2023-01-02,2023-03-31,29,17,9,45.154897,9.701376,19:39,82,7
REG,10879,PIACENZA,MILANO GRECO PIRELLI,PIACENZA,2.8902439024390243,0.0,82,2023-01-02,2023-03-31,23,16,7,45.052238,9.70633,19:53,82,8
