train_class,train_number,train_arrival_stop_name,train_departure_stop_name,stop_name,avg_arrival_delay,median_arrival_delay,count_dates_stop,first_date,last_date,count_3m_delay,count_5m_delay,count_10m_delay,stop_lat,stop_lon,stop_time,count_dates_train,stop_number
REG,22453,BOLOGNA C.LE,MANTOVA,MANTOVA,4.146067415730337,2.0,89,2023-01-01,2023-03-31,33,18,2,45.158746,10.783165,09:29,89,1
REG,22453,BOLOGNA C.LE,MANTOVA,BORGOCHIESANUOVA,3.269662921348315,1.0,89,2023-01-01,2023-03-31,23,13,2,,,09:32,89,2
REG,22453,BOLOGNA C.LE,MANTOVA,LEVATA,2.2808988764044944,1.0,89,2023-01-01,2023-03-31,20,11,2,,,09:35,89,3
REG,22453,BOLOGNA C.LE,MANTOVA,ROMANORE,2.932584269662921,1.0,89,2023-01-01,2023-03-31,22,13,3,45.063834,10.750997,09:42,89,4
REG,22453,BOLOGNA C.LE,MANTOVA,SUZZARA,2.4157303370786516,1.0,89,2023-01-01,2023-03-31,19,13,4,44.994432,10.756138,09:51,89,5
REG,22453,BOLOGNA C.LE,MANTOVA,PALIDANO,4.584269662921348,2.0,89,2023-01-01,2023-03-31,42,20,4,44.972228,10.777412,09:58,89,6
REG,22453,BOLOGNA C.LE,MANTOVA,GONZAGA-REGGIOLO,3.449438202247191,2.0,89,2023-01-01,2023-03-31,24,12,3,44.939239,10.815533,10:04,89,7
REG,22453,BOLOGNA C.LE,MANTOVA,VILLANOVA DI REGGIOLO,4.853932584269663,3.0,89,2023-01-01,2023-03-31,57,21,5,44.915925,10.842455,10:08,89,8
REG,22453,BOLOGNA C.LE,MANTOVA,ROLO NOVI FABBRICO,3.404494382022472,1.0,89,2023-01-01,2023-03-31,28,15,3,44.886561,10.867882,10:14,89,9
REG,22453,BOLOGNA C.LE,MANTOVA,CARPI,2.741573033707865,0.0,89,2023-01-01,2023-03-31,24,12,4,44.782919,10.891952,10:24,89,10
REG,22453,BOLOGNA C.LE,MANTOVA,QUATTRO VILLE,1.797752808988764,-1.0,89,2023-01-01,2023-03-31,13,8,6,,,10:35,89,11
REG,22453,BOLOGNA C.LE,MANTOVA,MODENA,-1.595505617977528,-4.0,89,2023-01-01,2023-03-31,7,6,3,44.654461,10.930373,10:46,89,12
REG,22453,BOLOGNA C.LE,MANTOVA,CASTELFRANCO D'EMILIA,2.764044943820225,1.0,89,2023-01-01,2023-03-31,19,7,4,44.597381,11.056408,10:56,89,13
REG,22453,BOLOGNA C.LE,MANTOVA,ANZOLA,2.0112359550561796,0.0,89,2023-01-01,2023-03-31,9,8,5,,,11:07,89,14
REG,22453,BOLOGNA C.LE,MANTOVA,BOLOGNA C.LE,0.6179775280898876,-2.0,89,2023-01-01,2023-03-31,16,5,4,44.50626,11.342267,11:20,89,15
