train_class,train_number,train_arrival_stop_name,train_departure_stop_name,stop_name,avg_arrival_delay,median_arrival_delay,count_dates_stop,first_date,last_date,count_3m_delay,count_5m_delay,count_10m_delay,stop_lat,stop_lon,stop_time,count_dates_train,stop_number
REG,5511,PALERMO CENTRALE,DITTAINO,DITTAINO,1.1764705882352942,1.0,17,2023-03-13,2023-03-31,1,1,0,37.564605,14.462429,14:18,17,1
REG,5511,PALERMO CENTRALE,DITTAINO,ENNA,-0.4666666666666667,-1.0,15,2023-03-14,2023-03-31,1,0,0,37.581134,14.289579,14:36,17,2
REG,5511,PALERMO CENTRALE,DITTAINO,CALTANISSETTA XIRBI,-1.3333333333333333,-2.0,15,2023-03-15,2023-03-31,2,0,0,37.536296,14.056902,15:00,17,3
REG,5511,PALERMO CENTRALE,DITTAINO,TERMINI IMERESE,7.882352941176471,4.0,17,2023-03-13,2023-03-31,14,7,3,37.980132,13.703631,16:04,17,4
REG,5511,PALERMO CENTRALE,DITTAINO,PALERMO CENTRALE,4.411764705882353,1.0,17,2023-03-13,2023-03-31,6,4,3,38.109187,13.367515,16:29,17,5
