train_class,train_number,train_arrival_stop_name,train_departure_stop_name,stop_name,avg_arrival_delay,median_arrival_delay,count_dates_stop,first_date,last_date,count_3m_delay,count_5m_delay,count_10m_delay,stop_lat,stop_lon,stop_time,count_dates_train,stop_number
REG,26755,FOSSANO,TORINO P.NUOVA,TORINO P.NUOVA,2.0533333333333332,2.0,75,2023-01-02,2023-03-31,17,2,1,45.060969,7.67747,06:41,75,1
REG,26755,FOSSANO,TORINO P.NUOVA,TORINO LINGOTTO,-0.16,-1.0,75,2023-01-02,2023-03-31,6,4,1,45.0266,7.657469,06:48,75,2
REG,26755,FOSSANO,TORINO P.NUOVA,MONCALIERI,1.3866666666666667,1.0,75,2023-01-02,2023-03-31,9,6,1,44.998187,7.678027,06:52,75,3
REG,26755,FOSSANO,TORINO P.NUOVA,TROFARELLO,2.945945945945946,2.0,74,2023-01-02,2023-03-31,33,9,2,44.980471,7.735206,06:57,75,4
REG,26755,FOSSANO,TORINO P.NUOVA,CARMAGNOLA,1.8533333333333333,1.0,75,2023-01-02,2023-03-31,18,7,2,44.846944,7.72797,07:11,75,5
REG,26755,FOSSANO,TORINO P.NUOVA,RACCONIGI,2.0933333333333333,1.0,75,2023-01-02,2023-03-31,20,9,5,44.771179,7.685681,07:19,75,6
REG,26755,FOSSANO,TORINO P.NUOVA,CAVALLERMAGGIORE,2.6533333333333333,1.0,75,2023-01-02,2023-03-31,22,10,5,44.708147,7.692108,07:25,75,7
REG,26755,FOSSANO,TORINO P.NUOVA,SAVIGLIANO,2.1866666666666665,1.0,75,2023-01-02,2023-03-31,23,11,5,44.651337,7.663748,07:32,75,8
REG,26755,FOSSANO,TORINO P.NUOVA,FOSSANO,0.76,-1.0,75,2023-01-02,2023-03-31,17,9,3,44.550231,7.717971,07:45,75,9
