train_class,train_number,train_arrival_stop_name,train_departure_stop_name,stop_name,avg_arrival_delay,median_arrival_delay,count_dates_stop,first_date,last_date,count_3m_delay,count_5m_delay,count_10m_delay,stop_lat,stop_lon,stop_time,count_dates_train,stop_number
REG,24091,MILANO ROGOREDO,MILANO BOVISA FNM,MILANO BOVISA FNM,3.8333333333333335,3.0,12,2023-01-01,2023-03-12,12,2,1,45.502993,9.159235,10:06,12,1
REG,24091,MILANO ROGOREDO,MILANO BOVISA FNM,MILANO LANCETTI,-0.3333333333333333,-1.0,12,2023-01-01,2023-03-12,1,1,0,45.492632,9.175832,10:11,12,2
REG,24091,MILANO ROGOREDO,MILANO BOVISA FNM,MI P.GAR.SOTT.,2.6666666666666665,2.0,12,2023-01-01,2023-03-12,4,1,0,45.484228,9.185122,10:14,12,3
REG,24091,MILANO ROGOREDO,MILANO BOVISA FNM,MILANO REPUBBLICA,2.75,2.0,12,2023-01-01,2023-03-12,6,1,0,45.479984,9.198861,10:16,12,4
REG,24091,MILANO ROGOREDO,MILANO BOVISA FNM,MILANO VENEZIA,3.0833333333333335,3.0,12,2023-01-01,2023-03-12,7,1,0,45.471121,9.201889,10:18,12,5
REG,24091,MILANO ROGOREDO,MILANO BOVISA FNM,MILANO DATEO,3.25,3.0,12,2023-01-01,2023-03-12,8,1,0,45.462341,9.209277,10:21,12,6
REG,24091,MILANO ROGOREDO,MILANO BOVISA FNM,MILANO PORTA VITTORIA,1.1666666666666667,1.0,12,2023-01-01,2023-03-12,1,1,0,45.459579,9.21813,10:25,12,7
REG,24091,MILANO ROGOREDO,MILANO BOVISA FNM,MILANO ROGOREDO,1.1666666666666667,1.0,12,2023-01-01,2023-03-12,1,1,0,45.433866,9.2391,10:33,12,8
