train_class,train_number,train_arrival_stop_name,train_departure_stop_name,stop_name,avg_arrival_delay,median_arrival_delay,count_dates_stop,first_date,last_date,count_3m_delay,count_5m_delay,count_10m_delay,stop_lat,stop_lon,stop_time,count_dates_train,stop_number
REG,20340,CESANO DI ROMA,ROMA TIBURTINA,ROMA TIBURTINA,2.0357142857142856,2.0,56,2023-01-09,2023-03-31,12,4,0,41.910903,12.530749,09:53,56,1
REG,20340,CESANO DI ROMA,ROMA TIBURTINA,ROMA TUSCOLANA,0.43137254901960786,0.0,51,2023-01-09,2023-03-31,4,2,0,41.879384,12.523505,09:58,56,2
REG,20340,CESANO DI ROMA,ROMA TIBURTINA,ROMA OSTIENSE,-0.14285714285714285,-1.0,56,2023-01-09,2023-03-31,7,4,0,41.87265,12.483917,10:06,56,3
REG,20340,CESANO DI ROMA,ROMA TIBURTINA,ROMA TRASTEVERE,1.8571428571428572,2.0,56,2023-01-09,2023-03-31,15,5,0,41.872279,12.466162,10:10,56,4
REG,20340,CESANO DI ROMA,ROMA TIBURTINA,QUATTRO VENTI,2.232142857142857,2.0,56,2023-01-09,2023-03-31,18,6,0,41.880145,12.459731,10:13,56,5
REG,20340,CESANO DI ROMA,ROMA TIBURTINA,ROMA S.PIETRO,0.7857142857142857,0.0,56,2023-01-09,2023-03-31,9,2,0,41.896143,12.454497,10:17,56,6
REG,20340,CESANO DI ROMA,ROMA TIBURTINA,VALLE AURELIA,4.25,4.0,56,2023-01-09,2023-03-31,55,15,1,41.899356,12.447667,10:20,56,7
REG,20340,CESANO DI ROMA,ROMA TIBURTINA,APPIANO,1.5357142857142858,1.0,56,2023-01-09,2023-03-31,7,2,1,41.909342,12.43838,10:24,56,8
REG,20340,CESANO DI ROMA,ROMA TIBURTINA,ROMA BALDUINA,1.0,1.0,56,2023-01-09,2023-03-31,5,2,1,,,10:26,56,9
REG,20340,CESANO DI ROMA,ROMA TIBURTINA,GEMELLI,2.5535714285714284,2.0,56,2023-01-09,2023-03-31,19,4,1,41.927813,12.427797,10:29,56,10
REG,20340,CESANO DI ROMA,ROMA TIBURTINA,ROMA MONTE MARIO,1.1428571428571428,1.0,56,2023-01-09,2023-03-31,4,2,0,41.939088,12.421732,10:32,56,11
REG,20340,CESANO DI ROMA,ROMA TIBURTINA,ROMA S.FILIPPO NERI,0.5714285714285714,0.0,56,2023-01-09,2023-03-31,3,2,0,41.950262,12.412414,10:35,56,12
REG,20340,CESANO DI ROMA,ROMA TIBURTINA,OTTAVIA,1.6428571428571428,1.0,56,2023-01-09,2023-03-31,9,2,0,,,10:38,56,13
REG,20340,CESANO DI ROMA,ROMA TIBURTINA,IPOGEO DEGLI OTTAVI,1.0178571428571428,1.0,56,2023-01-09,2023-03-31,6,2,0,41.968391,12.409026,10:41,56,14
REG,20340,CESANO DI ROMA,ROMA TIBURTINA,LA GIUSTINIANA,1.375,1.0,56,2023-01-09,2023-03-31,7,3,0,41.985243,12.403457,10:44,56,15
REG,20340,CESANO DI ROMA,ROMA TIBURTINA,LA STORTA,0.9464285714285714,1.0,56,2023-01-09,2023-03-31,5,2,0,42.001748,12.381254,10:48,56,16
REG,20340,CESANO DI ROMA,ROMA TIBURTINA,OLGIATA,2.642857142857143,2.0,56,2023-01-09,2023-03-31,22,5,0,42.01538,12.363864,10:51,56,17
REG,20340,CESANO DI ROMA,ROMA TIBURTINA,CESANO DI ROMA,0.6607142857142857,0.0,56,2023-01-09,2023-03-31,6,1,0,42.061833,12.326669,10:58,56,18
