train_class,train_number,train_arrival_stop_name,train_departure_stop_name,stop_name,avg_arrival_delay,median_arrival_delay,count_dates_stop,first_date,last_date,count_3m_delay,count_5m_delay,count_10m_delay,stop_lat,stop_lon,stop_time,count_dates_train,stop_number
REG,18280,FIRENZE S.M.N.,PISA CENTRALE,PISA CENTRALE,2.4285714285714284,2.0,14,2023-01-01,2023-03-26,3,1,0,43.70794,10.398183,08:54,14,1
REG,18280,FIRENZE S.M.N.,PISA CENTRALE,NAVACCHIO,2.857142857142857,2.0,14,2023-01-01,2023-03-26,5,2,1,43.685941,10.486806,09:01,14,2
REG,18280,FIRENZE S.M.N.,PISA CENTRALE,CASCINA,3.357142857142857,2.0,14,2023-01-01,2023-03-26,7,3,1,43.674542,10.545225,09:08,14,3
REG,18280,FIRENZE S.M.N.,PISA CENTRALE,PONTEDERA CASCIANA TERME,3.0714285714285716,2.0,14,2023-01-01,2023-03-26,7,4,1,43.662145,10.628773,09:16,14,4
REG,18280,FIRENZE S.M.N.,PISA CENTRALE,S.ROMANO MONTOPOLI S.CROCE,-1.8571428571428572,-3.0,14,2023-01-01,2023-03-26,1,1,0,43.690575,10.760152,09:37,14,5
REG,18280,FIRENZE S.M.N.,PISA CENTRALE,EMPOLI,-0.7857142857142857,-2.0,14,2023-01-01,2023-03-26,2,0,0,43.715708,10.94915,09:51,14,6
REG,18280,FIRENZE S.M.N.,PISA CENTRALE,FIRENZE RIFREDI,0.07142857142857142,-1.0,14,2023-01-01,2023-03-26,1,1,0,43.800873,11.235729,10:23,14,7
REG,18280,FIRENZE S.M.N.,PISA CENTRALE,FIRENZE S.M.N.,-1.7142857142857142,-2.0,14,2023-01-01,2023-03-26,1,0,0,43.776893,11.247373,10:33,14,8
