train_class,train_number,train_arrival_stop_name,train_departure_stop_name,stop_name,avg_arrival_delay,median_arrival_delay,count_dates_stop,first_date,last_date,count_3m_delay,count_5m_delay,count_10m_delay,stop_lat,stop_lon,stop_time,count_dates_train,stop_number
REG,3648,SACILE,VENEZIA SANTA LUCIA,VENEZIA SANTA LUCIA,1.0714285714285714,1.0,14,2023-01-01,2023-03-26,2,0,0,45.441569,12.320882,08:31,14,1
REG,3648,SACILE,VENEZIA SANTA LUCIA,VENEZIA MESTRE,-0.5,-1.0,14,2023-01-01,2023-03-26,0,0,0,45.482123,12.232069,08:41,14,2
REG,3648,SACILE,VENEZIA SANTA LUCIA,MOGLIANO VENETO,-0.42857142857142855,-1.0,14,2023-01-01,2023-03-26,2,0,0,45.561964,12.23274,08:52,14,3
REG,3648,SACILE,VENEZIA SANTA LUCIA,TREVISO C.,-0.5,-1.0,14,2023-01-01,2023-03-26,1,0,0,45.659608,12.24614,09:05,14,4
REG,3648,SACILE,VENEZIA SANTA LUCIA,SPRESIANO,-0.5,-1.0,14,2023-01-01,2023-03-26,0,0,0,45.77763,12.266984,09:17,14,5
REG,3648,SACILE,VENEZIA SANTA LUCIA,CONEGLIANO,-3.357142857142857,-4.0,14,2023-01-01,2023-03-26,0,0,0,45.884706,12.298909,09:30,14,6
REG,3648,SACILE,VENEZIA SANTA LUCIA,SACILE,-2.7142857142857144,-3.0,14,2023-01-01,2023-03-26,0,0,0,45.948413,12.498498,09:44,14,7
