train_class,train_number,train_arrival_stop_name,train_departure_stop_name,stop_name,avg_arrival_delay,median_arrival_delay,count_dates_stop,first_date,last_date,count_3m_delay,count_5m_delay,count_10m_delay,stop_lat,stop_lon,stop_time,count_dates_train,stop_number
REG,17743,PORRETTA  TERME,BOLOGNA C.LE,BOLOGNA C.LE,1.6,1.0,75,2023-01-02,2023-03-31,4,2,0,44.50626,11.342267,09:04,75,1
REG,17743,PORRETTA  TERME,BOLOGNA C.LE,BOLOGNA BORGO PANIGALE,2.3733333333333335,2.0,75,2023-01-02,2023-03-31,13,4,1,44.515024,11.284728,09:10,75,2
REG,17743,PORRETTA  TERME,BOLOGNA C.LE,CASTELDEBOLE,0.8666666666666667,1.0,75,2023-01-02,2023-03-31,3,2,1,44.503974,11.27456,09:13,75,3
REG,17743,PORRETTA  TERME,BOLOGNA C.LE,CASALECCHIO GARIBALDI,-0.12,-1.0,75,2023-01-02,2023-03-31,4,1,1,44.482995,11.272474,09:17,75,4
REG,17743,PORRETTA  TERME,BOLOGNA C.LE,CASALECCHIO DI RENO,1.2133333333333334,1.0,75,2023-01-02,2023-03-31,10,2,1,44.474298,11.276097,09:20,75,5
REG,17743,PORRETTA  TERME,BOLOGNA C.LE,BORGONUOVO,0.7066666666666667,1.0,75,2023-01-02,2023-03-31,8,2,0,,,09:24,75,6
REG,17743,PORRETTA  TERME,BOLOGNA C.LE,SASSO MARCONI,1.9866666666666666,1.0,75,2023-01-02,2023-03-31,23,4,2,44.394939,11.254333,09:29,75,7
REG,17743,PORRETTA  TERME,BOLOGNA C.LE,LAMA DI RENO,2.24,2.0,75,2023-01-02,2023-03-31,20,4,1,44.363501,11.216168,09:35,75,8
REG,17743,PORRETTA  TERME,BOLOGNA C.LE,MARZABOTTO,1.7297297297297298,1.0,74,2023-01-02,2023-03-31,15,4,1,44.341237,11.207351,09:38,75,9
REG,17743,PORRETTA  TERME,BOLOGNA C.LE,PIAN DI VENOLA,2.026666666666667,2.0,75,2023-01-02,2023-03-31,18,4,1,44.332136,11.188609,09:41,75,10
REG,17743,PORRETTA  TERME,BOLOGNA C.LE,PIOPPE DI SALVARO,1.8933333333333333,2.0,75,2023-01-02,2023-03-31,22,4,1,44.310761,11.161785,09:46,75,11
REG,17743,PORRETTA  TERME,BOLOGNA C.LE,VERGATO,3.026666666666667,3.0,75,2023-01-02,2023-03-31,42,7,1,44.282723,11.114386,09:53,75,12
REG,17743,PORRETTA  TERME,BOLOGNA C.LE,RIOLA,2.973333333333333,3.0,75,2023-01-02,2023-03-31,38,9,1,44.229851,11.053592,10:01,75,13
REG,17743,PORRETTA  TERME,BOLOGNA C.LE,SILLA,4.306666666666667,4.0,75,2023-01-02,2023-03-31,62,28,2,44.177652,10.980635,10:09,75,14
REG,17743,PORRETTA  TERME,BOLOGNA C.LE,PORRETTA  TERME,2.2266666666666666,2.0,75,2023-01-02,2023-03-31,31,10,0,44.155757,10.978039,10:14,75,15
