train_class,train_number,train_arrival_stop_name,train_departure_stop_name,stop_name,avg_arrival_delay,median_arrival_delay,count_dates_stop,first_date,last_date,count_3m_delay,count_5m_delay,count_10m_delay,stop_lat,stop_lon,stop_time,count_dates_train,stop_number
REG,21637,GIACHERY,PALERMO NOTARBARTOLO,PALERMO NOTARBARTOLO,0.13157894736842105,0.0,76,2023-01-02,2023-03-31,0,0,0,38.132261,13.341572,14:07,76,1
REG,21637,GIACHERY,PALERMO NOTARBARTOLO,FEDERICO,-0.40789473684210525,-1.0,76,2023-01-02,2023-03-31,0,0,0,38.144862,13.344966,14:10,76,2
REG,21637,GIACHERY,PALERMO NOTARBARTOLO,FIERA,-1.2236842105263157,-1.0,76,2023-01-02,2023-03-31,0,0,0,38.144004,13.351336,14:13,76,3
REG,21637,GIACHERY,PALERMO NOTARBARTOLO,GIACHERY,-5.2894736842105265,-5.0,76,2023-01-02,2023-03-31,0,0,0,38.138135,13.355856,14:21,76,4
