train_class,train_number,train_arrival_stop_name,train_departure_stop_name,stop_name,avg_arrival_delay,median_arrival_delay,count_dates_stop,first_date,last_date,count_3m_delay,count_5m_delay,count_10m_delay,stop_lat,stop_lon,stop_time,count_dates_train,stop_number
REG,3489,VENEZIA SANTA LUCIA,VERONA PORTA NUOVA,VERONA PORTA NUOVA,3.313953488372093,2.0,86,2023-01-01,2023-03-31,34,15,4,45.428603,10.982377,08:22,86,1
REG,3489,VENEZIA SANTA LUCIA,VERONA PORTA NUOVA,VERONA PORTA VESCOVO,3.104651162790698,2.0,86,2023-01-01,2023-03-31,28,16,4,45.435552,11.018841,08:26,86,2
REG,3489,VENEZIA SANTA LUCIA,VERONA PORTA NUOVA,SAN BONIFACIO,3.5,2.0,86,2023-01-01,2023-03-31,41,16,5,45.40276,11.27406,08:38,86,3
REG,3489,VENEZIA SANTA LUCIA,VERONA PORTA NUOVA,VICENZA,-0.06976744186046512,-1.0,86,2023-01-01,2023-03-31,8,4,3,45.541102,11.540762,09:01,86,4
REG,3489,VENEZIA SANTA LUCIA,VERONA PORTA NUOVA,PADOVA,1.2325581395348837,-1.0,86,2023-01-01,2023-03-31,18,9,3,45.417846,11.880794,09:20,86,5
REG,3489,VENEZIA SANTA LUCIA,VERONA PORTA NUOVA,VENEZIA MESTRE,0.8953488372093024,-1.0,86,2023-01-01,2023-03-31,15,9,3,45.482123,12.232069,09:37,86,6
REG,3489,VENEZIA SANTA LUCIA,VERONA PORTA NUOVA,VENEZIA SANTA LUCIA,0.03488372093023256,-1.0,86,2023-01-01,2023-03-31,11,7,3,45.441569,12.320882,09:50,86,7
