train_class,train_number,train_arrival_stop_name,train_departure_stop_name,stop_name,avg_arrival_delay,median_arrival_delay,count_dates_stop,first_date,last_date,count_3m_delay,count_5m_delay,count_10m_delay,stop_lat,stop_lon,stop_time,count_dates_train,stop_number
REG,17910,POGGIO RUSCO,BOLOGNA C.LE,BOLOGNA C.LE,3.04,2.0,75,2023-01-02,2023-03-31,32,16,2,44.50626,11.342267,17:36,75,1
REG,17910,POGGIO RUSCO,BOLOGNA C.LE,OSTERIA NUOVA,3.48,3.0,75,2023-01-02,2023-03-31,40,17,5,44.586613,11.236525,17:47,75,2
REG,17910,POGGIO RUSCO,BOLOGNA C.LE,SAN GIOVANNI IN PERSICETO,4.266666666666667,3.0,75,2023-01-02,2023-03-31,50,21,7,44.643151,11.189444,17:53,75,3
REG,17910,POGGIO RUSCO,BOLOGNA C.LE,CREVALCORE,0.38666666666666666,-1.0,75,2023-01-02,2023-03-31,15,11,2,44.719156,11.152625,18:02,75,4
REG,17910,POGGIO RUSCO,BOLOGNA C.LE,CAMPOSANTO,1.64,1.0,75,2023-01-02,2023-03-31,15,10,1,44.787527,11.143587,18:08,75,5
REG,17910,POGGIO RUSCO,BOLOGNA C.LE,S.FELICE SP,0.56,-1.0,75,2023-01-02,2023-03-31,13,8,1,44.834527,11.140243,18:13,75,6
REG,17910,POGGIO RUSCO,BOLOGNA C.LE,MIRANDOLA,2.84,2.0,75,2023-01-02,2023-03-31,26,12,1,44.891638,11.111689,18:19,75,7
REG,17910,POGGIO RUSCO,BOLOGNA C.LE,POGGIO RUSCO,-3.6266666666666665,-4.0,75,2023-01-02,2023-03-31,1,0,0,44.981859,11.124627,18:34,75,8
