train_class,train_number,train_arrival_stop_name,train_departure_stop_name,stop_name,avg_arrival_delay,median_arrival_delay,count_dates_stop,first_date,last_date,count_3m_delay,count_5m_delay,count_10m_delay,stop_lat,stop_lon,stop_time,count_dates_train,stop_number
FA,8317,LECCE,ROMA TERMINI,ROMA TERMINI,5.90566037735849,4.0,53,2023-01-06,2023-12-29,31,24,9,41.900636,12.502026,16:05,53,1
FA,8317,LECCE,ROMA TERMINI,CASERTA,7.943396226415095,6.0,53,2023-01-06,2023-12-29,38,31,15,41.068655,14.328457,17:12,53,2
FA,8317,LECCE,ROMA TERMINI,BENEVENTO,14.075471698113208,11.0,53,2023-01-06,2023-12-29,47,41,31,41.141901,14.769998,18:02,53,3
FA,8317,LECCE,ROMA TERMINI,FOGGIA,17.169811320754718,13.0,53,2023-01-06,2023-12-29,47,43,34,41.466,15.555816,19:02,53,4
FA,8317,LECCE,ROMA TERMINI,BARLETTA,21.20754716981132,18.0,53,2023-01-06,2023-12-29,48,48,36,41.315227,16.278867,19:41,53,5
FA,8317,LECCE,ROMA TERMINI,BARI CENTRALE,13.264150943396226,9.0,53,2023-01-06,2023-12-29,36,32,26,41.11774,16.869601,20:20,53,6
FA,8317,LECCE,ROMA TERMINI,BRINDISI,16.326923076923077,10.0,52,2023-01-06,2023-12-29,40,37,28,40.634339,17.938978,21:17,53,7
FA,8317,LECCE,ROMA TERMINI,LECCE,8.358490566037736,3.0,53,2023-01-06,2023-12-29,27,22,16,40.34566,18.165724,21:45,53,8
