train_class,train_number,train_arrival_stop_name,train_departure_stop_name,stop_name,avg_arrival_delay,median_arrival_delay,count_dates_stop,first_date,last_date,count_3m_delay,count_5m_delay,count_10m_delay,stop_lat,stop_lon,stop_time,count_dates_train,stop_number
FR,8862,ROMA TERMINI,REGGIO CALABRIA CENTRALE,REGGIO CALABRIA CENTRALE,1.0851063829787233,1.0,94,2023-03-06,2023-06-10,6,2,1,38.103884,15.635844,09:00,94,1
FR,8862,ROMA TERMINI,REGGIO CALABRIA CENTRALE,VILLA SAN GIOVANNI,-1.5851063829787233,-2.0,94,2023-03-06,2023-06-10,3,1,1,38.216638,15.634336,09:14,94,2
FR,8862,ROMA TERMINI,REGGIO CALABRIA CENTRALE,GIOIA TAURO,-1.3936170212765957,-3.0,94,2023-03-06,2023-06-10,6,4,3,38.423436,15.897516,09:41,94,3
FR,8862,ROMA TERMINI,REGGIO CALABRIA CENTRALE,ROSARNO,0.7311827956989247,-2.0,93,2023-03-06,2023-06-10,10,6,3,38.488593,15.970149,09:50,94,4
FR,8862,ROMA TERMINI,REGGIO CALABRIA CENTRALE,VIBO VALENZIA PIZZO,1.6595744680851063,-1.0,94,2023-03-06,2023-06-10,16,16,6,38.714593,16.139887,10:07,94,5
FR,8862,ROMA TERMINI,REGGIO CALABRIA CENTRALE,LAMEZIA TERME CENTRALE,3.053763440860215,0.0,93,2023-03-06,2023-06-10,19,18,10,38.921347,16.255577,10:22,94,6
FR,8862,ROMA TERMINI,REGGIO CALABRIA CENTRALE,PAOLA,-0.6170212765957447,-5.0,94,2023-03-06,2023-06-10,17,15,13,39.359442,16.033093,10:54,94,7
FR,8862,ROMA TERMINI,REGGIO CALABRIA CENTRALE,SAPRI,0.7978723404255319,-3.0,94,2023-03-06,2023-06-10,23,22,16,40.078013,15.627204,11:41,94,8
FR,8862,ROMA TERMINI,REGGIO CALABRIA CENTRALE,VALLO DELLA LUC. CASTELNUOVO,3.893617021276596,-2.0,94,2023-03-06,2023-06-10,26,22,18,40.233316,15.266511,12:15,94,9
FR,8862,ROMA TERMINI,REGGIO CALABRIA CENTRALE,BATTIPAGLIA,4.659574468085107,-3.0,94,2023-03-06,2023-06-10,25,24,17,40.605789,14.98324,12:42,94,10
FR,8862,ROMA TERMINI,REGGIO CALABRIA CENTRALE,SALERNO,4.670212765957447,-3.0,94,2023-03-06,2023-06-10,22,22,17,40.675137,14.772822,12:56,94,11
FR,8862,ROMA TERMINI,REGGIO CALABRIA CENTRALE,NAPOLI AFRAGOLA,6.446808510638298,-1.0,94,2023-03-06,2023-06-10,26,23,20,,,13:22,94,12
FR,8862,ROMA TERMINI,REGGIO CALABRIA CENTRALE,ROMA TERMINI,10.797872340425531,2.0,94,2023-03-06,2023-06-10,47,29,22,41.900636,12.502026,14:25,94,13
