train_class,train_number,train_arrival_stop_name,train_departure_stop_name,stop_name,avg_arrival_delay,median_arrival_delay,count_dates_stop,first_date,last_date,count_3m_delay,count_5m_delay,count_10m_delay,stop_lat,stop_lon,stop_time,count_dates_train,stop_number
FR,9329,PERUGIA,TORINO P.NUOVA,TORINO P.NUOVA,5.577181208053691,3.0,298,2023-01-01,2023-12-31,205,102,30,45.060969,7.67747,17:40,298,1
FR,9329,PERUGIA,TORINO P.NUOVA,TORINO PORTA SUSA,4.023489932885906,2.0,298,2023-01-01,2023-12-31,129,77,29,45.075906,7.667673,17:48,298,2
FR,9329,PERUGIA,TORINO P.NUOVA,RHO FIERA MILANO,6.696969696969697,5.0,297,2023-01-01,2023-12-31,219,151,46,45.521157,9.088595,18:26,298,3
FR,9329,PERUGIA,TORINO P.NUOVA,MILANO PORTA GARIBALDI,3.2677966101694915,1.0,295,2023-01-01,2023-12-31,112,67,31,45.484917,9.187683,18:45,298,4
FR,9329,PERUGIA,TORINO P.NUOVA,MILANO ROGOREDO,7.491582491582491,5.0,297,2023-01-01,2023-12-31,219,167,65,45.433866,9.2391,19:02,298,5
FR,9329,PERUGIA,TORINO P.NUOVA,REGGIO EMILIA AV,10.125435540069686,7.0,287,2023-01-01,2023-12-31,245,208,111,44.724539,10.653716,19:40,298,6
FR,9329,PERUGIA,TORINO P.NUOVA,BOLOGNA C.LE/AV,8.550675675675675,6.0,296,2023-01-01,2023-12-31,243,195,79,44.506813,11.342622,20:09,298,7
FR,9329,PERUGIA,TORINO P.NUOVA,FIRENZE S.M.N.,10.558922558922559,7.0,297,2023-01-01,2023-12-31,249,208,104,43.776893,11.247373,20:50,298,8
FR,9329,PERUGIA,TORINO P.NUOVA,AREZZO,13.205387205387206,10.0,297,2023-01-01,2023-12-31,268,249,151,43.461725,11.874189,21:31,298,9
FR,9329,PERUGIA,TORINO P.NUOVA,TERONTOLA CORTONA,13.205387205387206,10.0,297,2023-01-01,2023-12-31,271,233,149,43.210263,12.007906,21:52,298,10
FR,9329,PERUGIA,TORINO P.NUOVA,PERUGIA,5.516778523489933,2.0,298,2023-01-01,2023-12-31,139,110,62,43.103808,12.375567,22:30,298,11
