train_class,train_number,train_arrival_stop_name,train_departure_stop_name,stop_name,avg_arrival_delay,median_arrival_delay,count_dates_stop,first_date,last_date,count_3m_delay,count_5m_delay,count_10m_delay,stop_lat,stop_lon,stop_time,count_dates_train,stop_number
FR,9434,VENEZIA SANTA LUCIA,NAPOLI CENTRALE,NAPOLI CENTRALE,2.1148148148148147,1.0,270,2023-01-02,2023-12-31,64,20,5,40.852933,14.272908,18:09,270,1
FR,9434,VENEZIA SANTA LUCIA,NAPOLI CENTRALE,ROMA TERMINI,5.0,4.0,270,2023-01-02,2023-12-31,177,127,46,41.900636,12.502026,19:20,270,2
FR,9434,VENEZIA SANTA LUCIA,NAPOLI CENTRALE,ROMA TIBURTINA,2.8641509433962264,2.0,265,2023-01-02,2023-12-31,113,67,22,41.910903,12.530749,19:42,270,3
FR,9434,VENEZIA SANTA LUCIA,NAPOLI CENTRALE,FIRENZE S.M.N.,2.688888888888889,2.0,270,2023-01-02,2023-12-31,124,89,29,43.776893,11.247373,21:11,270,4
FR,9434,VENEZIA SANTA LUCIA,NAPOLI CENTRALE,BOLOGNA C.LE/AV,3.5555555555555554,3.0,270,2023-01-02,2023-12-31,139,106,45,44.506813,11.342622,21:58,270,5
FR,9434,VENEZIA SANTA LUCIA,NAPOLI CENTRALE,FERRARA,3.5814814814814815,2.0,270,2023-01-02,2023-12-31,130,95,44,44.843047,11.603594,22:27,270,6
FR,9434,VENEZIA SANTA LUCIA,NAPOLI CENTRALE,PADOVA,3.1333333333333333,2.0,270,2023-01-02,2023-12-31,125,94,41,45.417846,11.880794,23:04,270,7
FR,9434,VENEZIA SANTA LUCIA,NAPOLI CENTRALE,VENEZIA MESTRE,0.11851851851851852,-2.0,270,2023-01-02,2023-12-31,74,52,19,45.482123,12.232069,23:23,270,8
FR,9434,VENEZIA SANTA LUCIA,NAPOLI CENTRALE,VENEZIA SANTA LUCIA,0.03333333333333333,-2.0,270,2023-01-02,2023-12-31,67,42,15,45.441569,12.320882,23:34,270,9
