train_class,train_number,train_arrival_stop_name,train_departure_stop_name,stop_name,avg_arrival_delay,median_arrival_delay,count_dates_stop,first_date,last_date,count_3m_delay,count_5m_delay,count_10m_delay,stop_lat,stop_lon,stop_time,count_dates_train,stop_number
FR,9427,NAPOLI CENTRALE,VENEZIA SANTA LUCIA,VENEZIA SANTA LUCIA,0.38461538461538464,0.0,13,2023-08-07,2023-09-05,0,0,0,45.441569,12.320882,15:26,13,1
FR,9427,NAPOLI CENTRALE,VENEZIA SANTA LUCIA,VENEZIA MESTRE,0.0,0.0,13,2023-08-07,2023-09-05,1,0,0,45.482123,12.232069,15:36,13,2
FR,9427,NAPOLI CENTRALE,VENEZIA SANTA LUCIA,PADOVA,-0.07692307692307693,0.0,13,2023-08-07,2023-09-05,2,0,0,45.417846,11.880794,15:54,13,3
FR,9427,NAPOLI CENTRALE,VENEZIA SANTA LUCIA,FERRARA,4.384615384615385,4.0,13,2023-08-07,2023-09-05,10,5,0,44.843047,11.603594,16:27,13,4
FR,9427,NAPOLI CENTRALE,VENEZIA SANTA LUCIA,BOLOGNA C.LE/AV,0.38461538461538464,1.0,13,2023-08-07,2023-09-05,2,0,0,44.506813,11.342622,16:59,13,5
FR,9427,NAPOLI CENTRALE,VENEZIA SANTA LUCIA,FIRENZE S.M.N.,-1.3076923076923077,-1.0,13,2023-08-07,2023-09-05,2,0,0,43.776893,11.247373,17:39,13,6
FR,9427,NAPOLI CENTRALE,VENEZIA SANTA LUCIA,ROMA TIBURTINA,2.230769230769231,2.0,13,2023-08-07,2023-09-05,5,5,1,41.910903,12.530749,19:14,13,7
FR,9427,NAPOLI CENTRALE,VENEZIA SANTA LUCIA,ROMA TERMINI,1.5384615384615385,1.0,13,2023-08-07,2023-09-05,4,2,1,41.900636,12.502026,19:25,13,8
FR,9427,NAPOLI CENTRALE,VENEZIA SANTA LUCIA,NAPOLI CENTRALE,4.538461538461538,-3.0,13,2023-08-07,2023-09-05,3,3,2,40.852933,14.272908,20:48,13,9
