train_class,train_number,train_arrival_stop_name,train_departure_stop_name,stop_name,avg_arrival_delay,median_arrival_delay,count_dates_stop,first_date,last_date,count_3m_delay,count_5m_delay,count_10m_delay,stop_lat,stop_lon,stop_time,count_dates_train,stop_number
FR,9413,NAPOLI CENTRALE,VENEZIA SANTA LUCIA,VENEZIA SANTA LUCIA,0.9885057471264368,0.0,348,2023-01-02,2023-12-31,12,9,6,45.441569,12.320882,10:26,348,1
FR,9413,NAPOLI CENTRALE,VENEZIA SANTA LUCIA,VENEZIA MESTRE,-0.9913793103448276,-2.0,348,2023-01-02,2023-12-31,14,9,7,45.482123,12.232069,10:36,348,2
FR,9413,NAPOLI CENTRALE,VENEZIA SANTA LUCIA,PADOVA,-0.08357348703170028,-1.0,347,2023-01-02,2023-12-31,35,17,9,45.417846,11.880794,10:54,348,3
FR,9413,NAPOLI CENTRALE,VENEZIA SANTA LUCIA,FERRARA,3.6300578034682083,3.0,346,2023-01-02,2023-12-31,198,100,24,44.843047,11.603594,11:27,348,4
FR,9413,NAPOLI CENTRALE,VENEZIA SANTA LUCIA,BOLOGNA C.LE/AV,0.11884057971014493,-2.0,345,2023-01-02,2023-12-31,61,34,13,44.506813,11.342622,11:59,348,5
FR,9413,NAPOLI CENTRALE,VENEZIA SANTA LUCIA,FIRENZE S.M.N.,3.838616714697406,2.0,347,2023-01-02,2023-12-31,166,109,26,43.776893,11.247373,12:39,348,6
FR,9413,NAPOLI CENTRALE,VENEZIA SANTA LUCIA,ROMA TIBURTINA,4.426900584795321,1.0,342,2023-01-02,2023-12-31,136,104,52,41.910903,12.530749,14:14,348,7
FR,9413,NAPOLI CENTRALE,VENEZIA SANTA LUCIA,ROMA TERMINI,4.789017341040463,1.0,346,2023-01-02,2023-12-31,116,82,42,41.900636,12.502026,14:25,348,8
FR,9413,NAPOLI CENTRALE,VENEZIA SANTA LUCIA,NAPOLI CENTRALE,8.057803468208093,4.0,346,2023-01-02,2023-12-31,222,160,73,40.852933,14.272908,15:48,348,9
