train_class,train_number,train_arrival_stop_name,train_departure_stop_name,stop_name,avg_arrival_delay,median_arrival_delay,count_dates_stop,first_date,last_date,count_3m_delay,count_5m_delay,count_10m_delay,stop_lat,stop_lon,stop_time,count_dates_train,stop_number
IC,1959,SIRACUSA,ROMA TERMINI,SALERNO,15.31413612565445,5.0,191,2023-01-02,2023-12-30,102,98,83,40.675137,14.772822,02:05,194,1
IC,1959,SIRACUSA,ROMA TERMINI,PAOLA,24.84864864864865,16.0,185,2023-01-02,2023-12-30,119,115,107,39.359442,16.033093,04:17,194,2
IC,1959,SIRACUSA,ROMA TERMINI,LAMEZIA TERME CENTRALE,19.94818652849741,10.0,193,2023-01-02,2023-12-30,113,107,99,38.921347,16.255577,04:59,194,3
IC,1959,SIRACUSA,ROMA TERMINI,VILLA SAN GIOVANNI,18.82383419689119,10.0,193,2023-01-02,2023-12-30,118,110,100,38.216638,15.634336,06:10,194,4
IC,1959,SIRACUSA,ROMA TERMINI,MESSINA MARITTIMA,20.7,8.0,190,2023-01-02,2023-12-30,110,109,95,38.14988,15.534997,07:40,194,5
IC,1959,SIRACUSA,ROMA TERMINI,MESSINA CENTRALE,20.95767195767196,8.0,189,2023-01-02,2023-12-30,107,105,92,38.184975,15.561278,08:05,194,6
IC,1959,SIRACUSA,ROMA TERMINI,LETOJANNI,25.75294117647059,9.0,85,2023-01-02,2023-08-20,57,51,42,37.877581,15.303128,09:20,194,7
IC,1959,SIRACUSA,ROMA TERMINI,TAORMINA,11.231958762886597,1.0,194,2023-01-02,2023-12-30,89,80,65,37.845429,15.282584,09:30,194,8
IC,1959,SIRACUSA,ROMA TERMINI,GIARRE RIPOSTO,10.422680412371134,1.0,194,2023-01-02,2023-12-30,87,79,60,37.730346,15.193386,09:46,194,9
IC,1959,SIRACUSA,ROMA TERMINI,ACIREALE,7.838541666666667,-2.0,192,2023-01-02,2023-12-30,78,68,51,37.600514,15.163697,09:58,194,10
IC,1959,SIRACUSA,ROMA TERMINI,CATANIA CENTRALE,6.634020618556701,-2.0,194,2023-01-02,2023-12-30,72,60,49,37.506211,15.099417,10:10,194,11
IC,1959,SIRACUSA,ROMA TERMINI,LENTINI,15.118556701030927,5.0,194,2023-01-02,2023-12-30,115,101,68,37.300916,14.99758,10:35,194,12
IC,1959,SIRACUSA,ROMA TERMINI,AUGUSTA,7.154639175257732,-4.0,194,2023-01-02,2023-12-30,66,59,47,37.24334,15.218628,11:07,194,13
IC,1959,SIRACUSA,ROMA TERMINI,SIRACUSA,6.180412371134021,-4.0,194,2023-01-02,2023-12-30,66,58,43,37.068906,15.280896,11:29,194,14
IC,1959,SIRACUSA,ROMA TERMINI,ROMA TERMINI,13.675257731958762,7.0,194,2023-01-02,2023-12-30,127,112,85,41.900636,12.502026,23:00,194,15
