train_class,train_number,train_arrival_stop_name,train_departure_stop_name,stop_name,avg_arrival_delay,median_arrival_delay,count_dates_stop,first_date,last_date,count_3m_delay,count_5m_delay,count_10m_delay,stop_lat,stop_lon,stop_time,count_dates_train,stop_number
IC,665,LA SPEZIA CENTRALE,MILANO CENTRALE,MILANO CENTRALE,3.608450704225352,3.0,355,2023-01-01,2023-12-31,178,67,16,45.486347,9.204528,12:10,355,1
IC,665,LA SPEZIA CENTRALE,MILANO CENTRALE,PAVIA,3.5706214689265536,2.0,354,2023-01-01,2023-12-31,149,77,32,45.188843,9.144674,12:33,355,2
IC,665,LA SPEZIA CENTRALE,MILANO CENTRALE,TORTONA,5.779036827195467,4.0,353,2023-01-01,2023-12-31,240,138,57,44.900126,8.861777,12:57,355,3
IC,665,LA SPEZIA CENTRALE,MILANO CENTRALE,GENOVA P.PRINCIPE,4.076056338028169,2.0,355,2023-01-01,2023-12-31,170,133,66,44.417784,8.9207,13:44,355,4
IC,665,LA SPEZIA CENTRALE,MILANO CENTRALE,GENOVA BRIGNOLE,5.171830985915493,3.0,355,2023-01-01,2023-12-31,178,137,71,44.407213,8.947553,13:53,355,5
IC,665,LA SPEZIA CENTRALE,MILANO CENTRALE,S. MARGHERITA LIGURE PORTOFINO,6.8107344632768365,4.0,354,2023-01-01,2023-12-31,229,167,85,44.33676,9.216673,14:14,355,6
IC,665,LA SPEZIA CENTRALE,MILANO CENTRALE,CHIAVARI,8.115819209039548,6.0,354,2023-01-01,2023-12-31,279,207,103,44.315156,9.322464,14:28,355,7
IC,665,LA SPEZIA CENTRALE,MILANO CENTRALE,SESTRI LEVANTE,8.274011299435028,6.0,354,2023-01-01,2023-12-31,271,211,104,44.27626,9.397651,14:36,355,8
IC,665,LA SPEZIA CENTRALE,MILANO CENTRALE,LEVANTO,3.2768361581920904,2.0,354,2023-01-01,2023-12-31,158,116,50,44.174167,9.616018,14:59,355,9
IC,665,LA SPEZIA CENTRALE,MILANO CENTRALE,MONTEROSSO,6.028169014084507,3.0,355,2023-01-01,2023-12-31,191,148,61,44.145967,9.649009,15:05,355,10
IC,665,LA SPEZIA CENTRALE,MILANO CENTRALE,LA SPEZIA CENTRALE,7.44225352112676,5.0,355,2023-01-01,2023-12-31,237,180,86,44.11141,9.813906,15:21,355,11
