train_class,train_number,train_arrival_stop_name,train_departure_stop_name,stop_name,avg_arrival_delay,median_arrival_delay,count_dates_stop,first_date,last_date,count_3m_delay,count_5m_delay,count_10m_delay,stop_lat,stop_lon,stop_time,count_dates_train,stop_number
IC,702,ROMA TERMINI,REGGIO CALABRIA CENTRALE,REGGIO CALABRIA CENTRALE,1.988235294117647,1.0,85,2023-06-12,2023-09-10,13,4,4,38.103884,15.635844,11:50,85,1
IC,702,ROMA TERMINI,REGGIO CALABRIA CENTRALE,VILLA SAN GIOVANNI,-2.0941176470588236,-3.0,85,2023-06-12,2023-09-10,5,5,3,38.216638,15.634336,12:06,85,2
IC,702,ROMA TERMINI,REGGIO CALABRIA CENTRALE,GIOIA TAURO,-0.21176470588235294,-2.0,85,2023-06-12,2023-09-10,12,6,4,38.423436,15.897516,12:30,85,3
IC,702,ROMA TERMINI,REGGIO CALABRIA CENTRALE,ROSARNO,5.070588235294117,3.0,85,2023-06-12,2023-09-10,44,20,7,38.488593,15.970149,12:38,85,4
IC,702,ROMA TERMINI,REGGIO CALABRIA CENTRALE,NICOTERA,4.988235294117647,3.0,85,2023-06-12,2023-09-10,43,21,11,38.549328,15.933749,12:50,85,5
IC,702,ROMA TERMINI,REGGIO CALABRIA CENTRALE,RICADI,11.411764705882353,10.0,85,2023-06-12,2023-09-10,85,83,43,38.630676,15.839848,13:07,85,6
IC,702,ROMA TERMINI,REGGIO CALABRIA CENTRALE,TROPEA,10.48235294117647,9.0,85,2023-06-12,2023-09-10,85,78,37,38.672302,15.894568,13:16,85,7
IC,702,ROMA TERMINI,REGGIO CALABRIA CENTRALE,VIBO MARINA,6.9411764705882355,5.0,85,2023-06-12,2023-09-10,64,44,16,38.713731,16.120199,13:40,85,8
IC,702,ROMA TERMINI,REGGIO CALABRIA CENTRALE,LAMEZIA TERME CENTRALE,0.08235294117647059,-2.0,85,2023-06-12,2023-09-10,18,10,5,38.921347,16.255577,14:17,85,9
IC,702,ROMA TERMINI,REGGIO CALABRIA CENTRALE,AMANTEA,1.188235294117647,-2.0,85,2023-06-12,2023-09-10,21,14,5,39.134353,16.068448,14:35,85,10
IC,702,ROMA TERMINI,REGGIO CALABRIA CENTRALE,PAOLA,0.6352941176470588,-2.0,85,2023-06-12,2023-09-10,17,9,6,39.359442,16.033093,14:51,85,11
IC,702,ROMA TERMINI,REGGIO CALABRIA CENTRALE,DIAMANTE BUONVICINO,-1.2,-4.0,85,2023-06-12,2023-09-10,8,6,5,39.67701,15.824278,15:17,85,12
IC,702,ROMA TERMINI,REGGIO CALABRIA CENTRALE,SCALEA S.DOMENICA TALAO,-0.1411764705882353,-2.0,85,2023-06-12,2023-09-10,8,7,4,39.8083,15.80139,15:29,85,13
IC,702,ROMA TERMINI,REGGIO CALABRIA CENTRALE,PRAJA AJETA TORTORA,2.1176470588235294,0.0,85,2023-06-12,2023-09-10,13,9,5,39.900832,15.780628,15:37,85,14
IC,702,ROMA TERMINI,REGGIO CALABRIA CENTRALE,MARATEA,1.3294117647058823,-1.0,85,2023-06-12,2023-09-10,14,8,5,39.995028,15.70975,15:48,85,15
IC,702,ROMA TERMINI,REGGIO CALABRIA CENTRALE,SAPRI,1.988235294117647,-1.0,85,2023-06-12,2023-09-10,17,11,5,40.078013,15.627204,15:58,85,16
IC,702,ROMA TERMINI,REGGIO CALABRIA CENTRALE,PISCIOTTA PALINURO,5.4,2.0,85,2023-06-12,2023-09-10,41,26,14,40.091539,15.243601,16:20,85,17
IC,702,ROMA TERMINI,REGGIO CALABRIA CENTRALE,VALLO DELLA LUC. CASTELNUOVO,7.9411764705882355,4.0,85,2023-06-12,2023-09-10,56,38,18,40.233316,15.266511,16:32,85,18
IC,702,ROMA TERMINI,REGGIO CALABRIA CENTRALE,AGROPOLI CASTELLABATE,5.858823529411764,2.0,85,2023-06-12,2023-09-10,41,27,19,40.351521,15.002053,16:50,85,19
IC,702,ROMA TERMINI,REGGIO CALABRIA CENTRALE,BATTIPAGLIA,6.729411764705882,3.0,85,2023-06-12,2023-09-10,51,38,18,40.605789,14.98324,17:18,85,20
IC,702,ROMA TERMINI,REGGIO CALABRIA CENTRALE,SALERNO,8.494117647058824,5.0,85,2023-06-12,2023-09-10,55,46,28,40.675137,14.772822,17:31,85,21
IC,702,ROMA TERMINI,REGGIO CALABRIA CENTRALE,NAPOLI CENTRALE,4.447058823529412,1.0,85,2023-06-12,2023-09-10,37,27,19,40.852933,14.272908,18:17,85,22
IC,702,ROMA TERMINI,REGGIO CALABRIA CENTRALE,AVERSA,8.878048780487806,2.0,82,2023-06-12,2023-09-10,37,29,22,40.973323,14.218578,18:47,85,23
IC,702,ROMA TERMINI,REGGIO CALABRIA CENTRALE,FORMIA-GAETA,15.125,7.0,80,2023-06-12,2023-09-10,72,55,32,41.258773,13.605996,19:20,85,24
IC,702,ROMA TERMINI,REGGIO CALABRIA CENTRALE,LATINA,11.974683544303797,4.0,79,2023-06-12,2023-09-10,48,37,26,41.538372,12.945888,19:58,85,25
IC,702,ROMA TERMINI,REGGIO CALABRIA CENTRALE,ROMA TERMINI,11.541176470588235,3.0,85,2023-06-12,2023-09-10,43,35,23,41.900636,12.502026,20:34,85,26
