train_class,train_number,train_arrival_stop_name,train_departure_stop_name,stop_name,avg_arrival_delay,median_arrival_delay,count_dates_stop,first_date,last_date,count_3m_delay,count_5m_delay,count_10m_delay,stop_lat,stop_lon,stop_time,count_dates_train,stop_number
IC,707,NAPOLI CENTRALE,ROMA TERMINI,ROMA TERMINI,6.615384615384615,2.0,13,2023-01-21,2023-12-08,6,4,3,41.900636,12.502026,15:26,13,1
IC,707,NAPOLI CENTRALE,ROMA TERMINI,LATINA,8.153846153846153,2.0,13,2023-01-21,2023-12-08,6,5,3,41.538372,12.945888,15:55,13,2
IC,707,NAPOLI CENTRALE,ROMA TERMINI,FORMIA-GAETA,5.0,-1.0,13,2023-01-21,2023-12-08,5,4,3,41.258773,13.605996,16:33,13,3
IC,707,NAPOLI CENTRALE,ROMA TERMINI,AVERSA,14.23076923076923,18.0,13,2023-01-21,2023-12-08,12,11,8,40.973323,14.218578,17:09,13,4
IC,707,NAPOLI CENTRALE,ROMA TERMINI,NAPOLI CENTRALE,13.461538461538462,15.0,13,2023-01-21,2023-12-08,9,8,8,40.852933,14.272908,17:29,13,5
