train_class,train_number,train_arrival_stop_name,train_departure_stop_name,stop_name,avg_arrival_delay,median_arrival_delay,count_dates_stop,first_date,last_date,count_3m_delay,count_5m_delay,count_10m_delay,stop_lat,stop_lon,stop_time,count_dates_train,stop_number
REG,18655,FIRENZE S.M.N.,PISTOIA,PISTOIA,1.525735294117647,1.0,272,2023-01-02,2023-12-30,16,3,0,43.926804,10.914624,06:15,272,1
REG,18655,FIRENZE S.M.N.,PISTOIA,PRATO CENTRALE,-1.4522058823529411,-1.0,272,2023-01-02,2023-12-30,2,2,0,43.878737,11.109252,06:33,272,2
REG,18655,FIRENZE S.M.N.,PISTOIA,ZAMBRA,-0.40076335877862596,-1.0,262,2023-01-03,2023-12-30,9,2,1,43.825856,11.206206,06:50,272,3
REG,18655,FIRENZE S.M.N.,PISTOIA,FIRENZE CASTELLO,0.7169117647058824,1.0,272,2023-01-02,2023-12-30,24,3,1,43.819444,11.21838,06:53,272,4
REG,18655,FIRENZE S.M.N.,PISTOIA,FIRENZE RIFREDI,-0.4870848708487085,-1.0,271,2023-01-02,2023-12-30,17,2,1,43.800873,11.235729,06:58,272,5
REG,18655,FIRENZE S.M.N.,PISTOIA,FIRENZE S.M.N.,-0.49264705882352944,-1.0,272,2023-01-02,2023-12-30,11,1,0,43.776893,11.247373,07:06,272,6
