train_class,train_number,train_arrival_stop_name,train_departure_stop_name,stop_name,avg_arrival_delay,median_arrival_delay,count_dates_stop,first_date,last_date,count_3m_delay,count_5m_delay,count_10m_delay,stop_lat,stop_lon,stop_time,count_dates_train,stop_number
REG,10070,MI.P.GENOVA,MORTARA,MORTARA,5.606896551724138,6.0,290,2023-01-02,2023-12-30,219,176,39,45.252171,8.731639,18:33,290,1
REG,10070,MI.P.GENOVA,MORTARA,PARONA LOMELLINA,4.4655172413793105,4.0,290,2023-01-02,2023-12-30,192,140,25,45.280107,8.780315,18:38,290,2
REG,10070,MI.P.GENOVA,MORTARA,VIGEVANO,6.227586206896552,5.0,290,2023-01-02,2023-12-30,231,180,51,45.312712,8.861977,18:44,290,3
REG,10070,MI.P.GENOVA,MORTARA,ABBIATEGRASSO,7.875862068965517,7.0,290,2023-01-02,2023-12-30,249,200,79,45.400631,8.921305,18:53,290,4
REG,10070,MI.P.GENOVA,MORTARA,ALBAIRATE VERMEZZO,8.415224913494809,7.0,289,2023-01-02,2023-12-30,241,199,85,,,18:58,290,5
REG,10070,MI.P.GENOVA,MORTARA,MILANO S. CRISTOFORO,8.3125,6.0,288,2023-01-02,2023-12-30,221,172,103,45.442404,9.130258,19:09,290,6
REG,10070,MI.P.GENOVA,MORTARA,MI.P.GENOVA,3.203448275862069,1.0,290,2023-01-02,2023-12-30,121,92,54,45.453379,9.169303,19:23,290,7
