train_class,train_number,train_arrival_stop_name,train_departure_stop_name,stop_name,avg_arrival_delay,median_arrival_delay,count_dates_stop,first_date,last_date,count_3m_delay,count_5m_delay,count_10m_delay,stop_lat,stop_lon,stop_time,count_dates_train,stop_number
REG,12383,SESTRI LEVANTE,SAVONA,SAVONA,3.2666666666666666,2.0,75,2023-01-01,2023-12-31,23,8,4,44.306892,8.470259,12:03,75,1
REG,12383,SESTRI LEVANTE,SAVONA,ALBISOLA,3.6133333333333333,2.0,75,2023-01-01,2023-12-31,28,9,4,44.33469,8.512092,12:07,75,2
REG,12383,SESTRI LEVANTE,SAVONA,VARAZZE,2.3333333333333335,1.0,75,2023-01-01,2023-12-31,16,6,3,44.356842,8.566682,12:15,75,3
REG,12383,SESTRI LEVANTE,SAVONA,COGOLETO,0.5733333333333334,-1.0,75,2023-01-01,2023-12-31,8,4,3,44.389762,8.643906,12:22,75,4
REG,12383,SESTRI LEVANTE,SAVONA,ARENZANO,0.52,-1.0,75,2023-01-01,2023-12-31,5,5,3,44.403089,8.678322,12:27,75,5
REG,12383,SESTRI LEVANTE,SAVONA,GENOVA VOLTRI,-1.32,-3.0,75,2023-01-01,2023-12-31,5,3,3,44.428467,8.758163,12:36,75,6
REG,12383,SESTRI LEVANTE,SAVONA,GENOVA SESTRI PONENTE,1.0,-1.0,75,2023-01-01,2023-12-31,13,4,3,44.422374,8.847707,12:50,75,7
REG,12383,SESTRI LEVANTE,SAVONA,GENOVA SAMPIERDARENA,2.16,1.0,75,2023-01-01,2023-12-31,17,11,3,44.413102,8.887271,13:04,75,8
REG,12383,SESTRI LEVANTE,SAVONA,GENOVA P.PRINCIPE,3.1733333333333333,2.0,75,2023-01-01,2023-12-31,27,16,4,44.417784,8.9207,13:11,75,9
REG,12383,SESTRI LEVANTE,SAVONA,GENOVA BRIGNOLE,1.8933333333333333,0.0,75,2023-01-01,2023-12-31,20,11,4,44.407213,8.947553,13:19,75,10
REG,12383,SESTRI LEVANTE,SAVONA,GENOVA QUARTO DEI MILLE,1.6933333333333334,0.0,75,2023-01-01,2023-12-31,16,8,4,44.388607,8.99597,13:30,75,11
REG,12383,SESTRI LEVANTE,SAVONA,GENOVA NERVI,1.5333333333333334,-1.0,75,2023-01-01,2023-12-31,13,8,5,44.381271,9.039895,13:38,75,12
REG,12383,SESTRI LEVANTE,SAVONA,RECCO,0.4,-1.0,75,2023-01-01,2023-12-31,7,6,4,44.361215,9.146788,13:56,75,13
REG,12383,SESTRI LEVANTE,SAVONA,S. MARGHERITA LIGURE PORTOFINO,1.8933333333333333,1.0,75,2023-01-01,2023-12-31,12,7,5,44.33676,9.216673,14:05,75,14
REG,12383,SESTRI LEVANTE,SAVONA,CHIAVARI,2.8266666666666667,1.0,75,2023-01-01,2023-12-31,26,9,5,44.315156,9.322464,14:19,75,15
REG,12383,SESTRI LEVANTE,SAVONA,SESTRI LEVANTE,3.2666666666666666,2.0,75,2023-01-01,2023-12-31,32,14,6,44.27626,9.397651,14:30,75,16
