train_class,train_number,train_arrival_stop_name,train_departure_stop_name,stop_name,avg_arrival_delay,median_arrival_delay,count_dates_stop,first_date,last_date,count_3m_delay,count_5m_delay,count_10m_delay,stop_lat,stop_lon,stop_time,count_dates_train,stop_number
REG,18920,FIRENZE S.M.N.,MARRADI,MARRADI,4.589743589743589,3.0,39,2023-05-18,2023-12-26,21,13,3,44.07973,11.619174,19:00,39,1
REG,18920,FIRENZE S.M.N.,MARRADI,BIFORCO,4.230769230769231,2.0,39,2023-05-18,2023-12-26,19,12,3,44.068431,11.602243,19:02,39,2
REG,18920,FIRENZE S.M.N.,MARRADI,CRESPINO DEL LAMONE,4.128205128205129,3.0,39,2023-05-18,2023-12-26,23,16,3,,,19:11,39,3
REG,18920,FIRENZE S.M.N.,MARRADI,RONTA,4.897435897435898,4.0,39,2023-05-18,2023-12-26,25,17,3,44.009432,11.434125,19:23,39,4
REG,18920,FIRENZE S.M.N.,MARRADI,BORGO S. LORENZO,3.128205128205128,3.0,39,2023-05-18,2023-12-26,20,11,3,43.959822,11.380422,19:34,39,5
REG,18920,FIRENZE S.M.N.,MARRADI,S.PIERO A SIEVE,3.871794871794872,2.0,39,2023-05-18,2023-12-26,16,9,4,43.958317,11.322742,19:40,39,6
REG,18920,FIRENZE S.M.N.,MARRADI,VAGLIA,4.871794871794871,2.0,39,2023-05-18,2023-12-26,19,15,7,43.924442,11.284576,19:47,39,7
REG,18920,FIRENZE S.M.N.,MARRADI,MONTORSOLI,-0.05555555555555555,-4.0,18,2023-05-18,2023-06-05,5,2,2,43.881903,11.265484,19:59,39,8
REG,18920,FIRENZE S.M.N.,MARRADI,FIESOLE CALDINE,1.1794871794871795,0.0,39,2023-05-18,2023-12-26,9,7,6,43.833697,11.266047,20:06,39,9
REG,18920,FIRENZE S.M.N.,MARRADI,BINARIO S.MARCO VECCHIO,-0.07692307692307693,-2.0,39,2023-05-18,2023-12-26,9,5,2,43.790336,11.267403,20:15,39,10
REG,18920,FIRENZE S.M.N.,MARRADI,FIRENZE S.M.N.,0.6410256410256411,-1.0,39,2023-05-18,2023-12-26,9,7,3,43.776893,11.247373,20:22,39,11
