train_class,train_number,train_arrival_stop_name,train_departure_stop_name,stop_name,avg_arrival_delay,median_arrival_delay,count_dates_stop,first_date,last_date,count_3m_delay,count_5m_delay,count_10m_delay,stop_lat,stop_lon,stop_time,count_dates_train,stop_number
REG,19663,PESCARA,TERAMO,TERAMO,1.8527397260273972,2.0,292,2023-01-02,2023-12-30,28,5,3,42.660551,13.715882,10:47,292,1
REG,19663,PESCARA,TERAMO,NEPEZZANO-PIANO D'ACCIO,4.828767123287672,5.0,292,2023-01-02,2023-12-30,292,155,3,,,10:50,292,2
REG,19663,PESCARA,TERAMO,CASTELLALTO CANZANO,1.7431506849315068,1.0,292,2023-01-02,2023-12-30,32,5,3,42.69564,13.793043,10:54,292,3
REG,19663,PESCARA,TERAMO,MOSCIANO S. ANGELO,0.7636986301369864,0.0,292,2023-01-02,2023-12-30,26,11,3,42.710309,13.908563,11:03,292,4
REG,19663,PESCARA,TERAMO,GIULIANOVA,0.6815068493150684,0.0,292,2023-01-02,2023-12-30,24,9,3,42.751673,13.965743,11:11,292,5
REG,19663,PESCARA,TERAMO,ROSETO DEGLI ABRUZZI,5.575342465753424,5.0,292,2023-01-02,2023-12-30,275,149,31,42.677852,14.01535,11:32,292,6
REG,19663,PESCARA,TERAMO,PINETO ATRI,4.501718213058419,4.0,291,2023-01-02,2023-12-30,204,116,15,42.607736,14.069072,11:41,292,7
REG,19663,PESCARA,TERAMO,SILVI,2.536082474226804,2.0,291,2023-01-02,2023-12-30,120,75,15,42.55911,14.110365,11:48,292,8
REG,19663,PESCARA,TERAMO,MONTESILVANO,2.2534246575342465,1.0,292,2023-01-02,2023-12-30,114,65,13,42.515766,14.152567,11:53,292,9
REG,19663,PESCARA,TERAMO,PESCARA,-2.3116438356164384,-3.0,292,2023-01-02,2023-12-30,29,12,3,42.467789,14.205066,12:05,292,10
