train_class,train_number,train_arrival_stop_name,train_departure_stop_name,stop_name,avg_arrival_delay,median_arrival_delay,count_dates_stop,first_date,last_date,count_3m_delay,count_5m_delay,count_10m_delay,stop_lat,stop_lon,stop_time,count_dates_train,stop_number
REG,18536,LUCCA,FIRENZE S.M.N.,FIRENZE S.M.N.,3.6226415094339623,2.0,53,2023-09-04,2023-10-27,21,12,7,43.776893,11.247373,22:09,53,1
REG,18536,LUCCA,FIRENZE S.M.N.,FIRENZE RIFREDI,3.943396226415094,3.0,53,2023-09-04,2023-10-27,27,19,6,43.800873,11.235729,22:14,53,2
REG,18536,LUCCA,FIRENZE S.M.N.,PRATO CENTRALE,2.358490566037736,1.0,53,2023-09-04,2023-10-27,20,15,6,43.878737,11.109252,22:28,53,3
REG,18536,LUCCA,FIRENZE S.M.N.,PISTOIA,4.188679245283019,3.0,53,2023-09-04,2023-10-27,33,17,6,43.926804,10.914624,22:44,53,4
REG,18536,LUCCA,FIRENZE S.M.N.,MONTECATINI TERME,4.056603773584905,3.0,53,2023-09-04,2023-10-27,32,15,5,43.879327,10.780588,22:56,53,5
REG,18536,LUCCA,FIRENZE S.M.N.,MONTECATINI CENTRO,9.358490566037736,8.0,53,2023-09-04,2023-10-27,52,51,21,43.881216,10.77081,23:00,53,6
REG,18536,LUCCA,FIRENZE S.M.N.,PESCIA,7.377358490566038,7.0,53,2023-09-04,2023-10-27,51,42,16,43.886811,10.686074,23:07,53,7
REG,18536,LUCCA,FIRENZE S.M.N.,ALTOPASCIO,3.5849056603773586,3.0,53,2023-09-04,2023-10-27,30,19,3,43.817418,10.672754,23:20,53,8
REG,18536,LUCCA,FIRENZE S.M.N.,LUCCA,2.0754716981132075,1.0,53,2023-09-04,2023-10-27,19,15,6,43.837186,10.506069,23:34,53,9
