train_class,train_number,train_arrival_stop_name,train_departure_stop_name,stop_name,avg_arrival_delay,median_arrival_delay,count_dates_stop,first_date,last_date,count_3m_delay,count_5m_delay,count_10m_delay,stop_lat,stop_lon,stop_time,count_dates_train,stop_number
REG,18724,CHIUSI C.T.,ORTE,ORTE,1.4,1.0,240,2023-01-02,2023-12-30,7,4,3,42.43728,12.408986,05:20,240,1
REG,18724,CHIUSI C.T.,ORTE,ORVIETO,3.5166666666666666,3.0,240,2023-01-02,2023-12-30,166,37,7,42.723379,12.127412,05:47,240,2
REG,18724,CHIUSI C.T.,ORTE,FABRO-FICULLE,3.5416666666666665,3.0,240,2023-01-02,2023-12-30,135,39,9,42.874851,12.04123,06:01,240,3
REG,18724,CHIUSI C.T.,ORTE,CHIUSI C.T.,2.8208333333333333,2.0,240,2023-01-02,2023-12-30,93,34,10,43.002466,11.957893,06:14,240,4
