train_class,train_number,train_arrival_stop_name,train_departure_stop_name,stop_name,avg_arrival_delay,median_arrival_delay,count_dates_stop,first_date,last_date,count_3m_delay,count_5m_delay,count_10m_delay,stop_lat,stop_lon,stop_time,count_dates_train,stop_number
REG,18835,FIGLINE VALDARNO,FIRENZE CAMPO MARTE,FIRENZE CAMPO MARTE,5.714285714285714,5.0,14,2023-08-14,2023-09-01,14,9,1,43.776856,11.27702,12:51,14,1
REG,18835,FIGLINE VALDARNO,FIRENZE CAMPO MARTE,COMPIOBBI,4.285714285714286,3.0,14,2023-08-14,2023-09-01,11,5,0,43.782527,11.358695,13:00,14,2
REG,18835,FIGLINE VALDARNO,FIRENZE CAMPO MARTE,PONTASSIEVE,3.4285714285714284,3.0,14,2023-08-14,2023-09-01,8,4,0,43.773949,11.437904,13:10,14,3
REG,18835,FIGLINE VALDARNO,FIRENZE CAMPO MARTE,RIGNANO SULL`ARNO REGGELLO,2.5,1.0,14,2023-08-14,2023-09-01,5,4,0,43.720834,11.452383,13:20,14,4
REG,18835,FIGLINE VALDARNO,FIRENZE CAMPO MARTE,INCISA,2.642857142857143,1.0,14,2023-08-14,2023-09-01,5,4,0,43.656541,11.452728,13:27,14,5
REG,18835,FIGLINE VALDARNO,FIRENZE CAMPO MARTE,FIGLINE VALDARNO,1.9285714285714286,2.0,14,2023-08-14,2023-09-01,5,4,0,43.621596,11.473652,13:34,14,6
