train_class,train_number,train_arrival_stop_name,train_departure_stop_name,stop_name,avg_arrival_delay,median_arrival_delay,count_dates_stop,first_date,last_date,count_3m_delay,count_5m_delay,count_10m_delay,stop_lat,stop_lon,stop_time,count_dates_train,stop_number
REG,17918,POGGIO RUSCO,BOLOGNA C.LE,BOLOGNA C.LE,3.2865168539325844,2.0,178,2023-01-10,2023-12-22,79,38,10,44.50626,11.342267,20:36,178,1
REG,17918,POGGIO RUSCO,BOLOGNA C.LE,OSTERIA NUOVA,4.780898876404494,3.0,178,2023-01-10,2023-12-22,106,59,25,44.586613,11.236525,20:47,178,2
REG,17918,POGGIO RUSCO,BOLOGNA C.LE,SAN GIOVANNI IN PERSICETO,5.696629213483146,4.0,178,2023-01-10,2023-12-22,126,76,30,44.643151,11.189444,20:53,178,3
REG,17918,POGGIO RUSCO,BOLOGNA C.LE,CREVALCORE,2.5112359550561796,1.0,178,2023-01-10,2023-12-22,63,43,21,44.719156,11.152625,21:02,178,4
REG,17918,POGGIO RUSCO,BOLOGNA C.LE,CAMPOSANTO,5.98876404494382,5.0,178,2023-01-10,2023-12-22,115,92,38,44.787527,11.143587,21:08,178,5
REG,17918,POGGIO RUSCO,BOLOGNA C.LE,S.FELICE SP,5.376404494382022,4.0,178,2023-01-10,2023-12-22,115,87,29,44.834527,11.140243,21:13,178,6
REG,17918,POGGIO RUSCO,BOLOGNA C.LE,MIRANDOLA,7.949438202247191,6.0,178,2023-01-10,2023-12-22,146,125,45,44.891638,11.111689,21:19,178,7
REG,17918,POGGIO RUSCO,BOLOGNA C.LE,POGGIO RUSCO,-0.8033707865168539,-2.0,178,2023-01-10,2023-12-22,35,22,8,44.981859,11.124627,21:34,178,8
