train_class,train_number,train_arrival_stop_name,train_departure_stop_name,stop_name,avg_arrival_delay,median_arrival_delay,count_dates_stop,first_date,last_date,count_3m_delay,count_5m_delay,count_10m_delay,stop_lat,stop_lon,stop_time,count_dates_train,stop_number
REG,12447,SESTRI LEVANTE,SAVONA,SAVONA,5.316939890710382,4.0,183,2023-01-02,2023-12-29,136,70,27,44.306892,8.470259,18:38,183,1
REG,12447,SESTRI LEVANTE,SAVONA,ALBISOLA,5.615384615384615,4.0,182,2023-01-03,2023-12-29,147,78,28,44.33469,8.512092,18:42,183,2
REG,12447,SESTRI LEVANTE,SAVONA,VARAZZE,4.579234972677596,3.0,183,2023-01-02,2023-12-29,121,56,25,44.356842,8.566682,18:50,183,3
REG,12447,SESTRI LEVANTE,SAVONA,COGOLETO,4.240437158469946,3.0,183,2023-01-02,2023-12-29,102,54,23,44.389762,8.643906,18:56,183,4
REG,12447,SESTRI LEVANTE,SAVONA,ARENZANO,3.601092896174863,2.0,183,2023-01-02,2023-12-29,85,48,21,44.403089,8.678322,19:01,183,5
REG,12447,SESTRI LEVANTE,SAVONA,GENOVA VOLTRI,0.0273224043715847,-2.0,183,2023-01-02,2023-12-29,36,28,8,44.428467,8.758163,19:11,183,6
REG,12447,SESTRI LEVANTE,SAVONA,GENOVA SESTRI PONENTE,1.4098360655737705,0.0,183,2023-01-02,2023-12-29,37,23,8,44.422374,8.847707,19:23,183,7
REG,12447,SESTRI LEVANTE,SAVONA,GENOVA SAMPIERDARENA,2.273224043715847,1.0,183,2023-01-02,2023-12-29,46,30,10,44.413102,8.887271,19:30,183,8
REG,12447,SESTRI LEVANTE,SAVONA,GENOVA P.PRINCIPE,3.4371584699453552,2.0,183,2023-01-02,2023-12-29,83,38,13,44.417784,8.9207,19:37,183,9
REG,12447,SESTRI LEVANTE,SAVONA,GENOVA BRIGNOLE,1.7431693989071038,1.0,183,2023-01-02,2023-12-29,46,28,14,44.407213,8.947553,19:45,183,10
REG,12447,SESTRI LEVANTE,SAVONA,GENOVA QUARTO DEI MILLE,3.8688524590163933,2.0,183,2023-01-02,2023-12-29,87,43,17,44.388607,8.99597,19:57,183,11
REG,12447,SESTRI LEVANTE,SAVONA,GENOVA NERVI,8.540983606557377,8.0,183,2023-01-02,2023-12-29,164,156,69,44.381271,9.039895,20:05,183,12
REG,12447,SESTRI LEVANTE,SAVONA,RECCO,5.830601092896175,5.0,183,2023-01-02,2023-12-29,139,112,33,44.361215,9.146788,20:25,183,13
REG,12447,SESTRI LEVANTE,SAVONA,S. MARGHERITA LIGURE PORTOFINO,3.469945355191257,3.0,183,2023-01-02,2023-12-29,98,62,14,44.33676,9.216673,20:37,183,14
REG,12447,SESTRI LEVANTE,SAVONA,CHIAVARI,2.7814207650273226,1.0,183,2023-01-02,2023-12-29,71,43,14,44.315156,9.322464,20:53,183,15
REG,12447,SESTRI LEVANTE,SAVONA,SESTRI LEVANTE,-6.497267759562842,-8.0,183,2023-01-02,2023-12-29,11,6,4,44.27626,9.397651,21:13,183,16
