train_class,train_number,train_arrival_stop_name,train_departure_stop_name,stop_name,avg_arrival_delay,median_arrival_delay,count_dates_stop,first_date,last_date,count_3m_delay,count_5m_delay,count_10m_delay,stop_lat,stop_lon,stop_time,count_dates_train,stop_number
REG,11170,CHIVASSO,VALENZA,VALENZA,3.44,3.0,25,2023-10-30,2023-12-07,23,3,0,45.023527,8.625808,13:49,25,1
REG,11170,CHIVASSO,VALENZA,GIAROLE,1.28,1.0,25,2023-10-30,2023-12-07,4,0,0,45.056125,8.5609,13:55,25,2
REG,11170,CHIVASSO,VALENZA,BORGO S.MARTINO,-0.56,-1.0,25,2023-10-30,2023-12-07,0,0,0,45.087083,8.520661,14:04,25,3
REG,11170,CHIVASSO,VALENZA,CASALE MONFERRATO,-3.2,-3.0,25,2023-10-30,2023-12-07,0,0,0,45.133928,8.460292,14:13,25,4
REG,11170,CHIVASSO,VALENZA,BALZOLA,1.76,1.0,25,2023-10-30,2023-12-07,3,1,1,45.173985,8.402174,14:23,25,5
REG,11170,CHIVASSO,VALENZA,MORANO SUL PO,1.12,1.0,25,2023-10-30,2023-12-07,3,1,0,45.170793,8.366168,14:28,25,6
REG,11170,CHIVASSO,VALENZA,TRINO VERCELLESE,2.2,2.0,25,2023-10-30,2023-12-07,8,4,0,45.190066,8.294093,14:34,25,7
REG,11170,CHIVASSO,VALENZA,PALAZZOLO VERCELLESE,3.0,2.0,25,2023-10-30,2023-12-07,11,5,0,45.189004,8.232787,14:38,25,8
REG,11170,CHIVASSO,VALENZA,FONTANETTO PO,2.64,2.0,25,2023-10-30,2023-12-07,9,5,0,45.191238,8.188697,14:42,25,9
REG,11170,CHIVASSO,VALENZA,CRESCENTINO,2.64,2.0,25,2023-10-30,2023-12-07,8,6,0,45.194302,8.107175,14:47,25,10
REG,11170,CHIVASSO,VALENZA,BORGO REVEL,0.56,0.0,25,2023-10-30,2023-12-07,6,1,0,45.189827,8.02021,14:55,25,11
REG,11170,CHIVASSO,VALENZA,VEROLENGO,1.64,1.0,25,2023-10-30,2023-12-07,8,2,0,45.193107,7.969511,15:04,25,12
REG,11170,CHIVASSO,VALENZA,CASTELROSSO,1.25,1.0,24,2023-10-30,2023-12-07,3,0,0,45.201802,7.932162,15:10,25,13
REG,11170,CHIVASSO,VALENZA,CHIVASSO,-2.56,-3.0,25,2023-10-30,2023-12-07,0,0,0,45.193637,7.889666,15:20,25,14
