train_class,train_number,train_arrival_stop_name,train_departure_stop_name,stop_name,avg_arrival_delay,median_arrival_delay,count_dates_stop,first_date,last_date,count_3m_delay,count_5m_delay,count_10m_delay,stop_lat,stop_lon,stop_time,count_dates_train,stop_number
REG,18749,AREZZO,FIRENZE S.M.N.,FIRENZE S.M.N.,3.7276119402985075,2.0,268,2023-01-02,2023-12-30,116,65,19,43.776893,11.247373,09:22,268,1
REG,18749,AREZZO,FIRENZE S.M.N.,FIRENZE CAMPO MARTE,4.664179104477612,3.0,268,2023-01-02,2023-12-30,153,93,29,43.776856,11.27702,09:27,268,2
REG,18749,AREZZO,FIRENZE S.M.N.,COMPIOBBI,5.08955223880597,4.0,268,2023-01-02,2023-12-30,176,106,29,43.782527,11.358695,09:37,268,3
REG,18749,AREZZO,FIRENZE S.M.N.,PONTASSIEVE,4.619402985074627,3.0,268,2023-01-02,2023-12-30,167,94,26,43.773949,11.437904,09:47,268,4
REG,18749,AREZZO,FIRENZE S.M.N.,RIGNANO SULL`ARNO REGGELLO,3.074626865671642,2.0,268,2023-01-02,2023-12-30,109,61,23,43.720834,11.452383,09:58,268,5
REG,18749,AREZZO,FIRENZE S.M.N.,INCISA,3.832089552238806,2.0,268,2023-01-02,2023-12-30,118,77,31,43.656541,11.452728,10:05,268,6
REG,18749,AREZZO,FIRENZE S.M.N.,FIGLINE VALDARNO,0.5932835820895522,-2.0,268,2023-01-02,2023-12-30,71,48,20,43.621596,11.473652,10:14,268,7
REG,18749,AREZZO,FIRENZE S.M.N.,S.GIOVANNI VALDARNO,4.820224719101123,3.0,267,2023-01-02,2023-12-30,149,108,33,43.56601,11.527033,10:20,268,8
REG,18749,AREZZO,FIRENZE S.M.N.,MONTEVARCHI TERRANUOVA,5.608208955223881,4.0,268,2023-01-02,2023-12-30,177,122,39,43.525165,11.563983,10:25,268,9
REG,18749,AREZZO,FIRENZE S.M.N.,LATERINA,6.253731343283582,5.0,268,2023-01-02,2023-12-30,200,145,41,43.496458,11.660573,10:38,268,10
REG,18749,AREZZO,FIRENZE S.M.N.,PONTICINO,5.958955223880597,4.0,268,2023-01-02,2023-12-30,191,134,41,43.481446,11.71657,10:44,268,11
REG,18749,AREZZO,FIRENZE S.M.N.,AREZZO,1.1305970149253732,-1.0,268,2023-01-02,2023-12-30,76,45,18,43.461725,11.874189,11:02,268,12
