train_class,train_number,train_arrival_stop_name,train_departure_stop_name,stop_name,avg_arrival_delay,median_arrival_delay,count_dates_stop,first_date,last_date,count_3m_delay,count_5m_delay,count_10m_delay,stop_lat,stop_lon,stop_time,count_dates_train,stop_number
REG,16620,CARNIA,UDINE,UDINE,2.23943661971831,2.0,213,2023-01-07,2023-12-30,51,11,3,46.055791,13.242003,13:01,213,1
REG,16620,CARNIA,UDINE,TARCENTO,1.5633802816901408,1.0,213,2023-01-07,2023-12-30,43,15,4,46.209134,13.196211,13:15,213,2
REG,16620,CARNIA,UDINE,GEMONA DEL FRIULI,0.107981220657277,-1.0,213,2023-01-07,2023-12-30,21,11,2,46.274243,13.127978,13:25,213,3
REG,16620,CARNIA,UDINE,CARNIA,-1.0046948356807512,-2.0,213,2023-01-07,2023-12-30,14,8,2,46.373634,13.132847,13:38,213,4
