train_class,train_number,train_arrival_stop_name,train_departure_stop_name,stop_name,avg_arrival_delay,median_arrival_delay,count_dates_stop,first_date,last_date,count_3m_delay,count_5m_delay,count_10m_delay,stop_lat,stop_lon,stop_time,count_dates_train,stop_number
REG,16593,PORTOGRUARO CAORLE,CASARSA,CASARSA,1.4148936170212767,1.0,188,2023-01-09,2023-12-30,13,4,0,45.953002,12.8406,14:38,188,1
REG,16593,PORTOGRUARO CAORLE,CASARSA,S.VITO AL TAGLIAMENTO,0.1702127659574468,0.0,188,2023-01-09,2023-12-30,5,3,0,45.912433,12.851594,14:45,188,2
REG,16593,PORTOGRUARO CAORLE,CASARSA,CORDOVADO SESTO,0.6436170212765957,1.0,188,2023-01-09,2023-12-30,8,4,2,45.850653,12.877784,14:52,188,3
REG,16593,PORTOGRUARO CAORLE,CASARSA,PORTOGRUARO CAORLE,2.5106382978723403,2.0,188,2023-01-09,2023-12-30,74,11,1,45.781438,12.832375,15:07,188,4
