train_class,train_number,train_arrival_stop_name,train_departure_stop_name,stop_name,avg_arrival_delay,median_arrival_delay,count_dates_stop,first_date,last_date,count_3m_delay,count_5m_delay,count_10m_delay,stop_lat,stop_lon,stop_time,count_dates_train,stop_number
REG,17287,TREVISO C.,BELLUNO,BELLUNO,1.3253012048192772,1.0,83,2023-01-01,2023-11-27,3,0,0,46.141594,12.209703,07:34,83,1
REG,17287,TREVISO C.,BELLUNO,SEDICO BRIBANO,0.0,0.0,83,2023-01-01,2023-11-27,0,0,0,46.095424,12.086508,07:45,83,2
REG,17287,TREVISO C.,BELLUNO,S.GIUSTINA CESIO,0.07228915662650602,0.0,83,2023-01-01,2023-11-27,0,0,0,46.077655,12.04294,07:51,83,3
REG,17287,TREVISO C.,BELLUNO,BUSCHE LENTIAI MEL,0.39759036144578314,0.0,83,2023-01-01,2023-11-27,17,5,0,46.040092,11.979251,08:04,83,4
REG,17287,TREVISO C.,BELLUNO,FELTRE,1.0963855421686748,1.0,83,2023-01-01,2023-11-27,15,5,1,46.012884,11.911493,08:12,83,5
REG,17287,TREVISO C.,BELLUNO,QUERO VAS,3.108433734939759,3.0,83,2023-01-01,2023-11-27,43,11,2,45.939306,11.920189,08:23,83,6
REG,17287,TREVISO C.,BELLUNO,ALANO FENER VALDOBBIADENE,1.2530120481927711,1.0,83,2023-01-01,2023-11-27,18,5,0,45.90229,11.944546,08:35,83,7
REG,17287,TREVISO C.,BELLUNO,PEDEROBBA CAVASO POSSAGNO,2.1325301204819276,1.0,83,2023-01-01,2023-11-27,27,9,1,45.877299,11.965222,08:40,83,8
REG,17287,TREVISO C.,BELLUNO,CORNUDA,0.8433734939759037,0.0,83,2023-01-01,2023-11-27,14,5,2,45.833846,12.012886,08:47,83,9
REG,17287,TREVISO C.,BELLUNO,MONTEBELLUNA,2.2771084337349397,2.0,83,2023-01-01,2023-11-27,29,6,2,45.776434,12.054,08:56,83,10
REG,17287,TREVISO C.,BELLUNO,TREVIGNANO SIGNORESSA,1.783132530120482,1.0,83,2023-01-01,2023-11-27,7,2,1,45.74789,12.103123,09:06,83,11
REG,17287,TREVISO C.,BELLUNO,POSTIOMA,1.3975903614457832,1.0,83,2023-01-01,2023-11-27,5,2,1,45.715862,12.148248,09:12,83,12
REG,17287,TREVISO C.,BELLUNO,PAESE CASTAGNOLE,2.4390243902439024,2.0,82,2023-01-01,2023-11-27,20,5,2,45.691182,12.182619,09:17,83,13
REG,17287,TREVISO C.,BELLUNO,TREVISO C.,-1.072289156626506,-2.0,83,2023-01-01,2023-11-27,3,2,1,45.659608,12.24614,09:25,83,14
