train_class,train_number,train_arrival_stop_name,train_departure_stop_name,stop_name,avg_arrival_delay,median_arrival_delay,count_dates_stop,first_date,last_date,count_3m_delay,count_5m_delay,count_10m_delay,stop_lat,stop_lon,stop_time,count_dates_train,stop_number
REG,18323,PISA CENTRALE,FIRENZE S.M.N.,FIRENZE S.M.N.,2.230508474576271,1.0,295,2023-01-02,2023-12-30,40,23,9,43.776893,11.247373,20:28,295,1
REG,18323,PISA CENTRALE,FIRENZE S.M.N.,FIRENZE RIFREDI,1.7728813559322034,1.0,295,2023-01-02,2023-12-30,43,23,10,43.800873,11.235729,20:33,295,2
REG,18323,PISA CENTRALE,FIRENZE S.M.N.,EMPOLI,-1.8915254237288135,-3.0,295,2023-01-02,2023-12-30,14,11,6,43.715708,10.94915,20:57,295,3
REG,18323,PISA CENTRALE,FIRENZE S.M.N.,PONTEDERA CASCIANA TERME,0.4067796610169492,-1.0,295,2023-01-02,2023-12-30,21,15,9,43.662145,10.628773,21:13,295,4
REG,18323,PISA CENTRALE,FIRENZE S.M.N.,PISA CENTRALE,1.3728813559322033,-1.0,295,2023-01-02,2023-12-30,37,17,11,43.70794,10.398183,21:28,295,5
