train_class,train_number,train_arrival_stop_name,train_departure_stop_name,stop_name,avg_arrival_delay,median_arrival_delay,count_dates_stop,first_date,last_date,count_3m_delay,count_5m_delay,count_10m_delay,stop_lat,stop_lon,stop_time,count_dates_train,stop_number
REG,18371,PONTREMOLI,FIRENZE S.M.N.,FIRENZE S.M.N.,2.5625,1.0,48,2023-01-02,2023-02-27,10,3,1,43.776893,11.247373,12:53,48,1
REG,18371,PONTREMOLI,FIRENZE S.M.N.,FIRENZE RIFREDI,2.0,1.0,48,2023-01-02,2023-02-27,7,3,1,43.800873,11.235729,12:58,48,2
REG,18371,PONTREMOLI,FIRENZE S.M.N.,EMPOLI,2.25,1.0,48,2023-01-02,2023-02-27,5,3,2,43.715708,10.94915,13:26,48,3
REG,18371,PONTREMOLI,FIRENZE S.M.N.,S.ROMANO MONTOPOLI S.CROCE,2.8958333333333335,1.0,48,2023-01-02,2023-02-27,12,5,2,43.690575,10.760152,13:39,48,4
REG,18371,PONTREMOLI,FIRENZE S.M.N.,PONTEDERA CASCIANA TERME,2.8958333333333335,1.0,48,2023-01-02,2023-02-27,14,4,2,43.662145,10.628773,13:48,48,5
REG,18371,PONTREMOLI,FIRENZE S.M.N.,PISA CENTRALE,2.2083333333333335,0.0,48,2023-01-02,2023-02-27,12,7,1,43.70794,10.398183,14:04,48,6
REG,18371,PONTREMOLI,FIRENZE S.M.N.,PISA SAN ROSSORE,2.2916666666666665,1.0,48,2023-01-02,2023-02-27,13,6,1,43.723702,10.387363,14:11,48,7
REG,18371,PONTREMOLI,FIRENZE S.M.N.,VIAREGGIO,5.020833333333333,3.0,48,2023-01-02,2023-02-27,29,16,1,43.865947,10.257886,14:22,48,8
REG,18371,PONTREMOLI,FIRENZE S.M.N.,PIETRASANTA,4.0,2.0,48,2023-01-02,2023-02-27,23,13,2,43.95583,10.229731,14:32,48,9
REG,18371,PONTREMOLI,FIRENZE S.M.N.,FORTE DEI MARMI SERRAVEZZA Q.,3.3958333333333335,2.0,48,2023-01-02,2023-02-27,19,13,2,43.97777,10.19936,14:37,48,10
REG,18371,PONTREMOLI,FIRENZE S.M.N.,MASSA CENTRO,3.4583333333333335,1.0,48,2023-01-02,2023-02-27,20,12,2,44.023741,10.136041,14:43,48,11
REG,18371,PONTREMOLI,FIRENZE S.M.N.,SARZANA,3.0625,1.0,48,2023-01-02,2023-02-27,19,11,2,44.108865,9.960657,14:57,48,12
REG,18371,PONTREMOLI,FIRENZE S.M.N.,S. STEFANO DI MAGRA,2.7916666666666665,1.0,48,2023-01-02,2023-02-27,17,8,2,44.156857,9.915202,15:06,48,13
REG,18371,PONTREMOLI,FIRENZE S.M.N.,AULLA LUNIGIANA,2.8958333333333335,1.0,48,2023-01-02,2023-02-27,16,9,2,44.210555,9.970015,15:13,48,14
REG,18371,PONTREMOLI,FIRENZE S.M.N.,VILLAFRANCA - BAGNONE,2.1875,1.0,48,2023-01-02,2023-02-27,14,8,1,44.294399,9.948096,15:24,48,15
REG,18371,PONTREMOLI,FIRENZE S.M.N.,FILATTIERA,2.0833333333333335,1.0,48,2023-01-02,2023-02-27,14,7,2,44.33137,9.933352,15:30,48,16
REG,18371,PONTREMOLI,FIRENZE S.M.N.,PONTREMOLI,0.20833333333333334,-2.0,48,2023-01-02,2023-02-27,8,5,1,44.371976,9.887795,15:40,48,17
