train_class,train_number,train_arrival_stop_name,train_departure_stop_name,stop_name,avg_arrival_delay,median_arrival_delay,count_dates_stop,first_date,last_date,count_3m_delay,count_5m_delay,count_10m_delay,stop_lat,stop_lon,stop_time,count_dates_train,stop_number
REG,12360,SAVONA,GENOVA BRIGNOLE,GENOVA BRIGNOLE,2.7298387096774195,2.0,248,2023-01-02,2023-12-29,86,23,7,44.407213,8.947553,11:40,248,1
REG,12360,SAVONA,GENOVA BRIGNOLE,GENOVA P. PRINCIPE SOTTERRANEA,0.08292682926829269,-1.0,205,2023-01-02,2023-12-29,19,12,5,44.414803,8.918041,11:46,248,2
REG,12360,SAVONA,GENOVA BRIGNOLE,GENOVA SAMPIERDARENA,2.7580645161290325,2.0,248,2023-01-02,2023-12-29,100,49,10,44.413102,8.887271,11:54,248,3
REG,12360,SAVONA,GENOVA BRIGNOLE,GENOVA SESTRI PONENTE,3.4879032258064515,3.0,248,2023-01-02,2023-12-29,135,55,12,44.422374,8.847707,12:01,248,4
REG,12360,SAVONA,GENOVA BRIGNOLE,GENOVA VOLTRI,1.8582995951417005,1.0,247,2023-01-02,2023-12-29,62,33,9,44.428467,8.758163,12:16,248,5
REG,12360,SAVONA,GENOVA BRIGNOLE,ARENZANO,0.4596774193548387,-1.0,248,2023-01-02,2023-12-29,38,26,5,44.403089,8.678322,12:24,248,6
REG,12360,SAVONA,GENOVA BRIGNOLE,COGOLETO,1.6008064516129032,1.0,248,2023-01-02,2023-12-29,44,28,6,44.389762,8.643906,12:28,248,7
REG,12360,SAVONA,GENOVA BRIGNOLE,VARAZZE,1.5120967741935485,1.0,248,2023-01-02,2023-12-29,43,22,5,44.356842,8.566682,12:34,248,8
REG,12360,SAVONA,GENOVA BRIGNOLE,ALBISOLA,0.782258064516129,0.0,248,2023-01-02,2023-12-29,32,18,6,44.33469,8.512092,12:42,248,9
REG,12360,SAVONA,GENOVA BRIGNOLE,SAVONA,-1.1491935483870968,-2.0,248,2023-01-02,2023-12-29,17,13,4,44.306892,8.470259,12:50,248,10
