train_class,train_number,train_arrival_stop_name,train_departure_stop_name,stop_name,avg_arrival_delay,median_arrival_delay,count_dates_stop,first_date,last_date,count_3m_delay,count_5m_delay,count_10m_delay,stop_lat,stop_lon,stop_time,count_dates_train,stop_number
REG,12752,BAGNI DI TIVOLI,ROMA TIBURTINA,ROMA TIBURTINA,1.7222222222222223,1.0,18,2023-08-28,2023-09-16,1,1,0,41.910903,12.530749,06:49,18,1
REG,12752,BAGNI DI TIVOLI,ROMA TIBURTINA,ROMA PRENESTINA,0.8333333333333334,0.0,18,2023-08-28,2023-09-16,1,1,0,41.897571,12.545803,06:53,18,2
REG,12752,BAGNI DI TIVOLI,ROMA TIBURTINA,TOR SAPIENZA,0.1111111111111111,0.0,18,2023-08-28,2023-09-16,1,1,0,41.907095,12.594489,07:02,18,3
REG,12752,BAGNI DI TIVOLI,ROMA TIBURTINA,LA RUSTICA UIR,0.05555555555555555,0.0,18,2023-08-28,2023-09-16,1,1,0,,,07:08,18,4
REG,12752,BAGNI DI TIVOLI,ROMA TIBURTINA,PONTE DI NONA,-0.4444444444444444,-1.0,18,2023-08-28,2023-09-16,1,0,0,42.061563,13.581585,07:13,18,5
REG,12752,BAGNI DI TIVOLI,ROMA TIBURTINA,LUNGHEZZA,-0.7777777777777778,-1.0,18,2023-08-28,2023-09-16,0,0,0,41.923253,12.667212,07:16,18,6
REG,12752,BAGNI DI TIVOLI,ROMA TIBURTINA,BAGNI DI TIVOLI,1.7777777777777777,0.0,18,2023-08-28,2023-09-16,1,1,1,41.949593,12.722208,07:23,18,7
