train_class,train_number,train_arrival_stop_name,train_departure_stop_name,stop_name,avg_arrival_delay,median_arrival_delay,count_dates_stop,first_date,last_date,count_3m_delay,count_5m_delay,count_10m_delay,stop_lat,stop_lon,stop_time,count_dates_train,stop_number
REG,17802,BOLOGNA C.LE,SAN BENEDETTO SAMBRO-CAST.PEPOLI,SAN BENEDETTO SAMBRO-CAST.PEPOLI,2.893854748603352,2.0,179,2023-01-02,2023-12-29,54,24,5,44.22866,11.19226,05:51,179,1
REG,17802,BOLOGNA C.LE,SAN BENEDETTO SAMBRO-CAST.PEPOLI,GRIZZANA,4.044692737430168,3.0,179,2023-01-02,2023-12-29,124,40,7,44.258292,11.181194,05:54,179,2
REG,17802,BOLOGNA C.LE,SAN BENEDETTO SAMBRO-CAST.PEPOLI,MONZUNO,4.072625698324022,3.0,179,2023-01-02,2023-12-29,112,42,9,44.322277,11.262082,06:01,179,3
REG,17802,BOLOGNA C.LE,SAN BENEDETTO SAMBRO-CAST.PEPOLI,PIANORO,3.5754189944134076,2.0,179,2023-01-02,2023-12-29,81,37,8,44.380589,11.340675,06:08,179,4
REG,17802,BOLOGNA C.LE,SAN BENEDETTO SAMBRO-CAST.PEPOLI,MUSIANO-PIAN DI MACINA,3.544943820224719,2.0,178,2023-01-02,2023-12-29,79,36,8,44.402423,11.344912,06:12,179,5
REG,17802,BOLOGNA C.LE,SAN BENEDETTO SAMBRO-CAST.PEPOLI,RASTIGNANO,3.406779661016949,2.0,177,2023-01-02,2023-12-29,62,36,7,44.443592,11.357617,06:17,179,6
REG,17802,BOLOGNA C.LE,SAN BENEDETTO SAMBRO-CAST.PEPOLI,BOLOGNA S.RUFFILLO,2.859550561797753,1.0,178,2023-01-02,2023-12-29,53,30,6,44.462657,11.372967,06:20,179,7
REG,17802,BOLOGNA C.LE,SAN BENEDETTO SAMBRO-CAST.PEPOLI,BOLOGNA MAZZINI,3.2402234636871508,2.0,179,2023-01-02,2023-12-29,58,34,5,44.482284,11.376271,06:24,179,8
REG,17802,BOLOGNA C.LE,SAN BENEDETTO SAMBRO-CAST.PEPOLI,BOLOGNA SAN VITALE,3.1242937853107344,2.0,177,2023-01-02,2023-12-29,42,21,5,,,06:29,179,9
REG,17802,BOLOGNA C.LE,SAN BENEDETTO SAMBRO-CAST.PEPOLI,BOLOGNA C.LE,-1.452513966480447,-3.0,179,2023-01-02,2023-12-29,11,7,5,44.50626,11.342267,06:36,179,10
