train_class,train_number,train_arrival_stop_name,train_departure_stop_name,stop_name,avg_arrival_delay,median_arrival_delay,count_dates_stop,first_date,last_date,count_3m_delay,count_5m_delay,count_10m_delay,stop_lat,stop_lon,stop_time,count_dates_train,stop_number
REG,18778,FIRENZE S.M.N.,MONTEVARCHI TERRANUOVA,MONTEVARCHI TERRANUOVA,2.793577981651376,1.0,218,2023-01-02,2023-12-29,70,35,7,43.525165,11.563983,20:20,218,1
REG,18778,FIRENZE S.M.N.,MONTEVARCHI TERRANUOVA,S.GIOVANNI VALDARNO,2.6513761467889907,1.0,218,2023-01-02,2023-12-29,78,40,9,43.56601,11.527033,20:25,218,2
REG,18778,FIRENZE S.M.N.,MONTEVARCHI TERRANUOVA,FIGLINE VALDARNO,2.977064220183486,2.0,218,2023-01-02,2023-12-29,89,45,12,43.621596,11.473652,20:31,218,3
REG,18778,FIRENZE S.M.N.,MONTEVARCHI TERRANUOVA,INCISA,3.3623853211009176,2.0,218,2023-01-02,2023-12-29,102,51,15,43.656541,11.452728,20:35,218,4
REG,18778,FIRENZE S.M.N.,MONTEVARCHI TERRANUOVA,RIGNANO SULL`ARNO REGGELLO,2.330275229357798,1.0,218,2023-01-02,2023-12-29,82,44,11,43.720834,11.452383,20:42,218,5
REG,18778,FIRENZE S.M.N.,MONTEVARCHI TERRANUOVA,PONTASSIEVE,3.6605504587155964,3.0,218,2023-01-02,2023-12-29,116,59,15,43.773949,11.437904,20:51,218,6
REG,18778,FIRENZE S.M.N.,MONTEVARCHI TERRANUOVA,COMPIOBBI,1.7889908256880733,1.0,218,2023-01-02,2023-12-29,56,34,10,43.782527,11.358695,21:01,218,7
REG,18778,FIRENZE S.M.N.,MONTEVARCHI TERRANUOVA,FIRENZE CAMPO MARTE,1.0779816513761469,-1.0,218,2023-01-02,2023-12-29,43,28,9,43.776856,11.27702,21:11,218,8
REG,18778,FIRENZE S.M.N.,MONTEVARCHI TERRANUOVA,FIRENZE S.M.N.,1.665137614678899,1.0,218,2023-01-02,2023-12-29,71,32,11,43.776893,11.247373,21:20,218,9
