train_class,train_number,train_arrival_stop_name,train_departure_stop_name,stop_name,avg_arrival_delay,median_arrival_delay,count_dates_stop,first_date,last_date,count_3m_delay,count_5m_delay,count_10m_delay,stop_lat,stop_lon,stop_time,count_dates_train,stop_number
REG,10084,MI.P.GENOVA,MORTARA,MORTARA,2.8497109826589595,1.0,346,2023-01-01,2023-12-31,106,62,23,45.252171,8.731639,22:33,346,1
REG,10084,MI.P.GENOVA,MORTARA,PARONA LOMELLINA,2.3959537572254335,1.0,346,2023-01-01,2023-12-31,98,59,22,45.280107,8.780315,22:38,346,2
REG,10084,MI.P.GENOVA,MORTARA,VIGEVANO,3.2956521739130435,2.0,345,2023-01-01,2023-12-31,134,79,29,45.312712,8.861977,22:44,346,3
REG,10084,MI.P.GENOVA,MORTARA,ABBIATEGRASSO,4.179190751445087,3.0,346,2023-01-01,2023-12-31,188,103,36,45.400631,8.921305,22:53,346,4
REG,10084,MI.P.GENOVA,MORTARA,ALBAIRATE VERMEZZO,4.395953757225434,3.0,346,2023-01-01,2023-12-31,194,114,40,,,22:58,346,5
REG,10084,MI.P.GENOVA,MORTARA,MILANO S. CRISTOFORO,3.985549132947977,2.0,346,2023-01-01,2023-12-31,158,104,43,45.442404,9.130258,23:09,346,6
REG,10084,MI.P.GENOVA,MORTARA,MI.P.GENOVA,2.054913294797688,0.0,346,2023-01-01,2023-12-31,117,76,34,45.453379,9.169303,23:18,346,7
