train_class,train_number,train_arrival_stop_name,train_departure_stop_name,stop_name,avg_arrival_delay,median_arrival_delay,count_dates_stop,first_date,last_date,count_3m_delay,count_5m_delay,count_10m_delay,stop_lat,stop_lon,stop_time,count_dates_train,stop_number
REG,16533,PADOVA,BASSANO DEL GRAPPA,BASSANO DEL GRAPPA,2.269230769230769,2.0,234,2023-01-02,2023-12-29,36,13,6,45.766697,11.741525,18:40,234,1
REG,16533,PADOVA,BASSANO DEL GRAPPA,CITTADELLA,-1.6794871794871795,-2.0,234,2023-01-02,2023-12-29,8,6,4,45.643868,11.789857,18:59,234,2
REG,16533,PADOVA,BASSANO DEL GRAPPA,CAMPOSAMPIERO,1.5683760683760684,1.0,234,2023-01-02,2023-12-29,32,12,5,45.568922,11.928293,19:19,234,3
REG,16533,PADOVA,BASSANO DEL GRAPPA,VIGODARZERE,-0.27350427350427353,-1.0,234,2023-01-02,2023-12-29,22,8,3,45.453289,11.891641,19:36,234,4
REG,16533,PADOVA,BASSANO DEL GRAPPA,PADOVA,-0.6538461538461539,-1.0,234,2023-01-02,2023-12-29,17,6,2,45.417846,11.880794,19:44,234,5
