train_class,train_number,train_arrival_stop_name,train_departure_stop_name,stop_name,avg_arrival_delay,median_arrival_delay,count_dates_stop,first_date,last_date,count_3m_delay,count_5m_delay,count_10m_delay,stop_lat,stop_lon,stop_time,count_dates_train,stop_number
REG,19839,TARANTO,BARI CENTRALE,BARI CENTRALE,3.3366666666666664,3.0,300,2023-01-02,2023-12-30,243,40,4,41.11774,16.869601,13:05,300,1
REG,19839,TARANTO,BARI CENTRALE,BARI VILLAGGIO DEL LAVORATORE,0.8133333333333334,1.0,300,2023-01-02,2023-12-30,19,5,0,,,13:12,300,2
REG,19839,TARANTO,BARI CENTRALE,MODUGNO,0.7433333333333333,1.0,300,2023-01-02,2023-12-30,16,8,0,,,13:18,300,3
REG,19839,TARANTO,BARI CENTRALE,BITETTO PALO DEL COLLE,-0.21,-1.0,300,2023-01-02,2023-12-30,8,3,0,41.041481,16.74053,13:23,300,4
REG,19839,TARANTO,BARI CENTRALE,GRUMO APPULA,1.2133333333333334,1.0,300,2023-01-02,2023-12-30,15,4,0,41.01199,16.718777,13:28,300,5
REG,19839,TARANTO,BARI CENTRALE,ACQUAVIVA DELLE FONTI,-0.20333333333333334,-1.0,300,2023-01-02,2023-12-30,18,2,0,40.892806,16.839826,13:39,300,6
REG,19839,TARANTO,BARI CENTRALE,GIOIA DEL COLLE,-0.32666666666666666,-1.0,300,2023-01-02,2023-12-30,21,0,0,40.796983,16.916569,13:48,300,7
REG,19839,TARANTO,BARI CENTRALE,TARANTO,-1.5033333333333334,-2.0,300,2023-01-02,2023-12-30,21,10,4,40.483727,17.224059,14:22,300,8
