train_class,train_number,train_arrival_stop_name,train_departure_stop_name,stop_name,avg_arrival_delay,median_arrival_delay,count_dates_stop,first_date,last_date,count_3m_delay,count_5m_delay,count_10m_delay,stop_lat,stop_lon,stop_time,count_dates_train,stop_number
REG,19244,PARMA,PONTREMOLI,PONTREMOLI,1.55,2.0,20,2023-12-10,2023-12-31,0,0,0,44.371976,9.887795,11:52,20,1
REG,19244,PARMA,PONTREMOLI,BORGO VAL DI TARO,0.7,1.0,20,2023-12-10,2023-12-31,0,0,0,44.486522,9.781489,12:08,20,2
REG,19244,PARMA,PONTREMOLI,OSTIA PARMENSE,0.55,0.0,20,2023-12-10,2023-12-31,1,0,0,44.520136,9.844981,12:16,20,3
REG,19244,PARMA,PONTREMOLI,BERCETO,-1.85,-3.0,20,2023-12-10,2023-12-31,2,0,0,44.555912,9.931759,12:28,20,4
REG,19244,PARMA,PONTREMOLI,FORNOVO,-1.05,-2.0,20,2023-12-10,2023-12-31,1,1,0,44.693791,10.102014,12:46,20,5
REG,19244,PARMA,PONTREMOLI,OZZANO TARO,1.55,1.0,20,2023-12-10,2023-12-31,2,2,0,44.712268,10.141022,12:51,20,6
REG,19244,PARMA,PONTREMOLI,COLLECCHIO,-1.7,-2.0,20,2023-12-10,2023-12-31,1,0,0,44.755339,10.21228,12:59,20,7
REG,19244,PARMA,PONTREMOLI,VICOFERTILE,1.45,1.0,20,2023-12-10,2023-12-31,4,2,0,44.778436,10.25834,13:04,20,8
REG,19244,PARMA,PONTREMOLI,PARMA,-2.65,-3.0,20,2023-12-10,2023-12-31,0,0,0,44.810203,10.32837,13:14,20,9
