train_class,train_number,train_arrival_stop_name,train_departure_stop_name,stop_name,avg_arrival_delay,median_arrival_delay,count_dates_stop,first_date,last_date,count_3m_delay,count_5m_delay,count_10m_delay,stop_lat,stop_lon,stop_time,count_dates_train,stop_number
REG,19711,ANTRODOCO CENTRO,TERNI,TERNI,5.25,6.0,24,2023-05-22,2023-09-02,23,16,0,42.570768,12.651091,09:14,24,1
REG,19711,ANTRODOCO CENTRO,TERNI,MARMORE,3.375,3.0,24,2023-05-22,2023-09-02,17,5,0,42.547499,12.715224,09:29,24,2
REG,19711,ANTRODOCO CENTRO,TERNI,GRECCIO,3.7083333333333335,3.0,24,2023-05-22,2023-09-02,17,6,0,42.462872,12.777009,09:38,24,3
REG,19711,ANTRODOCO CENTRO,TERNI,CONTIGLIANO,4.416666666666667,4.0,24,2023-05-22,2023-09-02,20,11,1,42.412072,12.779144,09:43,24,4
REG,19711,ANTRODOCO CENTRO,TERNI,RIETI,4.333333333333333,4.0,24,2023-05-22,2023-09-02,17,12,1,42.405918,12.862596,09:52,24,5
REG,19711,ANTRODOCO CENTRO,TERNI,CITTADUCALE,5.416666666666667,5.0,24,2023-05-22,2023-09-02,22,16,2,42.387764,12.94269,10:01,24,6
REG,19711,ANTRODOCO CENTRO,TERNI,CASTEL S.ANGELO,4.0,4.0,24,2023-05-22,2023-09-02,18,9,1,42.379666,13.017612,10:11,24,7
REG,19711,ANTRODOCO CENTRO,TERNI,CANETRA,9.708333333333334,9.0,24,2023-05-22,2023-09-02,24,23,12,42.391578,13.029159,10:15,24,8
REG,19711,ANTRODOCO CENTRO,TERNI,ANTRODOCO BORGO VELINO,2.375,2.0,24,2023-05-22,2023-09-02,12,5,0,42.415393,13.076193,10:25,24,9
REG,19711,ANTRODOCO CENTRO,TERNI,ANTRODOCO CENTRO,1.8333333333333333,2.0,24,2023-05-22,2023-09-02,9,2,0,42.409844,13.07096,10:30,24,10
