train_class,train_number,train_arrival_stop_name,train_departure_stop_name,stop_name,avg_arrival_delay,median_arrival_delay,count_dates_stop,first_date,last_date,count_3m_delay,count_5m_delay,count_10m_delay,stop_lat,stop_lon,stop_time,count_dates_train,stop_number
REG,18316,FIRENZE S.M.N.,LIVORNO CENTRALE,LIVORNO CENTRALE,3.066666666666667,1.0,60,2023-01-01,2023-12-31,22,14,4,43.55406,10.336593,18:49,60,1
REG,18316,FIRENZE S.M.N.,LIVORNO CENTRALE,PISA CENTRALE,2.2333333333333334,2.0,60,2023-01-01,2023-12-31,26,13,3,43.70794,10.398183,19:06,60,2
REG,18316,FIRENZE S.M.N.,LIVORNO CENTRALE,PONTEDERA CASCIANA TERME,6.7,3.0,60,2023-01-01,2023-12-31,37,19,3,43.662145,10.628773,19:20,60,3
REG,18316,FIRENZE S.M.N.,LIVORNO CENTRALE,EMPOLI,5.933333333333334,3.0,60,2023-01-01,2023-12-31,34,14,2,43.715708,10.94915,19:36,60,4
REG,18316,FIRENZE S.M.N.,LIVORNO CENTRALE,FIRENZE S.M.N.,2.9166666666666665,-1.0,60,2023-01-01,2023-12-31,9,3,1,43.776893,11.247373,20:01,60,5
