train_class,train_number,train_arrival_stop_name,train_departure_stop_name,stop_name,avg_arrival_delay,median_arrival_delay,count_dates_stop,first_date,last_date,count_3m_delay,count_5m_delay,count_10m_delay,stop_lat,stop_lon,stop_time,count_dates_train,stop_number
REG,16992,MANTOVA,MODENA,MODENA,2.3146853146853146,2.0,286,2023-01-02,2023-12-30,48,15,4,44.654461,10.930373,14:05,286,1
REG,16992,MANTOVA,MODENA,QUATTRO VILLE,-0.45454545454545453,-1.0,286,2023-01-02,2023-12-30,15,6,4,,,14:12,286,2
REG,16992,MANTOVA,MODENA,CARPI,0.01048951048951049,-1.0,286,2023-01-02,2023-12-30,37,12,4,44.782919,10.891952,14:22,286,3
REG,16992,MANTOVA,MODENA,ROLO NOVI FABBRICO,0.7517482517482518,0.0,286,2023-01-02,2023-12-30,28,15,5,44.886561,10.867882,14:34,286,4
REG,16992,MANTOVA,MODENA,VILLANOVA DI REGGIOLO,0.8064516129032258,0.0,248,2023-01-02,2023-12-30,26,15,5,44.915925,10.842455,14:40,286,5
REG,16992,MANTOVA,MODENA,GONZAGA-REGGIOLO,0.6118881118881119,0.0,286,2023-01-02,2023-12-30,31,11,5,44.939239,10.815533,14:44,286,6
REG,16992,MANTOVA,MODENA,PALIDANO,3.1783216783216783,2.0,286,2023-01-02,2023-12-30,120,38,5,44.972228,10.777412,14:49,286,7
REG,16992,MANTOVA,MODENA,SUZZARA,1.993006993006993,1.0,286,2023-01-02,2023-12-30,62,24,6,44.994432,10.756138,14:54,286,8
REG,16992,MANTOVA,MODENA,ROMANORE,3.56993006993007,3.0,286,2023-01-02,2023-12-30,164,63,8,45.063834,10.750997,15:01,286,9
REG,16992,MANTOVA,MODENA,LEVATA,4.609154929577465,4.0,284,2023-01-02,2023-12-30,209,110,13,,,15:07,286,10
REG,16992,MANTOVA,MODENA,BORGOCHIESANUOVA,3.336842105263158,3.0,285,2023-01-02,2023-12-30,147,71,9,,,15:10,286,11
REG,16992,MANTOVA,MODENA,MANTOVA,0.916083916083916,0.0,286,2023-01-02,2023-12-30,64,27,7,45.158746,10.783165,15:17,286,12
