train_class,train_number,train_arrival_stop_name,train_departure_stop_name,stop_name,avg_arrival_delay,median_arrival_delay,count_dates_stop,first_date,last_date,count_3m_delay,count_5m_delay,count_10m_delay,stop_lat,stop_lon,stop_time,count_dates_train,stop_number
REG,12254,VENTIMIGLIA,IMPERIA,IMPERIA,2.8536585365853657,2.0,246,2023-01-02,2023-12-29,74,13,5,43.896798,8.03139,08:10,246,1
REG,12254,VENTIMIGLIA,IMPERIA,TAGGIA ARMA,2.524390243902439,2.0,246,2023-01-02,2023-12-29,85,22,5,43.844567,7.855324,08:19,246,2
REG,12254,VENTIMIGLIA,IMPERIA,BORDIGHERA,0.7845528455284553,0.0,246,2023-01-02,2023-12-29,35,20,5,43.778313,7.663504,08:35,246,3
REG,12254,VENTIMIGLIA,IMPERIA,VENTIMIGLIA,0.4065040650406504,1.0,246,2023-01-02,2023-12-29,28,11,3,43.792561,7.610224,08:45,246,4
