train_class,train_number,train_arrival_stop_name,train_departure_stop_name,stop_name,avg_arrival_delay,median_arrival_delay,count_dates_stop,first_date,last_date,count_3m_delay,count_5m_delay,count_10m_delay,stop_lat,stop_lon,stop_time,count_dates_train,stop_number
REG,19283,LA SPEZIA CENTRALE,PONTREMOLI,PONTREMOLI,1.9090909090909092,1.0,22,2023-12-10,2023-12-31,5,1,0,44.371976,9.887795,05:35,22,1
REG,19283,LA SPEZIA CENTRALE,PONTREMOLI,FILATTIERA,-0.22727272727272727,-1.0,22,2023-12-10,2023-12-31,2,0,0,44.33137,9.933352,05:43,22,2
REG,19283,LA SPEZIA CENTRALE,PONTREMOLI,VILLAFRANCA - BAGNONE,2.0454545454545454,2.0,22,2023-12-10,2023-12-31,6,1,0,44.294399,9.948096,05:49,22,3
REG,19283,LA SPEZIA CENTRALE,PONTREMOLI,AULLA LUNIGIANA,3.090909090909091,3.0,22,2023-12-10,2023-12-31,14,4,0,44.210555,9.970015,05:56,22,4
REG,19283,LA SPEZIA CENTRALE,PONTREMOLI,S. STEFANO DI MAGRA,4.818181818181818,5.0,22,2023-12-10,2023-12-31,19,13,0,44.156857,9.915202,06:02,22,5
REG,19283,LA SPEZIA CENTRALE,PONTREMOLI,VEZZANO LIGURE,4.2727272727272725,5.0,22,2023-12-10,2023-12-31,16,12,0,44.127081,9.88928,06:07,22,6
REG,19283,LA SPEZIA CENTRALE,PONTREMOLI,LA SPEZIA MIGLIARINA,5.0,5.0,22,2023-12-10,2023-12-31,18,14,0,44.123391,9.84028,06:13,22,7
REG,19283,LA SPEZIA CENTRALE,PONTREMOLI,LA SPEZIA CENTRALE,2.590909090909091,3.0,22,2023-12-10,2023-12-31,14,5,0,44.11141,9.813906,06:21,22,8
