train_class,train_number,train_arrival_stop_name,train_departure_stop_name,stop_name,avg_arrival_delay,median_arrival_delay,count_dates_stop,first_date,last_date,count_3m_delay,count_5m_delay,count_10m_delay,stop_lat,stop_lon,stop_time,count_dates_train,stop_number
REG,12815,ROMA OSTIENSE,VITERBO PORTA ROMANA,VITERBO PORTA ROMANA,2.1666666666666665,1.0,198,2023-01-09,2023-12-15,23,10,8,42.411974,12.110482,13:53,198,1
REG,12815,ROMA OSTIENSE,VITERBO PORTA ROMANA,TRE CROCI,2.525252525252525,2.0,198,2023-01-09,2023-12-15,43,14,10,42.331525,12.086159,14:01,198,2
REG,12815,ROMA OSTIENSE,VITERBO PORTA ROMANA,VETRALLA,1.7878787878787878,1.0,198,2023-01-09,2023-12-15,27,13,10,42.304619,12.089137,14:05,198,3
REG,12815,ROMA OSTIENSE,VITERBO PORTA ROMANA,CAPRANICA,1.4444444444444444,0.0,198,2023-01-09,2023-12-15,27,16,10,42.245195,12.157194,14:16,198,4
REG,12815,ROMA OSTIENSE,VITERBO PORTA ROMANA,ORIOLO,6.707070707070707,5.0,198,2023-01-09,2023-12-15,182,125,26,42.166825,12.138499,14:25,198,5
REG,12815,ROMA OSTIENSE,VITERBO PORTA ROMANA,MANZIANA-CANALE MONTERANO,7.156565656565657,6.0,198,2023-01-09,2023-12-15,184,138,29,42.128246,12.134934,14:30,198,6
REG,12815,ROMA OSTIENSE,VITERBO PORTA ROMANA,BRACCIANO,7.2272727272727275,5.0,198,2023-01-09,2023-12-15,183,136,26,42.103667,12.173023,14:36,198,7
REG,12815,ROMA OSTIENSE,VITERBO PORTA ROMANA,ANGUILLARA,5.181818181818182,4.0,198,2023-01-09,2023-12-15,133,72,16,42.068133,12.304978,14:58,198,8
REG,12815,ROMA OSTIENSE,VITERBO PORTA ROMANA,CESANO DI ROMA,5.7727272727272725,4.0,198,2023-01-09,2023-12-15,142,84,19,42.061833,12.326669,15:02,198,9
REG,12815,ROMA OSTIENSE,VITERBO PORTA ROMANA,OLGIATA,7.616161616161616,6.0,198,2023-01-09,2023-12-15,190,139,34,42.01538,12.363864,15:08,198,10
REG,12815,ROMA OSTIENSE,VITERBO PORTA ROMANA,LA STORTA,6.545454545454546,5.0,198,2023-01-09,2023-12-15,158,105,26,42.001748,12.381254,15:11,198,11
REG,12815,ROMA OSTIENSE,VITERBO PORTA ROMANA,LA GIUSTINIANA,7.02020202020202,5.0,198,2023-01-09,2023-12-15,170,124,29,41.985243,12.403457,15:15,198,12
REG,12815,ROMA OSTIENSE,VITERBO PORTA ROMANA,IPOGEO DEGLI OTTAVI,7.441624365482234,6.0,197,2023-01-09,2023-12-15,183,130,34,41.968391,12.409026,15:18,198,13
REG,12815,ROMA OSTIENSE,VITERBO PORTA ROMANA,OTTAVIA,6.525252525252525,5.0,198,2023-01-09,2023-12-15,159,102,25,,,15:21,198,14
REG,12815,ROMA OSTIENSE,VITERBO PORTA ROMANA,ROMA S.FILIPPO NERI,6.545454545454546,5.0,198,2023-01-09,2023-12-15,155,105,29,41.950262,12.412414,15:24,198,15
REG,12815,ROMA OSTIENSE,VITERBO PORTA ROMANA,ROMA MONTE MARIO,5.803030303030303,4.0,198,2023-01-09,2023-12-15,138,87,25,41.939088,12.421732,15:27,198,16
REG,12815,ROMA OSTIENSE,VITERBO PORTA ROMANA,GEMELLI,6.624365482233503,5.0,197,2023-01-09,2023-12-15,151,103,30,41.927813,12.427797,15:30,198,17
REG,12815,ROMA OSTIENSE,VITERBO PORTA ROMANA,ROMA BALDUINA,6.121827411167513,4.0,197,2023-01-09,2023-12-15,148,87,23,,,15:33,198,18
REG,12815,ROMA OSTIENSE,VITERBO PORTA ROMANA,APPIANO,6.233502538071066,4.0,197,2023-01-09,2023-12-15,147,88,26,41.909342,12.43838,15:35,198,19
REG,12815,ROMA OSTIENSE,VITERBO PORTA ROMANA,VALLE AURELIA,7.285714285714286,5.0,196,2023-01-09,2023-12-15,189,113,32,41.899356,12.447667,15:38,198,20
REG,12815,ROMA OSTIENSE,VITERBO PORTA ROMANA,ROMA S.PIETRO,4.436548223350254,2.0,197,2023-01-09,2023-12-15,93,61,17,41.896143,12.454497,15:42,198,21
REG,12815,ROMA OSTIENSE,VITERBO PORTA ROMANA,QUATTRO VENTI,4.852791878172589,3.0,197,2023-01-09,2023-12-15,100,65,18,41.880145,12.459731,15:46,198,22
REG,12815,ROMA OSTIENSE,VITERBO PORTA ROMANA,ROMA TRASTEVERE,5.801020408163265,3.0,196,2023-01-09,2023-12-15,125,77,21,41.872279,12.466162,15:49,198,23
REG,12815,ROMA OSTIENSE,VITERBO PORTA ROMANA,ROMA OSTIENSE,2.6464646464646466,0.0,198,2023-01-09,2023-12-15,63,35,14,41.87265,12.483917,15:54,198,24
