train_class,train_number,train_arrival_stop_name,train_departure_stop_name,stop_name,avg_arrival_delay,median_arrival_delay,count_dates_stop,first_date,last_date,count_3m_delay,count_5m_delay,count_10m_delay,stop_lat,stop_lon,stop_time,count_dates_train,stop_number
REG,10115,BRESCIA,BERGAMO,BERGAMO,1.94,1.0,350,2023-01-01,2023-12-31,51,13,7,45.690271,9.675082,06:25,350,1
REG,10115,BRESCIA,BERGAMO,SERIATE,1.2971428571428572,1.0,350,2023-01-01,2023-12-31,46,15,6,45.683145,9.724628,06:30,350,2
REG,10115,BRESCIA,BERGAMO,MONTELLO GORLAGO,3.257142857142857,3.0,350,2023-01-01,2023-12-31,207,61,6,45.67017,9.808488,06:38,350,3
REG,10115,BRESCIA,BERGAMO,GRUMELLO DEL MONTE,4.654285714285714,4.0,350,2023-01-01,2023-12-31,274,171,20,45.634102,9.862767,06:47,350,4
REG,10115,BRESCIA,BERGAMO,PALAZZOLO SULL`OGLIO,6.191977077363897,6.0,349,2023-01-01,2023-12-31,311,243,41,45.601486,9.896235,06:52,350,5
REG,10115,BRESCIA,BERGAMO,COCCAGLIO,5.022857142857143,5.0,350,2023-01-01,2023-12-31,262,189,28,45.560971,9.977648,07:02,350,6
REG,10115,BRESCIA,BERGAMO,ROVATO,3.6914285714285713,3.0,350,2023-01-01,2023-12-31,204,130,22,45.55193,10.000924,07:07,350,7
REG,10115,BRESCIA,BERGAMO,BRESCIA,4.057142857142857,3.0,350,2023-01-01,2023-12-31,196,133,41,45.532315,10.212828,07:21,350,8
