train_class,train_number,train_arrival_stop_name,train_departure_stop_name,stop_name,avg_arrival_delay,median_arrival_delay,count_dates_stop,first_date,last_date,count_3m_delay,count_5m_delay,count_10m_delay,stop_lat,stop_lon,stop_time,count_dates_train,stop_number
REG,10418,COMO S. GIOVANNI,LECCO,LECCO,3.742489270386266,2.0,233,2023-01-02,2023-12-23,87,50,13,45.856471,9.393638,07:51,233,1
REG,10418,COMO S. GIOVANNI,LECCO,VALMADRERA,4.021459227467811,2.0,233,2023-01-02,2023-12-23,106,52,14,45.846439,9.368183,07:56,233,2
REG,10418,COMO S. GIOVANNI,LECCO,OGGIONO,6.512931034482759,4.0,232,2023-01-02,2023-12-23,158,107,51,45.788993,9.33748,08:09,233,3
REG,10418,COMO S. GIOVANNI,LECCO,MOLTENO,6.168103448275862,4.0,232,2023-01-02,2023-12-23,142,98,49,45.780939,9.301683,08:14,233,4
REG,10418,COMO S. GIOVANNI,LECCO,CASLETTO-ROGENO,7.060344827586207,5.0,232,2023-01-02,2023-12-23,172,117,52,45.786028,9.275375,08:17,233,5
REG,10418,COMO S. GIOVANNI,LECCO,MOIANA,7.073275862068965,5.0,232,2023-01-02,2023-12-23,172,117,52,45.787082,9.255607,08:20,233,6
REG,10418,COMO S. GIOVANNI,LECCO,ALBATE-TRECALLO,4.737623762376238,3.0,202,2023-01-02,2023-11-18,106,69,28,45.777391,9.095752,08:44,233,7
REG,10418,COMO S. GIOVANNI,LECCO,COMO S. GIOVANNI,4.167381974248927,2.0,233,2023-01-02,2023-12-23,95,80,33,45.808946,9.072331,08:58,233,8
