train_class,train_number,train_arrival_stop_name,train_departure_stop_name,stop_name,avg_arrival_delay,median_arrival_delay,count_dates_stop,first_date,last_date,count_3m_delay,count_5m_delay,count_10m_delay,stop_lat,stop_lon,stop_time,count_dates_train,stop_number
REG,16989,LEGNAGO,VENEZIA MESTRE,VENEZIA MESTRE,2.6089385474860336,1.0,179,2023-01-02,2023-12-22,38,18,5,45.482123,12.232069,19:36,179,1
REG,16989,LEGNAGO,VENEZIA MESTRE,DOLO,1.4189944134078212,1.0,179,2023-01-02,2023-12-22,35,14,4,45.453466,12.07161,19:47,179,2
REG,16989,LEGNAGO,VENEZIA MESTRE,PADOVA,4.558659217877095,4.0,179,2023-01-02,2023-12-22,120,69,17,45.417846,11.880794,20:11,179,3
REG,16989,LEGNAGO,VENEZIA MESTRE,ABANO TERME,3.4916201117318435,2.0,179,2023-01-02,2023-12-22,82,50,14,45.355199,11.811533,20:19,179,4
REG,16989,LEGNAGO,VENEZIA MESTRE,TERME EUGANEE-ABANO-MONTEGR.,4.4916201117318435,3.0,179,2023-01-02,2023-12-22,100,62,17,45.32744,11.79604,20:23,179,5
REG,16989,LEGNAGO,VENEZIA MESTRE,BATTAGLIA TERME,4.106145251396648,3.0,179,2023-01-02,2023-12-22,92,56,15,45.291475,11.77838,20:27,179,6
REG,16989,LEGNAGO,VENEZIA MESTRE,MONSELICE,6.4804469273743015,5.0,179,2023-01-02,2023-12-22,156,100,28,45.246116,11.74789,20:32,179,7
REG,16989,LEGNAGO,VENEZIA MESTRE,ESTE,2.8603351955307263,1.0,179,2023-01-02,2023-12-22,58,35,14,45.220954,11.662931,20:46,179,8
REG,16989,LEGNAGO,VENEZIA MESTRE,OSPEDALETTO EUGANEO,4.23463687150838,2.0,179,2023-01-02,2023-12-22,78,42,17,45.221706,11.606553,20:51,179,9
REG,16989,LEGNAGO,VENEZIA MESTRE,SALETTO,3.363128491620112,2.0,179,2023-01-02,2023-12-22,84,40,10,45.22274,11.535093,20:59,179,10
REG,16989,LEGNAGO,VENEZIA MESTRE,MONTAGNANA,4.793296089385475,3.0,179,2023-01-02,2023-12-22,123,58,10,45.228238,11.459873,21:05,179,11
REG,16989,LEGNAGO,VENEZIA MESTRE,BEVILACQUA,4.664804469273743,3.0,179,2023-01-02,2023-12-22,110,47,11,45.230145,11.398643,21:11,179,12
REG,16989,LEGNAGO,VENEZIA MESTRE,BOSCHI S.ANNA,5.229050279329609,3.0,179,2023-01-02,2023-12-22,119,58,13,45.217328,11.362302,21:15,179,13
REG,16989,LEGNAGO,VENEZIA MESTRE,LEGNAGO,3.653631284916201,2.0,179,2023-01-02,2023-12-22,70,41,13,45.189034,11.304724,21:22,179,14
