train_class,train_number,train_arrival_stop_name,train_departure_stop_name,stop_name,avg_arrival_delay,median_arrival_delay,count_dates_stop,first_date,last_date,count_3m_delay,count_5m_delay,count_10m_delay,stop_lat,stop_lon,stop_time,count_dates_train,stop_number
REG,18744,FIRENZE S.M.N.,S.GIOVANNI VALDARNO,S.GIOVANNI VALDARNO,0.6923076923076923,1.0,13,2023-08-14,2023-09-01,0,0,0,43.56601,11.527033,08:28,13,1
REG,18744,FIRENZE S.M.N.,S.GIOVANNI VALDARNO,FIGLINE VALDARNO,2.1538461538461537,2.0,13,2023-08-14,2023-09-01,3,0,0,43.621596,11.473652,08:33,13,2
REG,18744,FIRENZE S.M.N.,S.GIOVANNI VALDARNO,INCISA,3.076923076923077,3.0,13,2023-08-14,2023-09-01,10,0,0,43.656541,11.452728,08:37,13,3
REG,18744,FIRENZE S.M.N.,S.GIOVANNI VALDARNO,RIGNANO SULL`ARNO REGGELLO,2.6153846153846154,3.0,13,2023-08-14,2023-09-01,8,0,0,43.720834,11.452383,08:44,13,4
REG,18744,FIRENZE S.M.N.,S.GIOVANNI VALDARNO,PONTASSIEVE,3.3846153846153846,4.0,13,2023-08-14,2023-09-01,9,2,0,43.773949,11.437904,08:54,13,5
REG,18744,FIRENZE S.M.N.,S.GIOVANNI VALDARNO,FIRENZE CAMPO MARTE,3.5384615384615383,3.0,13,2023-08-14,2023-09-01,9,4,0,43.776856,11.27702,09:09,13,6
REG,18744,FIRENZE S.M.N.,S.GIOVANNI VALDARNO,FIRENZE S.M.N.,2.5384615384615383,2.0,13,2023-08-14,2023-09-01,6,3,0,43.776893,11.247373,09:18,13,7
