train_class,train_number,train_arrival_stop_name,train_departure_stop_name,stop_name,avg_arrival_delay,median_arrival_delay,count_dates_stop,first_date,last_date,count_3m_delay,count_5m_delay,count_10m_delay,stop_lat,stop_lon,stop_time,count_dates_train,stop_number
REG,19535,FORNACI DI BARGA,PISA CENTRALE,PISA CENTRALE,2.1666666666666665,2.0,12,2023-12-11,2023-12-29,4,1,0,43.70794,10.398183,07:50,12,1
REG,19535,FORNACI DI BARGA,PISA CENTRALE,PISA SAN ROSSORE,2.1666666666666665,2.0,12,2023-12-11,2023-12-29,3,1,0,43.723702,10.387363,07:54,12,2
REG,19535,FORNACI DI BARGA,PISA CENTRALE,S.GIULIANO TERME,2.0833333333333335,2.0,12,2023-12-11,2023-12-29,3,1,0,43.764895,10.436892,08:00,12,3
REG,19535,FORNACI DI BARGA,PISA CENTRALE,RIGOLI,1.5833333333333333,1.0,12,2023-12-11,2023-12-29,3,0,0,43.789681,10.419663,08:06,12,4
REG,19535,FORNACI DI BARGA,PISA CENTRALE,LUCCA,3.3333333333333335,3.0,12,2023-12-11,2023-12-29,7,5,0,43.837186,10.506069,08:23,12,5
REG,19535,FORNACI DI BARGA,PISA CENTRALE,S. PIETRO A VICO,2.75,3.0,12,2023-12-11,2023-12-29,7,5,0,43.875094,10.530945,08:32,12,6
REG,19535,FORNACI DI BARGA,PISA CENTRALE,PONTE A MORIANO,4.25,5.0,12,2023-12-11,2023-12-29,7,7,0,43.908371,10.534264,08:37,12,7
REG,19535,FORNACI DI BARGA,PISA CENTRALE,DIECIMO - PESCAGLIA,4.833333333333333,4.0,12,2023-12-11,2023-12-29,9,6,0,43.959404,10.507844,08:44,12,8
REG,19535,FORNACI DI BARGA,PISA CENTRALE,BORGO A MOZZANO,6.25,5.0,12,2023-12-11,2023-12-29,12,8,1,43.977207,10.541285,08:49,12,9
REG,19535,FORNACI DI BARGA,PISA CENTRALE,BAGNI DI LUCCA,1.5,1.0,12,2023-12-11,2023-12-29,5,4,0,44.003447,10.551631,08:59,12,10
REG,19535,FORNACI DI BARGA,PISA CENTRALE,GHIVIZZANO - COREGLIA,2.6666666666666665,1.0,12,2023-12-11,2023-12-29,2,1,1,44.027583,10.510183,09:09,12,11
REG,19535,FORNACI DI BARGA,PISA CENTRALE,FORNACI DI BARGA,-0.25,-2.0,12,2023-12-11,2023-12-29,1,1,1,44.045253,10.473173,09:17,12,12
