train_class,train_number,train_arrival_stop_name,train_departure_stop_name,stop_name,avg_arrival_delay,median_arrival_delay,count_dates_stop,first_date,last_date,count_3m_delay,count_5m_delay,count_10m_delay,stop_lat,stop_lon,stop_time,count_dates_train,stop_number
REG,19259,LA SPEZIA CENTRALE,PONTREMOLI,PONTREMOLI,2.6857142857142855,2.0,35,2023-03-04,2023-12-17,12,5,0,44.371976,9.887795,13:42,35,1
REG,19259,LA SPEZIA CENTRALE,PONTREMOLI,FILATTIERA,-0.3142857142857143,-1.0,35,2023-03-04,2023-12-17,4,2,0,44.33137,9.933352,13:50,35,2
REG,19259,LA SPEZIA CENTRALE,PONTREMOLI,VILLAFRANCA - BAGNONE,0.5142857142857142,0.0,35,2023-03-04,2023-12-17,6,1,0,44.294399,9.948096,13:56,35,3
REG,19259,LA SPEZIA CENTRALE,PONTREMOLI,AULLA LUNIGIANA,-0.8857142857142857,-1.0,35,2023-03-04,2023-12-17,2,0,0,44.210555,9.970015,14:09,35,4
REG,19259,LA SPEZIA CENTRALE,PONTREMOLI,S. STEFANO DI MAGRA,2.5142857142857142,2.0,35,2023-03-04,2023-12-17,16,2,0,44.156857,9.915202,14:15,35,5
REG,19259,LA SPEZIA CENTRALE,PONTREMOLI,VEZZANO LIGURE,2.342857142857143,2.0,35,2023-03-04,2023-12-17,14,2,0,44.127081,9.88928,14:20,35,6
REG,19259,LA SPEZIA CENTRALE,PONTREMOLI,LA SPEZIA MIGLIARINA,3.7142857142857144,3.0,35,2023-03-04,2023-12-17,21,11,0,44.123391,9.84028,14:26,35,7
REG,19259,LA SPEZIA CENTRALE,PONTREMOLI,LA SPEZIA CENTRALE,2.5428571428571427,2.0,35,2023-03-04,2023-12-17,17,8,0,44.11141,9.813906,14:33,35,8
