train_class,train_number,train_arrival_stop_name,train_departure_stop_name,stop_name,avg_arrival_delay,median_arrival_delay,count_dates_stop,first_date,last_date,count_3m_delay,count_5m_delay,count_10m_delay,stop_lat,stop_lon,stop_time,count_dates_train,stop_number
REG,12769,ROMA TIBURTINA,BAGNI DI TIVOLI,BAGNI DI TIVOLI,1.7857142857142858,2.0,14,2023-08-28,2023-09-15,3,0,0,41.949593,12.722208,14:28,14,1
REG,12769,ROMA TIBURTINA,BAGNI DI TIVOLI,LUNGHEZZA,0.0,0.0,14,2023-08-28,2023-09-15,0,0,0,41.923253,12.667212,14:34,14,2
REG,12769,ROMA TIBURTINA,BAGNI DI TIVOLI,PONTE DI NONA,-0.7857142857142857,-1.0,14,2023-08-28,2023-09-15,0,0,0,42.061563,13.581585,14:37,14,3
REG,12769,ROMA TIBURTINA,BAGNI DI TIVOLI,LA RUSTICA UIR,-2.2142857142857144,-2.0,14,2023-08-28,2023-09-15,0,0,0,,,14:43,14,4
REG,12769,ROMA TIBURTINA,BAGNI DI TIVOLI,TOR SAPIENZA,-1.1428571428571428,-1.0,14,2023-08-28,2023-09-15,0,0,0,41.907095,12.594489,14:50,14,5
REG,12769,ROMA TIBURTINA,BAGNI DI TIVOLI,ROMA PRENESTINA,-0.35714285714285715,-1.0,14,2023-08-28,2023-09-15,0,0,0,41.897571,12.545803,15:00,14,6
REG,12769,ROMA TIBURTINA,BAGNI DI TIVOLI,ROMA TIBURTINA,0.8571428571428571,1.0,14,2023-08-28,2023-09-15,1,0,0,41.910903,12.530749,15:06,14,7
