train_class,train_number,train_arrival_stop_name,train_departure_stop_name,stop_name,avg_arrival_delay,median_arrival_delay,count_dates_stop,first_date,last_date,count_3m_delay,count_5m_delay,count_10m_delay,stop_lat,stop_lon,stop_time,count_dates_train,stop_number
REG,10669,PAVIA,MORTARA,MORTARA,4.2745098039215685,3.0,51,2023-06-12,2023-09-09,31,11,5,45.252171,8.731639,09:36,51,1
REG,10669,PAVIA,MORTARA,GAMBOLO`REMONDO`,5.470588235294118,3.0,51,2023-06-12,2023-09-09,39,14,6,45.23587,8.79757,09:43,51,2
REG,10669,PAVIA,MORTARA,TROMELLO,5.470588235294118,3.0,51,2023-06-12,2023-09-09,39,14,6,45.211988,8.872154,09:50,51,3
REG,10669,PAVIA,MORTARA,GARLASCO,0.9215686274509803,-2.0,51,2023-06-12,2023-09-09,11,7,5,45.198948,8.926829,09:57,51,4
REG,10669,PAVIA,MORTARA,GROPELLO CAIROLI,2.0980392156862746,1.0,51,2023-06-12,2023-09-09,6,5,3,45.173101,8.991626,10:08,51,5
REG,10669,PAVIA,MORTARA,VILLANOVA D`ARDENGHI,2.1372549019607843,1.0,51,2023-06-12,2023-09-09,6,5,3,45.156982,9.037176,10:13,51,6
REG,10669,PAVIA,MORTARA,CAVA CARBONARA,-1.2549019607843137,-3.0,51,2023-06-12,2023-09-09,5,4,4,45.147055,9.071387,10:19,51,7
REG,10669,PAVIA,MORTARA,PAVIA,2.4901960784313726,2.0,51,2023-06-12,2023-09-09,13,5,4,45.188843,9.144674,10:28,51,8
