train_class,train_number,train_arrival_stop_name,train_departure_stop_name,stop_name,avg_arrival_delay,median_arrival_delay,count_dates_stop,first_date,last_date,count_3m_delay,count_5m_delay,count_10m_delay,stop_lat,stop_lon,stop_time,count_dates_train,stop_number
REG,19842,BARI CENTRALE,TARANTO,TARANTO,2.1821192052980134,2.0,302,2023-01-02,2023-12-30,41,14,4,40.483727,17.224059,11:35,302,1
REG,19842,BARI CENTRALE,TARANTO,PALAGIANELLO,-1.4172185430463575,-2.0,302,2023-01-02,2023-12-30,14,9,5,40.610906,16.975202,11:58,302,2
REG,19842,BARI CENTRALE,TARANTO,CASTELLANETA,1.5198675496688743,1.0,302,2023-01-02,2023-12-30,17,11,5,,,12:03,302,3
REG,19842,BARI CENTRALE,TARANTO,GIOIA DEL COLLE,0.016556291390728478,-1.0,302,2023-01-02,2023-12-30,20,11,7,40.796983,16.916569,12:15,302,4
REG,19842,BARI CENTRALE,TARANTO,ACQUAVIVA DELLE FONTI,1.5132450331125828,1.0,302,2023-01-02,2023-12-30,44,17,10,40.892806,16.839826,12:23,302,5
REG,19842,BARI CENTRALE,TARANTO,GRUMO APPULA,2.568106312292359,2.0,301,2023-01-02,2023-12-30,100,30,11,41.01199,16.718777,12:34,302,6
REG,19842,BARI CENTRALE,TARANTO,BITETTO PALO DEL COLLE,2.2781456953642385,1.0,302,2023-01-02,2023-12-30,94,26,10,41.041481,16.74053,12:38,302,7
REG,19842,BARI CENTRALE,TARANTO,MODUGNO,8.105960264900663,7.0,302,2023-01-02,2023-12-30,602,602,94,,,12:43,302,8
REG,19842,BARI CENTRALE,TARANTO,BARI VILLAGGIO DEL LAVORATORE,7.691029900332226,7.0,301,2023-01-02,2023-12-30,301,300,37,,,12:48,302,9
REG,19842,BARI CENTRALE,TARANTO,BARI CENTRALE,-0.5960264900662252,-1.0,302,2023-01-02,2023-12-30,29,15,6,41.11774,16.869601,12:57,302,10
