train_class,train_number,train_arrival_stop_name,train_departure_stop_name,stop_name,avg_arrival_delay,median_arrival_delay,count_dates_stop,first_date,last_date,count_3m_delay,count_5m_delay,count_10m_delay,stop_lat,stop_lon,stop_time,count_dates_train,stop_number
REG,19240,PONTREMOLI,LA SPEZIA CENTRALE,LA SPEZIA CENTRALE,1.5454545454545454,1.0,22,2023-12-10,2023-12-31,2,0,0,44.11141,9.813906,09:08,22,1
REG,19240,PONTREMOLI,LA SPEZIA CENTRALE,LA SPEZIA MIGLIARINA,1.5909090909090908,1.0,22,2023-12-10,2023-12-31,3,0,0,44.123391,9.84028,09:12,22,2
REG,19240,PONTREMOLI,LA SPEZIA CENTRALE,VEZZANO LIGURE,-0.13636363636363635,-1.0,22,2023-12-10,2023-12-31,1,0,0,44.127081,9.88928,09:19,22,3
REG,19240,PONTREMOLI,LA SPEZIA CENTRALE,S. STEFANO DI MAGRA,0.3181818181818182,0.0,22,2023-12-10,2023-12-31,2,0,0,44.156857,9.915202,09:24,22,4
REG,19240,PONTREMOLI,LA SPEZIA CENTRALE,AULLA LUNIGIANA,0.13636363636363635,0.0,22,2023-12-10,2023-12-31,2,0,0,44.210555,9.970015,09:31,22,5
REG,19240,PONTREMOLI,LA SPEZIA CENTRALE,VILLAFRANCA - BAGNONE,2.590909090909091,1.0,22,2023-12-10,2023-12-31,5,2,1,44.294399,9.948096,09:38,22,6
REG,19240,PONTREMOLI,LA SPEZIA CENTRALE,FILATTIERA,1.1818181818181819,0.0,22,2023-12-10,2023-12-31,2,1,1,44.33137,9.933352,09:44,22,7
REG,19240,PONTREMOLI,LA SPEZIA CENTRALE,PONTREMOLI,3.1818181818181817,2.0,22,2023-12-10,2023-12-31,7,3,2,44.371976,9.887795,09:51,22,8
