train_class,train_number,train_arrival_stop_name,train_departure_stop_name,stop_name,avg_arrival_delay,median_arrival_delay,count_dates_stop,first_date,last_date,count_3m_delay,count_5m_delay,count_10m_delay,stop_lat,stop_lon,stop_time,count_dates_train,stop_number
REG,11137,SAN GIUSEPPE DI CAIRO,FOSSANO,FOSSANO,2.0260115606936417,1.0,346,2023-01-01,2023-12-31,56,21,7,44.550231,7.717971,18:22,346,1
REG,11137,SAN GIUSEPPE DI CAIRO,FOSSANO,TRINITA` BENE VAGIENNA,1.6318840579710145,1.0,345,2023-01-01,2023-12-31,34,13,5,44.504656,7.752647,18:27,346,2
REG,11137,SAN GIUSEPPE DI CAIRO,FOSSANO,MAGLIANO CRAVA MOROZZO,1.2151162790697674,1.0,344,2023-01-01,2023-12-31,44,15,4,44.445259,7.777852,18:33,346,3
REG,11137,SAN GIUSEPPE DI CAIRO,FOSSANO,MONDOVI`,0.9101449275362319,0.0,345,2023-01-01,2023-12-31,43,17,6,44.398255,7.816339,18:39,346,4
REG,11137,SAN GIUSEPPE DI CAIRO,FOSSANO,VICOFORTE SAN MICHELE,1.4260869565217391,1.0,345,2023-01-01,2023-12-31,39,17,4,44.37404,7.894687,18:46,346,5
REG,11137,SAN GIUSEPPE DI CAIRO,FOSSANO,LESEGNO,0.4811594202898551,-1.0,345,2023-01-01,2023-12-31,34,15,4,44.385891,7.94266,18:51,346,6
REG,11137,SAN GIUSEPPE DI CAIRO,FOSSANO,CEVA,0.09826589595375723,-1.0,346,2023-01-01,2023-12-31,28,11,5,44.389861,8.031958,18:58,346,7
REG,11137,SAN GIUSEPPE DI CAIRO,FOSSANO,SALE LANGHE,0.7026239067055393,0.0,343,2023-01-01,2023-12-31,34,18,8,44.392425,8.077468,19:06,346,8
REG,11137,SAN GIUSEPPE DI CAIRO,FOSSANO,SALICETO,1.6820809248554913,1.0,346,2023-01-01,2023-12-31,36,22,9,44.404437,8.172887,19:14,346,9
REG,11137,SAN GIUSEPPE DI CAIRO,FOSSANO,CENGIO,-0.057971014492753624,-1.0,345,2023-01-01,2023-12-31,25,19,7,44.390798,8.191824,19:19,346,10
REG,11137,SAN GIUSEPPE DI CAIRO,FOSSANO,SAN GIUSEPPE DI CAIRO,0.8092485549132948,-1.0,346,2023-01-01,2023-12-31,48,36,11,44.370096,8.28864,19:29,346,11
