train_class,train_number,train_arrival_stop_name,train_departure_stop_name,stop_name,avg_arrival_delay,median_arrival_delay,count_dates_stop,first_date,last_date,count_3m_delay,count_5m_delay,count_10m_delay,stop_lat,stop_lon,stop_time,count_dates_train,stop_number
REG,12361,SESTRI LEVANTE,SAVONA,SAVONA,2.760330578512397,2.0,242,2023-01-02,2023-12-29,64,22,7,44.306892,8.470259,10:10,242,1
REG,12361,SESTRI LEVANTE,SAVONA,ALBISOLA,2.983402489626556,2.0,241,2023-01-02,2023-12-29,99,23,7,44.33469,8.512092,10:14,242,2
REG,12361,SESTRI LEVANTE,SAVONA,VARAZZE,1.8801652892561984,1.0,242,2023-01-02,2023-12-29,56,18,5,44.356842,8.566682,10:22,242,3
REG,12361,SESTRI LEVANTE,SAVONA,COGOLETO,0.43388429752066116,0.0,242,2023-01-02,2023-12-29,27,15,5,44.389762,8.643906,10:29,242,4
REG,12361,SESTRI LEVANTE,SAVONA,ARENZANO,1.3305785123966942,0.0,242,2023-01-02,2023-12-29,36,17,5,44.403089,8.678322,10:33,242,5
REG,12361,SESTRI LEVANTE,SAVONA,GENOVA VOLTRI,0.07851239669421488,-1.0,242,2023-01-02,2023-12-29,26,15,6,44.428467,8.758163,10:41,242,6
REG,12361,SESTRI LEVANTE,SAVONA,GENOVA SESTRI PONENTE,2.9214876033057853,1.0,242,2023-01-02,2023-12-29,91,61,23,44.422374,8.847707,10:54,242,7
REG,12361,SESTRI LEVANTE,SAVONA,GENOVA SAMPIERDARENA,3.3016528925619837,2.0,242,2023-01-02,2023-12-29,105,61,8,44.413102,8.887271,11:06,242,8
REG,12361,SESTRI LEVANTE,SAVONA,GENOVA P.PRINCIPE,4.322314049586777,3.0,242,2023-01-02,2023-12-29,164,87,16,44.417784,8.9207,11:13,242,9
REG,12361,SESTRI LEVANTE,SAVONA,GENOVA BRIGNOLE,3.8181818181818183,3.0,242,2023-01-02,2023-12-29,139,75,14,44.407213,8.947553,11:21,242,10
REG,12361,SESTRI LEVANTE,SAVONA,GENOVA QUARTO DEI MILLE,2.334710743801653,1.0,242,2023-01-02,2023-12-29,92,51,9,44.388607,8.99597,11:32,242,11
REG,12361,SESTRI LEVANTE,SAVONA,GENOVA NERVI,1.8429752066115703,1.0,242,2023-01-02,2023-12-29,78,40,12,44.381271,9.039895,11:40,242,12
REG,12361,SESTRI LEVANTE,SAVONA,RECCO,1.8099173553719008,1.0,242,2023-01-02,2023-12-29,72,45,12,44.361215,9.146788,11:54,242,13
REG,12361,SESTRI LEVANTE,SAVONA,S. MARGHERITA LIGURE PORTOFINO,1.71900826446281,1.0,242,2023-01-02,2023-12-29,68,46,11,44.33676,9.216673,12:04,242,14
REG,12361,SESTRI LEVANTE,SAVONA,CHIAVARI,0.859504132231405,-1.0,242,2023-01-02,2023-12-29,54,33,7,44.315156,9.322464,12:18,242,15
REG,12361,SESTRI LEVANTE,SAVONA,SESTRI LEVANTE,0.1322314049586777,-1.0,242,2023-01-02,2023-12-29,46,18,2,44.27626,9.397651,12:31,242,16
