train_class,train_number,train_arrival_stop_name,train_departure_stop_name,stop_name,avg_arrival_delay,median_arrival_delay,count_dates_stop,first_date,last_date,count_3m_delay,count_5m_delay,count_10m_delay,stop_lat,stop_lon,stop_time,count_dates_train,stop_number
REG,17247,VENEZIA SANTA LUCIA,VERONA PORTA NUOVA,VERONA PORTA NUOVA,4.671826625386997,3.0,323,2023-01-01,2023-12-31,170,98,35,45.428603,10.982377,20:41,323,1
REG,17247,VENEZIA SANTA LUCIA,VERONA PORTA NUOVA,VERONA PORTA VESCOVO,4.848297213622291,3.0,323,2023-01-01,2023-12-31,191,114,40,45.435552,11.018841,20:45,323,2
REG,17247,VENEZIA SANTA LUCIA,VERONA PORTA NUOVA,CALDIERO,9.278637770897832,5.0,323,2023-01-01,2023-12-31,229,175,109,45.41407,11.169753,20:55,323,3
REG,17247,VENEZIA SANTA LUCIA,VERONA PORTA NUOVA,SAN BONIFACIO,4.452012383900929,1.0,323,2023-01-01,2023-12-31,135,116,84,45.40276,11.27406,21:07,323,4
REG,17247,VENEZIA SANTA LUCIA,VERONA PORTA NUOVA,ALTAVILLA TAVERNELLE,9.84829721362229,9.0,323,2023-01-01,2023-12-31,279,247,155,45.511805,11.454702,21:26,323,5
REG,17247,VENEZIA SANTA LUCIA,VERONA PORTA NUOVA,VICENZA,3.7678018575851393,3.0,323,2023-01-01,2023-12-31,172,137,49,45.541102,11.540762,21:39,323,6
REG,17247,VENEZIA SANTA LUCIA,VERONA PORTA NUOVA,GRISIGNANO DI ZOCCO,5.5510835913312695,5.0,323,2023-01-01,2023-12-31,201,162,63,45.48638,11.710762,21:52,323,7
REG,17247,VENEZIA SANTA LUCIA,VERONA PORTA NUOVA,PADOVA,2.780185758513932,2.0,323,2023-01-01,2023-12-31,139,100,33,45.417846,11.880794,22:08,323,8
REG,17247,VENEZIA SANTA LUCIA,VERONA PORTA NUOVA,DOLO,3.461300309597523,2.0,323,2023-01-01,2023-12-31,144,81,26,45.453466,12.07161,22:26,323,9
REG,17247,VENEZIA SANTA LUCIA,VERONA PORTA NUOVA,VENEZIA MESTRE,-0.9102167182662538,-3.0,323,2023-01-01,2023-12-31,42,26,10,45.482123,12.232069,22:43,323,10
REG,17247,VENEZIA SANTA LUCIA,VERONA PORTA NUOVA,VENEZIA SANTA LUCIA,0.7678018575851393,0.0,323,2023-01-01,2023-12-31,39,18,9,45.441569,12.320882,22:56,323,11
