train_class,train_number,train_arrival_stop_name,train_departure_stop_name,stop_name,avg_arrival_delay,median_arrival_delay,count_dates_stop,first_date,last_date,count_3m_delay,count_5m_delay,count_10m_delay,stop_lat,stop_lon,stop_time,count_dates_train,stop_number
REG,16361,VENEZIA SANTA LUCIA,BASSANO DEL GRAPPA,BASSANO DEL GRAPPA,1.8045977011494252,2.0,348,2023-01-01,2023-12-31,45,10,1,45.766697,11.741525,16:21,348,1
REG,16361,VENEZIA SANTA LUCIA,BASSANO DEL GRAPPA,CASTELLO DI GODEGO,-1.4252873563218391,-2.0,348,2023-01-01,2023-12-31,3,1,0,45.688082,11.87759,16:34,348,2
REG,16361,VENEZIA SANTA LUCIA,BASSANO DEL GRAPPA,CASTELFRANCO VENETO,-0.9396551724137931,-1.0,348,2023-01-01,2023-12-31,19,6,0,45.666439,11.934315,16:44,348,3
REG,16361,VENEZIA SANTA LUCIA,BASSANO DEL GRAPPA,PIOMBINO DESE,2.75,2.0,348,2023-01-01,2023-12-31,145,46,3,45.60944,12.00058,16:52,348,4
REG,16361,VENEZIA SANTA LUCIA,BASSANO DEL GRAPPA,NOALE SCORZE`,2.7614942528735633,2.0,348,2023-01-01,2023-12-31,158,40,5,45.553833,12.074888,17:00,348,5
REG,16361,VENEZIA SANTA LUCIA,BASSANO DEL GRAPPA,MAERNE DI MARTELLAGO,3.781609195402299,3.0,348,2023-01-01,2023-12-31,252,97,9,45.514799,12.150629,17:08,348,6
REG,16361,VENEZIA SANTA LUCIA,BASSANO DEL GRAPPA,SPINEA,2.543103448275862,2.0,348,2023-01-01,2023-12-31,149,49,6,45.491568,12.177168,17:13,348,7
REG,16361,VENEZIA SANTA LUCIA,BASSANO DEL GRAPPA,VENEZIA MESTRE,1.6781609195402298,1.0,348,2023-01-01,2023-12-31,100,38,5,45.482123,12.232069,17:21,348,8
REG,16361,VENEZIA SANTA LUCIA,BASSANO DEL GRAPPA,VENEZIA SANTA LUCIA,0.15229885057471265,-1.0,348,2023-01-01,2023-12-31,56,19,6,45.441569,12.320882,17:33,348,9
