train_class,train_number,train_arrival_stop_name,train_departure_stop_name,stop_name,avg_arrival_delay,median_arrival_delay,count_dates_stop,first_date,last_date,count_3m_delay,count_5m_delay,count_10m_delay,stop_lat,stop_lon,stop_time,count_dates_train,stop_number
REG,10467,STRADELLA,MILANO GRECO PIRELLI,MILANO GRECO PIRELLI,2.286532951289398,1.0,349,2023-01-01,2023-12-31,74,32,12,45.51272,9.214456,12:47,349,1
REG,10467,STRADELLA,MILANO GRECO PIRELLI,MILANO LAMBRATE,2.7650429799426934,2.0,349,2023-01-01,2023-12-31,113,50,13,45.484933,9.237333,12:53,349,2
REG,10467,STRADELLA,MILANO GRECO PIRELLI,MILANO ROGOREDO,0.9627507163323782,0.0,349,2023-01-01,2023-12-31,85,40,12,45.433866,9.2391,13:04,349,3
REG,10467,STRADELLA,MILANO GRECO PIRELLI,PAVIA,2.3275862068965516,1.0,348,2023-01-01,2023-12-31,126,72,23,45.188843,9.144674,13:25,349,4
REG,10467,STRADELLA,MILANO GRECO PIRELLI,CAVA MANARA,3.3982808022922635,2.0,349,2023-01-01,2023-12-31,156,92,26,45.144867,9.115332,13:30,349,5
REG,10467,STRADELLA,MILANO GRECO PIRELLI,BRESSANA BOTTARONE,3.836676217765043,2.0,349,2023-01-01,2023-12-31,169,101,32,45.086298,9.110602,13:36,349,6
REG,10467,STRADELLA,MILANO GRECO PIRELLI,PINAROLO PO,3.8997134670487106,2.0,349,2023-01-01,2023-12-31,162,106,36,45.073415,9.170273,13:45,349,7
REG,10467,STRADELLA,MILANO GRECO PIRELLI,BRONI,4.186246418338109,2.0,349,2023-01-01,2023-12-31,165,101,37,45.066263,9.258751,13:56,349,8
REG,10467,STRADELLA,MILANO GRECO PIRELLI,STRADELLA,1.4613180515759312,-1.0,349,2023-01-01,2023-12-31,92,56,25,45.079465,9.300865,14:05,349,9
