train_class,train_number,train_arrival_stop_name,train_departure_stop_name,stop_name,avg_arrival_delay,median_arrival_delay,count_dates_stop,first_date,last_date,count_3m_delay,count_5m_delay,count_10m_delay,stop_lat,stop_lon,stop_time,count_dates_train,stop_number
REG,18577,LUCCA,PISA CENTRALE,PISA CENTRALE,2.480836236933798,2.0,287,2023-01-02,2023-12-30,94,41,5,43.70794,10.398183,14:20,287,1
REG,18577,LUCCA,PISA CENTRALE,PISA SAN ROSSORE,3.5714285714285716,3.0,287,2023-01-02,2023-12-30,177,65,9,43.723702,10.387363,14:23,287,2
REG,18577,LUCCA,PISA CENTRALE,S.GIULIANO TERME,3.35191637630662,3.0,287,2023-01-02,2023-12-30,155,59,13,43.764895,10.436892,14:29,287,3
REG,18577,LUCCA,PISA CENTRALE,RIPAFRATTA,1.6689895470383276,1.0,287,2023-01-02,2023-12-30,80,34,9,43.821711,10.415733,14:38,287,4
REG,18577,LUCCA,PISA CENTRALE,LUCCA,0.6480836236933798,0.0,287,2023-01-02,2023-12-30,52,19,5,43.837186,10.506069,14:47,287,5
