train_class,train_number,train_arrival_stop_name,train_departure_stop_name,stop_name,avg_arrival_delay,median_arrival_delay,count_dates_stop,first_date,last_date,count_3m_delay,count_5m_delay,count_10m_delay,stop_lat,stop_lon,stop_time,count_dates_train,stop_number
REG,11830,IVREA,AOSTA,AOSTA,1.5525423728813559,1.0,295,2023-01-02,2023-12-30,25,7,1,45.73407,7.322424,13:40,295,1
REG,11830,IVREA,AOSTA,NUS,-0.43537414965986393,-1.0,294,2023-01-02,2023-12-30,9,3,0,45.738786,7.4712,13:51,295,2
REG,11830,IVREA,AOSTA,CHATILLON SAINT VINCENT,-1.3694915254237288,-2.0,295,2023-01-02,2023-12-30,9,6,2,45.7434,7.619309,14:03,295,3
REG,11830,IVREA,AOSTA,VERRES,0.6508474576271186,0.0,295,2023-01-02,2023-12-30,44,24,4,45.659822,7.690012,14:16,295,4
REG,11830,IVREA,AOSTA,HONE BARD,-1.2033898305084745,-2.0,295,2023-01-02,2023-12-30,24,10,1,45.613918,7.741345,14:25,295,5
REG,11830,IVREA,AOSTA,DONNAZ,0.9115646258503401,1.0,294,2023-01-02,2023-12-30,26,10,1,45.602713,7.769563,14:30,295,6
REG,11830,IVREA,AOSTA,PONT SAINT MARTIN,-1.9050847457627118,-2.0,295,2023-01-02,2023-12-30,10,1,0,45.589834,7.795024,14:36,295,7
REG,11830,IVREA,AOSTA,IVREA,1.7932203389830508,1.0,295,2023-01-02,2023-12-30,102,31,4,45.461542,7.876348,14:50,295,8
