train_class,train_number,train_arrival_stop_name,train_departure_stop_name,stop_name,avg_arrival_delay,median_arrival_delay,count_dates_stop,first_date,last_date,count_3m_delay,count_5m_delay,count_10m_delay,stop_lat,stop_lon,stop_time,count_dates_train,stop_number
REG,18690,PISTOIA,FIRENZE S.M.N.,FIRENZE S.M.N.,2.1311475409836067,1.0,61,2023-01-01,2023-12-26,15,8,2,43.776893,11.247373,19:47,61,1
REG,18690,PISTOIA,FIRENZE S.M.N.,FIRENZE RIFREDI,2.081967213114754,1.0,61,2023-01-01,2023-12-26,16,7,2,43.800873,11.235729,19:52,61,2
REG,18690,PISTOIA,FIRENZE S.M.N.,FIRENZE CASTELLO,2.3278688524590163,2.0,61,2023-01-01,2023-12-26,19,10,3,43.819444,11.21838,19:56,61,3
REG,18690,PISTOIA,FIRENZE S.M.N.,ZAMBRA,1.8360655737704918,1.0,61,2023-01-01,2023-12-26,14,8,2,43.825856,11.206206,19:59,61,4
REG,18690,PISTOIA,FIRENZE S.M.N.,PRATO CENTRALE,1.6721311475409837,1.0,61,2023-01-01,2023-12-26,12,9,2,43.878737,11.109252,20:17,61,5
REG,18690,PISTOIA,FIRENZE S.M.N.,PISTOIA,0.09836065573770492,-1.0,61,2023-01-01,2023-12-26,11,5,2,43.926804,10.914624,20:38,61,6
