train_class,train_number,train_arrival_stop_name,train_departure_stop_name,stop_name,avg_arrival_delay,median_arrival_delay,count_dates_stop,first_date,last_date,count_3m_delay,count_5m_delay,count_10m_delay,stop_lat,stop_lon,stop_time,count_dates_train,stop_number
REG,12805,ROMA OSTIENSE,VITERBO PORTA ROMANA,VITERBO PORTA ROMANA,2.1837606837606836,2.0,234,2023-01-02,2023-12-29,42,16,5,42.411974,12.110482,08:55,234,1
REG,12805,ROMA OSTIENSE,VITERBO PORTA ROMANA,VETRALLA,2.0085470085470085,1.0,234,2023-01-02,2023-12-29,44,17,5,42.304619,12.089137,09:05,234,2
REG,12805,ROMA OSTIENSE,VITERBO PORTA ROMANA,CAPRANICA,1.9059829059829059,1.0,234,2023-01-02,2023-12-29,38,18,7,42.245195,12.157194,09:16,234,3
REG,12805,ROMA OSTIENSE,VITERBO PORTA ROMANA,ORIOLO,5.901709401709402,5.0,234,2023-01-02,2023-12-29,195,158,27,42.166825,12.138499,09:25,234,4
REG,12805,ROMA OSTIENSE,VITERBO PORTA ROMANA,MANZIANA-CANALE MONTERANO,6.482905982905983,6.0,234,2023-01-02,2023-12-29,198,171,32,42.128246,12.134934,09:30,234,5
REG,12805,ROMA OSTIENSE,VITERBO PORTA ROMANA,BRACCIANO,6.183760683760684,5.0,234,2023-01-02,2023-12-29,199,155,30,42.103667,12.173023,09:36,234,6
REG,12805,ROMA OSTIENSE,VITERBO PORTA ROMANA,ANGUILLARA,4.098290598290598,4.0,234,2023-01-02,2023-12-29,164,83,11,42.068133,12.304978,09:58,234,7
REG,12805,ROMA OSTIENSE,VITERBO PORTA ROMANA,CESANO DI ROMA,4.914529914529915,4.0,234,2023-01-02,2023-12-29,175,101,16,42.061833,12.326669,10:02,234,8
REG,12805,ROMA OSTIENSE,VITERBO PORTA ROMANA,OLGIATA,6.756410256410256,6.0,234,2023-01-02,2023-12-29,219,167,28,42.01538,12.363864,10:08,234,9
REG,12805,ROMA OSTIENSE,VITERBO PORTA ROMANA,LA STORTA,5.752136752136752,5.0,234,2023-01-02,2023-12-29,203,133,19,42.001748,12.381254,10:11,234,10
REG,12805,ROMA OSTIENSE,VITERBO PORTA ROMANA,LA GIUSTINIANA,6.429184549356223,5.0,233,2023-01-02,2023-12-29,214,156,24,41.985243,12.403457,10:15,234,11
REG,12805,ROMA OSTIENSE,VITERBO PORTA ROMANA,IPOGEO DEGLI OTTAVI,6.846153846153846,6.0,234,2023-01-02,2023-12-29,219,174,29,41.968391,12.409026,10:18,234,12
REG,12805,ROMA OSTIENSE,VITERBO PORTA ROMANA,OTTAVIA,6.004273504273504,5.0,234,2023-01-02,2023-12-29,205,140,25,,,10:21,234,13
REG,12805,ROMA OSTIENSE,VITERBO PORTA ROMANA,ROMA S.FILIPPO NERI,6.55982905982906,5.0,234,2023-01-02,2023-12-29,207,144,27,41.950262,12.412414,10:24,234,14
REG,12805,ROMA OSTIENSE,VITERBO PORTA ROMANA,ROMA MONTE MARIO,5.978632478632479,4.0,234,2023-01-02,2023-12-29,186,113,26,41.939088,12.421732,10:27,234,15
REG,12805,ROMA OSTIENSE,VITERBO PORTA ROMANA,GEMELLI,6.897435897435898,5.0,234,2023-01-02,2023-12-29,205,146,34,41.927813,12.427797,10:30,234,16
REG,12805,ROMA OSTIENSE,VITERBO PORTA ROMANA,ROMA BALDUINA,6.303418803418803,5.0,234,2023-01-02,2023-12-29,197,131,28,,,10:33,234,17
REG,12805,ROMA OSTIENSE,VITERBO PORTA ROMANA,APPIANO,6.482905982905983,5.0,234,2023-01-02,2023-12-29,198,130,32,41.909342,12.43838,10:35,234,18
REG,12805,ROMA OSTIENSE,VITERBO PORTA ROMANA,VALLE AURELIA,7.538461538461538,6.0,234,2023-01-02,2023-12-29,225,162,38,41.899356,12.447667,10:38,234,19
REG,12805,ROMA OSTIENSE,VITERBO PORTA ROMANA,ROMA S.PIETRO,4.8076923076923075,3.0,234,2023-01-02,2023-12-29,137,78,23,41.896143,12.454497,10:42,234,20
REG,12805,ROMA OSTIENSE,VITERBO PORTA ROMANA,QUATTRO VENTI,5.32051282051282,4.0,234,2023-01-02,2023-12-29,149,91,26,41.880145,12.459731,10:46,234,21
REG,12805,ROMA OSTIENSE,VITERBO PORTA ROMANA,ROMA TRASTEVERE,6.5085470085470085,5.0,234,2023-01-02,2023-12-29,195,119,32,41.872279,12.466162,10:49,234,22
REG,12805,ROMA OSTIENSE,VITERBO PORTA ROMANA,ROMA OSTIENSE,3.6923076923076925,2.0,234,2023-01-02,2023-12-29,92,53,22,41.87265,12.483917,10:54,234,23
