train_class,train_number,train_arrival_stop_name,train_departure_stop_name,stop_name,avg_arrival_delay,median_arrival_delay,count_dates_stop,first_date,last_date,count_3m_delay,count_5m_delay,count_10m_delay,stop_lat,stop_lon,stop_time,count_dates_train,stop_number
REG,12876,MESSINA CENTRALE,PATTI-SAN PIERO PATTI,PATTI-SAN PIERO PATTI,1.5690376569037656,1.0,239,2023-01-02,2023-12-29,23,6,2,38.146905,14.975331,09:28,239,1
REG,12876,MESSINA CENTRALE,PATTI-SAN PIERO PATTI,OLIVERI TINDARI,-1.3682008368200838,-2.0,239,2023-01-02,2023-12-29,3,2,1,38.128346,15.056573,09:36,239,2
REG,12876,MESSINA CENTRALE,PATTI-SAN PIERO PATTI,FALCONE,0.8828451882845189,1.0,239,2023-01-02,2023-12-29,7,2,1,38.119573,15.080467,09:40,239,3
REG,12876,MESSINA CENTRALE,PATTI-SAN PIERO PATTI,NOVARA MONTALBANO FURNARI,-1.1464435146443515,-1.0,239,2023-01-02,2023-12-29,3,1,0,38.121516,15.130702,09:47,239,4
REG,12876,MESSINA CENTRALE,PATTI-SAN PIERO PATTI,BARCELLONA,3.071129707112971,2.0,239,2023-01-02,2023-12-29,117,58,7,38.14918,15.212499,10:01,239,5
REG,12876,MESSINA CENTRALE,PATTI-SAN PIERO PATTI,MILAZZO,4.661016949152542,4.0,236,2023-01-02,2023-12-28,164,98,14,38.21195,15.244203,10:06,239,6
REG,12876,MESSINA CENTRALE,PATTI-SAN PIERO PATTI,PACE DEL MELA,5.7489539748953975,5.0,239,2023-01-02,2023-12-29,203,133,27,38.202459,15.312676,10:10,239,7
REG,12876,MESSINA CENTRALE,PATTI-SAN PIERO PATTI,ROMETTA MESSINESE,4.042016806722689,3.0,238,2023-01-02,2023-12-29,143,87,15,38.228455,15.405894,10:22,239,8
REG,12876,MESSINA CENTRALE,PATTI-SAN PIERO PATTI,MESSINA CENTRALE,3.2510460251046025,2.0,239,2023-01-02,2023-12-29,112,66,12,38.184975,15.561278,10:38,239,9
