train_class,train_number,train_arrival_stop_name,train_departure_stop_name,stop_name,avg_arrival_delay,median_arrival_delay,count_dates_stop,first_date,last_date,count_3m_delay,count_5m_delay,count_10m_delay,stop_lat,stop_lon,stop_time,count_dates_train,stop_number
REG,12751,ROMA TIBURTINA,TIVOLI,TIVOLI,1.0796019900497513,1.0,201,2023-04-03,2023-12-30,5,1,1,41.961849,12.805047,05:10,201,1
REG,12751,ROMA TIBURTINA,TIVOLI,MARCELLINA-PALOMBARA,-0.03482587064676617,0.0,201,2023-04-03,2023-12-30,5,1,1,41.999609,12.79134,05:17,201,2
REG,12751,ROMA TIBURTINA,TIVOLI,GUIDONIA-MONTECELIO-S.ANGELO,0.24242424242424243,0.0,198,2023-04-03,2023-12-30,13,2,1,41.993405,12.725681,05:25,201,3
REG,12751,ROMA TIBURTINA,TIVOLI,BAGNI DI TIVOLI,1.5527638190954773,1.0,199,2023-04-03,2023-12-30,43,11,3,41.949593,12.722208,05:32,201,4
REG,12751,ROMA TIBURTINA,TIVOLI,LUNGHEZZA,2.044776119402985,2.0,201,2023-04-03,2023-12-30,84,29,4,41.923253,12.667212,05:39,201,5
REG,12751,ROMA TIBURTINA,TIVOLI,PONTE DI NONA,1.33,1.0,200,2023-04-03,2023-12-30,54,14,4,42.061563,13.581585,05:42,201,6
REG,12751,ROMA TIBURTINA,TIVOLI,LA RUSTICA UIR,2.07,1.0,200,2023-04-03,2023-12-30,69,20,4,,,05:46,201,7
REG,12751,ROMA TIBURTINA,TIVOLI,TOR SAPIENZA,0.9651741293532339,0.0,201,2023-04-03,2023-12-30,32,10,4,41.907095,12.594489,05:53,201,8
REG,12751,ROMA TIBURTINA,TIVOLI,ROMA PRENESTINA,-1.1592039800995024,-2.0,201,2023-04-03,2023-12-30,7,5,3,41.897571,12.545803,06:04,201,9
REG,12751,ROMA TIBURTINA,TIVOLI,ROMA TIBURTINA,-0.6069651741293532,-1.0,201,2023-04-03,2023-12-30,8,5,3,41.910903,12.530749,06:10,201,10
