train_class,train_number,train_arrival_stop_name,train_departure_stop_name,stop_name,avg_arrival_delay,median_arrival_delay,count_dates_stop,first_date,last_date,count_3m_delay,count_5m_delay,count_10m_delay,stop_lat,stop_lon,stop_time,count_dates_train,stop_number
REG,12572,MONTALTO DI CASTRO,ROMA TERMINI,ROMA TERMINI,1.4090909090909092,0.0,242,2023-01-02,2023-12-29,49,14,4,41.900636,12.502026,15:12,242,1
REG,12572,MONTALTO DI CASTRO,ROMA TERMINI,ROMA OSTIENSE,1.4297520661157024,1.0,242,2023-01-02,2023-12-29,63,17,5,41.87265,12.483917,15:20,242,2
REG,12572,MONTALTO DI CASTRO,ROMA TERMINI,ROMA TRASTEVERE,2.9419087136929463,2.0,241,2023-01-02,2023-12-29,117,39,5,41.872279,12.466162,15:24,242,3
REG,12572,MONTALTO DI CASTRO,ROMA TERMINI,ROMA S.PIETRO,1.9917355371900827,1.0,242,2023-01-02,2023-12-29,80,29,6,41.896143,12.454497,15:29,242,4
REG,12572,MONTALTO DI CASTRO,ROMA TERMINI,MACCARESE,2.4132231404958677,2.0,242,2023-01-02,2023-12-29,95,38,8,41.879372,12.23695,15:41,242,5
REG,12572,MONTALTO DI CASTRO,ROMA TERMINI,LADISPOLI-CERVETERI,2.260330578512397,1.0,242,2023-01-02,2023-12-29,87,37,9,41.953502,12.081675,15:54,242,6
REG,12572,MONTALTO DI CASTRO,ROMA TERMINI,SANTA MARINELLA,3.3512396694214877,2.0,242,2023-01-02,2023-12-29,110,58,16,42.035892,11.863122,16:09,242,7
REG,12572,MONTALTO DI CASTRO,ROMA TERMINI,CIVITAVECCHIA,2.834710743801653,2.0,242,2023-01-02,2023-12-29,97,54,15,42.088287,11.79815,16:18,242,8
REG,12572,MONTALTO DI CASTRO,ROMA TERMINI,TARQUINIA,3.5289256198347108,2.0,242,2023-01-02,2023-12-29,99,61,17,42.239463,11.727009,16:31,242,9
REG,12572,MONTALTO DI CASTRO,ROMA TERMINI,MONTALTO DI CASTRO,1.06198347107438,-1.0,242,2023-01-02,2023-12-29,57,30,11,42.334623,11.595085,16:43,242,10
