train_class,train_number,train_arrival_stop_name,train_departure_stop_name,stop_name,avg_arrival_delay,median_arrival_delay,count_dates_stop,first_date,last_date,count_3m_delay,count_5m_delay,count_10m_delay,stop_lat,stop_lon,stop_time,count_dates_train,stop_number
REG,1645,ERBA,M N CADORNA,CESANO MADERNO,0.02564102564102564,0.0,234,2023-01-02,2023-12-23,1,0,0,,,14:01,234,1
REG,1645,ERBA,M N CADORNA,SEVESO,0.2222222222222222,0.0,234,2023-01-02,2023-12-23,10,2,0,45.648187,9.140488,14:04,234,2
REG,1645,ERBA,M N CADORNA,MEDA,0.4230769230769231,0.0,234,2023-01-02,2023-12-23,17,8,1,,,14:08,234,3
REG,1645,ERBA,M N CADORNA,CABIATE,0.2863247863247863,0.0,234,2023-01-02,2023-12-23,11,4,1,,,14:12,234,4
REG,1645,ERBA,M N CADORNA,MARIANO COMENSE,0.5555555555555556,0.0,234,2023-01-02,2023-12-23,21,12,1,45.693622,9.18147,14:15,234,5
REG,1645,ERBA,M N CADORNA,CARUGO - GIUSSANO,0.3803418803418803,0.0,234,2023-01-02,2023-12-23,13,6,1,,,14:19,234,6
REG,1645,ERBA,M N CADORNA,AROSIO,0.5341880341880342,0.0,234,2023-01-02,2023-12-23,17,10,1,,,14:23,234,7
REG,1645,ERBA,M N CADORNA,INVERIGO,0.5897435897435898,0.0,234,2023-01-02,2023-12-23,18,13,3,,,14:28,234,8
REG,1645,ERBA,M N CADORNA,MERONE,0.7735042735042735,0.0,234,2023-01-02,2023-12-23,27,15,4,45.781374,9.243772,14:38,234,9
REG,1645,ERBA,M N CADORNA,ERBA,0.811965811965812,0.0,234,2023-01-02,2023-12-23,27,18,4,,,14:44,234,10
