train_class,train_number,train_arrival_stop_name,train_departure_stop_name,stop_name,avg_arrival_delay,median_arrival_delay,count_dates_stop,first_date,last_date,count_3m_delay,count_5m_delay,count_10m_delay,stop_lat,stop_lon,stop_time,count_dates_train,stop_number
REG,10562,PAVIA,VALENZA,VALENZA,1.7142857142857142,1.0,28,2023-11-04,2023-12-09,5,1,0,45.023527,8.625808,06:16,28,1
REG,10562,PAVIA,VALENZA,TORREBERETTI,2.0714285714285716,2.0,28,2023-11-04,2023-12-09,7,3,0,45.060533,8.660431,06:22,28,2
REG,10562,PAVIA,VALENZA,MEDE,4.428571428571429,4.0,28,2023-11-04,2023-12-09,28,10,0,45.095009,8.742594,06:29,28,3
REG,10562,PAVIA,VALENZA,LOMELLO,1.7142857142857142,1.0,28,2023-11-04,2023-12-09,7,3,0,45.117276,8.799121,06:37,28,4
REG,10562,PAVIA,VALENZA,FERRERA LOMELLINA,4.0,2.0,28,2023-11-04,2023-12-09,14,9,3,45.111807,8.862805,06:46,28,5
REG,10562,PAVIA,VALENZA,SANNAZZARO,4.071428571428571,3.0,28,2023-11-04,2023-12-09,15,9,3,45.10554,8.905149,06:50,28,6
REG,10562,PAVIA,VALENZA,PIEVE ALBIGNOLA,5.464285714285714,4.0,28,2023-11-04,2023-12-09,23,12,6,45.116248,8.959723,06:55,28,7
REG,10562,PAVIA,VALENZA,ZINASCO NUOVO,5.464285714285714,4.0,28,2023-11-04,2023-12-09,23,12,6,45.124555,8.999657,06:59,28,8
REG,10562,PAVIA,VALENZA,SAIRANO ZINASCO,5.464285714285714,4.0,28,2023-11-04,2023-12-09,23,12,6,45.133795,9.030153,07:03,28,9
REG,10562,PAVIA,VALENZA,CAVA CARBONARA,5.107142857142857,3.0,28,2023-11-04,2023-12-09,18,11,8,45.147055,9.071387,07:08,28,10
REG,10562,PAVIA,VALENZA,PAVIA,10.142857142857142,9.0,28,2023-11-04,2023-12-09,28,27,12,45.188843,9.144674,07:18,28,11
