train_class,train_number,train_arrival_stop_name,train_departure_stop_name,stop_name,avg_arrival_delay,median_arrival_delay,count_dates_stop,first_date,last_date,count_3m_delay,count_5m_delay,count_10m_delay,stop_lat,stop_lon,stop_time,count_dates_train,stop_number
REG,12623,CASSINO,ROMA TERMINI,ROMA TERMINI,2.7213740458015265,1.0,262,2023-01-02,2023-12-30,68,29,11,41.900636,12.502026,15:42,262,1
REG,12623,CASSINO,ROMA TERMINI,ZAGAROLO,1.2671755725190839,-1.0,262,2023-01-02,2023-12-30,40,28,16,41.821927,12.82692,16:06,262,2
REG,12623,CASSINO,ROMA TERMINI,VALMONTONE,4.287356321839081,2.0,261,2023-01-02,2023-12-30,97,42,21,41.774291,12.923696,16:14,262,3
REG,12623,CASSINO,ROMA TERMINI,COLLEFERRO-SEGNI-PALIANO,2.5057471264367814,1.0,261,2023-01-02,2023-12-30,52,31,20,41.740062,13.00299,16:21,262,4
REG,12623,CASSINO,ROMA TERMINI,ANAGNI-FIUGGI,2.095419847328244,0.0,262,2023-01-02,2023-12-30,49,34,18,41.71037,13.09597,16:29,262,5
REG,12623,CASSINO,ROMA TERMINI,FERENTINO-SUPINO,3.2404580152671754,1.0,262,2023-01-02,2023-12-30,58,38,17,41.6564,13.246971,16:40,262,6
REG,12623,CASSINO,ROMA TERMINI,FROSINONE,-0.183206106870229,-3.0,262,2023-01-02,2023-12-30,33,29,15,41.625333,13.328728,16:50,262,7
REG,12623,CASSINO,ROMA TERMINI,CECCANO,1.8473282442748091,-1.0,262,2023-01-02,2023-12-30,40,32,16,41.573583,13.336417,16:56,262,8
REG,12623,CASSINO,ROMA TERMINI,CASTRO-POFI,3.267175572519084,1.0,262,2023-01-02,2023-12-30,44,35,16,41.533014,13.410741,17:04,262,9
REG,12623,CASSINO,ROMA TERMINI,CEPRANO-FALVATERRA,1.8282442748091603,-1.0,262,2023-01-02,2023-12-30,40,30,15,41.523962,13.523481,17:12,262,10
REG,12623,CASSINO,ROMA TERMINI,ISOLETTA-S.GIOVANNI I.,3.1264367816091956,1.0,261,2023-01-02,2023-12-30,40,31,16,41.527873,13.547095,17:16,262,11
REG,12623,CASSINO,ROMA TERMINI,ROCCASECCA,1.1647509578544062,-1.0,261,2023-01-02,2023-12-30,31,25,11,41.526377,13.645814,17:23,262,12
REG,12623,CASSINO,ROMA TERMINI,PIEDIMONTE-V.S.L.-AQUINO,1.7900763358778626,0.0,262,2023-01-02,2023-12-30,35,25,13,,,17:29,262,13
REG,12623,CASSINO,ROMA TERMINI,CASSINO,0.0648854961832061,-2.0,262,2023-01-02,2023-12-30,27,20,12,41.484306,13.832125,17:40,262,14
