train_class,train_number,train_arrival_stop_name,train_departure_stop_name,stop_name,avg_arrival_delay,median_arrival_delay,count_dates_stop,first_date,last_date,count_3m_delay,count_5m_delay,count_10m_delay,stop_lat,stop_lon,stop_time,count_dates_train,stop_number
REG,12660,ROMA TERMINI,FORMIA-GAETA,FORMIA-GAETA,4.153225806451613,1.0,248,2023-01-02,2023-12-30,84,56,20,41.258773,13.605996,17:47,248,1
REG,12660,ROMA TERMINI,FORMIA-GAETA,ITRI,4.548387096774194,2.0,248,2023-01-02,2023-12-30,107,65,25,41.271328,13.545549,17:53,248,2
REG,12660,ROMA TERMINI,FORMIA-GAETA,FONDI - SPERLONGA,4.4048582995951415,2.0,247,2023-01-02,2023-12-30,102,61,22,41.337663,13.424893,18:01,248,3
REG,12660,ROMA TERMINI,FORMIA-GAETA,MONTE S.BIAGIO,4.716599190283401,2.0,247,2023-01-02,2023-12-30,122,69,23,41.345967,13.347037,18:07,248,4
REG,12660,ROMA TERMINI,FORMIA-GAETA,PRIVERNO FOSSANOVA,5.201612903225806,3.0,248,2023-01-02,2023-12-30,132,88,30,41.421853,13.186406,18:18,248,5
REG,12660,ROMA TERMINI,FORMIA-GAETA,SEZZE ROMANO,5.669354838709677,3.0,248,2023-01-02,2023-12-30,125,92,36,41.495542,13.038452,18:28,248,6
REG,12660,ROMA TERMINI,FORMIA-GAETA,LATINA,4.612903225806452,2.0,248,2023-01-02,2023-12-30,108,72,31,41.538372,12.945888,18:36,248,7
REG,12660,ROMA TERMINI,FORMIA-GAETA,CISTERNA DI LATINA,4.7368421052631575,1.0,247,2023-01-02,2023-12-30,96,66,30,41.586511,12.827538,18:45,248,8
REG,12660,ROMA TERMINI,FORMIA-GAETA,CAMPOLEONE,3.5101214574898787,-1.0,247,2023-01-02,2023-12-30,75,50,25,41.642396,12.648341,18:57,248,9
REG,12660,ROMA TERMINI,FORMIA-GAETA,POMEZIA - S.PALOMBA,5.270161290322581,2.0,248,2023-01-02,2023-12-30,110,65,28,41.706171,12.573611,19:04,248,10
REG,12660,ROMA TERMINI,FORMIA-GAETA,ROMA TERMINI,3.5403225806451615,0.0,248,2023-01-02,2023-12-30,61,36,21,41.900636,12.502026,19:24,248,11
