train_class,train_number,train_arrival_stop_name,train_departure_stop_name,stop_name,avg_arrival_delay,median_arrival_delay,count_dates_stop,first_date,last_date,count_3m_delay,count_5m_delay,count_10m_delay,stop_lat,stop_lon,stop_time,count_dates_train,stop_number
REG,10721,BERGAMO,LECCO,LECCO,2.9849397590361444,2.0,332,2023-01-01,2023-12-31,140,74,7,45.856471,9.393638,09:12,332,1
REG,10721,BERGAMO,LECCO,CALOLZIOCORTE OLGINATE,2.069486404833837,2.0,331,2023-01-01,2023-12-31,111,63,8,45.801619,9.42698,09:21,332,2
REG,10721,BERGAMO,LECCO,CISANO CAPRINO BERGAMASCO,1.7945619335347431,1.0,331,2023-01-01,2023-12-31,109,49,7,45.739606,9.474261,09:30,332,3
REG,10721,BERGAMO,LECCO,PONTIDA,3.5317220543806647,3.0,331,2023-01-01,2023-12-31,182,91,12,45.730084,9.511632,09:35,332,4
REG,10721,BERGAMO,LECCO,AMBIVERE MAPELLO,2.5873493975903616,2.0,332,2023-01-01,2023-12-31,136,65,9,45.722163,9.550444,09:39,332,5
REG,10721,BERGAMO,LECCO,PONTE S.PIETRO,2.9728915662650603,3.0,332,2023-01-01,2023-12-31,170,80,12,45.69916,9.584322,09:44,332,6
REG,10721,BERGAMO,LECCO,BERGAMO,4.228915662650603,3.0,332,2023-01-01,2023-12-31,219,119,22,45.690271,9.675082,09:52,332,7
