train_class,train_number,train_arrival_stop_name,train_departure_stop_name,stop_name,avg_arrival_delay,median_arrival_delay,count_dates_stop,first_date,last_date,count_3m_delay,count_5m_delay,count_10m_delay,stop_lat,stop_lon,stop_time,count_dates_train,stop_number
REG,10512,BRESCIA,CREMONA,CREMONA,1.8129251700680271,1.0,294,2023-01-02,2023-12-30,34,17,4,45.143215,10.017951,05:24,294,1
REG,10512,BRESCIA,CREMONA,OLMENETA,0.40816326530612246,0.0,294,2023-01-02,2023-12-30,39,15,5,45.231099,10.03194,05:34,294,2
REG,10512,BRESCIA,CREMONA,ROBECCO-PONTEVICO,1.0816326530612246,0.0,294,2023-01-02,2023-12-30,59,24,9,45.266224,10.078593,05:41,294,3
REG,10512,BRESCIA,CREMONA,VEROLANUOVA,2.0476190476190474,1.0,294,2023-01-02,2023-12-30,93,45,14,45.324989,10.08388,05:48,294,4
REG,10512,BRESCIA,CREMONA,MANERBIO,1.251700680272109,0.0,294,2023-01-02,2023-12-30,66,37,12,45.357212,10.132348,05:55,294,5
REG,10512,BRESCIA,CREMONA,BAGNOLO MELLA,-1.6700680272108843,-3.0,294,2023-01-02,2023-12-30,29,20,10,45.428532,10.183617,06:07,294,6
REG,10512,BRESCIA,CREMONA,S. ZENO FOLZANO,0.07142857142857142,-1.0,294,2023-01-02,2023-12-30,28,18,9,45.491552,10.211683,06:15,294,7
REG,10512,BRESCIA,CREMONA,BRESCIA,3.1530612244897958,2.0,294,2023-01-02,2023-12-30,105,33,12,45.532315,10.212828,06:22,294,8
