train_class,train_number,train_arrival_stop_name,train_departure_stop_name,stop_name,avg_arrival_delay,median_arrival_delay,count_dates_stop,first_date,last_date,count_3m_delay,count_5m_delay,count_10m_delay,stop_lat,stop_lon,stop_time,count_dates_train,stop_number
REG,12216,GENOVA P.PRINCIPE,LA SPEZIA CENTRALE,LA SPEZIA CENTRALE,3.225225225225225,1.0,111,2023-01-01,2023-12-31,30,18,10,44.11141,9.813906,07:06,111,1
REG,12216,GENOVA P.PRINCIPE,LA SPEZIA CENTRALE,CORNIGLIA,2.4074074074074074,1.0,108,2023-01-01,2023-12-31,26,14,8,44.119938,9.711051,07:20,111,2
REG,12216,GENOVA P.PRINCIPE,LA SPEZIA CENTRALE,MONTEROSSO,3.6,2.0,110,2023-01-01,2023-12-31,44,21,9,44.145967,9.649009,07:28,111,3
REG,12216,GENOVA P.PRINCIPE,LA SPEZIA CENTRALE,LEVANTO,3.3636363636363638,2.0,110,2023-01-01,2023-12-31,37,21,11,44.174167,9.616018,07:33,111,4
REG,12216,GENOVA P.PRINCIPE,LA SPEZIA CENTRALE,FRAMURA,3.081818181818182,1.0,110,2023-01-01,2023-12-31,37,23,10,44.201903,9.555169,07:41,111,5
REG,12216,GENOVA P.PRINCIPE,LA SPEZIA CENTRALE,DEIVA MARINA,3.581818181818182,1.0,110,2023-01-01,2023-12-31,39,23,12,44.217306,9.519022,07:45,111,6
REG,12216,GENOVA P.PRINCIPE,LA SPEZIA CENTRALE,RIVA TRIGOSO,4.218181818181818,2.0,110,2023-01-01,2023-12-31,49,29,13,44.26391,9.429277,07:55,111,7
REG,12216,GENOVA P.PRINCIPE,LA SPEZIA CENTRALE,SESTRI LEVANTE,4.0636363636363635,2.0,110,2023-01-01,2023-12-31,52,30,13,44.27626,9.397651,07:59,111,8
REG,12216,GENOVA P.PRINCIPE,LA SPEZIA CENTRALE,CHIAVARI,3.390909090909091,1.0,110,2023-01-01,2023-12-31,43,30,12,44.315156,9.322464,08:07,111,9
REG,12216,GENOVA P.PRINCIPE,LA SPEZIA CENTRALE,S. MARGHERITA LIGURE PORTOFINO,4.172727272727273,1.0,110,2023-01-01,2023-12-31,45,34,14,44.33676,9.216673,08:19,111,10
REG,12216,GENOVA P.PRINCIPE,LA SPEZIA CENTRALE,RECCO,3.234234234234234,0.0,111,2023-01-01,2023-12-31,41,29,11,44.361215,9.146788,08:29,111,11
REG,12216,GENOVA P.PRINCIPE,LA SPEZIA CENTRALE,GENOVA NERVI,-0.8108108108108109,-4.0,111,2023-01-01,2023-12-31,21,14,7,44.381271,9.039895,08:42,111,12
REG,12216,GENOVA P.PRINCIPE,LA SPEZIA CENTRALE,GENOVA QUARTO DEI MILLE,2.8378378378378377,1.0,111,2023-01-01,2023-12-31,24,16,8,44.388607,8.99597,08:48,111,13
REG,12216,GENOVA P.PRINCIPE,LA SPEZIA CENTRALE,GENOVA BRIGNOLE,2.675675675675676,1.0,111,2023-01-01,2023-12-31,27,18,8,44.407213,8.947553,08:56,111,14
REG,12216,GENOVA P.PRINCIPE,LA SPEZIA CENTRALE,GENOVA P.PRINCIPE,1.7297297297297298,0.0,111,2023-01-01,2023-12-31,26,16,8,44.417784,8.9207,09:04,111,15
