train_class,train_number,train_arrival_stop_name,train_departure_stop_name,stop_name,avg_arrival_delay,median_arrival_delay,count_dates_stop,first_date,last_date,count_3m_delay,count_5m_delay,count_10m_delay,stop_lat,stop_lon,stop_time,count_dates_train,stop_number
REG,11801,AOSTA,IVREA,IVREA,1.3,1.0,60,2023-01-01,2023-12-31,2,0,0,45.461542,7.876348,07:12,60,1
REG,11801,AOSTA,IVREA,PONT SAINT MARTIN,0.2,-1.0,60,2023-01-01,2023-12-31,3,2,1,45.589834,7.795024,07:25,60,2
REG,11801,AOSTA,IVREA,DONNAZ,3.65,3.0,60,2023-01-01,2023-12-31,35,14,4,45.602713,7.769563,07:29,60,3
REG,11801,AOSTA,IVREA,HONE BARD,1.9666666666666666,1.0,60,2023-01-01,2023-12-31,19,8,3,45.613918,7.741345,07:34,60,4
REG,11801,AOSTA,IVREA,VERRES,0.7333333333333333,-1.0,60,2023-01-01,2023-12-31,11,6,2,45.659822,7.690012,07:42,60,5
REG,11801,AOSTA,IVREA,CHATILLON SAINT VINCENT,-1.3666666666666667,-2.0,60,2023-01-01,2023-12-31,5,4,0,45.7434,7.619309,07:57,60,6
REG,11801,AOSTA,IVREA,NUS,3.566666666666667,3.0,60,2023-01-01,2023-12-31,39,18,1,45.738786,7.4712,08:07,60,7
REG,11801,AOSTA,IVREA,AOSTA,2.933333333333333,3.0,60,2023-01-01,2023-12-31,32,14,0,45.73407,7.322424,08:19,60,8
