train_class,train_number,train_arrival_stop_name,train_departure_stop_name,stop_name,avg_arrival_delay,median_arrival_delay,count_dates_stop,first_date,last_date,count_3m_delay,count_5m_delay,count_10m_delay,stop_lat,stop_lon,stop_time,count_dates_train,stop_number
REG,18630,VIAREGGIO,LUCCA,LUCCA,1.8391812865497077,1.0,342,2023-01-01,2023-12-31,56,17,5,43.837186,10.506069,17:59,342,1
REG,18630,VIAREGGIO,LUCCA,NOZZANO,2.6608187134502925,2.0,342,2023-01-01,2023-12-31,124,29,7,43.829956,10.40716,18:05,342,2
REG,18630,VIAREGGIO,LUCCA,MASSAROSA BOZZANO,0.7339181286549707,0.0,342,2023-01-01,2023-12-31,40,19,5,43.855652,10.352022,18:13,342,3
REG,18630,VIAREGGIO,LUCCA,VIAREGGIO,1.7719298245614035,1.0,342,2023-01-01,2023-12-31,100,32,8,43.865947,10.257886,18:26,342,4
