train_class,train_number,train_arrival_stop_name,train_departure_stop_name,stop_name,avg_arrival_delay,median_arrival_delay,count_dates_stop,first_date,last_date,count_3m_delay,count_5m_delay,count_10m_delay,stop_lat,stop_lon,stop_time,count_dates_train,stop_number
REG,19122,SIENA,BUONCONVENTO,BUONCONVENTO,1.9356060606060606,2.0,264,2023-01-16,2023-12-09,53,11,1,43.135503,11.483773,14:41,264,1
REG,19122,SIENA,BUONCONVENTO,MONTERONI D`ARBIA,1.75,1.0,264,2023-01-16,2023-12-09,61,12,1,43.230036,11.419662,14:53,264,2
REG,19122,SIENA,BUONCONVENTO,PONTE A TRESSA,2.159695817490494,2.0,263,2023-01-16,2023-12-09,78,17,0,43.250844,11.39617,14:58,264,3
REG,19122,SIENA,BUONCONVENTO,SIENA,0.5795454545454546,-1.0,264,2023-01-16,2023-12-09,36,13,3,43.331708,11.322972,15:13,264,4
