train_class,train_number,train_arrival_stop_name,train_departure_stop_name,stop_name,avg_arrival_delay,median_arrival_delay,count_dates_stop,first_date,last_date,count_3m_delay,count_5m_delay,count_10m_delay,stop_lat,stop_lon,stop_time,count_dates_train,stop_number
REG,10898,MILANO CERTOSA,PIACENZA,PIACENZA,6.241545893719807,3.0,207,2023-01-03,2023-12-22,121,80,27,45.052238,9.70633,06:54,207,1
REG,10898,MILANO CERTOSA,PIACENZA,CASALPUSTERLENGO,6.37378640776699,4.0,206,2023-01-03,2023-12-22,131,92,28,45.182473,9.653627,07:05,207,2
REG,10898,MILANO CERTOSA,PIACENZA,SECUGNAGO,6.666666666666667,4.0,204,2023-01-03,2023-12-22,134,96,27,45.223253,9.58684,07:11,207,3
REG,10898,MILANO CERTOSA,PIACENZA,LODI,8.111650485436893,6.0,206,2023-01-03,2023-12-22,164,125,39,45.308966,9.497585,07:19,207,4
REG,10898,MILANO CERTOSA,PIACENZA,MILANO ROGOREDO,8.039024390243902,5.0,205,2023-01-03,2023-12-22,130,103,51,45.433866,9.2391,07:37,207,5
REG,10898,MILANO CERTOSA,PIACENZA,MILANO LAMBRATE,8.21256038647343,4.0,207,2023-01-03,2023-12-22,120,93,54,45.484933,9.237333,07:49,207,6
REG,10898,MILANO CERTOSA,PIACENZA,MILANO CERTOSA,9.642512077294686,4.0,207,2023-01-03,2023-12-22,131,100,57,45.507019,9.133863,08:03,207,7
