train_class,train_number,train_arrival_stop_name,train_departure_stop_name,stop_name,avg_arrival_delay,median_arrival_delay,count_dates_stop,first_date,last_date,count_3m_delay,count_5m_delay,count_10m_delay,stop_lat,stop_lon,stop_time,count_dates_train,stop_number
REG,19524,AULLA LUNIGIANA,PIAZZA AL SERCHIO,PIAZZA AL SERCHIO,1.7142857142857142,1.0,14,2023-12-11,2023-12-29,4,0,0,44.182515,10.296615,09:35,14,1
REG,19524,AULLA LUNIGIANA,PIAZZA AL SERCHIO,MINUCCIANO - PIEVE - CASOLA,1.7857142857142858,2.0,14,2023-12-11,2023-12-29,3,0,0,44.194385,10.193837,09:42,14,2
REG,19524,AULLA LUNIGIANA,PIAZZA AL SERCHIO,EQUI TERME,2.2857142857142856,2.0,14,2023-12-11,2023-12-29,6,0,0,44.170282,10.153624,09:49,14,3
REG,19524,AULLA LUNIGIANA,PIAZZA AL SERCHIO,MONZONE-M.DEI BANCHI-ISOLANO,2.2857142857142856,2.0,14,2023-12-11,2023-12-29,6,0,0,44.165637,10.123827,09:54,14,4
REG,19524,AULLA LUNIGIANA,PIAZZA AL SERCHIO,GRAGNOLA,-0.5,-1.0,14,2023-12-11,2023-12-29,0,0,0,44.191069,10.109245,10:00,14,5
REG,19524,AULLA LUNIGIANA,PIAZZA AL SERCHIO,FIVIZZANO - GASSANO,0.42857142857142855,0.0,14,2023-12-11,2023-12-29,1,0,0,44.202672,10.091691,10:05,14,6
REG,19524,AULLA LUNIGIANA,PIAZZA AL SERCHIO,FIVIZZANO ROMETTA - SOLIERA,-0.21428571428571427,-1.0,14,2023-12-11,2023-12-29,0,0,0,44.201526,10.05953,10:10,14,7
REG,19524,AULLA LUNIGIANA,PIAZZA AL SERCHIO,AULLA LUNIGIANA,-4.285714285714286,-4.0,14,2023-12-11,2023-12-29,0,0,0,44.210555,9.970015,10:23,14,8
