train_class,train_number,train_arrival_stop_name,train_departure_stop_name,stop_name,avg_arrival_delay,median_arrival_delay,count_dates_stop,first_date,last_date,count_3m_delay,count_5m_delay,count_10m_delay,stop_lat,stop_lon,stop_time,count_dates_train,stop_number
REG,19288,PONTREMOLI,LA SPEZIA CENTRALE,LA SPEZIA CENTRALE,3.404166666666667,3.0,240,2023-02-20,2023-12-09,127,61,7,44.11141,9.813906,17:27,240,1
REG,19288,PONTREMOLI,LA SPEZIA CENTRALE,LA SPEZIA MIGLIARINA,2.004166666666667,1.0,240,2023-02-20,2023-12-09,83,41,5,44.123391,9.84028,17:32,240,2
REG,19288,PONTREMOLI,LA SPEZIA CENTRALE,S. STEFANO DI MAGRA,3.754166666666667,3.0,240,2023-02-20,2023-12-09,139,76,14,44.156857,9.915202,17:44,240,3
REG,19288,PONTREMOLI,LA SPEZIA CENTRALE,AULLA LUNIGIANA,3.3125,3.0,240,2023-02-20,2023-12-09,128,70,12,44.210555,9.970015,17:51,240,4
REG,19288,PONTREMOLI,LA SPEZIA CENTRALE,VILLAFRANCA - BAGNONE,3.8125,3.0,240,2023-02-20,2023-12-09,140,86,18,44.294399,9.948096,17:59,240,5
REG,19288,PONTREMOLI,LA SPEZIA CENTRALE,FILATTIERA,3.058333333333333,2.0,240,2023-02-20,2023-12-09,120,66,11,44.33137,9.933352,18:05,240,6
REG,19288,PONTREMOLI,LA SPEZIA CENTRALE,SCORCETOLI,4.779166666666667,4.0,240,2023-02-20,2023-12-09,167,103,27,44.34431,9.911853,18:09,240,7
REG,19288,PONTREMOLI,LA SPEZIA CENTRALE,PONTREMOLI,3.2958333333333334,2.0,240,2023-02-20,2023-12-09,120,64,17,44.371976,9.887795,18:16,240,8
