train_class,train_number,train_arrival_stop_name,train_departure_stop_name,stop_name,avg_arrival_delay,median_arrival_delay,count_dates_stop,first_date,last_date,count_3m_delay,count_5m_delay,count_10m_delay,stop_lat,stop_lon,stop_time,count_dates_train,stop_number
REG,19685,PESCARA,TERAMO,TERAMO,3.020289855072464,2.0,345,2023-01-01,2023-12-31,153,55,9,42.660551,13.715882,19:47,345,1
REG,19685,PESCARA,TERAMO,NEPEZZANO-PIANO D'ACCIO,6.579710144927536,6.0,345,2023-01-01,2023-12-31,345,312,27,,,19:50,345,2
REG,19685,PESCARA,TERAMO,CASTELLALTO CANZANO,3.4869565217391303,3.0,345,2023-01-01,2023-12-31,202,77,9,42.69564,13.793043,19:54,345,3
REG,19685,PESCARA,TERAMO,MOSCIANO S. ANGELO,3.0144927536231885,2.0,345,2023-01-01,2023-12-31,164,67,13,42.710309,13.908563,20:03,345,4
REG,19685,PESCARA,TERAMO,GIULIANOVA,2.8753623188405797,2.0,345,2023-01-01,2023-12-31,156,64,12,42.751673,13.965743,20:11,345,5
REG,19685,PESCARA,TERAMO,ROSETO DEGLI ABRUZZI,5.078488372093023,4.0,344,2023-01-01,2023-12-31,260,172,24,42.677852,14.01535,20:26,345,6
REG,19685,PESCARA,TERAMO,PINETO ATRI,2.2956521739130435,2.0,345,2023-01-01,2023-12-31,149,75,9,42.607736,14.069072,20:38,345,7
REG,19685,PESCARA,TERAMO,SILVI,1.6492753623188405,1.0,345,2023-01-01,2023-12-31,113,62,14,42.55911,14.110365,20:45,345,8
REG,19685,PESCARA,TERAMO,MONTESILVANO,-1.808695652173913,-3.0,345,2023-01-01,2023-12-31,35,15,4,42.515766,14.152567,20:54,345,9
REG,19685,PESCARA,TERAMO,PESCARA,1.9681159420289855,1.0,345,2023-01-01,2023-12-31,67,26,7,42.467789,14.205066,21:01,345,10
