train_class,train_number,train_arrival_stop_name,train_departure_stop_name,stop_name,avg_arrival_delay,median_arrival_delay,count_dates_stop,first_date,last_date,count_3m_delay,count_5m_delay,count_10m_delay,stop_lat,stop_lon,stop_time,count_dates_train,stop_number
REG,12761,ROMA TIBURTINA PIAZZALE EST,TIVOLI,TIVOLI,2.4210526315789473,1.0,76,2023-01-02,2023-04-01,13,9,3,41.961849,12.805047,08:27,76,1
REG,12761,ROMA TIBURTINA PIAZZALE EST,TIVOLI,MARCELLINA-PALOMBARA,2.210526315789474,1.0,76,2023-01-02,2023-04-01,12,8,4,41.999609,12.79134,08:33,76,2
REG,12761,ROMA TIBURTINA PIAZZALE EST,TIVOLI,GUIDONIA-MONTECELIO-S.ANGELO,0.868421052631579,-1.0,76,2023-01-02,2023-04-01,10,6,3,41.993405,12.725681,08:42,76,3
REG,12761,ROMA TIBURTINA PIAZZALE EST,TIVOLI,BAGNI DI TIVOLI,2.039473684210526,1.0,76,2023-01-02,2023-04-01,15,10,4,41.949593,12.722208,08:53,76,4
REG,12761,ROMA TIBURTINA PIAZZALE EST,TIVOLI,LUNGHEZZA,2.210526315789474,1.0,76,2023-01-02,2023-04-01,19,12,6,41.923253,12.667212,09:04,76,5
REG,12761,ROMA TIBURTINA PIAZZALE EST,TIVOLI,PONTE DI NONA,1.2105263157894737,-1.0,76,2023-01-02,2023-04-01,15,9,4,42.061563,13.581585,09:07,76,6
REG,12761,ROMA TIBURTINA PIAZZALE EST,TIVOLI,LA RUSTICA UIR,0.6052631578947368,-1.0,76,2023-01-02,2023-04-01,12,9,3,,,09:12,76,7
REG,12761,ROMA TIBURTINA PIAZZALE EST,TIVOLI,TOR SAPIENZA,-1.118421052631579,-2.0,76,2023-01-02,2023-04-01,6,4,2,41.907095,12.594489,09:21,76,8
REG,12761,ROMA TIBURTINA PIAZZALE EST,TIVOLI,ROMA TIBURTINA PIAZZALE EST,-2.223684210526316,-4.0,76,2023-01-02,2023-04-01,6,4,1,41.910903,12.530749,09:36,76,9
