train_class,train_number,train_arrival_stop_name,train_departure_stop_name,stop_name,avg_arrival_delay,median_arrival_delay,count_dates_stop,first_date,last_date,count_3m_delay,count_5m_delay,count_10m_delay,stop_lat,stop_lon,stop_time,count_dates_train,stop_number
REG,10232,DOMODOSSOLA,MILANO PORTA GARIBALDI,MILANO PORTA GARIBALDI,1.9408099688473521,2.0,321,2023-01-01,2023-12-31,37,10,5,45.484917,9.187683,15:46,321,1
REG,10232,DOMODOSSOLA,MILANO PORTA GARIBALDI,RHO FIERA MILANO,0.3223684210526316,0.0,304,2023-01-01,2023-12-31,23,8,2,45.521157,9.088595,15:56,321,2
REG,10232,DOMODOSSOLA,MILANO PORTA GARIBALDI,BUSTO ARSIZIO,2.682242990654206,3.0,321,2023-01-01,2023-12-31,168,90,14,45.616164,8.865031,16:17,321,3
REG,10232,DOMODOSSOLA,MILANO PORTA GARIBALDI,GALLARATE,5.1713395638629285,5.0,321,2023-01-01,2023-12-31,231,164,32,45.659828,8.798243,16:23,321,4
REG,10232,DOMODOSSOLA,MILANO PORTA GARIBALDI,CASORATE SEMPIONE,5.6125,5.0,320,2023-01-01,2023-12-31,244,177,39,45.675075,8.743954,16:28,321,5
REG,10232,DOMODOSSOLA,MILANO PORTA GARIBALDI,SOMMA LOMBARDO,4.682242990654205,4.0,321,2023-01-01,2023-12-31,209,152,30,45.686423,8.712991,16:32,321,6
REG,10232,DOMODOSSOLA,MILANO PORTA GARIBALDI,VERGIATE,5.2875,5.0,320,2023-01-01,2023-12-31,224,166,41,45.717119,8.693187,16:36,321,7
REG,10232,DOMODOSSOLA,MILANO PORTA GARIBALDI,SESTO CALENDE,5.284375,5.0,320,2023-01-01,2023-12-31,219,163,40,45.726241,8.628135,16:42,321,8
REG,10232,DOMODOSSOLA,MILANO PORTA GARIBALDI,DORMELLETTO,5.50625,5.0,320,2023-01-01,2023-12-31,221,167,45,45.7233,8.581906,16:47,321,9
REG,10232,DOMODOSSOLA,MILANO PORTA GARIBALDI,ARONA,4.185534591194968,3.0,318,2023-01-01,2023-12-31,190,126,33,45.755392,8.559075,16:53,321,10
REG,10232,DOMODOSSOLA,MILANO PORTA GARIBALDI,MEINA,4.311320754716981,3.0,318,2023-01-01,2023-12-31,185,123,35,45.794389,8.535452,16:58,321,11
REG,10232,DOMODOSSOLA,MILANO PORTA GARIBALDI,LESA,4.4748427672955975,3.0,318,2023-01-01,2023-12-31,178,117,31,45.833042,8.566471,17:03,321,12
REG,10232,DOMODOSSOLA,MILANO PORTA GARIBALDI,BELGIRATE,3.06875,2.0,320,2023-01-01,2023-12-31,142,94,28,45.843337,8.570821,17:07,321,13
REG,10232,DOMODOSSOLA,MILANO PORTA GARIBALDI,STRESA,2.346875,1.0,320,2023-01-01,2023-12-31,122,76,24,45.884486,8.531454,17:14,321,14
REG,10232,DOMODOSSOLA,MILANO PORTA GARIBALDI,BAVENO,3.0062305295950154,1.0,321,2023-01-01,2023-12-31,124,80,26,45.909105,8.502121,17:18,321,15
REG,10232,DOMODOSSOLA,MILANO PORTA GARIBALDI,VERBANIA-PALLANZA,3.515625,2.0,320,2023-01-01,2023-12-31,143,85,27,45.943821,8.47224,17:23,321,16
REG,10232,DOMODOSSOLA,MILANO PORTA GARIBALDI,MERGOZZO,2.7830188679245285,1.0,318,2023-01-01,2023-12-31,121,79,24,45.961303,8.440881,17:27,321,17
REG,10232,DOMODOSSOLA,MILANO PORTA GARIBALDI,CUZZAGO,3.147335423197492,2.0,319,2023-01-01,2023-12-31,134,86,30,45.993682,8.373989,17:32,321,18
REG,10232,DOMODOSSOLA,MILANO PORTA GARIBALDI,PREMOSELLO CHIOVENDA,4.15625,3.0,320,2023-01-01,2023-12-31,165,109,38,46.002188,8.326649,17:37,321,19
REG,10232,DOMODOSSOLA,MILANO PORTA GARIBALDI,VOGOGNA OSSOLA,5.078369905956113,3.0,319,2023-01-01,2023-12-31,193,131,49,46.005883,8.294664,17:40,321,20
REG,10232,DOMODOSSOLA,MILANO PORTA GARIBALDI,DOMODOSSOLA,-2.8940809968847354,-5.0,321,2023-01-01,2023-12-31,51,35,9,46.115429,8.296684,17:59,321,21
