train_class,train_number,train_arrival_stop_name,train_departure_stop_name,stop_name,avg_arrival_delay,median_arrival_delay,count_dates_stop,first_date,last_date,count_3m_delay,count_5m_delay,count_10m_delay,stop_lat,stop_lon,stop_time,count_dates_train,stop_number
REG,11271,VALENZA,NOVARA,NOVARA,2.096774193548387,1.0,279,2023-01-02,2023-12-09,42,18,7,45.451376,8.624895,16:08,279,1
REG,11271,VALENZA,NOVARA,GARBAGNA,2.239130434782609,1.0,276,2023-01-02,2023-12-09,60,16,6,45.385552,8.66627,16:13,279,2
REG,11271,VALENZA,NOVARA,VESPOLATE,3.03971119133574,2.0,277,2023-01-02,2023-12-09,113,30,7,45.351517,8.671947,16:17,279,3
REG,11271,VALENZA,NOVARA,BORGO LAVEZZARO,3.660649819494585,3.0,277,2023-01-02,2023-12-09,174,49,7,45.318783,8.703242,16:22,279,4
REG,11271,VALENZA,NOVARA,ALBONESE,3.85663082437276,3.0,279,2023-01-02,2023-12-09,185,59,9,45.297785,8.714601,16:26,279,5
REG,11271,VALENZA,NOVARA,MORTARA,3.942652329749104,3.0,279,2023-01-02,2023-12-09,188,77,10,45.252171,8.731639,16:31,279,6
REG,11271,VALENZA,NOVARA,OLEVANO,4.594982078853047,4.0,279,2023-01-02,2023-12-09,218,99,12,45.212119,8.71182,16:36,279,7
REG,11271,VALENZA,NOVARA,VALLE LOMELLINA,4.341726618705036,3.0,278,2023-01-02,2023-12-09,191,94,13,45.150588,8.685874,16:42,279,8
REG,11271,VALENZA,NOVARA,SARTIRANA,1.3440860215053763,1.0,279,2023-01-02,2023-12-09,76,28,11,45.111728,8.67012,16:47,279,9
REG,11271,VALENZA,NOVARA,TORREBERETTI,3.7562724014336917,3.0,279,2023-01-02,2023-12-09,150,78,13,45.060533,8.660431,16:52,279,10
REG,11271,VALENZA,NOVARA,VALENZA,4.827956989247312,4.0,279,2023-01-02,2023-12-09,181,116,32,45.023527,8.625808,16:58,279,11
