train_class,train_number,train_arrival_stop_name,train_departure_stop_name,stop_name,avg_arrival_delay,median_arrival_delay,count_dates_stop,first_date,last_date,count_3m_delay,count_5m_delay,count_10m_delay,stop_lat,stop_lon,stop_time,count_dates_train,stop_number
REG,17875,BOLOGNA C.LE,POGGIO RUSCO,POGGIO RUSCO,3.1884057971014492,2.0,276,2023-01-02,2023-12-30,103,50,11,44.981859,11.124627,07:20,276,1
REG,17875,BOLOGNA C.LE,POGGIO RUSCO,MIRANDOLA,3.5652173913043477,2.0,276,2023-01-02,2023-12-30,135,55,15,44.891638,11.111689,07:26,276,2
REG,17875,BOLOGNA C.LE,POGGIO RUSCO,S.FELICE SP,3.550724637681159,2.0,276,2023-01-02,2023-12-30,136,55,14,44.834527,11.140243,07:31,276,3
REG,17875,BOLOGNA C.LE,POGGIO RUSCO,CAMPOSANTO,4.978260869565218,4.0,276,2023-01-02,2023-12-30,199,112,28,44.787527,11.143587,07:35,276,4
REG,17875,BOLOGNA C.LE,POGGIO RUSCO,CREVALCORE,2.210144927536232,1.0,276,2023-01-02,2023-12-30,92,50,13,44.719156,11.152625,07:43,276,5
REG,17875,BOLOGNA C.LE,POGGIO RUSCO,SAN GIOVANNI IN PERSICETO,2.5253623188405796,1.0,276,2023-01-02,2023-12-30,89,51,20,44.643151,11.189444,07:51,276,6
REG,17875,BOLOGNA C.LE,POGGIO RUSCO,OSTERIA NUOVA,4.699275362318841,3.0,276,2023-01-02,2023-12-30,140,84,35,44.586613,11.236525,07:56,276,7
REG,17875,BOLOGNA C.LE,POGGIO RUSCO,BOLOGNA C.LE,1.144927536231884,-1.0,276,2023-01-02,2023-12-30,74,44,24,44.50626,11.342267,08:14,276,8
