train_class,train_number,train_arrival_stop_name,train_departure_stop_name,stop_name,avg_arrival_delay,median_arrival_delay,count_dates_stop,first_date,last_date,count_3m_delay,count_5m_delay,count_10m_delay,stop_lat,stop_lon,stop_time,count_dates_train,stop_number
REG,18828,PRATO CENTRALE,MONTEVARCHI TERRANUOVA,MONTEVARCHI TERRANUOVA,1.0,1.0,16,2023-01-18,2023-10-13,0,0,0,43.525165,11.563983,06:50,16,1
REG,18828,PRATO CENTRALE,MONTEVARCHI TERRANUOVA,S.GIOVANNI VALDARNO,1.8125,2.0,16,2023-01-18,2023-10-13,4,0,0,43.56601,11.527033,06:55,16,2
REG,18828,PRATO CENTRALE,MONTEVARCHI TERRANUOVA,FIGLINE VALDARNO,2.6875,3.0,16,2023-01-18,2023-10-13,10,0,0,43.621596,11.473652,07:01,16,3
REG,18828,PRATO CENTRALE,MONTEVARCHI TERRANUOVA,INCISA,1.3125,1.0,16,2023-01-18,2023-10-13,2,0,0,43.656541,11.452728,07:07,16,4
REG,18828,PRATO CENTRALE,MONTEVARCHI TERRANUOVA,RIGNANO SULL`ARNO REGGELLO,-0.5,-1.0,16,2023-01-18,2023-10-13,0,0,0,43.720834,11.452383,07:15,16,5
REG,18828,PRATO CENTRALE,MONTEVARCHI TERRANUOVA,PONTASSIEVE,-0.1875,-1.0,16,2023-01-18,2023-10-13,2,0,0,43.773949,11.437904,07:26,16,6
REG,18828,PRATO CENTRALE,MONTEVARCHI TERRANUOVA,COMPIOBBI,3.25,2.0,16,2023-01-18,2023-10-13,7,3,1,43.782527,11.358695,07:35,16,7
REG,18828,PRATO CENTRALE,MONTEVARCHI TERRANUOVA,FI ROVEZZANO,14.5,12.0,4,2023-08-22,2023-10-13,4,4,3,43.768657,11.307372,07:41,16,8
REG,18828,PRATO CENTRALE,MONTEVARCHI TERRANUOVA,FIRENZE CAMPO MARTE,9.625,9.0,16,2023-01-18,2023-10-13,14,11,8,43.776856,11.27702,07:45,16,9
REG,18828,PRATO CENTRALE,MONTEVARCHI TERRANUOVA,FIRENZE STATUTO,9.3125,9.0,16,2023-01-18,2023-10-13,14,11,7,43.787273,11.249738,07:50,16,10
REG,18828,PRATO CENTRALE,MONTEVARCHI TERRANUOVA,FIRENZE RIFREDI,9.6875,9.0,16,2023-01-18,2023-10-13,13,11,8,43.800873,11.235729,07:54,16,11
REG,18828,PRATO CENTRALE,MONTEVARCHI TERRANUOVA,FIRENZE CASTELLO,10.5625,9.0,16,2023-01-18,2023-10-13,15,13,8,43.819444,11.21838,07:59,16,12
REG,18828,PRATO CENTRALE,MONTEVARCHI TERRANUOVA,ZAMBRA,9.5,8.0,16,2023-01-18,2023-10-13,13,11,6,43.825856,11.206206,08:03,16,13
REG,18828,PRATO CENTRALE,MONTEVARCHI TERRANUOVA,PRATO CENTRALE,4.0625,1.0,16,2023-01-18,2023-10-13,7,5,4,43.878737,11.109252,08:25,16,14
