train_class,train_number,train_arrival_stop_name,train_departure_stop_name,stop_name,avg_arrival_delay,median_arrival_delay,count_dates_stop,first_date,last_date,count_3m_delay,count_5m_delay,count_10m_delay,stop_lat,stop_lon,stop_time,count_dates_train,stop_number
REG,12279,SAVONA,VENTIMIGLIA,VENTIMIGLIA,3.483739837398374,2.0,246,2023-01-02,2023-12-29,63,27,14,43.792561,7.610224,18:28,246,1
REG,12279,SAVONA,VENTIMIGLIA,BORDIGHERA,3.394308943089431,2.0,246,2023-01-02,2023-12-29,64,30,16,43.778313,7.663504,18:36,246,2
REG,12279,SAVONA,VENTIMIGLIA,TAGGIA ARMA,2.4878048780487805,1.0,246,2023-01-02,2023-12-29,61,32,16,43.844567,7.855324,18:52,246,3
REG,12279,SAVONA,VENTIMIGLIA,IMPERIA,2.5569105691056913,1.0,246,2023-01-02,2023-12-29,53,27,13,43.896798,8.03139,19:03,246,4
REG,12279,SAVONA,VENTIMIGLIA,ANDORA,0.6204081632653061,-2.0,245,2023-01-02,2023-12-29,30,21,10,,,19:17,246,5
REG,12279,SAVONA,VENTIMIGLIA,ALASSIO,4.841463414634147,2.0,246,2023-01-02,2023-12-29,122,85,22,44.007889,8.17112,19:25,246,6
REG,12279,SAVONA,VENTIMIGLIA,ALBENGA,4.565040650406504,2.0,246,2023-01-02,2023-12-29,110,80,21,44.04722,8.221663,19:33,246,7
REG,12279,SAVONA,VENTIMIGLIA,LOANO,2.402439024390244,-1.0,246,2023-01-02,2023-12-29,54,28,9,44.122429,8.254523,19:47,246,8
REG,12279,SAVONA,VENTIMIGLIA,PIETRA LIGURE,4.008130081300813,2.0,246,2023-01-02,2023-12-29,115,82,21,44.145345,8.277403,19:56,246,9
REG,12279,SAVONA,VENTIMIGLIA,FINALE LIGURE MARINA,4.9471544715447155,3.0,246,2023-01-02,2023-12-29,139,101,23,44.169116,8.34033,20:04,246,10
REG,12279,SAVONA,VENTIMIGLIA,SPOTORNO NOLI,4.841463414634147,3.0,246,2023-01-02,2023-12-29,129,87,20,44.226528,8.410932,20:11,246,11
REG,12279,SAVONA,VENTIMIGLIA,SAVONA,2.959349593495935,1.0,246,2023-01-02,2023-12-29,89,46,13,44.306892,8.470259,20:25,246,12
