train_class,train_number,train_arrival_stop_name,train_departure_stop_name,stop_name,avg_arrival_delay,median_arrival_delay,count_dates_stop,first_date,last_date,count_3m_delay,count_5m_delay,count_10m_delay,stop_lat,stop_lon,stop_time,count_dates_train,stop_number
REG,12027,GENOVA BRIGNOLE,ARQUATA SCRIVIA,ARQUATA SCRIVIA,2.8254847645429364,2.0,361,2023-01-01,2023-12-31,103,35,10,44.692533,8.885342,08:23,361,1
REG,12027,GENOVA BRIGNOLE,ARQUATA SCRIVIA,RONCO SCR.,0.5484764542936288,0.0,361,2023-01-01,2023-12-31,27,15,8,44.614537,8.949421,08:41,361,2
REG,12027,GENOVA BRIGNOLE,ARQUATA SCRIVIA,BUSALLA,0.9833333333333333,0.0,360,2023-01-01,2023-12-31,37,17,9,44.57558,8.943611,08:49,361,3
REG,12027,GENOVA BRIGNOLE,ARQUATA SCRIVIA,GENOVA PONTEDECIMO,0.275,-1.0,360,2023-01-01,2023-12-31,33,18,7,44.494189,8.905642,09:03,361,4
REG,12027,GENOVA BRIGNOLE,ARQUATA SCRIVIA,GENOVA BOLZANETO,-0.853185595567867,-2.0,361,2023-01-01,2023-12-31,28,14,5,44.459208,8.900193,09:10,361,5
REG,12027,GENOVA BRIGNOLE,ARQUATA SCRIVIA,GENOVA RIVAROLO,2.3887240356083086,1.0,337,2023-01-01,2023-12-31,56,29,11,44.435955,8.89106,09:15,361,6
REG,12027,GENOVA BRIGNOLE,ARQUATA SCRIVIA,GENOVA SAMPIERDARENA,0.08333333333333333,-1.0,348,2023-01-01,2023-12-31,36,26,12,44.413102,8.887271,09:21,361,7
REG,12027,GENOVA BRIGNOLE,ARQUATA SCRIVIA,GENOVA P.PRINCIPE,3.667590027700831,2.0,361,2023-01-01,2023-12-31,163,97,28,44.417784,8.9207,09:27,361,8
REG,12027,GENOVA BRIGNOLE,ARQUATA SCRIVIA,GENOVA BRIGNOLE,0.6343490304709142,-1.0,361,2023-01-01,2023-12-31,105,48,16,44.407213,8.947553,09:38,361,9
