train_class,train_number,train_arrival_stop_name,train_departure_stop_name,stop_name,avg_arrival_delay,median_arrival_delay,count_dates_stop,first_date,last_date,count_3m_delay,count_5m_delay,count_10m_delay,stop_lat,stop_lon,stop_time,count_dates_train,stop_number
REG,10004,CREMONA,MANTOVA,MANTOVA,1.777027027027027,1.0,296,2023-01-02,2023-12-30,25,11,6,45.158746,10.783165,07:56,296,1
REG,10004,CREMONA,MANTOVA,CASTELLUCCHIO,2.570945945945946,2.0,296,2023-01-02,2023-12-30,100,21,7,45.144293,10.64749,08:03,296,2
REG,10004,CREMONA,MANTOVA,MARCARIA,4.47972972972973,5.0,296,2023-01-02,2023-12-30,213,150,28,45.124518,10.533651,08:17,296,3
REG,10004,CREMONA,MANTOVA,BOZZOLO,5.054054054054054,4.0,296,2023-01-02,2023-12-30,211,144,33,45.107246,10.472655,08:23,296,4
REG,10004,CREMONA,MANTOVA,PIADENA,5.412162162162162,5.0,296,2023-01-02,2023-12-30,212,155,40,45.127608,10.369962,08:30,296,5
REG,10004,CREMONA,MANTOVA,CREMONA,6.1891891891891895,5.0,296,2023-01-02,2023-12-30,217,163,69,45.143215,10.017951,08:49,296,6
