train_class,train_number,train_arrival_stop_name,train_departure_stop_name,stop_name,avg_arrival_delay,median_arrival_delay,count_dates_stop,first_date,last_date,count_3m_delay,count_5m_delay,count_10m_delay,stop_lat,stop_lon,stop_time,count_dates_train,stop_number
REG,12951,CATANIA CENTRALE,MESSINA CENTRALE,MESSINA CENTRALE,1.8461538461538463,2.0,52,2023-01-07,2023-12-30,13,2,0,38.184975,15.561278,05:39,52,1
REG,12951,CATANIA CENTRALE,MESSINA CENTRALE,GIAMPILIERI,1.6538461538461537,1.0,52,2023-01-07,2023-12-30,10,3,0,38.080121,15.493863,05:49,52,2
REG,12951,CATANIA CENTRALE,MESSINA CENTRALE,SCALETTA ZANCLEA,2.75,2.0,52,2023-01-07,2023-12-30,25,6,1,38.04635,15.465376,05:53,52,3
REG,12951,CATANIA CENTRALE,MESSINA CENTRALE,ALI` TERME,1.3076923076923077,1.0,52,2023-01-07,2023-12-30,8,5,2,38.013952,15.435184,05:59,52,4
REG,12951,CATANIA CENTRALE,MESSINA CENTRALE,NIZZA DI SICILIA,2.173076923076923,1.0,52,2023-01-07,2023-12-30,8,7,2,37.996937,15.412334,06:03,52,5
REG,12951,CATANIA CENTRALE,MESSINA CENTRALE,ROCCALUMERA MANDANICI,0.5,-1.0,52,2023-01-07,2023-12-30,7,5,2,37.972946,15.391411,06:07,52,6
REG,12951,CATANIA CENTRALE,MESSINA CENTRALE,FURCI,2.326923076923077,1.0,52,2023-01-07,2023-12-30,9,8,2,37.961714,15.380022,06:10,52,7
REG,12951,CATANIA CENTRALE,MESSINA CENTRALE,SANTA TERESA DI RIVA,0.23076923076923078,-1.0,52,2023-01-07,2023-12-30,8,4,1,37.946295,15.367682,06:14,52,8
REG,12951,CATANIA CENTRALE,MESSINA CENTRALE,S.ALESSIO SICULO FORZA D`AGRO`,2.0384615384615383,1.0,52,2023-01-07,2023-12-30,11,8,2,37.923992,15.347322,06:18,52,9
REG,12951,CATANIA CENTRALE,MESSINA CENTRALE,LETOJANNI,1.0961538461538463,0.0,52,2023-01-07,2023-12-30,10,8,1,37.877581,15.303128,06:25,52,10
REG,12951,CATANIA CENTRALE,MESSINA CENTRALE,TAORMINA,0.8846153846153846,-1.0,52,2023-01-07,2023-12-30,11,7,2,37.845429,15.282584,06:31,52,11
REG,12951,CATANIA CENTRALE,MESSINA CENTRALE,ALCANTARA,3.1923076923076925,1.0,52,2023-01-07,2023-12-30,13,9,4,37.82145,15.251158,06:36,52,12
REG,12951,CATANIA CENTRALE,MESSINA CENTRALE,CALATABIANO,4.25,2.0,52,2023-01-07,2023-12-30,18,14,4,37.814684,15.226568,06:40,52,13
REG,12951,CATANIA CENTRALE,MESSINA CENTRALE,FIUMEFREDDO DI SICILIA,3.730769230769231,1.0,52,2023-01-07,2023-12-30,18,12,4,37.795247,15.205615,06:44,52,14
REG,12951,CATANIA CENTRALE,MESSINA CENTRALE,GIARRE RIPOSTO,1.0196078431372548,-2.0,51,2023-01-07,2023-12-30,11,7,4,37.730346,15.193386,06:55,52,15
REG,12951,CATANIA CENTRALE,MESSINA CENTRALE,ACIREALE,2.0576923076923075,0.0,52,2023-01-07,2023-12-30,9,7,5,37.600514,15.163697,07:10,52,16
REG,12951,CATANIA CENTRALE,MESSINA CENTRALE,CATANIA CENTRALE,-2.9615384615384617,-4.0,52,2023-01-07,2023-12-30,5,4,3,37.506211,15.099417,07:37,52,17
