train_class,train_number,train_arrival_stop_name,train_departure_stop_name,stop_name,avg_arrival_delay,median_arrival_delay,count_dates_stop,first_date,last_date,count_3m_delay,count_5m_delay,count_10m_delay,stop_lat,stop_lon,stop_time,count_dates_train,stop_number
REG,10480,MILANO GRECO PIRELLI,STRADELLA,STRADELLA,4.982394366197183,2.0,284,2023-01-02,2023-12-30,115,73,25,45.079465,9.300865,19:55,284,1
REG,10480,MILANO GRECO PIRELLI,STRADELLA,BRONI,6.542253521126761,5.0,284,2023-01-02,2023-12-30,189,146,49,45.066263,9.258751,20:01,284,2
REG,10480,MILANO GRECO PIRELLI,STRADELLA,PINAROLO PO,6.045774647887324,4.0,284,2023-01-02,2023-12-30,178,125,41,45.073415,9.170273,20:11,284,3
REG,10480,MILANO GRECO PIRELLI,STRADELLA,BRESSANA BOTTARONE,8.55281690140845,6.0,284,2023-01-02,2023-12-30,232,189,73,45.086298,9.110602,20:21,284,4
REG,10480,MILANO GRECO PIRELLI,STRADELLA,CAVA MANARA,8.640845070422536,7.0,284,2023-01-02,2023-12-30,234,191,74,45.144867,9.115332,20:27,284,5
REG,10480,MILANO GRECO PIRELLI,STRADELLA,PAVIA,8.591549295774648,7.0,284,2023-01-02,2023-12-30,237,191,72,45.188843,9.144674,20:33,284,6
REG,10480,MILANO GRECO PIRELLI,STRADELLA,MILANO ROGOREDO,8.693950177935942,5.0,281,2023-01-02,2023-12-30,189,149,70,45.433866,9.2391,20:53,284,7
REG,10480,MILANO GRECO PIRELLI,STRADELLA,MILANO LAMBRATE,7.415492957746479,4.0,284,2023-01-02,2023-12-30,168,125,60,45.484933,9.237333,21:06,284,8
REG,10480,MILANO GRECO PIRELLI,STRADELLA,MILANO GRECO PIRELLI,9.193661971830986,5.0,284,2023-01-02,2023-12-30,209,150,74,45.51272,9.214456,21:13,284,9
