train_class,train_number,train_arrival_stop_name,train_departure_stop_name,stop_name,avg_arrival_delay,median_arrival_delay,count_dates_stop,first_date,last_date,count_3m_delay,count_5m_delay,count_10m_delay,stop_lat,stop_lon,stop_time,count_dates_train,stop_number
REG,18219,SIENA,FIRENZE S.M.N.,FIRENZE S.M.N.,1.8036363636363637,1.0,275,2023-01-02,2023-12-30,58,18,3,43.776893,11.247373,15:10,275,1
REG,18219,SIENA,FIRENZE S.M.N.,FIRENZE RIFREDI,1.6254545454545455,1.0,275,2023-01-02,2023-12-30,50,19,3,43.800873,11.235729,15:15,275,2
REG,18219,SIENA,FIRENZE S.M.N.,EMPOLI,1.3636363636363635,1.0,275,2023-01-02,2023-12-30,62,27,6,43.715708,10.94915,15:39,275,3
REG,18219,SIENA,FIRENZE S.M.N.,CERTALDO,2.058181818181818,1.0,275,2023-01-02,2023-12-30,84,41,12,43.547124,11.037711,16:02,275,4
REG,18219,SIENA,FIRENZE S.M.N.,POGGIBONSI,0.8581818181818182,0.0,275,2023-01-02,2023-12-30,61,31,10,43.468093,11.149455,16:14,275,5
REG,18219,SIENA,FIRENZE S.M.N.,SIENA,0.6290909090909091,-1.0,275,2023-01-02,2023-12-30,61,34,12,43.331708,11.322972,16:40,275,6
