train_class,train_number,train_arrival_stop_name,train_departure_stop_name,stop_name,avg_arrival_delay,median_arrival_delay,count_dates_stop,first_date,last_date,count_3m_delay,count_5m_delay,count_10m_delay,stop_lat,stop_lon,stop_time,count_dates_train,stop_number
REG,10938,MILANO GRECO PIRELLI,BRESCIA,BRESCIA,2.5719178082191783,1.0,292,2023-01-02,2023-12-30,85,42,12,45.532315,10.212828,18:48,292,1
REG,10938,MILANO GRECO PIRELLI,BRESCIA,OSPITALETTO TRAVAGLIATO,3.030821917808219,2.0,292,2023-01-02,2023-12-30,111,57,15,45.546042,10.074363,18:55,292,2
REG,10938,MILANO GRECO PIRELLI,BRESCIA,ROVATO,2.106164383561644,1.0,292,2023-01-02,2023-12-30,81,42,13,45.55193,10.000924,19:01,292,3
REG,10938,MILANO GRECO PIRELLI,BRESCIA,ROMANO,1.4794520547945205,1.0,292,2023-01-02,2023-12-30,72,40,13,45.523839,9.753402,19:18,292,4
REG,10938,MILANO GRECO PIRELLI,BRESCIA,TREVIGLIO,1.4109589041095891,0.0,292,2023-01-02,2023-12-30,54,32,13,45.515063,9.587919,19:33,292,5
REG,10938,MILANO GRECO PIRELLI,BRESCIA,PIOLTELLO LIMITO,1.345890410958904,0.0,292,2023-01-02,2023-12-30,79,50,14,45.486019,9.329319,19:48,292,6
REG,10938,MILANO GRECO PIRELLI,BRESCIA,MILANO LAMBRATE,0.4691780821917808,-1.0,292,2023-01-02,2023-12-30,78,40,9,45.484933,9.237333,20:00,292,7
REG,10938,MILANO GRECO PIRELLI,BRESCIA,MILANO GRECO PIRELLI,4.191780821917808,4.0,292,2023-01-02,2023-12-30,186,114,23,45.51272,9.214456,20:08,292,8
