train_class,train_number,train_arrival_stop_name,train_departure_stop_name,stop_name,avg_arrival_delay,median_arrival_delay,count_dates_stop,first_date,last_date,count_3m_delay,count_5m_delay,count_10m_delay,stop_lat,stop_lon,stop_time,count_dates_train,stop_number
REG,12924,MESSINA CENTRALE,S.AGATA M.,S.AGATA M.,3.6188811188811187,2.0,286,2023-01-02,2023-12-30,130,88,24,38.073554,14.640622,20:38,286,1
REG,12924,MESSINA CENTRALE,S.AGATA M.,SAN MARCO D`ALUNZIO T.,3.6188811188811187,2.0,286,2023-01-02,2023-12-30,130,88,24,38.094202,14.675909,20:42,286,2
REG,12924,MESSINA CENTRALE,S.AGATA M.,ZAPPULLA,2.660839160839161,1.0,286,2023-01-02,2023-12-30,109,61,23,38.116962,14.703086,20:46,286,3
REG,12924,MESSINA CENTRALE,S.AGATA M.,CAPO D`ORLANDO-NASO,2.527972027972028,1.0,286,2023-01-02,2023-12-30,114,70,21,38.157941,14.744844,20:54,286,4
REG,12924,MESSINA CENTRALE,S.AGATA M.,BROLO FICARRA,3.772727272727273,3.0,286,2023-01-02,2023-12-30,148,96,32,38.159204,14.830176,21:02,286,5
REG,12924,MESSINA CENTRALE,S.AGATA M.,GIOJOSA MAREA,2.6503496503496504,2.0,286,2023-01-02,2023-12-30,127,80,21,38.175149,14.894794,21:08,286,6
REG,12924,MESSINA CENTRALE,S.AGATA M.,SAN GIORGIO,3.8776223776223775,2.0,286,2023-01-02,2023-12-30,141,90,19,38.173967,14.94414,21:15,286,7
REG,12924,MESSINA CENTRALE,S.AGATA M.,PATTI-SAN PIERO PATTI,2.797202797202797,2.0,286,2023-01-02,2023-12-30,118,71,16,38.146905,14.975331,21:20,286,8
REG,12924,MESSINA CENTRALE,S.AGATA M.,BARCELLONA,2.5454545454545454,1.0,286,2023-01-02,2023-12-30,110,65,17,38.14918,15.212499,21:34,286,9
REG,12924,MESSINA CENTRALE,S.AGATA M.,MILAZZO,4.190140845070423,3.0,284,2023-01-02,2023-12-30,163,96,26,38.21195,15.244203,21:39,286,10
REG,12924,MESSINA CENTRALE,S.AGATA M.,PACE DEL MELA,5.1678321678321675,4.0,286,2023-01-02,2023-12-30,203,122,33,38.202459,15.312676,21:43,286,11
REG,12924,MESSINA CENTRALE,S.AGATA M.,ROMETTA MESSINESE,3.027972027972028,2.0,286,2023-01-02,2023-12-30,118,72,19,38.228455,15.405894,21:55,286,12
REG,12924,MESSINA CENTRALE,S.AGATA M.,MESSINA CENTRALE,1.2482517482517483,0.0,286,2023-01-02,2023-12-30,56,29,12,38.184975,15.561278,22:13,286,13
