train_class,train_number,train_arrival_stop_name,train_departure_stop_name,stop_name,avg_arrival_delay,median_arrival_delay,count_dates_stop,first_date,last_date,count_3m_delay,count_5m_delay,count_10m_delay,stop_lat,stop_lon,stop_time,count_dates_train,stop_number
REG,18896,FIRENZE S.M.N.,MARRADI,MARRADI,1.21875,1.0,32,2023-05-21,2023-12-26,1,0,0,44.07973,11.619174,10:53,32,1
REG,18896,FIRENZE S.M.N.,MARRADI,BIFORCO,1.4375,1.0,32,2023-05-21,2023-12-26,1,0,0,44.068431,11.602243,10:55,32,2
REG,18896,FIRENZE S.M.N.,MARRADI,CRESPINO DEL LAMONE,-1.75,-2.0,32,2023-05-21,2023-12-26,2,0,0,,,11:09,32,3
REG,18896,FIRENZE S.M.N.,MARRADI,RONTA,1.03125,1.0,32,2023-05-21,2023-12-26,4,0,0,44.009432,11.434125,11:21,32,4
REG,18896,FIRENZE S.M.N.,MARRADI,BORGO S. LORENZO,0.84375,1.0,32,2023-05-21,2023-12-26,5,3,0,43.959822,11.380422,11:30,32,5
REG,18896,FIRENZE S.M.N.,MARRADI,S.PIERO A SIEVE,1.375,1.0,32,2023-05-21,2023-12-26,6,2,0,43.958317,11.322742,11:36,32,6
REG,18896,FIRENZE S.M.N.,MARRADI,VAGLIA,1.0625,1.0,32,2023-05-21,2023-12-26,7,2,0,43.924442,11.284576,11:43,32,7
REG,18896,FIRENZE S.M.N.,MARRADI,FIESOLE CALDINE,1.1875,1.0,32,2023-05-21,2023-12-26,6,3,0,43.833697,11.266047,11:55,32,8
REG,18896,FIRENZE S.M.N.,MARRADI,BINARIO S.MARCO VECCHIO,-1.78125,-2.0,32,2023-05-21,2023-12-26,1,1,0,43.790336,11.267403,12:03,32,9
REG,18896,FIRENZE S.M.N.,MARRADI,FIRENZE S.M.N.,-1.78125,-3.0,32,2023-05-21,2023-12-26,1,1,0,43.776893,11.247373,12:11,32,10
