train_class,train_number,train_arrival_stop_name,train_departure_stop_name,stop_name,avg_arrival_delay,median_arrival_delay,count_dates_stop,first_date,last_date,count_3m_delay,count_5m_delay,count_10m_delay,stop_lat,stop_lon,stop_time,count_dates_train,stop_number
REG,12629,CASSINO,ROMA TERMINI,ROMA TERMINI,4.779816513761468,2.0,218,2023-01-02,2023-12-29,94,58,23,41.900636,12.502026,17:07,218,1
REG,12629,CASSINO,ROMA TERMINI,COLLEFERRO-SEGNI-PALIANO,3.4541284403669725,0.0,218,2023-01-02,2023-12-29,66,40,24,41.740062,13.00299,17:46,218,2
REG,12629,CASSINO,ROMA TERMINI,FROSINONE,5.784403669724771,2.0,218,2023-01-02,2023-12-29,96,69,35,41.625333,13.328728,18:07,218,3
REG,12629,CASSINO,ROMA TERMINI,ROCCASECCA,5.440366972477064,1.0,218,2023-01-02,2023-12-29,79,64,38,41.526377,13.645814,18:31,218,4
REG,12629,CASSINO,ROMA TERMINI,CASSINO,5.89908256880734,1.0,218,2023-01-02,2023-12-29,87,61,39,41.484306,13.832125,18:44,218,5
