train_class,train_number,train_arrival_stop_name,train_departure_stop_name,stop_name,avg_arrival_delay,median_arrival_delay,count_dates_stop,first_date,last_date,count_3m_delay,count_5m_delay,count_10m_delay,stop_lat,stop_lon,stop_time,count_dates_train,stop_number
REG,17822,BOLOGNA C.LE,VERNIO MONTEPIANO CANTAGALLO,VERNIO MONTEPIANO CANTAGALLO,1.28125,1.0,32,2023-11-04,2023-12-20,2,1,0,44.043991,11.152342,11:56,32,1
REG,17822,BOLOGNA C.LE,VERNIO MONTEPIANO CANTAGALLO,SAN BENEDETTO SAMBRO-CAST.PEPOLI,1.1875,1.0,32,2023-11-04,2023-12-20,3,1,0,44.22866,11.19226,12:06,32,2
REG,17822,BOLOGNA C.LE,VERNIO MONTEPIANO CANTAGALLO,GRIZZANA,1.84375,2.0,32,2023-11-04,2023-12-20,5,2,0,44.258292,11.181194,12:10,32,3
REG,17822,BOLOGNA C.LE,VERNIO MONTEPIANO CANTAGALLO,MONZUNO,1.40625,1.0,32,2023-11-04,2023-12-20,5,1,0,44.322277,11.262082,12:17,32,4
REG,17822,BOLOGNA C.LE,VERNIO MONTEPIANO CANTAGALLO,PIANORO,1.5,1.0,32,2023-11-04,2023-12-20,5,2,1,44.380589,11.340675,12:24,32,5
REG,17822,BOLOGNA C.LE,VERNIO MONTEPIANO CANTAGALLO,MUSIANO-PIAN DI MACINA,1.6451612903225807,1.0,31,2023-11-04,2023-12-20,5,3,1,44.402423,11.344912,12:28,32,6
REG,17822,BOLOGNA C.LE,VERNIO MONTEPIANO CANTAGALLO,RASTIGNANO,2.0,1.0,31,2023-11-04,2023-12-20,5,3,1,44.443592,11.357617,12:33,32,7
REG,17822,BOLOGNA C.LE,VERNIO MONTEPIANO CANTAGALLO,BOLOGNA S.RUFFILLO,1.53125,1.0,32,2023-11-04,2023-12-20,4,2,1,44.462657,11.372967,12:36,32,8
REG,17822,BOLOGNA C.LE,VERNIO MONTEPIANO CANTAGALLO,BOLOGNA MAZZINI,2.25,1.0,32,2023-11-04,2023-12-20,6,3,1,44.482284,11.376271,12:40,32,9
REG,17822,BOLOGNA C.LE,VERNIO MONTEPIANO CANTAGALLO,BOLOGNA SAN VITALE,2.96875,2.0,32,2023-11-04,2023-12-20,8,4,1,,,12:45,32,10
REG,17822,BOLOGNA C.LE,VERNIO MONTEPIANO CANTAGALLO,BOLOGNA C.LE,-1.4375,-3.0,32,2023-11-04,2023-12-20,3,1,1,44.50626,11.342267,12:52,32,11
