train_class,train_number,train_arrival_stop_name,train_departure_stop_name,stop_name,avg_arrival_delay,median_arrival_delay,count_dates_stop,first_date,last_date,count_3m_delay,count_5m_delay,count_10m_delay,stop_lat,stop_lon,stop_time,count_dates_train,stop_number
REG,11118,FOSSANO,SAN GIUSEPPE DI CAIRO,SAN GIUSEPPE DI CAIRO,2.933333333333333,1.0,60,2023-01-01,2023-12-31,17,8,3,44.370096,8.28864,08:31,60,1
REG,11118,FOSSANO,SAN GIUSEPPE DI CAIRO,CENGIO,2.5166666666666666,1.0,60,2023-01-01,2023-12-31,15,7,2,44.390798,8.191824,08:39,60,2
REG,11118,FOSSANO,SAN GIUSEPPE DI CAIRO,SALICETO,3.3666666666666667,2.0,60,2023-01-01,2023-12-31,26,11,2,44.404437,8.172887,08:44,60,3
REG,11118,FOSSANO,SAN GIUSEPPE DI CAIRO,SALE LANGHE,1.8333333333333333,1.0,60,2023-01-01,2023-12-31,15,4,2,44.392425,8.077468,08:52,60,4
REG,11118,FOSSANO,SAN GIUSEPPE DI CAIRO,CEVA,1.7,1.0,60,2023-01-01,2023-12-31,14,4,1,44.389861,8.031958,08:58,60,5
REG,11118,FOSSANO,SAN GIUSEPPE DI CAIRO,LESEGNO,-0.06779661016949153,-1.0,59,2023-01-01,2023-12-31,3,2,1,44.385891,7.94266,09:07,60,6
REG,11118,FOSSANO,SAN GIUSEPPE DI CAIRO,VICOFORTE SAN MICHELE,1.6333333333333333,1.0,60,2023-01-01,2023-12-31,3,2,1,44.37404,7.894687,09:12,60,7
REG,11118,FOSSANO,SAN GIUSEPPE DI CAIRO,MONDOVI`,-0.36666666666666664,-1.0,60,2023-01-01,2023-12-31,2,2,1,44.398255,7.816339,09:19,60,8
REG,11118,FOSSANO,SAN GIUSEPPE DI CAIRO,MAGLIANO CRAVA MOROZZO,-0.23333333333333334,-1.0,60,2023-01-01,2023-12-31,2,2,1,44.445259,7.777852,09:25,60,9
REG,11118,FOSSANO,SAN GIUSEPPE DI CAIRO,TRINITA` BENE VAGIENNA,1.45,1.0,60,2023-01-01,2023-12-31,3,2,1,44.504656,7.752647,09:30,60,10
REG,11118,FOSSANO,SAN GIUSEPPE DI CAIRO,FOSSANO,-1.0166666666666666,-2.0,60,2023-01-01,2023-12-31,3,1,1,44.550231,7.717971,09:38,60,11
