train_class,train_number,train_arrival_stop_name,train_departure_stop_name,stop_name,avg_arrival_delay,median_arrival_delay,count_dates_stop,first_date,last_date,count_3m_delay,count_5m_delay,count_10m_delay,stop_lat,stop_lon,stop_time,count_dates_train,stop_number
REG,18850,PISTOIA,MONTEVARCHI TERRANUOVA,MONTEVARCHI TERRANUOVA,3.1596638655462184,2.0,238,2023-01-02,2023-12-30,110,63,5,43.525165,11.563983,17:13,238,1
REG,18850,PISTOIA,MONTEVARCHI TERRANUOVA,S.GIOVANNI VALDARNO,4.3277310924369745,3.0,238,2023-01-02,2023-12-30,168,86,14,43.56601,11.527033,17:17,238,2
REG,18850,PISTOIA,MONTEVARCHI TERRANUOVA,FIGLINE VALDARNO,4.764705882352941,4.0,238,2023-01-02,2023-12-30,180,103,19,43.621596,11.473652,17:23,238,3
REG,18850,PISTOIA,MONTEVARCHI TERRANUOVA,INCISA,4.147058823529412,4.0,238,2023-01-02,2023-12-30,153,92,12,43.656541,11.452728,17:28,238,4
REG,18850,PISTOIA,MONTEVARCHI TERRANUOVA,RIGNANO SULL`ARNO REGGELLO,3.592436974789916,3.0,238,2023-01-02,2023-12-30,133,80,15,43.720834,11.452383,17:35,238,5
REG,18850,PISTOIA,MONTEVARCHI TERRANUOVA,PONTASSIEVE,4.26890756302521,4.0,238,2023-01-02,2023-12-30,160,102,14,43.773949,11.437904,17:45,238,6
REG,18850,PISTOIA,MONTEVARCHI TERRANUOVA,COMPIOBBI,4.899159663865547,4.0,238,2023-01-02,2023-12-30,178,118,21,43.782527,11.358695,17:54,238,7
REG,18850,PISTOIA,MONTEVARCHI TERRANUOVA,FIRENZE CAMPO MARTE,6.361344537815126,6.0,238,2023-01-02,2023-12-30,195,143,50,43.776856,11.27702,18:05,238,8
REG,18850,PISTOIA,MONTEVARCHI TERRANUOVA,FIRENZE STATUTO,6.609243697478991,6.0,238,2023-01-02,2023-12-30,190,144,56,43.787273,11.249738,18:10,238,9
REG,18850,PISTOIA,MONTEVARCHI TERRANUOVA,FIRENZE RIFREDI,4.945378151260504,4.0,238,2023-01-02,2023-12-30,152,110,37,43.800873,11.235729,18:16,238,10
REG,18850,PISTOIA,MONTEVARCHI TERRANUOVA,FIRENZE CASTELLO,2.957983193277311,2.0,238,2023-01-02,2023-12-30,114,72,13,43.819444,11.21838,18:24,238,11
REG,18850,PISTOIA,MONTEVARCHI TERRANUOVA,ZAMBRA,3.1464646464646466,2.0,198,2023-01-02,2023-12-30,92,53,13,43.825856,11.206206,18:27,238,12
REG,18850,PISTOIA,MONTEVARCHI TERRANUOVA,PRATO CENTRALE,0.0,-1.0,237,2023-01-02,2023-12-30,45,22,9,43.878737,11.109252,18:46,238,13
REG,18850,PISTOIA,MONTEVARCHI TERRANUOVA,PISTOIA,0.23529411764705882,-1.0,238,2023-01-02,2023-12-30,29,18,6,43.926804,10.914624,19:08,238,14
