train_class,train_number,train_arrival_stop_name,train_departure_stop_name,stop_name,avg_arrival_delay,median_arrival_delay,count_dates_stop,first_date,last_date,count_3m_delay,count_5m_delay,count_10m_delay,stop_lat,stop_lon,stop_time,count_dates_train,stop_number
REG,18780,FIRENZE S.M.N.,MONTEVARCHI TERRANUOVA,MONTEVARCHI TERRANUOVA,4.166666666666667,2.0,18,2023-06-07,2023-09-02,7,3,2,43.525165,11.563983,20:38,19,1
REG,18780,FIRENZE S.M.N.,MONTEVARCHI TERRANUOVA,S.GIOVANNI VALDARNO,5.722222222222222,4.0,18,2023-06-07,2023-09-02,16,5,2,43.56601,11.527033,20:42,19,2
REG,18780,FIRENZE S.M.N.,MONTEVARCHI TERRANUOVA,FIGLINE VALDARNO,7.166666666666667,5.0,18,2023-06-07,2023-09-02,16,13,4,43.621596,11.473652,20:48,19,3
REG,18780,FIRENZE S.M.N.,MONTEVARCHI TERRANUOVA,INCISA,7.722222222222222,6.0,18,2023-06-07,2023-09-02,17,14,4,43.656541,11.452728,20:52,19,4
REG,18780,FIRENZE S.M.N.,MONTEVARCHI TERRANUOVA,RIGNANO SULL`ARNO REGGELLO,8.055555555555555,6.0,18,2023-06-07,2023-09-02,17,13,3,43.720834,11.452383,20:59,19,5
REG,18780,FIRENZE S.M.N.,MONTEVARCHI TERRANUOVA,PONTASSIEVE,8.222222222222221,6.0,18,2023-06-07,2023-09-02,17,13,3,43.773949,11.437904,21:09,19,6
REG,18780,FIRENZE S.M.N.,MONTEVARCHI TERRANUOVA,COMPIOBBI,8.055555555555555,5.0,18,2023-06-07,2023-09-02,15,12,3,43.782527,11.358695,21:18,19,7
REG,18780,FIRENZE S.M.N.,MONTEVARCHI TERRANUOVA,FIRENZE CAMPO MARTE,9.68421052631579,4.0,19,2023-06-07,2023-09-02,14,9,4,43.776856,11.27702,21:29,19,8
REG,18780,FIRENZE S.M.N.,MONTEVARCHI TERRANUOVA,FIRENZE S.M.N.,7.473684210526316,2.0,19,2023-06-07,2023-09-02,9,6,3,43.776893,11.247373,21:38,19,9
