train_class,train_number,train_arrival_stop_name,train_departure_stop_name,stop_name,avg_arrival_delay,median_arrival_delay,count_dates_stop,first_date,last_date,count_3m_delay,count_5m_delay,count_10m_delay,stop_lat,stop_lon,stop_time,count_dates_train,stop_number
REG,19291,LA SPEZIA CENTRALE,PONTREMOLI,PONTREMOLI,2.236559139784946,1.0,279,2023-01-03,2023-12-09,64,24,6,44.371976,9.887795,05:35,279,1
REG,19291,LA SPEZIA CENTRALE,PONTREMOLI,FILATTIERA,1.8673835125448028,1.0,279,2023-01-03,2023-12-09,56,22,6,44.33137,9.933352,05:41,279,2
REG,19291,LA SPEZIA CENTRALE,PONTREMOLI,VILLAFRANCA - BAGNONE,2.5698924731182795,2.0,279,2023-01-03,2023-12-09,98,29,7,44.294399,9.948096,05:46,279,3
REG,19291,LA SPEZIA CENTRALE,PONTREMOLI,AULLA LUNIGIANA,1.4623655913978495,1.0,279,2023-01-03,2023-12-09,55,23,6,44.210555,9.970015,05:55,279,4
REG,19291,LA SPEZIA CENTRALE,PONTREMOLI,S. STEFANO DI MAGRA,2.867383512544803,2.0,279,2023-01-03,2023-12-09,105,44,10,44.156857,9.915202,06:02,279,5
REG,19291,LA SPEZIA CENTRALE,PONTREMOLI,VEZZANO LIGURE,2.8100358422939067,2.0,279,2023-01-03,2023-12-09,101,46,13,44.127081,9.88928,06:07,279,6
REG,19291,LA SPEZIA CENTRALE,PONTREMOLI,LA SPEZIA MIGLIARINA,4.340501792114695,4.0,279,2023-01-03,2023-12-09,207,88,15,44.123391,9.84028,06:13,279,7
REG,19291,LA SPEZIA CENTRALE,PONTREMOLI,LA SPEZIA CENTRALE,2.899641577060932,2.0,279,2023-01-03,2023-12-09,135,64,14,44.11141,9.813906,06:21,279,8
