train_class,train_number,train_arrival_stop_name,train_departure_stop_name,stop_name,avg_arrival_delay,median_arrival_delay,count_dates_stop,first_date,last_date,count_3m_delay,count_5m_delay,count_10m_delay,stop_lat,stop_lon,stop_time,count_dates_train,stop_number
REG,17504,BOLOGNA C.LE,IMOLA,IMOLA,2.0,2.0,44,2023-01-01,2023-12-31,8,3,0,44.359418,11.718723,16:08,44,1
REG,17504,BOLOGNA C.LE,IMOLA,CASTEL S.PIETRO TERME,1.7045454545454546,1.0,44,2023-01-01,2023-12-31,8,3,0,44.407376,11.597681,16:14,44,2
REG,17504,BOLOGNA C.LE,IMOLA,VARIGNANA,3.9318181818181817,4.0,44,2023-01-01,2023-12-31,30,12,1,44.436796,11.523078,16:19,44,3
REG,17504,BOLOGNA C.LE,IMOLA,OZZANO DELL'EMILIA,3.340909090909091,3.0,44,2023-01-01,2023-12-31,26,8,1,44.450797,11.487297,16:23,44,4
REG,17504,BOLOGNA C.LE,IMOLA,BOLOGNA SAN VITALE,5.045454545454546,5.0,44,2023-01-01,2023-12-31,41,23,1,,,16:33,44,5
REG,17504,BOLOGNA C.LE,IMOLA,BOLOGNA C.LE,-0.8636363636363636,-1.0,44,2023-01-01,2023-12-31,4,1,0,44.50626,11.342267,16:42,44,6
