train_class,train_number,train_arrival_stop_name,train_departure_stop_name,stop_name,avg_arrival_delay,median_arrival_delay,count_dates_stop,first_date,last_date,count_3m_delay,count_5m_delay,count_10m_delay,stop_lat,stop_lon,stop_time,count_dates_train,stop_number
REG,18438,PONTEDERA CASCIANA TERME,PISA CENTRALE,PISA CENTRALE,2.543554006968641,2.0,287,2023-01-02,2023-12-30,97,14,3,43.70794,10.398183,18:42,287,1
REG,18438,PONTEDERA CASCIANA TERME,PISA CENTRALE,NAVACCHIO,3.456445993031359,3.0,287,2023-01-02,2023-12-30,204,37,6,43.685941,10.486806,18:48,287,2
REG,18438,PONTEDERA CASCIANA TERME,PISA CENTRALE,CASCINA,1.9965156794425087,2.0,287,2023-01-02,2023-12-30,77,20,5,43.674542,10.545225,18:56,287,3
REG,18438,PONTEDERA CASCIANA TERME,PISA CENTRALE,PONTEDERA CASCIANA TERME,0.42857142857142855,0.0,287,2023-01-02,2023-12-30,34,13,3,43.662145,10.628773,19:05,287,4
