train_class,train_number,train_arrival_stop_name,train_departure_stop_name,stop_name,avg_arrival_delay,median_arrival_delay,count_dates_stop,first_date,last_date,count_3m_delay,count_5m_delay,count_10m_delay,stop_lat,stop_lon,stop_time,count_dates_train,stop_number
REG,10043,ALESSANDRIA,MI.P.GENOVA,MI.P.GENOVA,2.2902097902097904,1.0,286,2023-01-02,2023-12-30,69,30,11,45.453379,9.169303,12:42,286,1
REG,10043,ALESSANDRIA,MI.P.GENOVA,MILANO S. CRISTOFORO,-0.32167832167832167,-1.0,286,2023-01-02,2023-12-30,29,17,9,45.442404,9.130258,12:48,286,2
REG,10043,ALESSANDRIA,MI.P.GENOVA,ALBAIRATE VERMEZZO,-0.006993006993006993,-1.0,286,2023-01-02,2023-12-30,38,25,8,,,12:59,286,3
REG,10043,ALESSANDRIA,MI.P.GENOVA,ABBIATEGRASSO,2.305263157894737,1.0,285,2023-01-02,2023-12-30,109,59,15,45.400631,8.921305,13:04,286,4
REG,10043,ALESSANDRIA,MI.P.GENOVA,VIGEVANO,3.5228070175438595,2.0,285,2023-01-02,2023-12-30,140,81,24,45.312712,8.861977,13:13,286,5
REG,10043,ALESSANDRIA,MI.P.GENOVA,PARONA LOMELLINA,4.663157894736842,4.0,285,2023-01-02,2023-12-30,181,111,29,45.280107,8.780315,13:19,286,6
REG,10043,ALESSANDRIA,MI.P.GENOVA,MORTARA,2.890845070422535,2.0,284,2023-01-02,2023-12-30,114,68,24,45.252171,8.731639,13:27,286,7
REG,10043,ALESSANDRIA,MI.P.GENOVA,OLEVANO,4.230769230769231,2.0,286,2023-01-02,2023-12-30,141,91,26,45.212119,8.71182,13:33,286,8
REG,10043,ALESSANDRIA,MI.P.GENOVA,VALLE LOMELLINA,3.8811188811188813,2.0,286,2023-01-02,2023-12-30,138,89,30,45.150588,8.685874,13:39,286,9
REG,10043,ALESSANDRIA,MI.P.GENOVA,SARTIRANA,1.3286713286713288,0.0,286,2023-01-02,2023-12-30,77,49,17,45.111728,8.67012,13:44,286,10
REG,10043,ALESSANDRIA,MI.P.GENOVA,TORREBERETTI,3.6818181818181817,2.0,286,2023-01-02,2023-12-30,125,74,39,45.060533,8.660431,13:49,286,11
REG,10043,ALESSANDRIA,MI.P.GENOVA,VALENZA,6.681818181818182,5.0,286,2023-01-02,2023-12-30,195,150,48,45.023527,8.625808,13:55,286,12
REG,10043,ALESSANDRIA,MI.P.GENOVA,VALMADONNA,6.181818181818182,4.0,286,2023-01-02,2023-12-30,173,113,43,44.972588,8.610667,14:04,286,13
REG,10043,ALESSANDRIA,MI.P.GENOVA,ALESSANDRIA,5.1328671328671325,3.0,286,2023-01-02,2023-12-30,159,108,46,44.909091,8.606498,14:14,286,14
