train_class,train_number,train_arrival_stop_name,train_departure_stop_name,stop_name,avg_arrival_delay,median_arrival_delay,count_dates_stop,first_date,last_date,count_3m_delay,count_5m_delay,count_10m_delay,stop_lat,stop_lon,stop_time,count_dates_train,stop_number
REG,16291,VENEZIA SANTA LUCIA,BASSANO DEL GRAPPA,BASSANO DEL GRAPPA,2.2130681818181817,2.0,352,2023-01-01,2023-12-31,61,18,5,45.766697,11.741525,06:21,352,1
REG,16291,VENEZIA SANTA LUCIA,BASSANO DEL GRAPPA,CASTELLO DI GODEGO,-0.6221590909090909,-1.0,352,2023-01-01,2023-12-31,21,8,2,45.688082,11.87759,06:34,352,2
REG,16291,VENEZIA SANTA LUCIA,BASSANO DEL GRAPPA,CASTELFRANCO VENETO,-0.625,-1.0,352,2023-01-01,2023-12-31,12,4,2,45.666439,11.934315,06:44,352,3
REG,16291,VENEZIA SANTA LUCIA,BASSANO DEL GRAPPA,PIOMBINO DESE,3.0454545454545454,3.0,352,2023-01-01,2023-12-31,195,46,3,45.60944,12.00058,06:52,352,4
REG,16291,VENEZIA SANTA LUCIA,BASSANO DEL GRAPPA,NOALE SCORZE`,2.9515669515669516,3.0,351,2023-01-01,2023-12-31,190,43,3,45.553833,12.074888,07:00,352,5
REG,16291,VENEZIA SANTA LUCIA,BASSANO DEL GRAPPA,MAERNE DI MARTELLAGO,4.090909090909091,4.0,352,2023-01-01,2023-12-31,286,124,5,45.514799,12.150629,07:08,352,6
REG,16291,VENEZIA SANTA LUCIA,BASSANO DEL GRAPPA,SPINEA,3.039772727272727,3.0,352,2023-01-01,2023-12-31,197,69,3,45.491568,12.177168,07:13,352,7
REG,16291,VENEZIA SANTA LUCIA,BASSANO DEL GRAPPA,VENEZIA MESTRE,2.15625,2.0,352,2023-01-01,2023-12-31,141,44,3,45.482123,12.232069,07:21,352,8
REG,16291,VENEZIA SANTA LUCIA,BASSANO DEL GRAPPA,VENEZIA SANTA LUCIA,0.15625,0.0,352,2023-01-01,2023-12-31,46,13,3,45.441569,12.320882,07:33,352,9
