train_class,train_number,train_arrival_stop_name,train_departure_stop_name,stop_name,avg_arrival_delay,median_arrival_delay,count_dates_stop,first_date,last_date,count_3m_delay,count_5m_delay,count_10m_delay,stop_lat,stop_lon,stop_time,count_dates_train,stop_number
REG,19386,LA SPEZIA CENTRALE,LIVORNO CENTRALE,LIVORNO CENTRALE,1.3435374149659864,1.0,294,2023-01-02,2023-12-30,24,7,1,43.55406,10.336593,05:09,294,1
REG,19386,LA SPEZIA CENTRALE,LIVORNO CENTRALE,PISA CENTRALE,3.7030716723549486,3.0,293,2023-01-02,2023-12-30,200,65,6,43.70794,10.398183,05:23,294,2
REG,19386,LA SPEZIA CENTRALE,LIVORNO CENTRALE,PISA SAN ROSSORE,1.370748299319728,1.0,294,2023-01-02,2023-12-30,54,20,5,43.723702,10.387363,05:30,294,3
REG,19386,LA SPEZIA CENTRALE,LIVORNO CENTRALE,TORRE DEL LAGO PUCCINI,2.6666666666666665,2.0,294,2023-01-02,2023-12-30,106,40,10,43.826501,10.290287,05:39,294,4
REG,19386,LA SPEZIA CENTRALE,LIVORNO CENTRALE,VIAREGGIO,3.2389078498293515,2.0,293,2023-01-02,2023-12-30,134,54,12,43.865947,10.257886,05:45,294,5
REG,19386,LA SPEZIA CENTRALE,LIVORNO CENTRALE,PIETRASANTA,2.812925170068027,2.0,294,2023-01-02,2023-12-30,117,47,11,43.95583,10.229731,05:55,294,6
REG,19386,LA SPEZIA CENTRALE,LIVORNO CENTRALE,FORTE DEI MARMI SERRAVEZZA Q.,2.520408163265306,2.0,294,2023-01-02,2023-12-30,105,46,10,43.97777,10.19936,06:00,294,7
REG,19386,LA SPEZIA CENTRALE,LIVORNO CENTRALE,MASSA CENTRO,1.7959183673469388,1.0,294,2023-01-02,2023-12-30,78,39,13,44.023741,10.136041,06:07,294,8
REG,19386,LA SPEZIA CENTRALE,LIVORNO CENTRALE,SARZANA,3.7891156462585034,3.0,294,2023-01-02,2023-12-30,179,53,13,44.108865,9.960657,06:22,294,9
REG,19386,LA SPEZIA CENTRALE,LIVORNO CENTRALE,LA SPEZIA MIGLIARINA,5.649659863945578,5.0,294,2023-01-02,2023-12-30,272,163,26,44.123391,9.84028,06:39,294,10
REG,19386,LA SPEZIA CENTRALE,LIVORNO CENTRALE,LA SPEZIA CENTRALE,1.1768707482993197,1.0,294,2023-01-02,2023-12-30,80,31,8,44.11141,9.813906,06:50,294,11
