train_class,train_number,train_arrival_stop_name,train_departure_stop_name,stop_name,avg_arrival_delay,median_arrival_delay,count_dates_stop,first_date,last_date,count_3m_delay,count_5m_delay,count_10m_delay,stop_lat,stop_lon,stop_time,count_dates_train,stop_number
REG,17523,IMOLA,BOLOGNA C.LE,BOLOGNA C.LE,2.420689655172414,2.0,290,2023-01-02,2023-12-30,75,34,8,44.50626,11.342267,18:18,290,1
REG,17523,IMOLA,BOLOGNA C.LE,BOLOGNA SAN VITALE,3.079310344827586,2.0,290,2023-01-02,2023-12-30,126,58,8,,,18:22,290,2
REG,17523,IMOLA,BOLOGNA C.LE,OZZANO DELL'EMILIA,5.520689655172414,5.0,290,2023-01-02,2023-12-30,246,154,32,44.450797,11.487297,18:31,290,3
REG,17523,IMOLA,BOLOGNA C.LE,VARIGNANA,5.213793103448276,4.0,290,2023-01-02,2023-12-30,228,142,28,44.436796,11.523078,18:35,290,4
REG,17523,IMOLA,BOLOGNA C.LE,CASTEL S.PIETRO TERME,3.296551724137931,3.0,290,2023-01-02,2023-12-30,154,84,16,44.407376,11.597681,18:41,290,5
REG,17523,IMOLA,BOLOGNA C.LE,IMOLA,2.872413793103448,2.0,290,2023-01-02,2023-12-30,134,75,20,44.359418,11.718723,18:50,290,6
