train_class,train_number,train_arrival_stop_name,train_departure_stop_name,stop_name,avg_arrival_delay,median_arrival_delay,count_dates_stop,first_date,last_date,count_3m_delay,count_5m_delay,count_10m_delay,stop_lat,stop_lon,stop_time,count_dates_train,stop_number
REG,16788,TREVISO C.,VENEZIA SANTA LUCIA,VENEZIA SANTA LUCIA,2.327731092436975,2.0,238,2023-01-02,2023-12-29,85,23,3,45.441569,12.320882,12:43,238,1
REG,16788,TREVISO C.,VENEZIA SANTA LUCIA,VENEZIA MESTRE,3.033613445378151,3.0,238,2023-01-02,2023-12-29,136,45,2,45.482123,12.232069,12:54,238,2
REG,16788,TREVISO C.,VENEZIA SANTA LUCIA,MOGLIANO VENETO,1.3361344537815125,1.0,238,2023-01-02,2023-12-29,52,14,3,45.561964,12.23274,13:06,238,3
REG,16788,TREVISO C.,VENEZIA SANTA LUCIA,TREVISO C.,0.17647058823529413,0.0,238,2023-01-02,2023-12-29,24,7,1,45.659608,12.24614,13:23,238,4
