train_class,train_number,train_arrival_stop_name,train_departure_stop_name,stop_name,avg_arrival_delay,median_arrival_delay,count_dates_stop,first_date,last_date,count_3m_delay,count_5m_delay,count_10m_delay,stop_lat,stop_lon,stop_time,count_dates_train,stop_number
REG,12708,ROMA TERMINI,FROSINONE,FROSINONE,3.0736434108527133,2.0,258,2023-01-02,2023-12-30,89,27,8,41.625333,13.328728,10:07,258,1
REG,12708,ROMA TERMINI,FROSINONE,FERENTINO-SUPINO,2.507751937984496,2.0,258,2023-01-02,2023-12-30,61,22,8,41.6564,13.246971,10:14,258,2
REG,12708,ROMA TERMINI,FROSINONE,MOROLO,2.5968992248062017,2.0,258,2023-01-02,2023-12-30,76,24,11,41.667018,13.194557,10:19,258,3
REG,12708,ROMA TERMINI,FROSINONE,SGURGOLA,2.5426356589147288,1.0,258,2023-01-02,2023-12-30,72,23,12,41.687018,13.146199,10:25,258,4
REG,12708,ROMA TERMINI,FROSINONE,ANAGNI-FIUGGI,1.2957198443579767,0.0,257,2023-01-02,2023-12-30,36,20,10,41.71037,13.09597,10:31,258,5
REG,12708,ROMA TERMINI,FROSINONE,COLLEFERRO-SEGNI-PALIANO,1.3992248062015504,0.0,258,2023-01-02,2023-12-30,41,22,9,41.740062,13.00299,10:39,258,6
REG,12708,ROMA TERMINI,FROSINONE,VALMONTONE,3.5859375,2.0,256,2023-01-02,2023-12-30,98,39,14,41.774291,12.923696,10:46,258,7
REG,12708,ROMA TERMINI,FROSINONE,LABICO,2.91015625,1.0,256,2023-01-02,2023-12-30,70,28,11,,,10:51,258,8
REG,12708,ROMA TERMINI,FROSINONE,ZAGAROLO,0.32170542635658916,-1.0,258,2023-01-02,2023-12-30,31,17,9,41.821927,12.82692,10:59,258,9
REG,12708,ROMA TERMINI,FROSINONE,COLONNA GALLERIA,3.404669260700389,2.0,257,2023-01-02,2023-12-30,81,32,11,,,11:04,258,10
REG,12708,ROMA TERMINI,FROSINONE,COLLE MATTIA,2.744186046511628,1.0,258,2023-01-02,2023-12-30,64,29,10,41.832756,12.728329,11:08,258,11
REG,12708,ROMA TERMINI,FROSINONE,TOR VERGATA,4.284046692607004,3.0,257,2023-01-02,2023-12-30,159,53,15,41.823224,12.666162,11:13,258,12
REG,12708,ROMA TERMINI,FROSINONE,CIAMPINO,2.9767441860465116,2.0,258,2023-01-02,2023-12-30,80,35,11,41.804442,12.599546,11:19,258,13
REG,12708,ROMA TERMINI,FROSINONE,ROMA TERMINI,1.244186046511628,0.0,258,2023-01-02,2023-12-30,29,14,8,41.900636,12.502026,11:35,258,14
