train_class,train_number,train_arrival_stop_name,train_departure_stop_name,stop_name,avg_arrival_delay,median_arrival_delay,count_dates_stop,first_date,last_date,count_3m_delay,count_5m_delay,count_10m_delay,stop_lat,stop_lon,stop_time,count_dates_train,stop_number
REG,12644,COLLEFERRO-SEGNI-PALIANO,CASSINO,CASSINO,2.4864864864864864,1.0,37,2023-07-28,2023-09-03,6,1,1,41.484306,13.832125,20:18,37,1
REG,12644,COLLEFERRO-SEGNI-PALIANO,CASSINO,PIEDIMONTE-V.S.L.-AQUINO,2.0,1.0,37,2023-07-28,2023-09-03,4,2,1,,,20:25,37,2
REG,12644,COLLEFERRO-SEGNI-PALIANO,CASSINO,ROCCASECCA,0.918918918918919,0.0,37,2023-07-28,2023-09-03,3,2,1,41.526377,13.645814,20:32,37,3
REG,12644,COLLEFERRO-SEGNI-PALIANO,CASSINO,ISOLETTA-S.GIOVANNI I.,2.2432432432432434,1.0,37,2023-07-28,2023-09-03,6,2,1,41.527873,13.547095,20:39,37,4
REG,12644,COLLEFERRO-SEGNI-PALIANO,CASSINO,CEPRANO-FALVATERRA,0.7297297297297297,-1.0,37,2023-07-28,2023-09-03,4,2,1,41.523962,13.523481,20:43,37,5
REG,12644,COLLEFERRO-SEGNI-PALIANO,CASSINO,CASTRO-POFI,2.3783783783783785,1.0,37,2023-07-28,2023-09-03,5,2,1,41.533014,13.410741,20:51,37,6
REG,12644,COLLEFERRO-SEGNI-PALIANO,CASSINO,CECCANO,1.5675675675675675,0.0,37,2023-07-28,2023-09-03,4,3,1,41.573583,13.336417,20:59,37,7
REG,12644,COLLEFERRO-SEGNI-PALIANO,CASSINO,FROSINONE,0.9459459459459459,-1.0,37,2023-07-28,2023-09-03,4,3,1,41.625333,13.328728,21:06,37,8
REG,12644,COLLEFERRO-SEGNI-PALIANO,CASSINO,FERENTINO-SUPINO,3.189189189189189,2.0,37,2023-07-28,2023-09-03,10,5,1,41.6564,13.246971,21:13,37,9
REG,12644,COLLEFERRO-SEGNI-PALIANO,CASSINO,MOROLO,1.1081081081081081,-1.0,37,2023-07-28,2023-09-03,6,5,2,41.667018,13.194557,21:19,37,10
REG,12644,COLLEFERRO-SEGNI-PALIANO,CASSINO,SGURGOLA,1.2972972972972974,-1.0,37,2023-07-28,2023-09-03,6,5,2,41.687018,13.146199,21:25,37,11
REG,12644,COLLEFERRO-SEGNI-PALIANO,CASSINO,ANAGNI-FIUGGI,1.6486486486486487,0.0,37,2023-07-28,2023-09-03,6,3,2,41.71037,13.09597,21:30,37,12
REG,12644,COLLEFERRO-SEGNI-PALIANO,CASSINO,COLLEFERRO-SEGNI-PALIANO,-1.5405405405405406,-3.0,37,2023-07-28,2023-09-03,2,2,2,41.740062,13.00299,21:42,37,13
