train_class,train_number,train_arrival_stop_name,train_departure_stop_name,stop_name,avg_arrival_delay,median_arrival_delay,count_dates_stop,first_date,last_date,count_3m_delay,count_5m_delay,count_10m_delay,stop_lat,stop_lon,stop_time,count_dates_train,stop_number
REG,17025,PORTOGRUARO CAORLE,VENEZIA SANTA LUCIA,VENEZIA SANTA LUCIA,2.3257790368271953,2.0,353,2023-01-01,2023-12-31,116,26,5,45.441569,12.320882,08:09,353,1
REG,17025,PORTOGRUARO CAORLE,VENEZIA SANTA LUCIA,VENEZIA MESTRE,2.575070821529745,2.0,353,2023-01-01,2023-12-31,147,44,8,45.482123,12.232069,08:20,353,2
REG,17025,PORTOGRUARO CAORLE,VENEZIA SANTA LUCIA,QUARTO D`ALTINO,1.801699716713881,1.0,353,2023-01-01,2023-12-31,75,37,6,45.574576,12.365032,08:38,353,3
REG,17025,PORTOGRUARO CAORLE,VENEZIA SANTA LUCIA,S. DONA` DI PIAVE,1.4645892351274787,1.0,353,2023-01-01,2023-12-31,66,25,6,45.63983,12.559791,08:55,353,4
REG,17025,PORTOGRUARO CAORLE,VENEZIA SANTA LUCIA,S. STINO DI LIVENZA,0.8753541076487252,0.0,353,2023-01-01,2023-12-31,36,19,5,45.721088,12.682769,09:08,353,5
REG,17025,PORTOGRUARO CAORLE,VENEZIA SANTA LUCIA,PORTOGRUARO CAORLE,1.6487252124645893,1.0,353,2023-01-01,2023-12-31,86,20,5,45.781438,12.832375,09:21,353,6
