train_class,train_number,train_arrival_stop_name,train_departure_stop_name,stop_name,avg_arrival_delay,median_arrival_delay,count_dates_stop,first_date,last_date,count_3m_delay,count_5m_delay,count_10m_delay,stop_lat,stop_lon,stop_time,count_dates_train,stop_number
REG,17031,PORTOGRUARO CAORLE,VENEZIA SANTA LUCIA,VENEZIA SANTA LUCIA,1.0878186968838528,1.0,353,2023-01-01,2023-12-31,25,9,3,45.441569,12.320882,06:09,353,1
REG,17031,PORTOGRUARO CAORLE,VENEZIA SANTA LUCIA,VENEZIA MESTRE,0.8498583569405099,1.0,353,2023-01-01,2023-12-31,27,9,3,45.482123,12.232069,06:20,353,2
REG,17031,PORTOGRUARO CAORLE,VENEZIA SANTA LUCIA,QUARTO D`ALTINO,1.1699716713881019,1.0,353,2023-01-01,2023-12-31,31,9,4,45.574576,12.365032,06:38,353,3
REG,17031,PORTOGRUARO CAORLE,VENEZIA SANTA LUCIA,S. DONA` DI PIAVE,1.2152974504249292,1.0,353,2023-01-01,2023-12-31,45,13,4,45.63983,12.559791,06:55,353,4
REG,17031,PORTOGRUARO CAORLE,VENEZIA SANTA LUCIA,S. STINO DI LIVENZA,0.9915014164305949,1.0,353,2023-01-01,2023-12-31,32,14,6,45.721088,12.682769,07:08,353,5
REG,17031,PORTOGRUARO CAORLE,VENEZIA SANTA LUCIA,PORTOGRUARO CAORLE,2.1189801699716715,1.0,353,2023-01-01,2023-12-31,91,23,9,45.781438,12.832375,07:21,353,6
