train_class,train_number,train_arrival_stop_name,train_departure_stop_name,stop_name,avg_arrival_delay,median_arrival_delay,count_dates_stop,first_date,last_date,count_3m_delay,count_5m_delay,count_10m_delay,stop_lat,stop_lon,stop_time,count_dates_train,stop_number
REG,17623,LAVEZZOLA,FERRARA,FERRARA,3.2857142857142856,1.0,14,2023-05-03,2023-08-05,3,1,1,44.843047,11.603594,13:35,14,1
REG,17623,LAVEZZOLA,FERRARA,MONTESANTO,4.428571428571429,2.0,14,2023-05-03,2023-08-05,4,2,1,44.732964,11.73652,13:50,14,2
REG,17623,LAVEZZOLA,FERRARA,PORTOMAGGIORE,0.5714285714285714,-2.0,14,2023-05-03,2023-08-05,2,1,1,44.696699,11.799785,13:59,14,3
REG,17623,LAVEZZOLA,FERRARA,ARGENTA,1.1428571428571428,-1.0,14,2023-05-03,2023-08-05,1,1,1,44.616867,11.841267,14:09,14,4
REG,17623,LAVEZZOLA,FERRARA,S.BIAGIO,2.9285714285714284,1.0,14,2023-05-03,2023-08-05,1,1,1,44.594511,11.87054,14:13,14,5
REG,17623,LAVEZZOLA,FERRARA,LAVEZZOLA,1.0,-1.0,14,2023-05-03,2023-08-05,1,1,1,44.559591,11.880154,14:18,14,6
