train_class,train_number,train_arrival_stop_name,train_departure_stop_name,stop_name,avg_arrival_delay,median_arrival_delay,count_dates_stop,first_date,last_date,count_3m_delay,count_5m_delay,count_10m_delay,stop_lat,stop_lon,stop_time,count_dates_train,stop_number
REG,10032,MI.P.GENOVA,MORTARA,MORTARA,3.148367952522255,2.0,337,2023-01-01,2023-12-31,167,86,4,45.252171,8.731639,09:33,337,1
REG,10032,MI.P.GENOVA,MORTARA,PARONA LOMELLINA,2.6409495548961424,2.0,337,2023-01-01,2023-12-31,149,79,5,45.280107,8.780315,09:38,337,2
REG,10032,MI.P.GENOVA,MORTARA,VIGEVANO,3.3175074183976263,3.0,337,2023-01-01,2023-12-31,175,96,12,45.312712,8.861977,09:44,337,3
REG,10032,MI.P.GENOVA,MORTARA,ABBIATEGRASSO,4.44213649851632,4.0,337,2023-01-01,2023-12-31,226,130,28,45.400631,8.921305,09:53,337,4
REG,10032,MI.P.GENOVA,MORTARA,ALBAIRATE VERMEZZO,4.682492581602374,4.0,337,2023-01-01,2023-12-31,226,136,33,,,09:58,337,5
REG,10032,MI.P.GENOVA,MORTARA,MILANO S. CRISTOFORO,3.675595238095238,3.0,336,2023-01-01,2023-12-31,175,98,28,45.442404,9.130258,10:09,337,6
REG,10032,MI.P.GENOVA,MORTARA,MI.P.GENOVA,1.9228486646884273,1.0,337,2023-01-01,2023-12-31,106,62,24,45.453379,9.169303,10:18,337,7
