train_class,train_number,train_arrival_stop_name,train_departure_stop_name,stop_name,avg_arrival_delay,median_arrival_delay,count_dates_stop,first_date,last_date,count_3m_delay,count_5m_delay,count_10m_delay,stop_lat,stop_lon,stop_time,count_dates_train,stop_number
REG,18777,AREZZO,FIRENZE S.M.N.,FIRENZE S.M.N.,2.1636363636363636,1.0,55,2023-01-01,2023-12-31,11,4,2,43.776893,11.247373,17:20,55,1
REG,18777,AREZZO,FIRENZE S.M.N.,FIRENZE CAMPO MARTE,2.890909090909091,2.0,55,2023-01-01,2023-12-31,21,6,3,43.776856,11.27702,17:25,55,2
REG,18777,AREZZO,FIRENZE S.M.N.,COMPIOBBI,3.0727272727272728,2.0,55,2023-01-01,2023-12-31,26,10,3,43.782527,11.358695,17:35,55,3
REG,18777,AREZZO,FIRENZE S.M.N.,PONTASSIEVE,2.2545454545454544,1.0,55,2023-01-01,2023-12-31,18,7,2,43.773949,11.437904,17:45,55,4
REG,18777,AREZZO,FIRENZE S.M.N.,RIGNANO SULL`ARNO REGGELLO,0.45454545454545453,-1.0,55,2023-01-01,2023-12-31,8,7,2,43.720834,11.452383,17:56,55,5
REG,18777,AREZZO,FIRENZE S.M.N.,INCISA,1.018181818181818,0.0,55,2023-01-01,2023-12-31,9,6,2,43.656541,11.452728,18:03,55,6
REG,18777,AREZZO,FIRENZE S.M.N.,FIGLINE VALDARNO,1.0727272727272728,0.0,55,2023-01-01,2023-12-31,9,5,2,43.621596,11.473652,18:08,55,7
REG,18777,AREZZO,FIRENZE S.M.N.,S.GIOVANNI VALDARNO,2.6,2.0,55,2023-01-01,2023-12-31,15,7,2,43.56601,11.527033,18:13,55,8
REG,18777,AREZZO,FIRENZE S.M.N.,MONTEVARCHI TERRANUOVA,2.1818181818181817,1.0,55,2023-01-01,2023-12-31,15,8,2,43.525165,11.563983,18:18,55,9
REG,18777,AREZZO,FIRENZE S.M.N.,LATERINA,1.9454545454545455,1.0,55,2023-01-01,2023-12-31,15,6,3,43.496458,11.660573,18:31,55,10
REG,18777,AREZZO,FIRENZE S.M.N.,PONTICINO,1.1636363636363636,0.0,55,2023-01-01,2023-12-31,11,6,2,43.481446,11.71657,18:37,55,11
REG,18777,AREZZO,FIRENZE S.M.N.,AREZZO,2.2545454545454544,0.0,55,2023-01-01,2023-12-31,12,9,4,43.461725,11.874189,18:50,55,12
