train_class,train_number,train_arrival_stop_name,train_departure_stop_name,stop_name,avg_arrival_delay,median_arrival_delay,count_dates_stop,first_date,last_date,count_3m_delay,count_5m_delay,count_10m_delay,stop_lat,stop_lon,stop_time,count_dates_train,stop_number
REG,12771,ROMA TIBURTINA PIAZZALE EST,TIVOLI,TIVOLI,1.0933333333333333,1.0,75,2023-01-02,2023-03-31,6,4,0,41.961849,12.805047,15:08,75,1
REG,12771,ROMA TIBURTINA PIAZZALE EST,TIVOLI,MARCELLINA-PALOMBARA,1.1466666666666667,1.0,75,2023-01-02,2023-03-31,7,4,0,41.999609,12.79134,15:14,75,2
REG,12771,ROMA TIBURTINA PIAZZALE EST,TIVOLI,GUIDONIA-MONTECELIO-S.ANGELO,0.6933333333333334,0.0,75,2023-01-02,2023-03-31,6,3,0,41.993405,12.725681,15:23,75,3
REG,12771,ROMA TIBURTINA PIAZZALE EST,TIVOLI,BAGNI DI TIVOLI,2.84,2.0,75,2023-01-02,2023-03-31,26,23,2,41.949593,12.722208,15:34,75,4
REG,12771,ROMA TIBURTINA PIAZZALE EST,TIVOLI,LUNGHEZZA,1.44,1.0,75,2023-01-02,2023-03-31,24,10,1,41.923253,12.667212,15:45,75,5
REG,12771,ROMA TIBURTINA PIAZZALE EST,TIVOLI,PONTE DI NONA,0.38666666666666666,-1.0,75,2023-01-02,2023-03-31,13,6,1,42.061563,13.581585,15:48,75,6
REG,12771,ROMA TIBURTINA PIAZZALE EST,TIVOLI,SALONE,1.3066666666666666,1.0,75,2023-01-02,2023-03-31,16,8,1,41.915253,12.636215,15:51,75,7
REG,12771,ROMA TIBURTINA PIAZZALE EST,TIVOLI,LA RUSTICA UIR,0.52,0.0,75,2023-01-02,2023-03-31,11,5,1,,,15:54,75,8
REG,12771,ROMA TIBURTINA PIAZZALE EST,TIVOLI,TOR SAPIENZA,-0.29333333333333333,-1.0,75,2023-01-02,2023-03-31,6,3,1,41.907095,12.594489,16:01,75,9
REG,12771,ROMA TIBURTINA PIAZZALE EST,TIVOLI,ROMA PRENESTINA,-1.0666666666666667,-2.0,75,2023-01-02,2023-03-31,3,2,1,41.897571,12.545803,16:12,75,10
REG,12771,ROMA TIBURTINA PIAZZALE EST,TIVOLI,ROMA TIBURTINA PIAZZALE EST,-0.6533333333333333,-1.0,75,2023-01-02,2023-03-31,2,2,1,41.910903,12.530749,16:18,75,11
