train_class,train_number,train_arrival_stop_name,train_departure_stop_name,stop_name,avg_arrival_delay,median_arrival_delay,count_dates_stop,first_date,last_date,count_3m_delay,count_5m_delay,count_10m_delay,stop_lat,stop_lon,stop_time,count_dates_train,stop_number
REG,12218,SESTRI LEVANTE,LA SPEZIA CENTRALE,LA SPEZIA CENTRALE,2.9806629834254146,2.0,362,2023-01-01,2023-12-31,160,51,4,44.11141,9.813906,08:15,362,1
REG,12218,SESTRI LEVANTE,LA SPEZIA CENTRALE,CORNIGLIA,2.6933701657458564,2.0,362,2023-01-01,2023-12-31,136,46,7,44.119938,9.711051,08:29,362,2
REG,12218,SESTRI LEVANTE,LA SPEZIA CENTRALE,MONTEROSSO,2.8066298342541436,2.0,362,2023-01-01,2023-12-31,148,64,13,44.145967,9.649009,08:38,362,3
REG,12218,SESTRI LEVANTE,LA SPEZIA CENTRALE,LEVANTO,1.787292817679558,1.0,362,2023-01-01,2023-12-31,98,43,14,44.174167,9.616018,08:44,362,4
REG,12218,SESTRI LEVANTE,LA SPEZIA CENTRALE,FRAMURA,1.1160220994475138,0.0,362,2023-01-01,2023-12-31,75,31,12,44.201903,9.555169,08:53,362,5
REG,12218,SESTRI LEVANTE,LA SPEZIA CENTRALE,DEIVA MARINA,-0.11357340720221606,-1.0,361,2023-01-01,2023-12-31,39,21,8,44.217306,9.519022,08:59,362,6
REG,12218,SESTRI LEVANTE,LA SPEZIA CENTRALE,RIVA TRIGOSO,1.7541436464088398,1.0,362,2023-01-01,2023-12-31,50,31,10,44.26391,9.429277,09:10,362,7
REG,12218,SESTRI LEVANTE,LA SPEZIA CENTRALE,SESTRI LEVANTE,-2.9005524861878453,-4.0,362,2023-01-01,2023-12-31,14,11,4,44.27626,9.397651,09:19,362,8
