train_class,train_number,train_arrival_stop_name,train_departure_stop_name,stop_name,avg_arrival_delay,median_arrival_delay,count_dates_stop,first_date,last_date,count_3m_delay,count_5m_delay,count_10m_delay,stop_lat,stop_lon,stop_time,count_dates_train,stop_number
REG,19836,BARI CENTRALE,GIOIA DEL COLLE,GIOIA DEL COLLE,1.6020066889632107,1.0,299,2023-01-02,2023-12-30,20,5,2,40.796983,16.916569,09:30,299,1
REG,19836,BARI CENTRALE,GIOIA DEL COLLE,ACQUAVIVA DELLE FONTI,0.3311036789297659,0.0,299,2023-01-02,2023-12-30,10,4,2,40.892806,16.839826,09:38,299,2
REG,19836,BARI CENTRALE,GIOIA DEL COLLE,GRUMO APPULA,1.351170568561873,1.0,299,2023-01-02,2023-12-30,32,6,2,41.01199,16.718777,09:49,299,3
REG,19836,BARI CENTRALE,GIOIA DEL COLLE,BITETTO PALO DEL COLLE,1.100334448160535,1.0,299,2023-01-02,2023-12-30,20,5,2,41.041481,16.74053,09:53,299,4
REG,19836,BARI CENTRALE,GIOIA DEL COLLE,MODUGNO,6.869565217391305,7.0,299,2023-01-02,2023-12-30,598,598,8,,,09:58,299,5
REG,19836,BARI CENTRALE,GIOIA DEL COLLE,BARI CENTRALE,-1.4882943143812708,-2.0,299,2023-01-02,2023-12-30,11,9,4,41.11774,16.869601,10:10,299,6
