train_class,train_number,train_arrival_stop_name,train_departure_stop_name,stop_name,avg_arrival_delay,median_arrival_delay,count_dates_stop,first_date,last_date,count_3m_delay,count_5m_delay,count_10m_delay,stop_lat,stop_lon,stop_time,count_dates_train,stop_number
REG,12683,LATINA,ROMA TERMINI,ROMA TERMINI,2.8540772532188843,1.0,233,2023-01-02,2023-12-28,61,36,20,41.900636,12.502026,17:06,233,1
REG,12683,LATINA,ROMA TERMINI,TORRICOLA,2.515021459227468,1.0,233,2023-01-02,2023-12-28,59,33,17,41.809538,12.557716,17:16,233,2
REG,12683,LATINA,ROMA TERMINI,POMEZIA - S.PALOMBA,2.5474137931034484,1.0,232,2023-01-02,2023-12-28,64,37,19,41.706171,12.573611,17:24,233,3
REG,12683,LATINA,ROMA TERMINI,CAMPOLEONE,2.927038626609442,1.0,233,2023-01-02,2023-12-28,75,46,21,41.642396,12.648341,17:31,233,4
REG,12683,LATINA,ROMA TERMINI,CISTERNA DI LATINA,1.8068669527896997,0.0,233,2023-01-02,2023-12-28,67,41,17,41.586511,12.827538,17:42,233,5
REG,12683,LATINA,ROMA TERMINI,LATINA,2.3776824034334765,1.0,233,2023-01-02,2023-12-28,71,40,16,41.538372,12.945888,17:52,233,6
