train_class,train_number,train_arrival_stop_name,train_departure_stop_name,stop_name,avg_arrival_delay,median_arrival_delay,count_dates_stop,first_date,last_date,count_3m_delay,count_5m_delay,count_10m_delay,stop_lat,stop_lon,stop_time,count_dates_train,stop_number
REG,17368,CARNIA,TRIESTE CENTRALE,TRIESTE CENTRALE,0.6016597510373444,0.0,241,2023-01-02,2023-12-29,10,2,2,45.657456,13.771873,15:58,241,1
REG,17368,CARNIA,TRIESTE CENTRALE,MIRAMARE,-1.3070539419087137,-2.0,241,2023-01-02,2023-12-29,4,2,2,,,16:07,241,2
REG,17368,CARNIA,TRIESTE CENTRALE,BIVIO D`AURISINA,1.037344398340249,0.0,241,2023-01-02,2023-12-29,22,10,4,45.754253,13.655777,16:14,241,3
REG,17368,CARNIA,TRIESTE CENTRALE,SISTIANA,0.46887966804979253,0.0,241,2023-01-02,2023-12-29,15,10,6,45.774903,13.645832,16:18,241,4
REG,17368,CARNIA,TRIESTE CENTRALE,MONFALCONE,-0.3941908713692946,-1.0,241,2023-01-02,2023-12-29,16,11,5,45.807683,13.542929,16:27,241,5
REG,17368,CARNIA,TRIESTE CENTRALE,RONCHI DEI LEGIONARI NORD,0.7966804979253111,0.0,241,2023-01-02,2023-12-29,28,11,5,45.830285,13.505962,16:32,241,6
REG,17368,CARNIA,TRIESTE CENTRALE,SAGRADO,1.3858921161825726,1.0,241,2023-01-02,2023-12-29,38,14,5,45.872629,13.484004,16:38,241,7
REG,17368,CARNIA,TRIESTE CENTRALE,GORIZIA CENTRALE,0.08713692946058091,-1.0,241,2023-01-02,2023-12-29,28,10,5,45.933047,13.60684,16:49,241,8
REG,17368,CARNIA,TRIESTE CENTRALE,CORMONS,0.2946058091286307,-1.0,241,2023-01-02,2023-12-29,29,16,6,45.957519,13.461563,16:58,241,9
REG,17368,CARNIA,TRIESTE CENTRALE,S.GIOVANNI AL NATISONE,0.2125,-1.0,240,2023-01-02,2023-12-29,26,16,6,45.976122,13.397437,17:03,241,10
REG,17368,CARNIA,TRIESTE CENTRALE,MANZANO,0.8838174273858921,0.0,241,2023-01-02,2023-12-29,24,17,6,45.98811,13.375016,17:07,241,11
REG,17368,CARNIA,TRIESTE CENTRALE,BUTTRIO,0.9087136929460581,0.0,241,2023-01-02,2023-12-29,20,13,5,46.012664,13.329039,17:12,241,12
REG,17368,CARNIA,TRIESTE CENTRALE,UDINE,-1.2780082987551866,-2.0,241,2023-01-02,2023-12-29,17,10,4,46.055791,13.242003,17:22,241,13
REG,17368,CARNIA,TRIESTE CENTRALE,TARCENTO,0.9128630705394191,0.0,241,2023-01-02,2023-12-29,44,19,6,46.209134,13.196211,17:50,241,14
REG,17368,CARNIA,TRIESTE CENTRALE,GEMONA DEL FRIULI,0.17427385892116182,-1.0,241,2023-01-02,2023-12-29,25,13,6,46.274243,13.127978,18:00,241,15
REG,17368,CARNIA,TRIESTE CENTRALE,CARNIA,-0.7219917012448133,-2.0,241,2023-01-02,2023-12-29,15,8,6,46.373634,13.132847,18:13,241,16
