train_class,train_number,train_arrival_stop_name,train_departure_stop_name,stop_name,avg_arrival_delay,median_arrival_delay,count_dates_stop,first_date,last_date,count_3m_delay,count_5m_delay,count_10m_delay,stop_lat,stop_lon,stop_time,count_dates_train,stop_number
REG,16256,CONEGLIANO,BELLUNO,BELLUNO,1.75,1.0,60,2023-01-01,2023-12-31,8,2,0,46.141594,12.209703,16:20,60,1
REG,16256,CONEGLIANO,BELLUNO,PONTE NELLE ALPI POLPET,1.6,1.0,60,2023-01-01,2023-12-31,8,2,0,46.182328,12.277604,16:28,60,2
REG,16256,CONEGLIANO,BELLUNO,STAZIONE PER L`ALPAGO,1.75,2.0,60,2023-01-01,2023-12-31,6,1,0,46.137574,12.316066,16:40,60,3
REG,16256,CONEGLIANO,BELLUNO,VITTORIO VENETO,0.7166666666666667,0.0,60,2023-01-01,2023-12-31,4,2,1,45.989946,12.29327,17:00,60,4
REG,16256,CONEGLIANO,BELLUNO,SOFFRATTA,0.4,0.0,60,2023-01-01,2023-12-31,4,2,1,45.976377,12.299346,17:04,60,5
REG,16256,CONEGLIANO,BELLUNO,CONEGLIANO,-1.4833333333333334,-2.0,60,2023-01-01,2023-12-31,2,1,1,45.884706,12.298909,17:18,60,6
