train_class,train_number,train_arrival_stop_name,train_departure_stop_name,stop_name,avg_arrival_delay,median_arrival_delay,count_dates_stop,first_date,last_date,count_3m_delay,count_5m_delay,count_10m_delay,stop_lat,stop_lon,stop_time,count_dates_train,stop_number
REG,12766,TIVOLI,ROMA TIBURTINA PIAZZALE EST,ROMA TIBURTINA PIAZZALE EST,1.2142857142857142,1.0,14,2023-01-01,2023-03-26,2,0,0,41.910903,12.530749,15:50,14,1
REG,12766,TIVOLI,ROMA TIBURTINA PIAZZALE EST,ROMA PRENESTINA,0.14285714285714285,0.0,14,2023-01-01,2023-03-26,1,0,0,41.897571,12.545803,15:55,14,2
REG,12766,TIVOLI,ROMA TIBURTINA PIAZZALE EST,TOR SAPIENZA,-0.5,-1.0,14,2023-01-01,2023-03-26,0,0,0,41.907095,12.594489,16:04,14,3
REG,12766,TIVOLI,ROMA TIBURTINA PIAZZALE EST,PONTE DI NONA,-0.6428571428571429,-1.0,14,2023-01-01,2023-03-26,0,0,0,42.061563,13.581585,16:13,14,4
REG,12766,TIVOLI,ROMA TIBURTINA PIAZZALE EST,LUNGHEZZA,-0.42857142857142855,-1.0,14,2023-01-01,2023-03-26,0,0,0,41.923253,12.667212,16:16,14,5
REG,12766,TIVOLI,ROMA TIBURTINA PIAZZALE EST,BAGNI DI TIVOLI,0.8571428571428571,1.0,14,2023-01-01,2023-03-26,1,0,0,41.949593,12.722208,16:22,14,6
REG,12766,TIVOLI,ROMA TIBURTINA PIAZZALE EST,GUIDONIA-MONTECELIO-S.ANGELO,1.5714285714285714,2.0,14,2023-01-01,2023-03-26,2,0,0,41.993405,12.725681,16:28,14,7
REG,12766,TIVOLI,ROMA TIBURTINA PIAZZALE EST,MARCELLINA-PALOMBARA,1.8571428571428572,2.0,14,2023-01-01,2023-03-26,3,1,1,41.999609,12.79134,16:36,14,8
REG,12766,TIVOLI,ROMA TIBURTINA PIAZZALE EST,TIVOLI,0.35714285714285715,0.0,14,2023-01-01,2023-03-26,0,0,0,41.961849,12.805047,16:45,14,9
