train_class,train_number,train_arrival_stop_name,train_departure_stop_name,stop_name,avg_arrival_delay,median_arrival_delay,count_dates_stop,first_date,last_date,count_3m_delay,count_5m_delay,count_10m_delay,stop_lat,stop_lon,stop_time,count_dates_train,stop_number
REG,19270,PARMA,LA SPEZIA CENTRALE,LA SPEZIA CENTRALE,3.0036496350364965,2.0,274,2023-01-01,2023-12-09,82,40,9,44.11141,9.813906,18:08,274,1
REG,19270,PARMA,LA SPEZIA CENTRALE,LA SPEZIA MIGLIARINA,1.5766423357664234,1.0,274,2023-01-01,2023-12-09,57,25,9,44.123391,9.84028,18:13,274,2
REG,19270,PARMA,LA SPEZIA CENTRALE,VEZZANO LIGURE,2.934306569343066,2.0,274,2023-01-01,2023-12-09,96,42,10,44.127081,9.88928,18:20,274,3
REG,19270,PARMA,LA SPEZIA CENTRALE,S. STEFANO DI MAGRA,3.2153284671532845,2.0,274,2023-01-01,2023-12-09,119,47,13,44.156857,9.915202,18:25,274,4
REG,19270,PARMA,LA SPEZIA CENTRALE,AULLA LUNIGIANA,1.9817518248175183,1.0,274,2023-01-01,2023-12-09,74,33,14,44.210555,9.970015,18:33,274,5
REG,19270,PARMA,LA SPEZIA CENTRALE,VILLAFRANCA - BAGNONE,3.5291970802919708,2.0,274,2023-01-01,2023-12-09,130,75,16,44.294399,9.948096,18:41,274,6
REG,19270,PARMA,LA SPEZIA CENTRALE,PONTREMOLI,1.2846715328467153,0.0,274,2023-01-01,2023-12-09,81,38,10,44.371976,9.887795,18:54,274,7
REG,19270,PARMA,LA SPEZIA CENTRALE,BORGO VAL DI TARO,3.45985401459854,2.0,274,2023-01-01,2023-12-09,133,73,17,44.486522,9.781489,19:11,274,8
REG,19270,PARMA,LA SPEZIA CENTRALE,OSTIA PARMENSE,4.616788321167883,3.0,274,2023-01-01,2023-12-09,153,105,31,44.520136,9.844981,19:19,274,9
REG,19270,PARMA,LA SPEZIA CENTRALE,BERCETO,4.682481751824818,3.0,274,2023-01-01,2023-12-09,152,100,33,44.555912,9.931759,19:29,274,10
REG,19270,PARMA,LA SPEZIA CENTRALE,FORNOVO,6.583941605839416,5.0,274,2023-01-01,2023-12-09,194,147,51,44.693791,10.102014,19:45,274,11
REG,19270,PARMA,LA SPEZIA CENTRALE,OZZANO TARO,7.773722627737226,6.0,274,2023-01-01,2023-12-09,222,170,68,44.712268,10.141022,19:50,274,12
REG,19270,PARMA,LA SPEZIA CENTRALE,COLLECCHIO,5.087591240875913,3.0,274,2023-01-01,2023-12-09,146,103,42,44.755339,10.21228,19:58,274,13
REG,19270,PARMA,LA SPEZIA CENTRALE,PARMA,2.9562043795620436,1.0,274,2023-01-01,2023-12-09,101,67,28,44.810203,10.32837,20:11,274,14
