train_class,train_number,train_arrival_stop_name,train_departure_stop_name,stop_name,avg_arrival_delay,median_arrival_delay,count_dates_stop,first_date,last_date,count_3m_delay,count_5m_delay,count_10m_delay,stop_lat,stop_lon,stop_time,count_dates_train,stop_number
REG,12674,ROMA TERMINI,LATINA,LATINA,2.0413793103448277,1.0,290,2023-01-02,2023-12-30,59,28,8,41.538372,12.945888,08:10,290,1
REG,12674,ROMA TERMINI,LATINA,CISTERNA DI LATINA,1.8310344827586207,1.0,290,2023-01-02,2023-12-30,58,27,8,41.586511,12.827538,08:17,290,2
REG,12674,ROMA TERMINI,LATINA,CAMPOLEONE,2.206896551724138,1.0,290,2023-01-02,2023-12-30,71,38,12,41.642396,12.648341,08:27,290,3
REG,12674,ROMA TERMINI,LATINA,POMEZIA - S.PALOMBA,3.1241379310344826,2.0,290,2023-01-02,2023-12-30,119,57,18,41.706171,12.573611,08:34,290,4
REG,12674,ROMA TERMINI,LATINA,TORRICOLA,2.782758620689655,2.0,290,2023-01-02,2023-12-30,112,56,19,41.809538,12.557716,08:42,290,5
REG,12674,ROMA TERMINI,LATINA,ROMA TERMINI,3.5551724137931036,2.0,290,2023-01-02,2023-12-30,143,72,21,41.900636,12.502026,08:54,290,6
