train_class,train_number,train_arrival_stop_name,train_departure_stop_name,stop_name,avg_arrival_delay,median_arrival_delay,count_dates_stop,first_date,last_date,count_3m_delay,count_5m_delay,count_10m_delay,stop_lat,stop_lon,stop_time,count_dates_train,stop_number
REG,10132,BERGAMO,BRESCIA,BRESCIA,1.3727272727272728,1.0,330,2023-01-01,2023-12-31,25,12,7,45.532315,10.212828,15:57,330,1
REG,10132,BERGAMO,BRESCIA,OSPITALETTO TRAVAGLIATO,0.30303030303030304,0.0,330,2023-01-01,2023-12-31,34,16,6,45.546042,10.074363,16:05,330,2
REG,10132,BERGAMO,BRESCIA,ROVATO,0.2515151515151515,-1.0,330,2023-01-01,2023-12-31,42,16,4,45.55193,10.000924,16:11,330,3
REG,10132,BERGAMO,BRESCIA,COCCAGLIO,0.3151515151515151,-1.0,330,2023-01-01,2023-12-31,43,19,5,45.560971,9.977648,16:15,330,4
REG,10132,BERGAMO,BRESCIA,PALAZZOLO SULL`OGLIO,0.8272727272727273,0.0,330,2023-01-01,2023-12-31,57,24,11,45.601486,9.896235,16:24,330,5
REG,10132,BERGAMO,BRESCIA,GRUMELLO DEL MONTE,1.6303030303030304,1.0,330,2023-01-01,2023-12-31,80,39,17,45.634102,9.862767,16:29,330,6
REG,10132,BERGAMO,BRESCIA,MONTELLO GORLAGO,1.593939393939394,1.0,330,2023-01-01,2023-12-31,81,40,14,45.67017,9.808488,16:38,330,7
REG,10132,BERGAMO,BRESCIA,SERIATE,0.6787878787878788,-1.0,330,2023-01-01,2023-12-31,60,39,12,45.683145,9.724628,16:47,330,8
REG,10132,BERGAMO,BRESCIA,BERGAMO,0.2787878787878788,-1.0,330,2023-01-01,2023-12-31,52,32,7,45.690271,9.675082,16:54,330,9
