train_class,train_number,train_arrival_stop_name,train_departure_stop_name,stop_name,avg_arrival_delay,median_arrival_delay,count_dates_stop,first_date,last_date,count_3m_delay,count_5m_delay,count_10m_delay,stop_lat,stop_lon,stop_time,count_dates_train,stop_number
REG,17426,PIACENZA,BOLOGNA C.LE,BOLOGNA C.LE,3.6147540983606556,2.0,244,2023-01-02,2023-12-29,115,52,14,44.50626,11.342267,18:15,244,1
REG,17426,PIACENZA,BOLOGNA C.LE,CASTELFRANCO D'EMILIA,1.6333333333333333,1.0,240,2023-01-02,2023-12-29,68,40,12,44.597381,11.056408,18:31,244,2
REG,17426,PIACENZA,BOLOGNA C.LE,MODENA,0.05761316872427984,-2.0,243,2023-01-02,2023-12-29,45,25,9,44.654461,10.930373,18:41,244,3
REG,17426,PIACENZA,BOLOGNA C.LE,REGGIO EMILIA,0.8237704918032787,-1.0,244,2023-01-02,2023-12-29,60,39,16,44.697793,10.643093,18:58,244,4
REG,17426,PIACENZA,BOLOGNA C.LE,PARMA,1.48559670781893,0.0,243,2023-01-02,2023-12-29,67,40,15,44.810203,10.32837,19:16,244,5
REG,17426,PIACENZA,BOLOGNA C.LE,FIDENZA,0.06147540983606557,-2.0,244,2023-01-02,2023-12-29,50,33,13,44.86773,10.06339,19:33,244,6
REG,17426,PIACENZA,BOLOGNA C.LE,PIACENZA,-3.278688524590164,-4.0,244,2023-01-02,2023-12-29,21,13,7,45.052238,9.70633,20:00,244,7
