train_class,train_number,train_arrival_stop_name,train_departure_stop_name,stop_name,avg_arrival_delay,median_arrival_delay,count_dates_stop,first_date,last_date,count_3m_delay,count_5m_delay,count_10m_delay,stop_lat,stop_lon,stop_time,count_dates_train,stop_number
REG,16656,BOLZANO,VERONA PORTA NUOVA,VERONA PORTA NUOVA,1.907216494845361,1.0,291,2023-01-02,2023-12-30,41,16,5,45.428603,10.982377,05:20,291,1
REG,16656,BOLZANO,VERONA PORTA NUOVA,DOMEGLIARA,3.8831615120274914,3.0,291,2023-01-02,2023-12-30,174,74,17,45.522348,10.820408,05:33,291,2
REG,16656,BOLZANO,VERONA PORTA NUOVA,ALA,5.175257731958763,4.0,291,2023-01-02,2023-12-30,246,119,29,45.760087,10.996775,05:52,291,3
REG,16656,BOLZANO,VERONA PORTA NUOVA,ROVERETO,4.646048109965636,3.0,291,2023-01-02,2023-12-30,209,105,24,45.890985,11.033518,06:06,291,4
REG,16656,BOLZANO,VERONA PORTA NUOVA,TRENTO,-3.4982817869415808,-5.0,291,2023-01-02,2023-12-30,20,9,3,46.072414,11.118941,06:30,291,5
REG,16656,BOLZANO,VERONA PORTA NUOVA,MEZZOCORONA,2.7800687285223367,2.0,291,2023-01-02,2023-12-30,95,25,8,46.207258,11.128595,06:45,291,6
