train_class,train_number,train_arrival_stop_name,train_departure_stop_name,stop_name,avg_arrival_delay,median_arrival_delay,count_dates_stop,first_date,last_date,count_3m_delay,count_5m_delay,count_10m_delay,stop_lat,stop_lon,stop_time,count_dates_train,stop_number
REG,17459,ANCONA,BOLOGNA C.LE,BOLOGNA C.LE,1.7857142857142858,2.0,14,2023-06-11,2023-09-10,2,0,0,44.50626,11.342267,15:00,14,1
REG,17459,ANCONA,BOLOGNA C.LE,CASTEL S.PIETRO TERME,2.4285714285714284,2.0,14,2023-06-11,2023-09-10,7,0,0,44.407376,11.597681,15:12,14,2
REG,17459,ANCONA,BOLOGNA C.LE,IMOLA,0.0,-1.0,14,2023-06-11,2023-09-10,1,0,0,44.359418,11.718723,15:21,14,3
REG,17459,ANCONA,BOLOGNA C.LE,CASTELBOLOGNESE,0.2857142857142857,-1.0,14,2023-06-11,2023-09-10,3,1,0,44.325391,11.804174,15:28,14,4
REG,17459,ANCONA,BOLOGNA C.LE,FAENZA,1.5714285714285714,1.0,14,2023-06-11,2023-09-10,4,2,0,44.293594,11.883268,15:34,14,5
REG,17459,ANCONA,BOLOGNA C.LE,FORLI`,3.2857142857142856,2.0,14,2023-06-11,2023-09-10,7,4,0,44.22413,12.054871,15:44,14,6
REG,17459,ANCONA,BOLOGNA C.LE,CESENA,1.9285714285714286,1.0,14,2023-06-11,2023-09-10,6,3,0,44.145449,12.24964,15:55,14,7
REG,17459,ANCONA,BOLOGNA C.LE,RIMINI,-1.4285714285714286,-1.0,14,2023-06-11,2023-09-10,1,0,0,44.064176,12.574093,16:15,14,8
REG,17459,ANCONA,BOLOGNA C.LE,RICCIONE,1.5,1.0,14,2023-06-11,2023-09-10,3,1,0,43.999218,12.658549,16:23,14,9
REG,17459,ANCONA,BOLOGNA C.LE,CATTOLICA S.GIOVANNI GABICCE,2.357142857142857,1.0,14,2023-06-11,2023-09-10,7,3,0,43.959931,12.745087,16:29,14,10
REG,17459,ANCONA,BOLOGNA C.LE,PESARO,2.0,0.0,14,2023-06-11,2023-09-10,5,3,1,43.906014,12.904848,16:41,14,11
REG,17459,ANCONA,BOLOGNA C.LE,FANO,2.357142857142857,1.0,14,2023-06-11,2023-09-10,4,3,1,43.842977,13.02478,16:50,14,12
REG,17459,ANCONA,BOLOGNA C.LE,SENIGALLIA,3.4285714285714284,1.0,14,2023-06-11,2023-09-10,6,4,1,43.716277,13.221652,17:02,14,13
REG,17459,ANCONA,BOLOGNA C.LE,FALCONARA MARITTIMA,2.5714285714285716,1.0,14,2023-06-11,2023-09-10,6,3,1,43.630577,13.397378,17:13,14,14
REG,17459,ANCONA,BOLOGNA C.LE,ANCONA,3.0,1.0,14,2023-06-11,2023-09-10,5,4,1,43.607734,13.497665,17:24,14,15
