train_class,train_number,train_arrival_stop_name,train_departure_stop_name,stop_name,avg_arrival_delay,median_arrival_delay,count_dates_stop,first_date,last_date,count_3m_delay,count_5m_delay,count_10m_delay,stop_lat,stop_lon,stop_time,count_dates_train,stop_number
REG,10121,BRESCIA,BERGAMO,BERGAMO,2.504531722054381,2.0,331,2023-01-01,2023-12-31,77,31,12,45.690271,9.675082,09:06,331,1
REG,10121,BRESCIA,BERGAMO,SERIATE,2.676737160120846,2.0,331,2023-01-01,2023-12-31,93,35,12,45.683145,9.724628,09:10,331,2
REG,10121,BRESCIA,BERGAMO,MONTELLO GORLAGO,2.4229607250755287,1.0,331,2023-01-01,2023-12-31,102,41,15,45.67017,9.808488,09:19,331,3
REG,10121,BRESCIA,BERGAMO,GRUMELLO DEL MONTE,1.0181268882175227,0.0,331,2023-01-01,2023-12-31,53,24,10,45.634102,9.862767,09:29,331,4
REG,10121,BRESCIA,BERGAMO,PALAZZOLO SULL`OGLIO,3.5528700906344413,3.0,331,2023-01-01,2023-12-31,169,59,13,45.601486,9.896235,09:34,331,5
REG,10121,BRESCIA,BERGAMO,COCCAGLIO,1.9395770392749245,1.0,331,2023-01-01,2023-12-31,80,35,12,45.560971,9.977648,09:44,331,6
REG,10121,BRESCIA,BERGAMO,ROVATO,1.4803625377643506,0.0,331,2023-01-01,2023-12-31,69,31,13,45.55193,10.000924,09:48,331,7
REG,10121,BRESCIA,BERGAMO,OSPITALETTO TRAVAGLIATO,2.8851963746223563,2.0,331,2023-01-01,2023-12-31,108,45,13,45.546042,10.074363,09:53,331,8
REG,10121,BRESCIA,BERGAMO,BRESCIA,2.5770392749244713,1.0,331,2023-01-01,2023-12-31,102,51,14,45.532315,10.212828,10:03,331,9
