train_class,train_number,train_arrival_stop_name,train_departure_stop_name,stop_name,avg_arrival_delay,median_arrival_delay,count_dates_stop,first_date,last_date,count_3m_delay,count_5m_delay,count_10m_delay,stop_lat,stop_lon,stop_time,count_dates_train,stop_number
REG,18387,PONTREMOLI,FIRENZE S.M.N.,FIRENZE S.M.N.,3.3824701195219125,1.0,251,2023-02-03,2023-12-16,66,35,17,43.776893,11.247373,16:53,251,1
REG,18387,PONTREMOLI,FIRENZE S.M.N.,FIRENZE RIFREDI,2.9243027888446216,1.0,251,2023-02-03,2023-12-16,65,34,17,43.800873,11.235729,16:58,251,2
REG,18387,PONTREMOLI,FIRENZE S.M.N.,EMPOLI,2.424,0.0,250,2023-02-03,2023-12-16,53,31,21,43.715708,10.94915,17:27,251,3
REG,18387,PONTREMOLI,FIRENZE S.M.N.,S.ROMANO MONTOPOLI S.CROCE,3.912350597609562,1.0,251,2023-02-03,2023-12-16,80,52,24,43.690575,10.760152,17:40,251,4
REG,18387,PONTREMOLI,FIRENZE S.M.N.,PONTEDERA CASCIANA TERME,4.1195219123505975,1.0,251,2023-02-03,2023-12-16,79,52,24,43.662145,10.628773,17:49,251,5
REG,18387,PONTREMOLI,FIRENZE S.M.N.,PISA CENTRALE,5.701195219123506,3.0,251,2023-02-03,2023-12-16,126,81,33,43.70794,10.398183,18:04,251,6
REG,18387,PONTREMOLI,FIRENZE S.M.N.,PISA SAN ROSSORE,5.629482071713148,2.0,251,2023-02-03,2023-12-16,122,78,35,43.723702,10.387363,18:11,251,7
REG,18387,PONTREMOLI,FIRENZE S.M.N.,VIAREGGIO,7.604838709677419,4.0,248,2023-02-03,2023-12-16,176,121,45,43.865947,10.257886,18:22,251,8
REG,18387,PONTREMOLI,FIRENZE S.M.N.,PIETRASANTA,7.2151394422310755,4.0,251,2023-02-03,2023-12-16,159,113,43,43.95583,10.229731,18:32,251,9
REG,18387,PONTREMOLI,FIRENZE S.M.N.,FORTE DEI MARMI SERRAVEZZA Q.,6.728,4.0,250,2023-02-03,2023-12-16,150,105,43,43.97777,10.19936,18:37,251,10
REG,18387,PONTREMOLI,FIRENZE S.M.N.,MASSA CENTRO,7.1,4.0,250,2023-02-03,2023-12-16,146,107,46,44.023741,10.136041,18:43,251,11
REG,18387,PONTREMOLI,FIRENZE S.M.N.,SARZANA,7.047808764940239,4.0,251,2023-02-03,2023-12-16,149,99,47,44.108865,9.960657,18:57,251,12
REG,18387,PONTREMOLI,FIRENZE S.M.N.,S. STEFANO DI MAGRA,3.557768924302789,0.0,251,2023-02-03,2023-12-16,90,59,38,44.156857,9.915202,19:10,251,13
REG,18387,PONTREMOLI,FIRENZE S.M.N.,AULLA LUNIGIANA,4.912,1.0,250,2023-02-03,2023-12-16,89,56,36,44.210555,9.970015,19:17,251,14
REG,18387,PONTREMOLI,FIRENZE S.M.N.,VILLAFRANCA - BAGNONE,6.565737051792829,4.0,251,2023-02-03,2023-12-16,172,121,44,44.294399,9.948096,19:28,251,15
REG,18387,PONTREMOLI,FIRENZE S.M.N.,FILATTIERA,7.155378486055777,5.0,251,2023-02-03,2023-12-16,182,134,44,44.33137,9.933352,19:33,251,16
REG,18387,PONTREMOLI,FIRENZE S.M.N.,PONTREMOLI,6.231075697211155,4.0,251,2023-02-03,2023-12-16,163,111,37,44.371976,9.887795,19:42,251,17
