train_class,train_number,train_arrival_stop_name,train_departure_stop_name,stop_name,avg_arrival_delay,median_arrival_delay,count_dates_stop,first_date,last_date,count_3m_delay,count_5m_delay,count_10m_delay,stop_lat,stop_lon,stop_time,count_dates_train,stop_number
REG,10024,MI.P.GENOVA,MORTARA,MORTARA,3.9491525423728815,1.0,59,2023-01-01,2023-12-31,22,17,6,45.252171,8.731639,07:33,59,1
REG,10024,MI.P.GENOVA,MORTARA,PARONA LOMELLINA,3.2711864406779663,1.0,59,2023-01-01,2023-12-31,18,15,5,45.280107,8.780315,07:38,59,2
REG,10024,MI.P.GENOVA,MORTARA,VIGEVANO,4.016949152542373,2.0,59,2023-01-01,2023-12-31,25,16,6,45.312712,8.861977,07:44,59,3
REG,10024,MI.P.GENOVA,MORTARA,ABBIATEGRASSO,5.0,3.0,59,2023-01-01,2023-12-31,32,20,7,45.400631,8.921305,07:53,59,4
REG,10024,MI.P.GENOVA,MORTARA,ALBAIRATE VERMEZZO,5.135593220338983,3.0,59,2023-01-01,2023-12-31,33,21,8,,,07:58,59,5
REG,10024,MI.P.GENOVA,MORTARA,MILANO S. CRISTOFORO,4.610169491525424,3.0,59,2023-01-01,2023-12-31,32,19,8,45.442404,9.130258,08:09,59,6
REG,10024,MI.P.GENOVA,MORTARA,MI.P.GENOVA,2.830508474576271,1.0,59,2023-01-01,2023-12-31,22,13,8,45.453379,9.169303,08:18,59,7
