train_class,train_number,train_arrival_stop_name,train_departure_stop_name,stop_name,avg_arrival_delay,median_arrival_delay,count_dates_stop,first_date,last_date,count_3m_delay,count_5m_delay,count_10m_delay,stop_lat,stop_lon,stop_time,count_dates_train,stop_number
REG,12045,GENOVA BRIGNOLE,ARQUATA SCRIVIA,ARQUATA SCRIVIA,2.4742268041237114,2.0,291,2023-01-02,2023-12-30,72,21,1,44.692533,8.885342,12:53,291,1
REG,12045,GENOVA BRIGNOLE,ARQUATA SCRIVIA,RONCO SCR.,0.18275862068965518,0.0,290,2023-01-02,2023-12-30,17,8,3,44.614537,8.949421,13:11,291,2
REG,12045,GENOVA BRIGNOLE,ARQUATA SCRIVIA,BUSALLA,0.8006872852233677,0.0,291,2023-01-02,2023-12-30,23,10,4,44.57558,8.943611,13:19,291,3
REG,12045,GENOVA BRIGNOLE,ARQUATA SCRIVIA,GENOVA PONTEDECIMO,0.17525773195876287,-1.0,291,2023-01-02,2023-12-30,25,12,7,44.494189,8.905642,13:33,291,4
REG,12045,GENOVA BRIGNOLE,ARQUATA SCRIVIA,GENOVA BOLZANETO,-1.147766323024055,-2.0,291,2023-01-02,2023-12-30,16,9,5,44.459208,8.900193,13:40,291,5
REG,12045,GENOVA BRIGNOLE,ARQUATA SCRIVIA,GENOVA RIVAROLO,1.9929577464788732,1.0,284,2023-01-02,2023-12-30,37,17,8,44.435955,8.89106,13:45,291,6
REG,12045,GENOVA BRIGNOLE,ARQUATA SCRIVIA,GENOVA SAMPIERDARENA,0.7684210526315789,0.0,285,2023-01-02,2023-12-30,29,14,5,44.413102,8.887271,13:50,291,7
REG,12045,GENOVA BRIGNOLE,ARQUATA SCRIVIA,GENOVA P.PRINCIPE,2.0171821305841924,1.0,291,2023-01-02,2023-12-30,88,36,6,44.417784,8.9207,13:57,291,8
REG,12045,GENOVA BRIGNOLE,ARQUATA SCRIVIA,GENOVA BRIGNOLE,-1.8556701030927836,-3.0,291,2023-01-02,2023-12-30,22,6,4,44.407213,8.947553,14:08,291,9
