train_class,train_number,train_arrival_stop_name,train_departure_stop_name,stop_name,avg_arrival_delay,median_arrival_delay,count_dates_stop,first_date,last_date,count_3m_delay,count_5m_delay,count_10m_delay,stop_lat,stop_lon,stop_time,count_dates_train,stop_number
REG,18503,FIRENZE S.M.N.,PISTOIA,PISTOIA,2.607843137254902,2.0,51,2023-03-12,2023-12-03,8,5,3,43.926804,10.914624,07:32,51,1
REG,18503,FIRENZE S.M.N.,PISTOIA,PRATO CENTRALE,1.196078431372549,0.0,51,2023-03-12,2023-12-03,8,6,4,43.878737,11.109252,07:46,51,2
REG,18503,FIRENZE S.M.N.,PISTOIA,FIRENZE RIFREDI,0.6078431372549019,-1.0,51,2023-03-12,2023-12-03,10,5,4,43.800873,11.235729,07:59,51,3
REG,18503,FIRENZE S.M.N.,PISTOIA,FIRENZE S.M.N.,1.4705882352941178,1.0,51,2023-03-12,2023-12-03,15,4,3,43.776893,11.247373,08:07,51,4
