train_class,train_number,train_arrival_stop_name,train_departure_stop_name,stop_name,avg_arrival_delay,median_arrival_delay,count_dates_stop,first_date,last_date,count_3m_delay,count_5m_delay,count_10m_delay,stop_lat,stop_lon,stop_time,count_dates_train,stop_number
REG,17716,PORRETTA  TERME,PISTOIA,PISTOIA,2.2666666666666666,1.0,15,2023-06-11,2023-09-10,2,1,1,43.926804,10.914624,17:21,15,1
REG,17716,PORRETTA  TERME,PISTOIA,PISTOIA OVEST,0.13333333333333333,-1.0,15,2023-06-11,2023-09-10,1,1,1,,,17:24,15,2
REG,17716,PORRETTA  TERME,PISTOIA,PITECCIO,3.2,2.0,15,2023-06-11,2023-09-10,6,2,1,44.009786,10.9013,17:33,15,3
REG,17716,PORRETTA  TERME,PISTOIA,CORBEZZI,4.933333333333334,4.0,15,2023-06-11,2023-09-10,15,4,1,43.993948,10.919676,17:39,15,4
REG,17716,PORRETTA  TERME,PISTOIA,CASTAGNO,5.066666666666666,4.0,15,2023-06-11,2023-09-10,15,6,1,44.012359,10.91538,17:43,15,5
REG,17716,PORRETTA  TERME,PISTOIA,SAN MOMME`,3.8,3.0,15,2023-06-11,2023-09-10,11,3,1,44.027999,10.914798,17:47,15,6
REG,17716,PORRETTA  TERME,PISTOIA,PRACCHIA,2.933333333333333,2.0,15,2023-06-11,2023-09-10,7,2,1,44.05479,10.90691,17:52,15,7
REG,17716,PORRETTA  TERME,PISTOIA,BIAGIONI LAGACCI,4.733333333333333,4.0,15,2023-06-11,2023-09-10,14,6,1,44.086359,10.948257,17:58,15,8
REG,17716,PORRETTA  TERME,PISTOIA,MOLINO DEL PALLONE,3.0,3.0,15,2023-06-11,2023-09-10,9,1,1,44.100128,10.961252,18:02,15,9
REG,17716,PORRETTA  TERME,PISTOIA,PONTE DELLA VENTURINA,5.666666666666667,6.0,15,2023-06-11,2023-09-10,14,10,1,44.128589,10.990756,18:07,15,10
REG,17716,PORRETTA  TERME,PISTOIA,PORRETTA  TERME,-0.06666666666666667,-1.0,15,2023-06-11,2023-09-10,3,1,0,44.155757,10.978039,18:16,15,11
