train_class,train_number,train_arrival_stop_name,train_departure_stop_name,stop_name,avg_arrival_delay,median_arrival_delay,count_dates_stop,first_date,last_date,count_3m_delay,count_5m_delay,count_10m_delay,stop_lat,stop_lon,stop_time,count_dates_train,stop_number
REG,18561,LUCCA,PISA CENTRALE,PISA CENTRALE,1.7096774193548387,1.0,62,2023-01-01,2023-12-31,9,5,1,43.70794,10.398183,09:50,62,1
REG,18561,LUCCA,PISA CENTRALE,PISA SAN ROSSORE,2.596774193548387,2.0,62,2023-01-01,2023-12-31,19,6,1,43.723702,10.387363,09:54,62,2
REG,18561,LUCCA,PISA CENTRALE,S.GIULIANO TERME,2.774193548387097,2.0,62,2023-01-01,2023-12-31,24,7,2,43.764895,10.436892,10:00,62,3
REG,18561,LUCCA,PISA CENTRALE,RIPAFRATTA,2.7096774193548385,2.0,62,2023-01-01,2023-12-31,25,7,2,43.821711,10.415733,10:08,62,4
REG,18561,LUCCA,PISA CENTRALE,LUCCA,2.096774193548387,2.0,62,2023-01-01,2023-12-31,16,6,3,43.837186,10.506069,10:17,62,5
