train_class,train_number,train_arrival_stop_name,train_departure_stop_name,stop_name,avg_arrival_delay,median_arrival_delay,count_dates_stop,first_date,last_date,count_3m_delay,count_5m_delay,count_10m_delay,stop_lat,stop_lon,stop_time,count_dates_train,stop_number
REG,12919,S.AGATA M.,MESSINA CENTRALE,MESSINA CENTRALE,2.280701754385965,2.0,285,2023-01-02,2023-12-30,90,21,6,38.184975,15.561278,21:38,285,1
REG,12919,S.AGATA M.,MESSINA CENTRALE,ROMETTA MESSINESE,0.7429577464788732,0.0,284,2023-01-02,2023-12-30,23,12,5,38.228455,15.405894,21:53,285,2
REG,12919,S.AGATA M.,MESSINA CENTRALE,PACE DEL MELA,0.602112676056338,0.0,284,2023-01-02,2023-12-30,20,8,5,38.202459,15.312676,22:06,285,3
REG,12919,S.AGATA M.,MESSINA CENTRALE,MILAZZO,0.17543859649122806,-1.0,285,2023-01-02,2023-12-30,13,7,5,38.21195,15.244203,22:11,285,4
REG,12919,S.AGATA M.,MESSINA CENTRALE,BARCELLONA,1.0633802816901408,0.0,284,2023-01-02,2023-12-30,35,11,6,38.14918,15.212499,22:17,285,5
REG,12919,S.AGATA M.,MESSINA CENTRALE,PATTI-SAN PIERO PATTI,0.09154929577464789,-1.0,284,2023-01-02,2023-12-30,27,13,7,38.146905,14.975331,22:34,285,6
REG,12919,S.AGATA M.,MESSINA CENTRALE,GIOJOSA MAREA,1.9612676056338028,1.0,284,2023-01-02,2023-12-30,79,36,11,38.175149,14.894794,22:47,285,7
REG,12919,S.AGATA M.,MESSINA CENTRALE,BROLO FICARRA,1.6,1.0,285,2023-01-02,2023-12-30,61,30,12,38.159204,14.830176,22:53,285,8
REG,12919,S.AGATA M.,MESSINA CENTRALE,CAPO D`ORLANDO-NASO,2.231578947368421,1.0,285,2023-01-02,2023-12-30,80,34,12,38.157941,14.744844,23:04,285,9
REG,12919,S.AGATA M.,MESSINA CENTRALE,SAN MARCO D`ALUNZIO T.,4.505263157894737,3.0,285,2023-01-02,2023-12-30,185,88,22,38.094202,14.675909,23:09,285,10
REG,12919,S.AGATA M.,MESSINA CENTRALE,S.AGATA M.,1.7824561403508772,1.0,285,2023-01-02,2023-12-30,75,39,13,38.073554,14.640622,23:16,285,11
