train_class,train_number,train_arrival_stop_name,train_departure_stop_name,stop_name,avg_arrival_delay,median_arrival_delay,count_dates_stop,first_date,last_date,count_3m_delay,count_5m_delay,count_10m_delay,stop_lat,stop_lon,stop_time,count_dates_train,stop_number
REG,18131,S.BENEDETTO DEL TRONTO,PIACENZA,PIACENZA,3.2142857142857144,2.0,14,2023-06-23,2023-09-29,5,2,1,45.052238,9.70633,15:15,14,1
REG,18131,S.BENEDETTO DEL TRONTO,PIACENZA,PARMA,7.428571428571429,4.0,14,2023-06-23,2023-09-29,13,7,4,44.810203,10.32837,15:42,14,2
REG,18131,S.BENEDETTO DEL TRONTO,PIACENZA,REGGIO EMILIA,1.2142857142857142,-1.0,14,2023-06-23,2023-09-29,5,3,2,44.697793,10.643093,16:06,14,3
REG,18131,S.BENEDETTO DEL TRONTO,PIACENZA,MODENA,-2.7857142857142856,-5.0,14,2023-06-23,2023-09-29,3,2,1,44.654461,10.930373,16:27,14,4
REG,18131,S.BENEDETTO DEL TRONTO,PIACENZA,BOLOGNA C.LE,-2.7142857142857144,-4.0,14,2023-06-23,2023-09-29,1,0,0,44.50626,11.342267,16:56,14,5
REG,18131,S.BENEDETTO DEL TRONTO,PIACENZA,RIMINI,-0.5714285714285714,-2.0,14,2023-06-23,2023-09-29,2,2,0,44.064176,12.574093,18:14,14,6
REG,18131,S.BENEDETTO DEL TRONTO,PIACENZA,CATTOLICA S.GIOVANNI GABICCE,1.7857142857142858,2.0,14,2023-06-23,2023-09-29,5,3,0,43.959931,12.745087,18:28,14,7
REG,18131,S.BENEDETTO DEL TRONTO,PIACENZA,PESARO,1.6428571428571428,1.0,14,2023-06-23,2023-09-29,5,1,0,43.906014,12.904848,18:39,14,8
REG,18131,S.BENEDETTO DEL TRONTO,PIACENZA,FANO,1.1428571428571428,1.0,14,2023-06-23,2023-09-29,3,1,0,43.842977,13.02478,18:49,14,9
REG,18131,S.BENEDETTO DEL TRONTO,PIACENZA,MAROTTA MONDOLFO,1.5714285714285714,1.0,14,2023-06-23,2023-09-29,3,2,0,43.769748,13.137273,18:57,14,10
REG,18131,S.BENEDETTO DEL TRONTO,PIACENZA,SENIGALLIA,2.142857142857143,2.0,14,2023-06-23,2023-09-29,4,2,0,43.716277,13.221652,19:04,14,11
REG,18131,S.BENEDETTO DEL TRONTO,PIACENZA,FALCONARA MARITTIMA,3.7857142857142856,3.0,14,2023-06-23,2023-09-29,11,3,0,43.630577,13.397378,19:18,14,12
REG,18131,S.BENEDETTO DEL TRONTO,PIACENZA,ANCONA,0.9285714285714286,1.0,14,2023-06-23,2023-09-29,3,1,0,43.607734,13.497665,19:31,14,13
REG,18131,S.BENEDETTO DEL TRONTO,PIACENZA,CIVITANOVA MARCHE,-4.071428571428571,-6.0,14,2023-06-23,2023-09-29,1,1,0,43.3091,13.7257,20:09,14,14
REG,18131,S.BENEDETTO DEL TRONTO,PIACENZA,PORTO S. ELPIDIO,1.7142857142857142,1.0,14,2023-06-23,2023-09-29,3,2,0,43.256855,13.760749,20:15,14,15
REG,18131,S.BENEDETTO DEL TRONTO,PIACENZA,PORTO S. GIORGIO FERMO,3.4285714285714284,2.0,14,2023-06-23,2023-09-29,6,4,0,43.17972,13.7975,20:21,14,16
REG,18131,S.BENEDETTO DEL TRONTO,PIACENZA,S.BENEDETTO DEL TRONTO,5.0,4.0,14,2023-06-23,2023-09-29,13,6,1,42.954386,13.882297,20:35,14,17
