train_class,train_number,train_arrival_stop_name,train_departure_stop_name,stop_name,avg_arrival_delay,median_arrival_delay,count_dates_stop,first_date,last_date,count_3m_delay,count_5m_delay,count_10m_delay,stop_lat,stop_lon,stop_time,count_dates_train,stop_number
REG,16901,VENEZIA SANTA LUCIA,BASSANO DEL GRAPPA,BASSANO DEL GRAPPA,2.215686274509804,2.0,51,2023-01-07,2023-12-30,9,2,1,45.766697,11.741525,08:21,51,1
REG,16901,VENEZIA SANTA LUCIA,BASSANO DEL GRAPPA,CASTELLO DI GODEGO,-0.13725490196078433,-1.0,51,2023-01-07,2023-12-30,3,2,1,45.688082,11.87759,08:34,51,2
REG,16901,VENEZIA SANTA LUCIA,BASSANO DEL GRAPPA,CASTELFRANCO VENETO,-0.09803921568627451,-1.0,51,2023-01-07,2023-12-30,5,4,2,45.666439,11.934315,08:44,51,3
REG,16901,VENEZIA SANTA LUCIA,BASSANO DEL GRAPPA,PIOMBINO DESE,3.392156862745098,2.0,51,2023-01-07,2023-12-30,22,5,3,45.60944,12.00058,08:52,51,4
REG,16901,VENEZIA SANTA LUCIA,BASSANO DEL GRAPPA,NOALE SCORZE`,3.7450980392156863,3.0,51,2023-01-07,2023-12-30,35,9,3,45.553833,12.074888,09:00,51,5
REG,16901,VENEZIA SANTA LUCIA,BASSANO DEL GRAPPA,MAERNE DI MARTELLAGO,5.549019607843137,4.0,51,2023-01-07,2023-12-30,46,24,4,45.514799,12.150629,09:08,51,6
REG,16901,VENEZIA SANTA LUCIA,BASSANO DEL GRAPPA,SPINEA,5.294117647058823,4.0,51,2023-01-07,2023-12-30,44,21,4,45.491568,12.177168,09:13,51,7
REG,16901,VENEZIA SANTA LUCIA,BASSANO DEL GRAPPA,VENEZIA MESTRE,4.392156862745098,3.0,51,2023-01-07,2023-12-30,37,13,4,45.482123,12.232069,09:21,51,8
REG,16901,VENEZIA SANTA LUCIA,BASSANO DEL GRAPPA,VENEZIA SANTA LUCIA,2.5098039215686274,1.0,51,2023-01-07,2023-12-30,15,5,4,45.441569,12.320882,09:33,51,9
