train_class,train_number,train_arrival_stop_name,train_departure_stop_name,stop_name,avg_arrival_delay,median_arrival_delay,count_dates_stop,first_date,last_date,count_3m_delay,count_5m_delay,count_10m_delay,stop_lat,stop_lon,stop_time,count_dates_train,stop_number
REG,1702,BOLOGNA C.LE,PESARO,PESARO,3.5384615384615383,2.0,13,2023-06-17,2023-09-09,6,2,1,43.906014,12.904848,11:05,13,1
REG,1702,BOLOGNA C.LE,PESARO,CATTOLICA S.GIOVANNI GABICCE,3.3846153846153846,3.0,13,2023-06-17,2023-09-09,7,3,1,43.959931,12.745087,11:14,13,2
REG,1702,BOLOGNA C.LE,PESARO,RICCIONE,4.230769230769231,4.0,13,2023-06-17,2023-09-09,9,5,1,43.999218,12.658549,11:22,13,3
REG,1702,BOLOGNA C.LE,PESARO,RIMINI,3.6153846153846154,4.0,13,2023-06-17,2023-09-09,8,5,1,44.064176,12.574093,11:33,13,4
REG,1702,BOLOGNA C.LE,PESARO,CESENA,-0.9230769230769231,-1.0,13,2023-06-17,2023-09-09,2,2,0,44.145449,12.24964,11:56,13,5
REG,1702,BOLOGNA C.LE,PESARO,FORLI`,-1.1538461538461537,-2.0,13,2023-06-17,2023-09-09,2,0,0,44.22413,12.054871,12:09,13,6
REG,1702,BOLOGNA C.LE,PESARO,FAENZA,0.3076923076923077,1.0,13,2023-06-17,2023-09-09,1,0,0,44.293594,11.883268,12:22,13,7
REG,1702,BOLOGNA C.LE,PESARO,IMOLA,1.4615384615384615,3.0,13,2023-06-17,2023-09-09,7,4,0,44.359418,11.718723,12:43,13,8
REG,1702,BOLOGNA C.LE,PESARO,BOLOGNA C.LE,0.9230769230769231,0.0,13,2023-06-17,2023-09-09,5,2,0,44.50626,11.342267,13:07,13,9
