train_class,train_number,train_arrival_stop_name,train_departure_stop_name,stop_name,avg_arrival_delay,median_arrival_delay,count_dates_stop,first_date,last_date,count_3m_delay,count_5m_delay,count_10m_delay,stop_lat,stop_lon,stop_time,count_dates_train,stop_number
REG,16720,BOLZANO,VERONA PORTA NUOVA,VERONA PORTA NUOVA,2.771784232365145,2.0,241,2023-01-02,2023-12-29,67,30,9,45.428603,10.982377,19:06,241,1
REG,16720,BOLZANO,VERONA PORTA NUOVA,DOMEGLIARA,1.8041666666666667,1.0,240,2023-01-02,2023-12-29,74,44,16,45.522348,10.820408,19:21,241,2
REG,16720,BOLZANO,VERONA PORTA NUOVA,POSTO COMUNICAZIONE DOLCE`,2.4481327800829877,1.0,241,2023-01-02,2023-12-29,70,46,16,45.601513,10.850588,19:27,241,3
REG,16720,BOLZANO,VERONA PORTA NUOVA,PERI,4.253112033195021,3.0,241,2023-01-02,2023-12-29,122,67,22,45.658402,10.900314,19:33,241,4
REG,16720,BOLZANO,VERONA PORTA NUOVA,ALA,3.921161825726141,2.0,241,2023-01-02,2023-12-29,108,89,35,45.760087,10.996775,19:49,241,5
REG,16720,BOLZANO,VERONA PORTA NUOVA,ROVERETO,4.539419087136929,4.0,241,2023-01-02,2023-12-29,144,98,33,45.890985,11.033518,20:06,241,6
REG,16720,BOLZANO,VERONA PORTA NUOVA,TRENTO,-4.813278008298755,-6.0,241,2023-01-02,2023-12-29,17,10,5,46.072414,11.118941,20:30,241,7
REG,16720,BOLZANO,VERONA PORTA NUOVA,MEZZOCORONA,2.2863070539419086,1.0,241,2023-01-02,2023-12-29,52,19,7,46.207258,11.128595,20:45,241,8
