train_class,train_number,train_arrival_stop_name,train_departure_stop_name,stop_name,avg_arrival_delay,median_arrival_delay,count_dates_stop,first_date,last_date,count_3m_delay,count_5m_delay,count_10m_delay,stop_lat,stop_lon,stop_time,count_dates_train,stop_number
REG,17021,ROVIGO,VENEZIA SANTA LUCIA,VENEZIA SANTA LUCIA,1.1964285714285714,1.0,112,2023-01-01,2023-12-31,12,2,1,45.441569,12.320882,17:51,112,1
REG,17021,ROVIGO,VENEZIA SANTA LUCIA,VENEZIA MESTRE,0.8482142857142857,1.0,112,2023-01-01,2023-12-31,16,5,1,45.482123,12.232069,18:02,112,2
REG,17021,ROVIGO,VENEZIA SANTA LUCIA,DOLO,0.008928571428571428,-1.0,112,2023-01-01,2023-12-31,10,6,2,45.453466,12.07161,18:18,112,3
REG,17021,ROVIGO,VENEZIA SANTA LUCIA,PADOVA,-1.1964285714285714,-3.0,112,2023-01-01,2023-12-31,6,6,3,45.417846,11.880794,18:39,112,4
REG,17021,ROVIGO,VENEZIA SANTA LUCIA,ABANO TERME,-0.6428571428571429,-2.0,112,2023-01-01,2023-12-31,12,7,2,45.355199,11.811533,18:48,112,5
REG,17021,ROVIGO,VENEZIA SANTA LUCIA,TERME EUGANEE-ABANO-MONTEGR.,0.07142857142857142,-1.0,112,2023-01-01,2023-12-31,11,8,4,45.32744,11.79604,18:53,112,6
REG,17021,ROVIGO,VENEZIA SANTA LUCIA,BATTAGLIA TERME,0.9196428571428571,-1.0,112,2023-01-01,2023-12-31,13,10,4,45.291475,11.77838,18:57,112,7
REG,17021,ROVIGO,VENEZIA SANTA LUCIA,MONSELICE,2.6964285714285716,1.0,112,2023-01-01,2023-12-31,29,12,7,45.246116,11.74789,19:03,112,8
REG,17021,ROVIGO,VENEZIA SANTA LUCIA,S.ELENA - ESTE,1.4107142857142858,0.0,112,2023-01-01,2023-12-31,32,17,3,45.199209,11.712883,19:15,112,9
REG,17021,ROVIGO,VENEZIA SANTA LUCIA,STANGHELLA,2.0535714285714284,1.0,112,2023-01-01,2023-12-31,37,19,3,45.13209,11.749094,19:21,112,10
REG,17021,ROVIGO,VENEZIA SANTA LUCIA,ROVIGO,-2.669642857142857,-4.0,112,2023-01-01,2023-12-31,6,4,1,45.076993,11.780892,19:33,112,11
