train_class,train_number,train_arrival_stop_name,train_departure_stop_name,stop_name,avg_arrival_delay,median_arrival_delay,count_dates_stop,first_date,last_date,count_3m_delay,count_5m_delay,count_10m_delay,stop_lat,stop_lon,stop_time,count_dates_train,stop_number
REG,10885,PIACENZA,MILANO GRECO PIRELLI,MILANO GRECO PIRELLI,3.791907514450867,1.0,346,2023-01-01,2023-12-31,121,72,30,45.51272,9.214456,21:12,346,1
REG,10885,PIACENZA,MILANO GRECO PIRELLI,MILANO LAMBRATE,4.173410404624278,2.0,346,2023-01-01,2023-12-31,149,90,33,45.484933,9.237333,21:18,346,2
REG,10885,PIACENZA,MILANO GRECO PIRELLI,MILANO ROGOREDO,2.96231884057971,1.0,345,2023-01-01,2023-12-31,132,87,36,45.433866,9.2391,21:29,346,3
REG,10885,PIACENZA,MILANO GRECO PIRELLI,LODI,4.468208092485549,4.0,346,2023-01-01,2023-12-31,214,142,33,45.308966,9.497585,21:51,346,4
REG,10885,PIACENZA,MILANO GRECO PIRELLI,SECUGNAGO,6.445086705202312,5.0,346,2023-01-01,2023-12-31,265,184,54,45.223253,9.58684,21:59,346,5
REG,10885,PIACENZA,MILANO GRECO PIRELLI,CASALPUSTERLENGO,7.216763005780347,6.0,346,2023-01-01,2023-12-31,285,211,66,45.182473,9.653627,22:04,346,6
REG,10885,PIACENZA,MILANO GRECO PIRELLI,CODOGNO,7.083815028901734,5.0,346,2023-01-01,2023-12-31,280,199,64,45.154897,9.701376,22:09,346,7
REG,10885,PIACENZA,MILANO GRECO PIRELLI,PIACENZA,5.471098265895954,4.0,346,2023-01-01,2023-12-31,199,145,60,45.052238,9.70633,22:23,346,8
