train_class,train_number,train_arrival_stop_name,train_departure_stop_name,stop_name,avg_arrival_delay,median_arrival_delay,count_dates_stop,first_date,last_date,count_3m_delay,count_5m_delay,count_10m_delay,stop_lat,stop_lon,stop_time,count_dates_train,stop_number
REG,17389,SACILE,MANIAGO,MANIAGO,1.9827586206896552,2.0,58,2023-01-15,2023-12-31,6,2,0,46.170057,12.714527,16:10,58,1
REG,17389,SACILE,MANIAGO,MONTEREALE VALCELLINA,-0.7758620689655172,-1.0,58,2023-01-15,2023-12-31,1,0,0,46.148009,12.658923,16:16,58,2
REG,17389,SACILE,MANIAGO,AVIANO,-0.25862068965517243,-1.0,58,2023-01-15,2023-12-31,2,2,0,46.064362,12.590686,16:26,58,3
REG,17389,SACILE,MANIAGO,BUDOIA POLCENIGO,-0.6896551724137931,-1.0,58,2023-01-15,2023-12-31,2,2,1,46.031464,12.537637,16:34,58,4
REG,17389,SACILE,MANIAGO,SACILE,-2.103448275862069,-3.0,58,2023-01-15,2023-12-31,3,1,0,45.948413,12.498498,16:48,58,5
