train_class,train_number,train_arrival_stop_name,train_departure_stop_name,stop_name,avg_arrival_delay,median_arrival_delay,count_dates_stop,first_date,last_date,count_3m_delay,count_5m_delay,count_10m_delay,stop_lat,stop_lon,stop_time,count_dates_train,stop_number
REG,17200,VERONA PORTA NUOVA,VENEZIA SANTA LUCIA,VENEZIA SANTA LUCIA,1.4763636363636363,1.0,275,2023-01-02,2023-12-30,41,17,7,45.441569,12.320882,14:04,275,1
REG,17200,VERONA PORTA NUOVA,VENEZIA SANTA LUCIA,VENEZIA MESTRE,1.2836363636363637,1.0,275,2023-01-02,2023-12-30,45,21,6,45.482123,12.232069,14:15,275,2
REG,17200,VERONA PORTA NUOVA,VENEZIA SANTA LUCIA,DOLO,-0.04,-1.0,275,2023-01-02,2023-12-30,21,11,4,45.453466,12.07161,14:30,275,3
REG,17200,VERONA PORTA NUOVA,VENEZIA SANTA LUCIA,PADOVA,-0.09090909090909091,-1.0,275,2023-01-02,2023-12-30,37,19,4,45.417846,11.880794,14:51,275,4
REG,17200,VERONA PORTA NUOVA,VENEZIA SANTA LUCIA,GRISIGNANO DI ZOCCO,1.5454545454545454,1.0,275,2023-01-02,2023-12-30,48,30,4,45.48638,11.710762,15:05,275,5
REG,17200,VERONA PORTA NUOVA,VENEZIA SANTA LUCIA,VICENZA,1.3709090909090909,1.0,275,2023-01-02,2023-12-30,62,30,5,45.541102,11.540762,15:18,275,6
REG,17200,VERONA PORTA NUOVA,VENEZIA SANTA LUCIA,ALTAVILLA TAVERNELLE,2.0872727272727274,1.0,275,2023-01-02,2023-12-30,68,41,10,45.511805,11.454702,15:25,275,7
REG,17200,VERONA PORTA NUOVA,VENEZIA SANTA LUCIA,SAN BONIFACIO,4.378181818181818,3.0,275,2023-01-02,2023-12-30,182,91,20,45.40276,11.27406,15:41,275,8
REG,17200,VERONA PORTA NUOVA,VENEZIA SANTA LUCIA,CALDIERO,8.967272727272727,11.0,275,2023-01-02,2023-12-30,209,170,151,45.41407,11.169753,15:53,275,9
REG,17200,VERONA PORTA NUOVA,VENEZIA SANTA LUCIA,VERONA PORTA VESCOVO,10.909090909090908,12.0,275,2023-01-02,2023-12-30,269,234,155,45.435552,11.018841,16:03,275,10
REG,17200,VERONA PORTA NUOVA,VENEZIA SANTA LUCIA,VERONA PORTA NUOVA,2.909090909090909,2.0,275,2023-01-02,2023-12-30,136,75,21,45.428603,10.982377,16:20,275,11
