train_class,train_number,train_arrival_stop_name,train_departure_stop_name,stop_name,avg_arrival_delay,median_arrival_delay,count_dates_stop,first_date,last_date,count_3m_delay,count_5m_delay,count_10m_delay,stop_lat,stop_lon,stop_time,count_dates_train,stop_number
REG,12776,TIVOLI,ROMA TIBURTINA PIAZZALE EST,ROMA TIBURTINA PIAZZALE EST,1.765625,1.0,64,2023-01-02,2023-03-31,13,2,1,41.910903,12.530749,20:20,64,1
REG,12776,TIVOLI,ROMA TIBURTINA PIAZZALE EST,ROMA PRENESTINA,1.1875,1.0,64,2023-01-02,2023-03-31,10,2,1,41.897571,12.545803,20:25,64,2
REG,12776,TIVOLI,ROMA TIBURTINA PIAZZALE EST,TOR SAPIENZA,0.46875,0.0,64,2023-01-02,2023-03-31,2,1,1,41.907095,12.594489,20:34,64,3
REG,12776,TIVOLI,ROMA TIBURTINA PIAZZALE EST,LA RUSTICA UIR,0.484375,0.0,64,2023-01-02,2023-03-31,4,1,0,,,20:40,64,4
REG,12776,TIVOLI,ROMA TIBURTINA PIAZZALE EST,PONTE DI NONA,-0.28125,-1.0,64,2023-01-02,2023-03-31,2,1,0,42.061563,13.581585,20:45,64,5
REG,12776,TIVOLI,ROMA TIBURTINA PIAZZALE EST,LUNGHEZZA,-0.5625,-1.0,64,2023-01-02,2023-03-31,2,1,0,41.923253,12.667212,20:48,64,6
REG,12776,TIVOLI,ROMA TIBURTINA PIAZZALE EST,BAGNI DI TIVOLI,-0.34375,-1.0,64,2023-01-02,2023-03-31,3,1,0,41.949593,12.722208,20:55,64,7
REG,12776,TIVOLI,ROMA TIBURTINA PIAZZALE EST,GUIDONIA-MONTECELIO-S.ANGELO,1.25,1.0,64,2023-01-02,2023-03-31,16,2,0,41.993405,12.725681,21:03,64,8
REG,12776,TIVOLI,ROMA TIBURTINA PIAZZALE EST,MARCELLINA-PALOMBARA,2.140625,2.0,64,2023-01-02,2023-03-31,23,6,0,41.999609,12.79134,21:11,64,9
REG,12776,TIVOLI,ROMA TIBURTINA PIAZZALE EST,TIVOLI,1.609375,2.0,64,2023-01-02,2023-03-31,18,4,0,41.961849,12.805047,21:20,64,10
