train_class,train_number,train_arrival_stop_name,train_departure_stop_name,stop_name,avg_arrival_delay,median_arrival_delay,count_dates_stop,first_date,last_date,count_3m_delay,count_5m_delay,count_10m_delay,stop_lat,stop_lon,stop_time,count_dates_train,stop_number
REG,19261,PONTREMOLI,PARMA,PARMA,0.5555555555555556,0.0,18,2023-10-20,2023-12-31,0,0,0,44.810203,10.32837,21:47,18,1
REG,19261,PONTREMOLI,PARMA,VICOFERTILE,0.0,0.0,18,2023-10-20,2023-12-31,1,0,0,44.778436,10.25834,21:54,18,2
REG,19261,PONTREMOLI,PARMA,COLLECCHIO,1.2777777777777777,1.0,18,2023-10-20,2023-12-31,4,1,0,44.755339,10.21228,21:59,18,3
REG,19261,PONTREMOLI,PARMA,OZZANO TARO,3.0555555555555554,1.0,18,2023-10-20,2023-12-31,6,2,2,44.712268,10.141022,22:06,18,4
REG,19261,PONTREMOLI,PARMA,FORNOVO,1.1666666666666667,-1.0,18,2023-10-20,2023-12-31,5,2,1,44.693791,10.102014,22:12,18,5
REG,19261,PONTREMOLI,PARMA,BERCETO,0.16666666666666666,-1.0,18,2023-10-20,2023-12-31,3,2,0,44.555912,9.931759,22:30,18,6
REG,19261,PONTREMOLI,PARMA,OSTIA PARMENSE,-0.05555555555555555,-1.0,18,2023-10-20,2023-12-31,5,2,0,44.520136,9.844981,22:43,18,7
REG,19261,PONTREMOLI,PARMA,BORGO VAL DI TARO,4.611111111111111,3.0,18,2023-10-20,2023-12-31,10,8,2,44.486522,9.781489,22:50,18,8
REG,19261,PONTREMOLI,PARMA,PONTREMOLI,3.9444444444444446,2.0,18,2023-10-20,2023-12-31,9,5,2,44.371976,9.887795,23:09,18,9
