train_class,train_number,train_arrival_stop_name,train_departure_stop_name,stop_name,avg_arrival_delay,median_arrival_delay,count_dates_stop,first_date,last_date,count_3m_delay,count_5m_delay,count_10m_delay,stop_lat,stop_lon,stop_time,count_dates_train,stop_number
REG,10246,SESTO CALENDE,MILANO PORTA GARIBALDI,MILANO PORTA GARIBALDI,2.5789473684210527,2.0,19,2023-08-22,2023-09-10,4,2,1,45.484917,9.187683,22:46,19,1
REG,10246,SESTO CALENDE,MILANO PORTA GARIBALDI,RHO FIERA MILANO,0.6842105263157895,0.0,19,2023-08-22,2023-09-10,2,2,0,45.521157,9.088595,22:56,19,2
REG,10246,SESTO CALENDE,MILANO PORTA GARIBALDI,BUSTO ARSIZIO,1.263157894736842,1.0,19,2023-08-22,2023-09-10,3,1,0,45.616164,8.865031,23:17,19,3
REG,10246,SESTO CALENDE,MILANO PORTA GARIBALDI,GALLARATE,3.263157894736842,3.0,19,2023-08-22,2023-09-10,11,6,0,45.659828,8.798243,23:23,19,4
REG,10246,SESTO CALENDE,MILANO PORTA GARIBALDI,CASORATE SEMPIONE,3.6315789473684212,3.0,19,2023-08-22,2023-09-10,13,7,0,45.675075,8.743954,23:28,19,5
REG,10246,SESTO CALENDE,MILANO PORTA GARIBALDI,SOMMA LOMBARDO,2.3684210526315788,2.0,19,2023-08-22,2023-09-10,8,1,0,45.686423,8.712991,23:32,19,6
REG,10246,SESTO CALENDE,MILANO PORTA GARIBALDI,VERGIATE,3.5789473684210527,3.0,19,2023-08-22,2023-09-10,13,5,0,45.717119,8.693187,23:36,19,7
REG,10246,SESTO CALENDE,MILANO PORTA GARIBALDI,SESTO CALENDE,4.2105263157894735,4.0,19,2023-08-22,2023-09-10,15,7,1,45.726241,8.628135,23:42,19,8
