train_class,train_number,train_arrival_stop_name,train_departure_stop_name,stop_name,avg_arrival_delay,median_arrival_delay,count_dates_stop,first_date,last_date,count_3m_delay,count_5m_delay,count_10m_delay,stop_lat,stop_lon,stop_time,count_dates_train,stop_number
REG,18240,FIRENZE S.M.N.,SIENA,SIENA,3.142857142857143,2.0,49,2023-01-05,2023-12-09,22,10,1,43.331708,11.322972,19:18,49,1
REG,18240,FIRENZE S.M.N.,SIENA,POGGIBONSI,4.489795918367347,4.0,49,2023-01-05,2023-12-09,40,23,0,43.468093,11.149455,19:41,49,2
REG,18240,FIRENZE S.M.N.,SIENA,CERTALDO,1.8775510204081634,2.0,49,2023-01-05,2023-12-09,18,9,0,43.547124,11.037711,19:53,49,3
REG,18240,FIRENZE S.M.N.,SIENA,EMPOLI,0.10204081632653061,-1.0,49,2023-01-05,2023-12-09,4,3,1,43.715708,10.94915,20:20,49,4
REG,18240,FIRENZE S.M.N.,SIENA,FIRENZE RIFREDI,-0.2857142857142857,-1.0,49,2023-01-05,2023-12-09,4,1,1,43.800873,11.235729,20:43,49,5
REG,18240,FIRENZE S.M.N.,SIENA,FIRENZE S.M.N.,-1.7755102040816326,-3.0,49,2023-01-05,2023-12-09,2,1,1,43.776893,11.247373,20:52,49,6
