train_class,train_number,train_arrival_stop_name,train_departure_stop_name,stop_name,avg_arrival_delay,median_arrival_delay,count_dates_stop,first_date,last_date,count_3m_delay,count_5m_delay,count_10m_delay,stop_lat,stop_lon,stop_time,count_dates_train,stop_number
REG,17152,BRENNERO,MERANO,MERANO,2.036697247706422,2.0,109,2023-01-01,2023-12-31,27,8,1,46.673066,11.148978,10:16,109,1
REG,17152,BRENNERO,MERANO,MERANO MAIA BASSA,0.9357798165137615,1.0,109,2023-01-01,2023-12-31,18,5,0,46.656202,11.147931,10:19,109,2
REG,17152,BRENNERO,MERANO,VILPIANO-NALLES,3.7522935779816513,3.0,109,2023-01-01,2023-12-31,72,30,3,46.554251,11.220143,10:33,109,3
REG,17152,BRENNERO,MERANO,TERLANO-ANDRIANO,3.18348623853211,3.0,109,2023-01-01,2023-12-31,58,25,3,46.528517,11.248394,10:38,109,4
REG,17152,BRENNERO,MERANO,SETTEQUERCE,5.0,5.0,109,2023-01-01,2023-12-31,103,56,5,46.508448,11.264785,10:41,109,5
REG,17152,BRENNERO,MERANO,PONTE D`ADIGE,4.4036697247706424,4.0,109,2023-01-01,2023-12-31,88,46,5,46.485444,11.297719,10:45,109,6
REG,17152,BRENNERO,MERANO,CASANOVA KAISERAU,1.8440366972477065,1.0,109,2023-01-01,2023-12-31,34,17,4,,,10:48,109,7
REG,17152,BRENNERO,MERANO,PONTE GARDENA,1.8990825688073394,1.0,109,2023-01-01,2023-12-31,31,15,4,46.6012,11.53251,11:17,109,8
REG,17152,BRENNERO,MERANO,BRESSANONE,1.8440366972477065,1.0,109,2023-01-01,2023-12-31,25,14,4,46.710088,11.649677,11:32,109,9
REG,17152,BRENNERO,MERANO,VIPITENO,-0.7614678899082569,-2.0,109,2023-01-01,2023-12-31,7,6,3,46.895732,11.440206,12:02,109,10
REG,17152,BRENNERO,MERANO,BRENNERO,-0.963302752293578,-2.0,109,2023-01-01,2023-12-31,8,6,3,47.004117,11.505711,12:22,109,11
