train_class,train_number,train_arrival_stop_name,train_departure_stop_name,stop_name,avg_arrival_delay,median_arrival_delay,count_dates_stop,first_date,last_date,count_3m_delay,count_5m_delay,count_10m_delay,stop_lat,stop_lon,stop_time,count_dates_train,stop_number
REG,10980,VOGHERA,PIACENZA,PIACENZA,1.5,1.0,90,2023-01-03,2023-12-30,12,5,1,45.052238,9.70633,20:35,90,1
REG,10980,VOGHERA,PIACENZA,S.NICOLO',1.9,1.0,90,2023-01-03,2023-12-30,25,8,2,45.058843,9.606443,20:42,90,2
REG,10980,VOGHERA,PIACENZA,CASTEL S.GIOVANNI,2.3222222222222224,1.0,90,2023-01-03,2023-12-30,31,14,2,45.063272,9.436856,20:57,90,3
REG,10980,VOGHERA,PIACENZA,ARENA PO,1.4666666666666666,1.0,90,2023-01-03,2023-12-30,26,11,2,45.082065,9.360394,21:03,90,4
REG,10980,VOGHERA,PIACENZA,STRADELLA,2.611111111111111,1.0,90,2023-01-03,2023-12-30,30,15,4,45.079465,9.300865,21:08,90,5
REG,10980,VOGHERA,PIACENZA,BRONI,3.5,1.0,90,2023-01-03,2023-12-30,37,18,5,45.066263,9.258751,21:13,90,6
REG,10980,VOGHERA,PIACENZA,VOGHERA,3.1777777777777776,0.0,90,2023-01-03,2023-12-30,28,14,8,44.9978,9.007942,21:34,90,7
