train_class,train_number,train_arrival_stop_name,train_departure_stop_name,stop_name,avg_arrival_delay,median_arrival_delay,count_dates_stop,first_date,last_date,count_3m_delay,count_5m_delay,count_10m_delay,stop_lat,stop_lon,stop_time,count_dates_train,stop_number
REG,12760,TIVOLI,ROMA TIBURTINA,ROMA TIBURTINA,2.5416666666666665,2.0,192,2023-04-03,2023-12-30,66,26,6,41.910903,12.530749,11:20,192,1
REG,12760,TIVOLI,ROMA TIBURTINA,ROMA PRENESTINA,0.5833333333333334,0.0,192,2023-04-03,2023-12-30,23,15,3,41.897571,12.545803,11:25,192,2
REG,12760,TIVOLI,ROMA TIBURTINA,TOR SAPIENZA,0.23958333333333334,-1.0,192,2023-04-03,2023-12-30,17,10,3,41.907095,12.594489,11:34,192,3
REG,12760,TIVOLI,ROMA TIBURTINA,LA RUSTICA UIR,0.5208333333333334,0.0,192,2023-04-03,2023-12-30,18,8,2,,,11:40,192,4
REG,12760,TIVOLI,ROMA TIBURTINA,PONTE DI NONA,-0.28125,-1.0,192,2023-04-03,2023-12-30,13,5,2,42.061563,13.581585,11:45,192,5
REG,12760,TIVOLI,ROMA TIBURTINA,LUNGHEZZA,-0.3854166666666667,-1.0,192,2023-04-03,2023-12-30,11,3,2,41.923253,12.667212,11:48,192,6
REG,12760,TIVOLI,ROMA TIBURTINA,BAGNI DI TIVOLI,1.1302083333333333,1.0,192,2023-04-03,2023-12-30,22,10,3,41.949593,12.722208,11:54,192,7
REG,12760,TIVOLI,ROMA TIBURTINA,GUIDONIA-MONTECELIO-S.ANGELO,1.375,1.0,192,2023-04-03,2023-12-30,39,9,1,41.993405,12.725681,12:04,192,8
REG,12760,TIVOLI,ROMA TIBURTINA,MARCELLINA-PALOMBARA,-0.2916666666666667,-1.0,192,2023-04-03,2023-12-30,13,8,3,41.999609,12.79134,12:14,192,9
REG,12760,TIVOLI,ROMA TIBURTINA,TIVOLI,2.140625,1.0,192,2023-04-03,2023-12-30,61,25,4,41.961849,12.805047,12:25,192,10
