train_class,train_number,train_arrival_stop_name,train_departure_stop_name,stop_name,avg_arrival_delay,median_arrival_delay,count_dates_stop,first_date,last_date,count_3m_delay,count_5m_delay,count_10m_delay,stop_lat,stop_lon,stop_time,count_dates_train,stop_number
REG,12551,ROMA TERMINI,CIVITAVECCHIA,CIVITAVECCHIA,1.3661971830985915,1.0,355,2023-01-01,2023-12-31,24,9,2,42.088287,11.79815,14:56,355,1
REG,12551,ROMA TERMINI,CIVITAVECCHIA,SANTA MARINELLA,1.495774647887324,1.0,355,2023-01-01,2023-12-31,29,10,4,42.035892,11.863122,15:02,355,2
REG,12551,ROMA TERMINI,CIVITAVECCHIA,SANTA SEVERA,2.0875706214689265,2.0,354,2023-01-01,2023-12-31,73,17,5,42.020645,11.969077,15:09,355,3
REG,12551,ROMA TERMINI,CIVITAVECCHIA,LADISPOLI-CERVETERI,-0.523943661971831,-1.0,355,2023-01-01,2023-12-31,21,10,4,41.953502,12.081675,15:22,355,4
REG,12551,ROMA TERMINI,CIVITAVECCHIA,MACCARESE,0.23943661971830985,-1.0,355,2023-01-01,2023-12-31,26,12,5,41.879372,12.23695,15:35,355,5
REG,12551,ROMA TERMINI,CIVITAVECCHIA,ROMA AURELIA,0.4647887323943662,0.0,355,2023-01-01,2023-12-31,25,17,6,41.88344,12.395271,15:44,355,6
REG,12551,ROMA TERMINI,CIVITAVECCHIA,ROMA S.PIETRO,-3.397183098591549,-4.0,355,2023-01-01,2023-12-31,8,7,3,41.896143,12.454497,15:54,355,7
REG,12551,ROMA TERMINI,CIVITAVECCHIA,ROMA TRASTEVERE,2.34180790960452,2.0,354,2023-01-01,2023-12-31,131,39,4,41.872279,12.466162,15:59,355,8
REG,12551,ROMA TERMINI,CIVITAVECCHIA,ROMA OSTIENSE,-0.819718309859155,-2.0,355,2023-01-01,2023-12-31,28,9,3,41.87265,12.483917,16:05,355,9
REG,12551,ROMA TERMINI,CIVITAVECCHIA,ROMA TUSCOLANA,3.008695652173913,2.0,345,2023-01-01,2023-12-31,168,56,4,41.879384,12.523505,16:10,355,10
REG,12551,ROMA TERMINI,CIVITAVECCHIA,ROMA TERMINI,0.9408450704225352,0.0,355,2023-01-01,2023-12-31,49,15,4,41.900636,12.502026,16:18,355,11
