train_class,train_number,train_arrival_stop_name,train_departure_stop_name,stop_name,avg_arrival_delay,median_arrival_delay,count_dates_stop,first_date,last_date,count_3m_delay,count_5m_delay,count_10m_delay,stop_lat,stop_lon,stop_time,count_dates_train,stop_number
REG,17736,BOLOGNA C.LE,PORRETTA  TERME,PORRETTA  TERME,1.2656716417910447,1.0,335,2023-01-01,2023-12-09,9,3,1,44.155757,10.978039,06:40,335,1
REG,17736,BOLOGNA C.LE,PORRETTA  TERME,SILLA,0.5671641791044776,0.0,335,2023-01-01,2023-12-09,4,3,1,44.177652,10.980635,06:43,335,2
REG,17736,BOLOGNA C.LE,PORRETTA  TERME,RIOLA,1.2,1.0,335,2023-01-01,2023-12-09,16,4,1,44.229851,11.053592,06:51,335,3
REG,17736,BOLOGNA C.LE,PORRETTA  TERME,VERGATO,0.9610778443113772,1.0,334,2023-01-01,2023-12-09,32,11,3,44.282723,11.114386,07:01,335,4
REG,17736,BOLOGNA C.LE,PORRETTA  TERME,PIOPPE DI SALVARO,-0.48656716417910445,-1.0,335,2023-01-01,2023-12-09,16,6,4,44.310761,11.161785,07:09,335,5
REG,17736,BOLOGNA C.LE,PORRETTA  TERME,PIAN DI VENOLA,2.7223880597014927,2.0,335,2023-01-01,2023-12-09,104,28,7,44.332136,11.188609,07:14,335,6
REG,17736,BOLOGNA C.LE,PORRETTA  TERME,MARZABOTTO,1.8388059701492536,1.0,335,2023-01-01,2023-12-09,66,24,7,44.341237,11.207351,07:17,335,7
REG,17736,BOLOGNA C.LE,PORRETTA  TERME,LAMA DI RENO,2.7582089552238807,2.0,335,2023-01-01,2023-12-09,107,33,8,44.363501,11.216168,07:21,335,8
REG,17736,BOLOGNA C.LE,PORRETTA  TERME,SASSO MARCONI,0.1880597014925373,-1.0,335,2023-01-01,2023-12-09,29,15,8,44.394939,11.254333,07:28,335,9
REG,17736,BOLOGNA C.LE,PORRETTA  TERME,PONTECCHIO MARCONI,4.411940298507463,3.0,335,2023-01-01,2023-12-09,274,74,10,44.42294,11.26919,07:32,335,10
REG,17736,BOLOGNA C.LE,PORRETTA  TERME,BORGONUOVO,5.647761194029851,5.0,335,2023-01-01,2023-12-09,335,173,13,,,07:34,335,11
REG,17736,BOLOGNA C.LE,PORRETTA  TERME,CASALECCHIO DI RENO,6.447761194029851,5.0,335,2023-01-01,2023-12-09,335,242,17,44.474298,11.276097,07:38,335,12
REG,17736,BOLOGNA C.LE,PORRETTA  TERME,CASALECCHIO GARIBALDI,4.053731343283582,3.0,335,2023-01-01,2023-12-09,210,71,10,44.482995,11.272474,07:42,335,13
REG,17736,BOLOGNA C.LE,PORRETTA  TERME,BOLOGNA BORGO PANIGALE,5.065868263473054,4.0,334,2023-01-01,2023-12-09,255,140,15,44.515024,11.284728,07:47,335,14
REG,17736,BOLOGNA C.LE,PORRETTA  TERME,BOLOGNA C.LE,2.573134328358209,2.0,335,2023-01-01,2023-12-09,116,48,12,44.50626,11.342267,07:55,335,15
