train_class,train_number,train_arrival_stop_name,train_departure_stop_name,stop_name,avg_arrival_delay,median_arrival_delay,count_dates_stop,first_date,last_date,count_3m_delay,count_5m_delay,count_10m_delay,stop_lat,stop_lon,stop_time,count_dates_train,stop_number
REG,16552,CALALZO PIEVE CADORE CORTINA,BELLUNO,BELLUNO,2.6923076923076925,1.0,52,2023-01-01,2023-12-31,10,4,2,46.141594,12.209703,10:30,52,1
REG,16552,CALALZO PIEVE CADORE CORTINA,BELLUNO,PONTE NELLE ALPI POLPET,2.4423076923076925,1.0,52,2023-01-01,2023-12-31,10,3,2,46.182328,12.277604,10:38,52,2
REG,16552,CALALZO PIEVE CADORE CORTINA,BELLUNO,LONGARONE ZOLDO,1.9807692307692308,1.0,52,2023-01-01,2023-12-31,12,4,3,46.267466,12.301953,10:52,52,3
REG,16552,CALALZO PIEVE CADORE CORTINA,BELLUNO,PERAROLO DI CADORE,2.8653846153846154,2.0,52,2023-01-01,2023-12-31,25,7,1,46.386277,12.352493,11:13,52,4
REG,16552,CALALZO PIEVE CADORE CORTINA,BELLUNO,CALALZO PIEVE CADORE CORTINA,0.75,0.0,52,2023-01-01,2023-12-31,10,2,1,46.443829,12.388668,11:27,52,5
