train_class,train_number,train_arrival_stop_name,train_departure_stop_name,stop_name,avg_arrival_delay,median_arrival_delay,count_dates_stop,first_date,last_date,count_3m_delay,count_5m_delay,count_10m_delay,stop_lat,stop_lon,stop_time,count_dates_train,stop_number
REG,11628,BIELLA S.PAOLO,NOVARA,NOVARA,2.5536480686695278,2.0,233,2023-01-02,2023-12-29,75,23,8,45.451376,8.624895,18:04,233,1
REG,11628,BIELLA S.PAOLO,NOVARA,CARPIGNANO SESIA,3.708154506437768,3.0,233,2023-01-02,2023-12-29,129,46,8,45.528934,8.422898,18:19,233,2
REG,11628,BIELLA S.PAOLO,NOVARA,ROVASENDA,3.781115879828326,3.0,233,2023-01-02,2023-12-29,139,51,8,45.537291,8.317376,18:27,233,3
REG,11628,BIELLA S.PAOLO,NOVARA,COSSATO,4.622317596566524,4.0,233,2023-01-02,2023-12-29,168,91,14,45.564216,8.175964,18:38,233,4
REG,11628,BIELLA S.PAOLO,NOVARA,BIELLA S.PAOLO,0.9141630901287554,0.0,233,2023-01-02,2023-12-29,51,21,6,45.557334,8.067541,18:52,233,5
