train_class,train_number,train_arrival_stop_name,train_departure_stop_name,stop_name,avg_arrival_delay,median_arrival_delay,count_dates_stop,first_date,last_date,count_3m_delay,count_5m_delay,count_10m_delay,stop_lat,stop_lon,stop_time,count_dates_train,stop_number
REG,17803,PRATO CENTRALE,BOLOGNA C.LE,BOLOGNA C.LE,2.2913385826771653,2.0,127,2023-01-21,2023-11-11,29,12,3,44.50626,11.342267,06:08,127,1
REG,17803,PRATO CENTRALE,BOLOGNA C.LE,BOLOGNA SAN VITALE,2.5354330708661417,2.0,127,2023-01-21,2023-11-11,41,15,3,,,06:12,127,2
REG,17803,PRATO CENTRALE,BOLOGNA C.LE,BOLOGNA MAZZINI,2.6904761904761907,2.0,126,2023-01-21,2023-11-11,41,14,3,44.482284,11.376271,06:15,127,3
REG,17803,PRATO CENTRALE,BOLOGNA C.LE,BOLOGNA S.RUFFILLO,1.5669291338582678,1.0,127,2023-01-21,2023-11-11,26,9,2,44.462657,11.372967,06:18,127,4
REG,17803,PRATO CENTRALE,BOLOGNA C.LE,RASTIGNANO,2.0873015873015874,1.0,126,2023-01-21,2023-11-11,32,16,3,44.443592,11.357617,06:22,127,5
REG,17803,PRATO CENTRALE,BOLOGNA C.LE,MUSIANO-PIAN DI MACINA,2.6825396825396823,2.0,126,2023-01-21,2023-11-11,41,18,3,44.402423,11.344912,06:27,127,6
REG,17803,PRATO CENTRALE,BOLOGNA C.LE,PIANORO,0.47619047619047616,-1.0,126,2023-01-21,2023-11-11,18,8,2,44.380589,11.340675,06:31,127,7
REG,17803,PRATO CENTRALE,BOLOGNA C.LE,MONZUNO,2.2283464566929134,1.0,127,2023-01-21,2023-11-11,30,16,6,44.322277,11.262082,06:37,127,8
REG,17803,PRATO CENTRALE,BOLOGNA C.LE,GRIZZANA,2.8188976377952755,1.0,127,2023-01-21,2023-11-11,42,25,8,44.258292,11.181194,06:44,127,9
REG,17803,PRATO CENTRALE,BOLOGNA C.LE,SAN BENEDETTO SAMBRO-CAST.PEPOLI,2.4173228346456694,1.0,127,2023-01-21,2023-11-11,39,25,7,44.22866,11.19226,06:49,127,10
REG,17803,PRATO CENTRALE,BOLOGNA C.LE,VERNIO MONTEPIANO CANTAGALLO,4.2063492063492065,3.0,126,2023-01-21,2023-11-11,69,37,11,44.043991,11.152342,06:59,127,11
REG,17803,PRATO CENTRALE,BOLOGNA C.LE,VAIANO,2.015748031496063,0.0,127,2023-01-21,2023-11-11,38,25,7,43.961772,11.130773,07:09,127,12
REG,17803,PRATO CENTRALE,BOLOGNA C.LE,PRATO CENTRALE,0.9133858267716536,-1.0,127,2023-01-21,2023-11-11,30,19,6,43.878737,11.109252,07:20,127,13
