train_class,train_number,train_arrival_stop_name,train_departure_stop_name,stop_name,avg_arrival_delay,median_arrival_delay,count_dates_stop,first_date,last_date,count_3m_delay,count_5m_delay,count_10m_delay,stop_lat,stop_lon,stop_time,count_dates_train,stop_number
REG,18494,PESCIA,FIRENZE S.M.N.,FIRENZE S.M.N.,2.488888888888889,1.0,45,2023-09-05,2023-10-27,11,9,2,43.776893,11.247373,13:37,45,1
REG,18494,PESCIA,FIRENZE S.M.N.,FIRENZE RIFREDI,1.1333333333333333,0.0,45,2023-09-05,2023-10-27,11,4,2,43.800873,11.235729,13:43,45,2
REG,18494,PESCIA,FIRENZE S.M.N.,PRATO CENTRALE,0.2,-1.0,45,2023-09-05,2023-10-27,6,3,2,43.878737,11.109252,13:57,45,3
REG,18494,PESCIA,FIRENZE S.M.N.,PISTOIA,1.7555555555555555,2.0,45,2023-09-05,2023-10-27,11,3,1,43.926804,10.914624,14:14,45,4
REG,18494,PESCIA,FIRENZE S.M.N.,SERRAVALLE PISTOIESE,1.6222222222222222,1.0,45,2023-09-05,2023-10-27,8,4,1,43.908016,10.85168,14:20,45,5
REG,18494,PESCIA,FIRENZE S.M.N.,MONTECATINI TERME,3.1555555555555554,3.0,45,2023-09-05,2023-10-27,23,7,1,43.879327,10.780588,14:27,45,6
REG,18494,PESCIA,FIRENZE S.M.N.,MONTECATINI CENTRO,5.555555555555555,5.0,45,2023-09-05,2023-10-27,45,27,3,43.881216,10.77081,14:31,45,7
REG,18494,PESCIA,FIRENZE S.M.N.,BORGO A BUGGIANO,3.0444444444444443,2.0,45,2023-09-05,2023-10-27,22,9,2,43.880724,10.730079,14:35,45,8
REG,18494,PESCIA,FIRENZE S.M.N.,PESCIA,0.4222222222222222,-1.0,45,2023-09-05,2023-10-27,11,3,2,43.886811,10.686074,14:43,45,9
