train_class,train_number,train_arrival_stop_name,train_departure_stop_name,stop_name,avg_arrival_delay,median_arrival_delay,count_dates_stop,first_date,last_date,count_3m_delay,count_5m_delay,count_10m_delay,stop_lat,stop_lon,stop_time,count_dates_train,stop_number
REG,17883,BOLOGNA C.LE,POGGIO RUSCO,POGGIO RUSCO,1.2674897119341564,1.0,243,2023-01-02,2023-12-29,9,2,0,44.981859,11.124627,10:27,243,1
REG,17883,BOLOGNA C.LE,POGGIO RUSCO,MIRANDOLA,1.5720164609053497,1.0,243,2023-01-02,2023-12-29,29,3,0,44.891638,11.111689,10:33,243,2
REG,17883,BOLOGNA C.LE,POGGIO RUSCO,S.FELICE SP,1.4032921810699588,1.0,243,2023-01-02,2023-12-29,29,5,0,44.834527,11.140243,10:38,243,3
REG,17883,BOLOGNA C.LE,POGGIO RUSCO,CAMPOSANTO,2.580246913580247,2.0,243,2023-01-02,2023-12-29,99,19,4,44.787527,11.143587,10:42,243,4
REG,17883,BOLOGNA C.LE,POGGIO RUSCO,CREVALCORE,-1.3636363636363635,-2.0,242,2023-01-02,2023-12-29,13,6,2,44.719156,11.152625,10:51,243,5
REG,17883,BOLOGNA C.LE,POGGIO RUSCO,SAN GIOVANNI IN PERSICETO,-4.128099173553719,-5.0,242,2023-01-02,2023-12-29,2,1,1,44.643151,11.189444,11:04,243,6
REG,17883,BOLOGNA C.LE,POGGIO RUSCO,OSTERIA NUOVA,1.1275720164609053,1.0,243,2023-01-02,2023-12-29,10,5,2,44.586613,11.236525,11:09,243,7
REG,17883,BOLOGNA C.LE,POGGIO RUSCO,BOLOGNA C.LE,0.6049382716049383,0.0,243,2023-01-02,2023-12-29,28,13,3,44.50626,11.342267,11:24,243,8
