train_class,train_number,train_arrival_stop_name,train_departure_stop_name,stop_name,avg_arrival_delay,median_arrival_delay,count_dates_stop,first_date,last_date,count_3m_delay,count_5m_delay,count_10m_delay,stop_lat,stop_lon,stop_time,count_dates_train,stop_number
REG,10301,MILANO PORTA GARIBALDI,CHIAVENNA,CHIAVENNA,4.2745098039215685,1.0,51,2023-01-01,2023-12-31,19,7,5,46.321258,9.407129,17:54,51,1
REG,10301,MILANO PORTA GARIBALDI,CHIAVENNA,NOVATE-MEZZOLA,4.196078431372549,2.0,51,2023-01-01,2023-12-31,17,9,5,46.216595,9.446573,18:07,51,2
REG,10301,MILANO PORTA GARIBALDI,CHIAVENNA,VERCEIA,3.215686274509804,1.0,51,2023-01-01,2023-12-31,15,10,5,46.202832,9.458412,18:13,51,3
REG,10301,MILANO PORTA GARIBALDI,CHIAVENNA,DUBINO,1.3725490196078431,-2.0,51,2023-01-01,2023-12-31,10,7,2,46.172802,9.432188,18:20,51,4
REG,10301,MILANO PORTA GARIBALDI,CHIAVENNA,COLICO,0.9803921568627451,-2.0,51,2023-01-01,2023-12-31,12,8,2,46.138019,9.375222,18:30,51,5
REG,10301,MILANO PORTA GARIBALDI,CHIAVENNA,PIONA,4.235294117647059,2.0,51,2023-01-01,2023-12-31,18,11,5,46.124696,9.350759,18:40,51,6
REG,10301,MILANO PORTA GARIBALDI,CHIAVENNA,DORIO,7.666666666666667,6.0,51,2023-01-01,2023-12-31,34,30,15,46.102756,9.319063,18:48,51,7
REG,10301,MILANO PORTA GARIBALDI,CHIAVENNA,DERVIO,6.2745098039215685,5.0,51,2023-01-01,2023-12-31,30,26,14,46.077709,9.30596,18:53,51,8
REG,10301,MILANO PORTA GARIBALDI,CHIAVENNA,BELLANO TARTAVELLE TERME,6.450980392156863,4.0,51,2023-01-01,2023-12-31,30,25,13,46.039448,9.302776,18:59,51,9
REG,10301,MILANO PORTA GARIBALDI,CHIAVENNA,VARENNA ESINO,7.588235294117647,6.0,51,2023-01-01,2023-12-31,34,29,15,46.015,9.286405,19:04,51,10
REG,10301,MILANO PORTA GARIBALDI,CHIAVENNA,FIUMELATTE,8.0,6.0,51,2023-01-01,2023-12-31,33,28,12,45.999017,9.292857,19:08,51,11
REG,10301,MILANO PORTA GARIBALDI,CHIAVENNA,LIERNA,7.019607843137255,5.0,51,2023-01-01,2023-12-31,31,26,10,45.960973,9.303071,19:15,51,12
REG,10301,MILANO PORTA GARIBALDI,CHIAVENNA,OLCIO,9.509803921568627,7.0,51,2023-01-01,2023-12-31,43,35,13,45.938011,9.313898,19:22,51,13
REG,10301,MILANO PORTA GARIBALDI,CHIAVENNA,MANDELLO DEL LARIO,6.568627450980392,4.0,51,2023-01-01,2023-12-31,31,21,11,45.915208,9.322061,19:29,51,14
REG,10301,MILANO PORTA GARIBALDI,CHIAVENNA,ABBADIA LARIANA,3.9607843137254903,1.0,51,2023-01-01,2023-12-31,19,16,6,45.895864,9.335175,19:36,51,15
REG,10301,MILANO PORTA GARIBALDI,CHIAVENNA,LECCO,4.8431372549019605,2.0,51,2023-01-01,2023-12-31,25,17,8,45.856471,9.393638,19:45,51,16
REG,10301,MILANO PORTA GARIBALDI,CHIAVENNA,CALOLZIOCORTE OLGINATE,7.509803921568627,4.0,51,2023-01-01,2023-12-31,29,25,10,45.801619,9.42698,19:52,51,17
REG,10301,MILANO PORTA GARIBALDI,CHIAVENNA,CARNATE USMATE,3.4705882352941178,1.0,51,2023-01-01,2023-12-31,16,11,6,45.653072,9.375089,20:09,51,18
REG,10301,MILANO PORTA GARIBALDI,CHIAVENNA,MONZA,3.0784313725490198,-1.0,51,2023-01-01,2023-12-31,15,14,5,45.577789,9.273253,20:20,51,19
REG,10301,MILANO PORTA GARIBALDI,CHIAVENNA,SESTO S. GIOVANNI,5.1568627450980395,1.0,51,2023-01-01,2023-12-31,20,16,8,45.541087,9.23926,20:25,51,20
REG,10301,MILANO PORTA GARIBALDI,CHIAVENNA,MILANO PORTA GARIBALDI,5.352941176470588,2.0,51,2023-01-01,2023-12-31,23,17,5,45.484917,9.187683,20:38,51,21
