train_class,train_number,train_arrival_stop_name,train_departure_stop_name,stop_name,avg_arrival_delay,median_arrival_delay,count_dates_stop,first_date,last_date,count_3m_delay,count_5m_delay,count_10m_delay,stop_lat,stop_lon,stop_time,count_dates_train,stop_number
REG,16492,TREVISO C.,PORTOGRUARO CAORLE,PORTOGRUARO CAORLE,3.552380952380952,3.0,210,2023-01-09,2023-12-23,209,18,2,45.781438,12.832375,12:56,210,1
REG,16492,TREVISO C.,PORTOGRUARO CAORLE,ANNONE VENETO,1.2952380952380953,1.0,210,2023-01-09,2023-12-23,28,9,1,45.774904,12.680334,13:06,210,2
REG,16492,TREVISO C.,PORTOGRUARO CAORLE,MOTTA DI LIVENZA,0.2761904761904762,0.0,210,2023-01-09,2023-12-23,19,5,1,45.779114,12.607118,13:12,210,3
REG,16492,TREVISO C.,PORTOGRUARO CAORLE,GORGO AL MONTICANO,0.5952380952380952,0.0,210,2023-01-09,2023-12-23,17,6,1,45.784444,12.553737,13:18,210,4
REG,16492,TREVISO C.,PORTOGRUARO CAORLE,ODERZO,-1.8428571428571427,-2.0,210,2023-01-09,2023-12-23,3,2,2,45.775304,12.49293,13:25,210,5
REG,16492,TREVISO C.,PORTOGRUARO CAORLE,PONTE DI PIAVE,0.7428571428571429,0.0,210,2023-01-09,2023-12-23,24,13,4,45.719624,12.460683,13:32,210,6
REG,16492,TREVISO C.,PORTOGRUARO CAORLE,FAGARE,1.6875,1.0,208,2023-01-09,2023-12-23,34,13,5,45.70705,12.444296,13:36,210,7
REG,16492,TREVISO C.,PORTOGRUARO CAORLE,S.BIAGIO DI CALLALTA,-0.9904761904761905,-2.0,210,2023-01-09,2023-12-23,12,7,4,45.686134,12.374316,13:43,210,8
REG,16492,TREVISO C.,PORTOGRUARO CAORLE,OLMI SPERCENIGO,3.8857142857142857,3.0,210,2023-01-09,2023-12-23,145,46,11,45.679467,12.338101,13:47,210,9
REG,16492,TREVISO C.,PORTOGRUARO CAORLE,TREVISO C.,2.4285714285714284,2.0,210,2023-01-09,2023-12-23,72,26,8,45.659608,12.24614,13:55,210,10
