train_class,train_number,train_arrival_stop_name,train_departure_stop_name,stop_name,avg_arrival_delay,median_arrival_delay,count_dates_stop,first_date,last_date,count_3m_delay,count_5m_delay,count_10m_delay,stop_lat,stop_lon,stop_time,count_dates_train,stop_number
REG,11616,BIELLA S.PAOLO,NOVARA,NOVARA,2.2060085836909873,1.0,233,2023-01-02,2023-12-29,51,16,3,45.451376,8.624895,12:04,233,1
REG,11616,BIELLA S.PAOLO,NOVARA,CARPIGNANO SESIA,3.0732758620689653,2.0,232,2023-01-02,2023-12-29,105,29,4,45.528934,8.422898,12:19,233,2
REG,11616,BIELLA S.PAOLO,NOVARA,ROVASENDA,2.8798283261802573,2.0,233,2023-01-02,2023-12-29,86,24,7,45.537291,8.317376,12:27,233,3
REG,11616,BIELLA S.PAOLO,NOVARA,COSSATO,3.4506437768240343,3.0,233,2023-01-02,2023-12-29,121,44,9,45.564216,8.175964,12:38,233,4
REG,11616,BIELLA S.PAOLO,NOVARA,BIELLA S.PAOLO,-0.33047210300429186,-2.0,233,2023-01-02,2023-12-29,29,19,6,45.557334,8.067541,12:52,233,5
