train_class,train_number,train_arrival_stop_name,train_departure_stop_name,stop_name,avg_arrival_delay,median_arrival_delay,count_dates_stop,first_date,last_date,count_3m_delay,count_5m_delay,count_10m_delay,stop_lat,stop_lon,stop_time,count_dates_train,stop_number
REG,19167,AULLA LUNIGIANA,PISA CENTRALE,PISA CENTRALE,2.4615384615384617,1.0,26,2023-01-01,2023-06-11,8,3,2,43.70794,10.398183,13:43,26,1
REG,19167,AULLA LUNIGIANA,PISA CENTRALE,PISA SAN ROSSORE,2.5384615384615383,1.0,26,2023-01-01,2023-06-11,9,3,1,43.723702,10.387363,13:47,26,2
REG,19167,AULLA LUNIGIANA,PISA CENTRALE,S.GIULIANO TERME,2.076923076923077,1.0,26,2023-01-01,2023-06-11,7,2,1,43.764895,10.436892,13:53,26,3
REG,19167,AULLA LUNIGIANA,PISA CENTRALE,RIPAFRATTA,5.0,5.0,26,2023-01-01,2023-06-11,25,14,1,43.821711,10.415733,13:59,26,4
REG,19167,AULLA LUNIGIANA,PISA CENTRALE,LUCCA,2.8076923076923075,2.0,26,2023-01-01,2023-06-11,12,3,1,43.837186,10.506069,14:09,26,5
REG,19167,AULLA LUNIGIANA,PISA CENTRALE,S. PIETRO A VICO,4.423076923076923,4.0,26,2023-01-01,2023-06-11,22,11,1,43.875094,10.530945,14:16,26,6
REG,19167,AULLA LUNIGIANA,PISA CENTRALE,PONTE A MORIANO,5.6923076923076925,6.0,26,2023-01-01,2023-06-11,25,17,2,43.908371,10.534264,14:21,26,7
REG,19167,AULLA LUNIGIANA,PISA CENTRALE,DIECIMO - PESCAGLIA,3.423076923076923,3.0,26,2023-01-01,2023-06-11,16,8,1,43.959404,10.507844,14:30,26,8
REG,19167,AULLA LUNIGIANA,PISA CENTRALE,BORGO A MOZZANO,4.038461538461538,4.0,26,2023-01-01,2023-06-11,17,10,1,43.977207,10.541285,14:35,26,9
REG,19167,AULLA LUNIGIANA,PISA CENTRALE,BAGNI DI LUCCA,2.269230769230769,2.0,26,2023-01-01,2023-06-11,11,3,1,44.003447,10.551631,14:40,26,10
REG,19167,AULLA LUNIGIANA,PISA CENTRALE,GHIVIZZANO - COREGLIA,3.230769230769231,3.0,26,2023-01-01,2023-06-11,14,4,1,44.027583,10.510183,14:46,26,11
REG,19167,AULLA LUNIGIANA,PISA CENTRALE,FORNACI DI BARGA,1.6923076923076923,1.0,26,2023-01-01,2023-06-11,6,4,1,44.045253,10.473173,14:51,26,12
REG,19167,AULLA LUNIGIANA,PISA CENTRALE,BARGA GALLICANO,3.230769230769231,2.0,26,2023-01-01,2023-06-11,12,5,2,44.068114,10.451938,14:55,26,13
REG,19167,AULLA LUNIGIANA,PISA CENTRALE,CASTELVECCHIO PASCOLI,3.230769230769231,2.0,26,2023-01-01,2023-06-11,12,5,2,44.09007,10.455061,15:00,26,14
REG,19167,AULLA LUNIGIANA,PISA CENTRALE,FOSCIANDORA - CESERANA,3.230769230769231,2.0,26,2023-01-01,2023-06-11,12,5,2,44.118559,10.444212,15:05,26,15
REG,19167,AULLA LUNIGIANA,PISA CENTRALE,CASTELNUOVO DI GARFAGNANA,3.5384615384615383,2.0,26,2023-01-01,2023-06-11,13,6,2,44.116351,10.409054,15:10,26,16
REG,19167,AULLA LUNIGIANA,PISA CENTRALE,VILLETTA S. ROMANO,5.115384615384615,5.0,26,2023-01-01,2023-06-11,21,14,3,44.146764,10.367565,15:17,26,17
REG,19167,AULLA LUNIGIANA,PISA CENTRALE,POGGIO - CAREGGINE - VAGLI,5.115384615384615,5.0,26,2023-01-01,2023-06-11,21,14,3,44.148541,10.350626,15:20,26,18
REG,19167,AULLA LUNIGIANA,PISA CENTRALE,CAMPORGIANO,5.115384615384615,5.0,26,2023-01-01,2023-06-11,21,14,3,44.161448,10.334849,15:24,26,19
REG,19167,AULLA LUNIGIANA,PISA CENTRALE,PIAZZA AL SERCHIO,3.6153846153846154,3.0,26,2023-01-01,2023-06-11,14,9,2,44.182515,10.296615,15:30,26,20
REG,19167,AULLA LUNIGIANA,PISA CENTRALE,MINUCCIANO - PIEVE - CASOLA,3.269230769230769,3.0,26,2023-01-01,2023-06-11,15,7,1,44.194385,10.193837,15:38,26,21
REG,19167,AULLA LUNIGIANA,PISA CENTRALE,EQUI TERME,3.923076923076923,4.0,26,2023-01-01,2023-06-11,18,9,1,44.170282,10.153624,15:43,26,22
REG,19167,AULLA LUNIGIANA,PISA CENTRALE,MONZONE-M.DEI BANCHI-ISOLANO,3.923076923076923,4.0,26,2023-01-01,2023-06-11,18,9,1,44.165637,10.123827,15:46,26,23
REG,19167,AULLA LUNIGIANA,PISA CENTRALE,GRAGNOLA,3.6538461538461537,3.0,26,2023-01-01,2023-06-11,16,10,1,44.191069,10.109245,15:51,26,24
REG,19167,AULLA LUNIGIANA,PISA CENTRALE,FIVIZZANO - GASSANO,4.730769230769231,5.0,26,2023-01-01,2023-06-11,21,14,1,44.202672,10.091691,15:54,26,25
REG,19167,AULLA LUNIGIANA,PISA CENTRALE,FIVIZZANO ROMETTA - SOLIERA,4.730769230769231,5.0,26,2023-01-01,2023-06-11,21,14,1,44.201526,10.05953,15:58,26,26
REG,19167,AULLA LUNIGIANA,PISA CENTRALE,AULLA LUNIGIANA,0.9230769230769231,1.0,26,2023-01-01,2023-06-11,8,1,0,44.210555,9.970015,16:09,26,27
