train_class,train_number,train_arrival_stop_name,train_departure_stop_name,stop_name,avg_arrival_delay,median_arrival_delay,count_dates_stop,first_date,last_date,count_3m_delay,count_5m_delay,count_10m_delay,stop_lat,stop_lon,stop_time,count_dates_train,stop_number
REG,16117,BORGO VALSUGANA EST,TRENTO,TRENTO,2.1132075471698113,1.0,53,2023-06-12,2023-11-25,8,3,2,46.072414,11.118941,12:05,53,1
REG,16117,BORGO VALSUGANA EST,TRENTO,VILLAZZANO,1.7358490566037736,1.0,53,2023-06-12,2023-11-25,7,2,2,46.045911,11.13906,12:15,53,2
REG,16117,BORGO VALSUGANA EST,TRENTO,POVO,0.0,-1.0,53,2023-06-12,2023-11-25,3,2,2,,,12:20,53,3
REG,16117,BORGO VALSUGANA EST,TRENTO,PERGINE,-0.37735849056603776,-1.0,53,2023-06-12,2023-11-25,3,2,2,46.062482,11.232637,12:31,53,4
REG,16117,BORGO VALSUGANA EST,TRENTO,S.CRISTOFORO AL LAGO-ISCHIA,2.981132075471698,2.0,53,2023-06-12,2023-11-25,14,3,2,46.039743,11.23375,12:35,53,5
REG,16117,BORGO VALSUGANA EST,TRENTO,CALCERANICA,3.547169811320755,2.0,53,2023-06-12,2023-11-25,22,4,2,46.007384,11.240713,12:40,53,6
REG,16117,BORGO VALSUGANA EST,TRENTO,CALDONAZZO,1.0566037735849056,0.0,53,2023-06-12,2023-11-25,4,2,2,45.997575,11.264815,12:46,53,7
REG,16117,BORGO VALSUGANA EST,TRENTO,LEVICO,4.679245283018868,4.0,53,2023-06-12,2023-11-25,43,13,3,46.005729,11.30493,12:51,53,8
REG,16117,BORGO VALSUGANA EST,TRENTO,RONCEGNO BAGNI-MARTER,3.9622641509433962,3.0,53,2023-06-12,2023-11-25,33,6,4,46.03618,11.398818,13:02,53,9
REG,16117,BORGO VALSUGANA EST,TRENTO,BORGO VALSUGANA CENTRO,4.566037735849057,3.0,53,2023-06-12,2023-11-25,37,7,4,46.051182,11.453967,13:07,53,10
REG,16117,BORGO VALSUGANA EST,TRENTO,BORGO VALSUGANA EST,4.69811320754717,4.0,53,2023-06-12,2023-11-25,36,14,4,46.05224,11.462119,13:10,53,11
