train_class,train_number,train_arrival_stop_name,train_departure_stop_name,stop_name,avg_arrival_delay,median_arrival_delay,count_dates_stop,first_date,last_date,count_3m_delay,count_5m_delay,count_10m_delay,stop_lat,stop_lon,stop_time,count_dates_train,stop_number
REG,12854,DITTAINO,CALTANISSETTA CENTRALE,CALTANISSETTA CENTRALE,0.4375,0.0,16,2023-12-11,2023-12-30,1,0,0,37.48829,14.057396,14:20,16,1
REG,12854,DITTAINO,CALTANISSETTA CENTRALE,CALTANISSETTA XIRBI,0.625,1.0,16,2023-12-11,2023-12-30,3,0,0,37.536296,14.056902,14:27,16,2
REG,12854,DITTAINO,CALTANISSETTA CENTRALE,VILLAROSA,-1.6875,-2.0,16,2023-12-11,2023-12-30,0,0,0,37.567205,14.200464,14:43,16,3
REG,12854,DITTAINO,CALTANISSETTA CENTRALE,ENNA,-3.1875,-4.0,16,2023-12-11,2023-12-30,0,0,0,37.581134,14.289579,15:00,16,4
REG,12854,DITTAINO,CALTANISSETTA CENTRALE,LEONFORTE-PIRATO,-1.6666666666666667,-2.0,15,2023-12-11,2023-12-30,0,0,0,37.606305,14.376063,15:11,16,5
REG,12854,DITTAINO,CALTANISSETTA CENTRALE,DITTAINO,-4.1875,-5.0,16,2023-12-11,2023-12-30,0,0,0,37.564605,14.462429,15:24,16,6
