train_class,train_number,train_arrival_stop_name,train_departure_stop_name,stop_name,avg_arrival_delay,median_arrival_delay,count_dates_stop,first_date,last_date,count_3m_delay,count_5m_delay,count_10m_delay,stop_lat,stop_lon,stop_time,count_dates_train,stop_number
REG,19013,LUCCA,FORNACI DI BARGA,FORNACI DI BARGA,1.1428571428571428,1.0,14,2023-12-11,2023-12-30,0,0,0,44.045253,10.473173,14:40,14,1
REG,19013,LUCCA,FORNACI DI BARGA,GHIVIZZANO - COREGLIA,1.1428571428571428,1.0,14,2023-12-11,2023-12-30,0,0,0,44.027583,10.510183,14:44,14,2
REG,19013,LUCCA,FORNACI DI BARGA,BAGNI DI LUCCA,-0.2857142857142857,-1.0,14,2023-12-11,2023-12-30,0,0,0,44.003447,10.551631,14:51,14,3
REG,19013,LUCCA,FORNACI DI BARGA,BORGO A MOZZANO,3.2857142857142856,3.0,14,2023-12-11,2023-12-30,8,3,0,43.977207,10.541285,15:00,14,4
REG,19013,LUCCA,FORNACI DI BARGA,DIECIMO - PESCAGLIA,0.5,0.0,14,2023-12-11,2023-12-30,2,0,0,43.959404,10.507844,15:06,14,5
REG,19013,LUCCA,FORNACI DI BARGA,PONTE A MORIANO,2.142857142857143,1.0,14,2023-12-11,2023-12-30,4,1,0,43.908371,10.534264,15:13,14,6
REG,19013,LUCCA,FORNACI DI BARGA,S. PIETRO A VICO,2.142857142857143,1.0,14,2023-12-11,2023-12-30,5,2,0,43.875094,10.530945,15:18,14,7
REG,19013,LUCCA,FORNACI DI BARGA,LUCCA,0.0,-1.0,14,2023-12-11,2023-12-30,3,0,0,43.837186,10.506069,15:28,14,8
