train_class,train_number,train_arrival_stop_name,train_departure_stop_name,stop_name,avg_arrival_delay,median_arrival_delay,count_dates_stop,first_date,last_date,count_3m_delay,count_5m_delay,count_10m_delay,stop_lat,stop_lon,stop_time,count_dates_train,stop_number
REG,23295,ROMA TIBURTINA,CESANO DI ROMA,CESANO DI ROMA,1.3978494623655915,1.0,93,2023-01-01,2023-12-31,4,1,1,42.061833,12.326669,20:30,93,1
REG,23295,ROMA TIBURTINA,CESANO DI ROMA,OLGIATA,2.3763440860215055,2.0,93,2023-01-01,2023-12-31,27,1,1,42.01538,12.363864,20:36,93,2
REG,23295,ROMA TIBURTINA,CESANO DI ROMA,LA STORTA,1.5483870967741935,1.0,93,2023-01-01,2023-12-31,6,2,2,42.001748,12.381254,20:39,93,3
REG,23295,ROMA TIBURTINA,CESANO DI ROMA,LA GIUSTINIANA,2.3118279569892475,2.0,93,2023-01-01,2023-12-31,24,2,2,41.985243,12.403457,20:43,93,4
REG,23295,ROMA TIBURTINA,CESANO DI ROMA,IPOGEO DEGLI OTTAVI,2.827956989247312,2.0,93,2023-01-01,2023-12-31,41,2,2,41.968391,12.409026,20:46,93,5
REG,23295,ROMA TIBURTINA,CESANO DI ROMA,OTTAVIA,1.8387096774193548,1.0,93,2023-01-01,2023-12-31,15,2,2,,,20:49,93,6
REG,23295,ROMA TIBURTINA,CESANO DI ROMA,ROMA S.FILIPPO NERI,2.150537634408602,2.0,93,2023-01-01,2023-12-31,23,2,2,41.950262,12.412414,20:52,93,7
REG,23295,ROMA TIBURTINA,CESANO DI ROMA,ROMA MONTE MARIO,1.5053763440860215,1.0,93,2023-01-01,2023-12-31,9,2,2,41.939088,12.421732,20:55,93,8
REG,23295,ROMA TIBURTINA,CESANO DI ROMA,GEMELLI,2.4838709677419355,2.0,93,2023-01-01,2023-12-31,28,2,2,41.927813,12.427797,20:58,93,9
REG,23295,ROMA TIBURTINA,CESANO DI ROMA,ROMA BALDUINA,1.946236559139785,1.0,93,2023-01-01,2023-12-31,18,2,2,,,21:01,93,10
REG,23295,ROMA TIBURTINA,CESANO DI ROMA,APPIANO,1.978494623655914,1.0,93,2023-01-01,2023-12-31,16,2,2,41.909342,12.43838,21:03,93,11
REG,23295,ROMA TIBURTINA,CESANO DI ROMA,VALLE AURELIA,3.3225806451612905,3.0,93,2023-01-01,2023-12-31,63,7,2,41.899356,12.447667,21:06,93,12
REG,23295,ROMA TIBURTINA,CESANO DI ROMA,ROMA S.PIETRO,-1.8602150537634408,-2.0,93,2023-01-01,2023-12-31,2,2,2,41.896143,12.454497,21:12,93,13
REG,23295,ROMA TIBURTINA,CESANO DI ROMA,QUATTRO VENTI,0.5591397849462365,0.0,93,2023-01-01,2023-12-31,2,2,2,41.880145,12.459731,21:16,93,14
REG,23295,ROMA TIBURTINA,CESANO DI ROMA,ROMA TRASTEVERE,2.247311827956989,2.0,93,2023-01-01,2023-12-31,13,3,2,41.872279,12.466162,21:19,93,15
REG,23295,ROMA TIBURTINA,CESANO DI ROMA,ROMA OSTIENSE,-0.9354838709677419,-2.0,93,2023-01-01,2023-12-31,3,2,2,41.87265,12.483917,21:24,93,16
REG,23295,ROMA TIBURTINA,CESANO DI ROMA,ROMA TUSCOLANA,0.6847826086956522,0.0,92,2023-01-01,2023-12-31,10,5,2,41.879384,12.523505,21:30,93,17
REG,23295,ROMA TIBURTINA,CESANO DI ROMA,ROMA TIBURTINA,0.10752688172043011,-1.0,93,2023-01-01,2023-12-31,10,6,3,41.910903,12.530749,21:37,93,18
