train_class,train_number,train_arrival_stop_name,train_departure_stop_name,stop_name,avg_arrival_delay,median_arrival_delay,count_dates_stop,first_date,last_date,count_3m_delay,count_5m_delay,count_10m_delay,stop_lat,stop_lon,stop_time,count_dates_train,stop_number
REG,21689,GIAMPILIERI,MESSINA CENTRALE,MESSINA CENTRALE,3.3515358361774745,3.0,293,2023-01-02,2023-12-30,191,66,4,38.184975,15.561278,13:50,293,1
REG,21689,GIAMPILIERI,MESSINA CENTRALE,CONTESSE,2.651877133105802,2.0,293,2023-01-02,2023-12-30,134,37,4,38.16193,15.544717,13:57,293,2
REG,21689,GIAMPILIERI,MESSINA CENTRALE,GALATI,2.474402730375427,2.0,293,2023-01-02,2023-12-30,131,32,4,38.104511,15.505313,14:06,293,3
REG,21689,GIAMPILIERI,MESSINA CENTRALE,GIAMPILIERI,-0.9726962457337884,-2.0,293,2023-01-02,2023-12-30,21,9,1,38.080121,15.493863,14:20,293,4
