train_class,train_number,train_arrival_stop_name,train_departure_stop_name,stop_name,avg_arrival_delay,median_arrival_delay,count_dates_stop,first_date,last_date,count_3m_delay,count_5m_delay,count_10m_delay,stop_lat,stop_lon,stop_time,count_dates_train,stop_number
REG,2416,DOMODOSSOLA,MILANO CENTRALE,MILANO CENTRALE,3.528481012658228,3.0,316,2023-01-01,2023-12-31,184,61,5,45.486347,9.204528,08:25,316,1
REG,2416,DOMODOSSOLA,MILANO CENTRALE,RHO FIERA MILANO,3.459016393442623,3.0,305,2023-01-01,2023-12-31,170,62,5,45.521157,9.088595,08:35,316,2
REG,2416,DOMODOSSOLA,MILANO CENTRALE,BUSTO ARSIZIO,4.031847133757962,3.0,314,2023-01-01,2023-12-31,173,95,26,45.616164,8.865031,08:53,316,3
REG,2416,DOMODOSSOLA,MILANO CENTRALE,GALLARATE,5.977777777777778,5.0,315,2023-01-01,2023-12-31,257,162,42,45.659828,8.798243,08:59,316,4
REG,2416,DOMODOSSOLA,MILANO CENTRALE,SESTO CALENDE,6.745222929936306,5.0,314,2023-01-01,2023-12-31,263,192,57,45.726241,8.628135,09:11,316,5
REG,2416,DOMODOSSOLA,MILANO CENTRALE,ARONA,6.258785942492013,5.0,313,2023-01-01,2023-12-31,232,171,48,45.755392,8.559075,09:19,316,6
REG,2416,DOMODOSSOLA,MILANO CENTRALE,STRESA,6.131410256410256,5.0,312,2023-01-01,2023-12-31,217,164,55,45.884486,8.531454,09:32,316,7
REG,2416,DOMODOSSOLA,MILANO CENTRALE,VERBANIA-PALLANZA,5.194267515923567,4.0,314,2023-01-01,2023-12-31,196,133,46,45.943821,8.47224,09:41,316,8
REG,2416,DOMODOSSOLA,MILANO CENTRALE,DOMODOSSOLA,5.7215189873417724,3.0,316,2023-01-01,2023-12-31,183,126,65,46.115429,8.296684,10:04,316,9
