train_class,train_number,train_arrival_stop_name,train_departure_stop_name,stop_name,avg_arrival_delay,median_arrival_delay,count_dates_stop,first_date,last_date,count_3m_delay,count_5m_delay,count_10m_delay,stop_lat,stop_lon,stop_time,count_dates_train,stop_number
REG,24271,MILANO ROGOREDO,SEVESO,SEVESO,1.3962264150943395,1.0,53,2023-01-02,2023-03-23,6,1,0,45.648187,9.140488,19:42,53,1
REG,24271,MILANO ROGOREDO,SEVESO,CESANO MADERNO,1.169811320754717,1.0,53,2023-01-02,2023-03-23,5,1,0,,,19:44,53,2
REG,24271,MILANO ROGOREDO,SEVESO,BOVISO MASCIAGO - MOMBELLO,1.0188679245283019,1.0,53,2023-01-02,2023-03-23,5,2,1,,,19:47,53,3
REG,24271,MILANO ROGOREDO,SEVESO,VAREDO,1.1320754716981132,1.0,53,2023-01-02,2023-03-23,5,3,1,,,19:50,53,4
REG,24271,MILANO ROGOREDO,SEVESO,PALAZZOLO,1.3773584905660377,1.0,53,2023-01-02,2023-03-23,5,3,1,,,19:53,53,5
REG,24271,MILANO ROGOREDO,SEVESO,PADERNO DUGNANO,1.2075471698113207,1.0,53,2023-01-02,2023-03-23,5,3,1,,,19:56,53,6
REG,24271,MILANO ROGOREDO,SEVESO,MILANO BRUZZANO,1.7169811320754718,1.0,53,2023-01-02,2023-03-23,11,4,1,,,20:02,53,7
REG,24271,MILANO ROGOREDO,SEVESO,MILANO AFFORI,2.2641509433962264,2.0,53,2023-01-02,2023-03-23,18,5,1,45.521334,9.167446,20:04,53,8
REG,24271,MILANO ROGOREDO,SEVESO,MILANO BOVISA FNM,1.6415094339622642,1.0,53,2023-01-02,2023-03-23,14,2,1,45.502993,9.159235,20:09,53,9
REG,24271,MILANO ROGOREDO,SEVESO,MILANO LANCETTI,2.2641509433962264,2.0,53,2023-01-02,2023-03-23,17,7,1,45.492632,9.175832,20:15,53,10
REG,24271,MILANO ROGOREDO,SEVESO,MI P.GAR.SOTT.,4.452830188679245,4.0,53,2023-01-02,2023-03-23,43,17,2,45.484228,9.185122,20:18,53,11
REG,24271,MILANO ROGOREDO,SEVESO,MILANO REPUBBLICA,4.452830188679245,4.0,53,2023-01-02,2023-03-23,43,17,2,45.479984,9.198861,20:20,53,12
REG,24271,MILANO ROGOREDO,SEVESO,MILANO VENEZIA,4.773584905660377,4.0,53,2023-01-02,2023-03-23,45,22,2,45.471121,9.201889,20:22,53,13
REG,24271,MILANO ROGOREDO,SEVESO,MILANO DATEO,4.716981132075472,4.0,53,2023-01-02,2023-03-23,45,22,2,45.462341,9.209277,20:25,53,14
REG,24271,MILANO ROGOREDO,SEVESO,MILANO PORTA VITTORIA,2.792452830188679,2.0,53,2023-01-02,2023-03-23,24,7,2,45.459579,9.21813,20:29,53,15
REG,24271,MILANO ROGOREDO,SEVESO,MILANO ROGOREDO,2.6792452830188678,2.0,53,2023-01-02,2023-03-23,23,7,3,45.433866,9.2391,20:37,53,16
