train_class,train_number,train_arrival_stop_name,train_departure_stop_name,stop_name,avg_arrival_delay,median_arrival_delay,count_dates_stop,first_date,last_date,count_3m_delay,count_5m_delay,count_10m_delay,stop_lat,stop_lon,stop_time,count_dates_train,stop_number
REG,23864,ANCONA,MACERATA,MACERATA,1.6832740213523132,1.0,281,2023-01-02,2023-12-30,22,4,1,43.293094,13.455172,16:30,281,1
REG,23864,ANCONA,MACERATA,MORROVALLE MONTE S.GIUSTO,0.9039145907473309,1.0,281,2023-01-02,2023-12-30,16,7,3,43.279189,13.58285,16:44,281,2
REG,23864,ANCONA,MACERATA,MONTECOSARO,1.3807829181494662,1.0,281,2023-01-02,2023-12-30,25,7,4,43.289297,13.646378,16:49,281,3
REG,23864,ANCONA,MACERATA,CIVITANOVA MARCHE,0.501779359430605,0.0,281,2023-01-02,2023-12-30,19,9,4,43.3091,13.7257,16:57,281,4
REG,23864,ANCONA,MACERATA,LORETO,-0.5658362989323843,-2.0,281,2023-01-02,2023-12-30,42,19,4,43.448376,13.620455,17:15,281,5
REG,23864,ANCONA,MACERATA,ANCONA,-1.690391459074733,-3.0,281,2023-01-02,2023-12-30,25,9,3,43.607734,13.497665,17:35,281,6
