train_class,train_number,train_arrival_stop_name,train_departure_stop_name,stop_name,avg_arrival_delay,median_arrival_delay,count_dates_stop,first_date,last_date,count_3m_delay,count_5m_delay,count_10m_delay,stop_lat,stop_lon,stop_time,count_dates_train,stop_number
REG,23817,SULMONA,L`AQUILA,L`AQUILA,1.556910569105691,1.0,246,2023-01-02,2023-12-29,15,5,3,42.351055,13.384959,16:58,246,1
REG,23817,SULMONA,L`AQUILA,PAGANICA,0.45121951219512196,0.0,246,2023-01-02,2023-12-29,8,6,4,42.334751,13.464317,17:05,246,2
REG,23817,SULMONA,L`AQUILA,S.DEMETRIO DE` VESTINI,3.7886178861788617,3.0,246,2023-01-02,2023-12-29,181,67,4,42.294447,13.536543,17:12,246,3
REG,23817,SULMONA,L`AQUILA,ACCIANO,9.738775510204082,9.0,245,2023-01-02,2023-12-29,245,245,100,42.175994,13.711345,17:30,246,4
REG,23817,SULMONA,L`AQUILA,MOLINA CASTEL VECCHIO SUBAQUEO,4.2439024390243905,3.0,246,2023-01-02,2023-12-29,168,86,13,42.143476,13.739644,17:36,246,5
REG,23817,SULMONA,L`AQUILA,RAIANO,4.849593495934959,4.0,246,2023-01-02,2023-12-29,175,87,13,42.097931,13.80908,17:45,246,6
REG,23817,SULMONA,L`AQUILA,PRATOLA PELIGNA SUPERIORE,1.1229508196721312,-1.0,244,2023-01-02,2023-12-29,47,25,11,42.080415,13.87223,17:52,246,7
REG,23817,SULMONA,L`AQUILA,SULMONA,1.2195121951219512,-1.0,246,2023-01-02,2023-12-29,50,26,11,42.060836,13.907156,18:00,246,8
