train_class,train_number,train_arrival_stop_name,train_departure_stop_name,stop_name,avg_arrival_delay,median_arrival_delay,count_dates_stop,first_date,last_date,count_3m_delay,count_5m_delay,count_10m_delay,stop_lat,stop_lon,stop_time,count_dates_train,stop_number
REG,2840,SONDRIO,MILANO CENTRALE,MILANO CENTRALE,5.910958904109589,2.0,292,2023-01-01,2023-12-31,113,71,37,45.486347,9.204528,20:20,292,1
REG,2840,SONDRIO,MILANO CENTRALE,MONZA,6.463917525773196,3.0,291,2023-01-01,2023-12-31,166,106,40,45.577789,9.273253,20:31,292,2
REG,2840,SONDRIO,MILANO CENTRALE,LECCO,6.381443298969073,3.0,291,2023-01-01,2023-12-31,165,104,37,45.856471,9.393638,20:59,292,3
REG,2840,SONDRIO,MILANO CENTRALE,MANDELLO DEL LARIO,9.698630136986301,6.0,292,2023-01-01,2023-12-31,236,177,76,45.915208,9.322061,21:11,292,4
REG,2840,SONDRIO,MILANO CENTRALE,VARENNA ESINO,9.616438356164384,6.0,292,2023-01-01,2023-12-31,209,173,80,46.015,9.286405,21:24,292,5
REG,2840,SONDRIO,MILANO CENTRALE,BELLANO TARTAVELLE TERME,11.157534246575343,8.0,292,2023-01-01,2023-12-31,239,200,103,46.039448,9.302776,21:29,292,6
REG,2840,SONDRIO,MILANO CENTRALE,COLICO,9.667808219178083,6.0,292,2023-01-01,2023-12-31,209,173,87,46.138019,9.375222,21:46,292,7
REG,2840,SONDRIO,MILANO CENTRALE,MORBEGNO,9.804794520547945,6.0,292,2023-01-01,2023-12-31,202,170,88,46.136663,9.568646,21:59,292,8
REG,2840,SONDRIO,MILANO CENTRALE,SONDRIO,7.092465753424658,3.0,292,2023-01-01,2023-12-31,158,127,68,46.167064,9.872928,22:21,292,9
