train_class,train_number,train_arrival_stop_name,train_departure_stop_name,stop_name,avg_arrival_delay,median_arrival_delay,count_dates_stop,first_date,last_date,count_3m_delay,count_5m_delay,count_10m_delay,stop_lat,stop_lon,stop_time,count_dates_train,stop_number
REG,26056,TORINO STURA,CHIERI,CHIERI,1.0,1.0,12,2023-10-27,2023-12-03,0,0,0,45.007008,7.827077,20:20,12,1
REG,26056,TORINO STURA,CHIERI,TROFARELLO,-0.3333333333333333,-1.0,12,2023-10-27,2023-12-03,0,0,0,44.980471,7.735206,20:30,12,2
REG,26056,TORINO STURA,CHIERI,MONCALIERI,1.25,1.0,12,2023-10-27,2023-12-03,2,0,0,44.998187,7.678027,20:35,12,3
REG,26056,TORINO STURA,CHIERI,TORINO LINGOTTO,1.1666666666666667,1.0,12,2023-10-27,2023-12-03,3,0,0,45.0266,7.657469,20:40,12,4
REG,26056,TORINO STURA,CHIERI,TORINO PORTA SUSA,-0.75,-1.0,12,2023-10-27,2023-12-03,0,0,0,45.075906,7.667673,20:48,12,5
REG,26056,TORINO STURA,CHIERI,TORINO REBAUDENGO FOSSATA,0.4166666666666667,0.0,12,2023-10-27,2023-12-03,0,0,0,,,20:52,12,6
REG,26056,TORINO STURA,CHIERI,TORINO STURA,1.5833333333333333,2.0,12,2023-10-27,2023-12-03,1,0,0,45.121932,7.713202,20:56,12,7
