train_class,train_number,train_arrival_stop_name,train_departure_stop_name,stop_name,avg_arrival_delay,median_arrival_delay,count_dates_stop,first_date,last_date,count_3m_delay,count_5m_delay,count_10m_delay,stop_lat,stop_lon,stop_time,count_dates_train,stop_number
REG,22647,BERGAMO,TREVIGLIO,TREVIGLIO,1.7492957746478872,1.0,355,2023-01-01,2023-12-31,33,13,7,45.515063,9.587919,13:08,355,1
REG,22647,BERGAMO,TREVIGLIO,TREVIGLIO OVEST,0.09577464788732394,-1.0,355,2023-01-01,2023-12-31,19,12,7,45.521762,9.580281,13:11,355,2
REG,22647,BERGAMO,TREVIGLIO,VERDELLO DALMINE,-0.17563739376770537,-1.0,353,2023-01-01,2023-12-31,17,11,7,45.605715,9.619797,13:22,355,3
REG,22647,BERGAMO,TREVIGLIO,BERGAMO,0.8647887323943662,0.0,355,2023-01-01,2023-12-31,39,14,5,45.690271,9.675082,13:38,355,4
