train_class,train_number,train_arrival_stop_name,train_departure_stop_name,stop_name,avg_arrival_delay,median_arrival_delay,count_dates_stop,first_date,last_date,count_3m_delay,count_5m_delay,count_10m_delay,stop_lat,stop_lon,stop_time,count_dates_train,stop_number
REG,20659,POGGIO MIRTETO,FIUMICINO AEROPORTO,FIUMICINO AEROPORTO,3.4254658385093166,2.0,322,2023-01-01,2023-12-31,154,55,12,41.793673,12.251728,13:27,322,1
REG,20659,POGGIO MIRTETO,FIUMICINO AEROPORTO,PARCO LEONARDO,2.7453416149068324,2.0,322,2023-01-01,2023-12-31,113,44,13,41.79932,12.29543,13:32,322,2
REG,20659,POGGIO MIRTETO,FIUMICINO AEROPORTO,PONTE GALERIA,2.940993788819876,2.0,322,2023-01-01,2023-12-31,128,55,13,41.818349,12.344733,13:38,322,3
REG,20659,POGGIO MIRTETO,FIUMICINO AEROPORTO,MURATELLA,4.254658385093168,3.0,322,2023-01-01,2023-12-31,212,95,17,41.826182,12.412696,13:43,322,4
REG,20659,POGGIO MIRTETO,FIUMICINO AEROPORTO,MAGLIANA,4.3354037267080745,3.0,322,2023-01-01,2023-12-31,213,99,17,41.834235,12.431017,13:46,322,5
REG,20659,POGGIO MIRTETO,FIUMICINO AEROPORTO,VILLA BONELLI,4.422360248447205,4.0,322,2023-01-01,2023-12-31,211,103,20,41.8477601,12.455223,13:49,322,6
REG,20659,POGGIO MIRTETO,FIUMICINO AEROPORTO,ROMA TRASTEVERE,5.642857142857143,5.0,322,2023-01-01,2023-12-31,259,174,28,41.872279,12.466162,13:54,322,7
REG,20659,POGGIO MIRTETO,FIUMICINO AEROPORTO,ROMA OSTIENSE,3.803738317757009,3.0,321,2023-01-01,2023-12-31,182,96,17,41.87265,12.483917,13:58,322,8
REG,20659,POGGIO MIRTETO,FIUMICINO AEROPORTO,ROMA TUSCOLANA,1.194888178913738,0.0,313,2023-01-01,2023-12-31,70,39,16,41.879384,12.523505,14:07,322,9
REG,20659,POGGIO MIRTETO,FIUMICINO AEROPORTO,ROMA TIBURTINA,-0.6025641025641025,-2.0,312,2023-01-01,2023-12-31,33,21,14,41.910903,12.530749,14:15,322,10
REG,20659,POGGIO MIRTETO,FIUMICINO AEROPORTO,ROMA NOMENTANA L.L.,2.8167701863354035,2.0,322,2023-01-01,2023-12-31,85,38,18,41.932935,12.523628,14:19,322,11
REG,20659,POGGIO MIRTETO,FIUMICINO AEROPORTO,NUOVO SALARIO,3.481366459627329,2.0,322,2023-01-01,2023-12-31,135,38,19,41.956195,12.510317,14:25,322,12
REG,20659,POGGIO MIRTETO,FIUMICINO AEROPORTO,FIDENE,1.5093167701863355,1.0,322,2023-01-01,2023-12-31,39,27,10,41.979773,12.508451,14:29,322,13
REG,20659,POGGIO MIRTETO,FIUMICINO AEROPORTO,SETTE BAGNI,1.7018633540372672,1.0,322,2023-01-01,2023-12-31,38,25,10,42.006438,12.520156,14:34,322,14
REG,20659,POGGIO MIRTETO,FIUMICINO AEROPORTO,MONTEROTONDO,0.07142857142857142,-1.0,322,2023-01-01,2023-12-31,29,21,7,42.06409,12.595753,14:43,322,15
REG,20659,POGGIO MIRTETO,FIUMICINO AEROPORTO,PIANA BELLA MONTELIBRETTI,2.5062111801242235,2.0,322,2023-01-01,2023-12-31,72,31,10,42.105159,12.632938,14:48,322,16
REG,20659,POGGIO MIRTETO,FIUMICINO AEROPORTO,FARA SABINA,0.5403726708074534,-1.0,322,2023-01-01,2023-12-31,34,19,7,42.155546,12.648323,14:55,322,17
REG,20659,POGGIO MIRTETO,FIUMICINO AEROPORTO,POGGIO MIRTETO,0.6086956521739131,-1.0,322,2023-01-01,2023-12-31,40,19,7,42.242187,12.633043,15:05,322,18
