train_class,train_number,train_arrival_stop_name,train_departure_stop_name,stop_name,avg_arrival_delay,median_arrival_delay,count_dates_stop,first_date,last_date,count_3m_delay,count_5m_delay,count_10m_delay,stop_lat,stop_lon,stop_time,count_dates_train,stop_number
REG,20599,ROMA TIBURTINA,FIUMICINO AEROPORTO,FIUMICINO AEROPORTO,1.625,1.0,16,2023-01-28,2023-12-30,2,0,0,41.793673,12.251728,08:57,16,1
REG,20599,ROMA TIBURTINA,FIUMICINO AEROPORTO,PARCO LEONARDO,1.25,1.0,16,2023-01-28,2023-12-30,2,0,0,41.79932,12.29543,09:01,16,2
REG,20599,ROMA TIBURTINA,FIUMICINO AEROPORTO,PONTE GALERIA,1.25,1.0,16,2023-01-28,2023-12-30,2,0,0,41.818349,12.344733,09:07,16,3
REG,20599,ROMA TIBURTINA,FIUMICINO AEROPORTO,MURATELLA,2.5625,2.0,16,2023-01-28,2023-12-30,7,1,0,41.826182,12.412696,09:12,16,4
REG,20599,ROMA TIBURTINA,FIUMICINO AEROPORTO,MAGLIANA,2.625,2.0,16,2023-01-28,2023-12-30,8,2,0,41.834235,12.431017,09:15,16,5
REG,20599,ROMA TIBURTINA,FIUMICINO AEROPORTO,VILLA BONELLI,2.375,2.0,16,2023-01-28,2023-12-30,8,2,0,41.8477601,12.455223,09:19,16,6
REG,20599,ROMA TIBURTINA,FIUMICINO AEROPORTO,ROMA TRASTEVERE,3.6875,3.0,16,2023-01-28,2023-12-30,10,4,1,41.872279,12.466162,09:24,16,7
REG,20599,ROMA TIBURTINA,FIUMICINO AEROPORTO,ROMA OSTIENSE,1.9375,2.0,16,2023-01-28,2023-12-30,5,1,1,41.87265,12.483917,09:28,16,8
REG,20599,ROMA TIBURTINA,FIUMICINO AEROPORTO,ROMA TUSCOLANA,1.4666666666666666,0.0,15,2023-03-11,2023-12-30,4,3,2,41.879384,12.523505,09:37,16,9
REG,20599,ROMA TIBURTINA,FIUMICINO AEROPORTO,ROMA TIBURTINA,3.4375,0.0,16,2023-01-28,2023-12-30,5,4,2,41.910903,12.530749,09:45,16,10
