train_class,train_number,train_arrival_stop_name,train_departure_stop_name,stop_name,avg_arrival_delay,median_arrival_delay,count_dates_stop,first_date,last_date,count_3m_delay,count_5m_delay,count_10m_delay,stop_lat,stop_lon,stop_time,count_dates_train,stop_number
REG,22069,CAGLIARI,SAN GAVINO,SAN GAVINO,2.663265306122449,2.0,294,2023-01-02,2023-12-30,100,38,8,39.546206,8.788017,15:22,294,1
REG,22069,CAGLIARI,SAN GAVINO,SAMASSI SERRENTI,0.4931972789115646,-1.0,294,2023-01-02,2023-12-30,37,19,5,39.483075,8.899035,15:31,294,2
REG,22069,CAGLIARI,SAN GAVINO,SERRAMANNA NURAMINIS,0.7857142857142857,0.0,294,2023-01-02,2023-12-30,40,19,7,39.426123,8.916579,15:37,294,3
REG,22069,CAGLIARI,SAN GAVINO,VILLASOR,1.2244897959183674,1.0,294,2023-01-02,2023-12-30,54,23,8,39.381451,8.935907,15:43,294,4
REG,22069,CAGLIARI,SAN GAVINO,DECIMOMANNU,0.36054421768707484,-1.0,294,2023-01-02,2023-12-30,36,22,12,39.304593,8.965808,15:51,294,5
REG,22069,CAGLIARI,SAN GAVINO,ELMAS AEROPORTO,0.25510204081632654,-1.0,294,2023-01-02,2023-12-30,32,20,14,,,15:59,294,6
REG,22069,CAGLIARI,SAN GAVINO,CAGLIARI,2.078231292517007,2.0,294,2023-01-02,2023-12-30,58,21,10,39.216078,9.107984,16:07,294,7
