train_class,train_number,train_arrival_stop_name,train_departure_stop_name,stop_name,avg_arrival_delay,median_arrival_delay,count_dates_stop,first_date,last_date,count_3m_delay,count_5m_delay,count_10m_delay,stop_lat,stop_lon,stop_time,count_dates_train,stop_number
REG,25526,CHIASSO,MILANO CENTRALE,MILANO CENTRALE,2.1763005780346822,1.0,346,2023-01-01,2023-12-30,75,30,7,45.486347,9.204528,16:43,346,1
REG,25526,CHIASSO,MILANO CENTRALE,MONZA,2.4104046242774566,2.0,346,2023-01-01,2023-12-30,103,44,14,45.577789,9.273253,16:52,346,2
REG,25526,CHIASSO,MILANO CENTRALE,SEREGNO,2.698550724637681,2.0,345,2023-01-01,2023-12-30,131,70,22,45.64601,9.20285,17:01,346,3
REG,25526,CHIASSO,MILANO CENTRALE,COMO S. GIOVANNI,2.3391304347826085,1.0,345,2023-01-01,2023-12-30,115,74,26,45.808946,9.072331,17:22,346,4
REG,25526,CHIASSO,MILANO CENTRALE,CHIASSO,0.5404624277456648,-1.0,346,2023-01-01,2023-12-30,78,46,19,45.830736,9.03421,17:29,346,5
