train_class,train_number,train_arrival_stop_name,train_departure_stop_name,stop_name,avg_arrival_delay,median_arrival_delay,count_dates_stop,first_date,last_date,count_3m_delay,count_5m_delay,count_10m_delay,stop_lat,stop_lon,stop_time,count_dates_train,stop_number
REG,26204,CHIVASSO,PINEROLO,PINEROLO,1.0955631399317407,1.0,293,2023-01-02,2023-12-30,7,4,0,44.887673,7.337402,06:17,293,1
REG,26204,CHIVASSO,PINEROLO,PINEROLO OLIMPICA,3.0955631399317407,3.0,293,2023-01-02,2023-12-30,260,7,2,44.893325,7.349043,06:18,293,2
REG,26204,CHIVASSO,PINEROLO,PISCINA DI PINEROLO,-0.6723549488054608,-1.0,293,2023-01-02,2023-12-30,5,2,1,44.921744,7.425482,06:27,293,3
REG,26204,CHIVASSO,PINEROLO,AIRASCA,3.7781569965870307,3.0,293,2023-01-02,2023-12-30,211,94,7,44.928093,7.483536,06:32,293,4
REG,26204,CHIVASSO,PINEROLO,NONE,4.573378839590443,4.0,293,2023-01-02,2023-12-30,239,124,9,44.938011,7.540068,06:36,293,5
REG,26204,CHIVASSO,PINEROLO,CANDIOLO,5.15358361774744,5.0,293,2023-01-02,2023-12-30,262,156,14,44.961155,7.598973,06:41,293,6
REG,26204,CHIVASSO,PINEROLO,NICHELINO,5.843003412969283,5.0,293,2023-01-02,2023-12-30,275,190,21,44.99132,7.642068,06:46,293,7
REG,26204,CHIVASSO,PINEROLO,MONCALIERI SANGONE,6.1331058020477816,6.0,293,2023-01-02,2023-12-30,273,189,28,45.000393,7.667991,06:50,293,8
REG,26204,CHIVASSO,PINEROLO,TORINO LINGOTTO,4.013698630136986,3.0,292,2023-01-02,2023-12-30,176,109,16,45.0266,7.657469,06:57,293,9
REG,26204,CHIVASSO,PINEROLO,TORINO PORTA SUSA,3.7098976109215016,3.0,293,2023-01-02,2023-12-30,164,95,17,45.075906,7.667673,07:04,293,10
REG,26204,CHIVASSO,PINEROLO,TORINO REBAUDENGO FOSSATA,4.1160409556314,3.0,293,2023-01-02,2023-12-30,176,109,21,,,07:08,293,11
REG,26204,CHIVASSO,PINEROLO,TORINO STURA,3.969283276450512,3.0,293,2023-01-02,2023-12-30,175,99,20,45.121932,7.713202,07:12,293,12
REG,26204,CHIVASSO,PINEROLO,SETTIMO,4.225255972696246,3.0,293,2023-01-02,2023-12-30,171,93,24,45.139834,7.769335,07:17,293,13
REG,26204,CHIVASSO,PINEROLO,BRANDIZZO,3.6996587030716723,3.0,293,2023-01-02,2023-12-30,150,82,21,45.178915,7.841218,07:23,293,14
REG,26204,CHIVASSO,PINEROLO,CHIVASSO,2.7781569965870307,1.0,293,2023-01-02,2023-12-30,100,52,17,45.193637,7.889666,07:31,293,15
