train_class,train_number,train_arrival_stop_name,train_departure_stop_name,stop_name,avg_arrival_delay,median_arrival_delay,count_dates_stop,first_date,last_date,count_3m_delay,count_5m_delay,count_10m_delay,stop_lat,stop_lon,stop_time,count_dates_train,stop_number
REG,2485,BOLOGNA C.LE,MILANO PORTA GARIBALDI,MODENA,14.329376854599406,11.0,337,2023-01-02,2023-12-31,303,276,187,44.654461,10.930373,00:03,338,1
REG,2485,BOLOGNA C.LE,MILANO PORTA GARIBALDI,BOLOGNA C.LE,7.674556213017752,3.0,338,2023-01-02,2023-12-31,187,149,82,44.50626,11.342267,00:33,338,2
REG,2485,BOLOGNA C.LE,MILANO PORTA GARIBALDI,MILANO PORTA GARIBALDI,2.896449704142012,2.0,338,2023-01-02,2023-12-31,86,26,7,45.484917,9.187683,22:05,338,3
REG,2485,BOLOGNA C.LE,MILANO PORTA GARIBALDI,MILANO LAMBRATE,3.9023668639053253,2.0,338,2023-01-02,2023-12-31,168,95,30,45.484933,9.237333,22:21,338,4
REG,2485,BOLOGNA C.LE,MILANO PORTA GARIBALDI,MILANO ROGOREDO,5.655786350148368,4.0,337,2023-01-02,2023-12-31,209,134,48,45.433866,9.2391,22:26,338,5
REG,2485,BOLOGNA C.LE,MILANO PORTA GARIBALDI,LODI,7.344213649851632,5.0,337,2023-01-02,2023-12-31,263,180,74,45.308966,9.497585,22:41,338,6
REG,2485,BOLOGNA C.LE,MILANO PORTA GARIBALDI,PIACENZA,6.742603550295858,4.0,338,2023-01-02,2023-12-31,221,167,78,45.052238,9.70633,23:03,338,7
REG,2485,BOLOGNA C.LE,MILANO PORTA GARIBALDI,PARMA,10.387573964497042,7.0,338,2023-01-02,2023-12-31,262,219,138,44.810203,10.32837,23:32,338,8
REG,2485,BOLOGNA C.LE,MILANO PORTA GARIBALDI,REGGIO EMILIA,15.310650887573965,12.0,338,2023-01-02,2023-12-31,320,297,214,44.697793,10.643093,23:47,338,9
