train_class,train_number,train_arrival_stop_name,train_departure_stop_name,stop_name,avg_arrival_delay,median_arrival_delay,count_dates_stop,first_date,last_date,count_3m_delay,count_5m_delay,count_10m_delay,stop_lat,stop_lon,stop_time,count_dates_train,stop_number
REG,25059,MILANO PORTA GARIBALDI,COMO S. GIOVANNI,COMO S. GIOVANNI,2.1404958677685952,1.0,121,2023-01-01,2023-12-31,23,6,3,45.808946,9.072331,15:49,121,1
REG,25059,MILANO PORTA GARIBALDI,COMO S. GIOVANNI,CARIMATE,0.5867768595041323,0.0,121,2023-01-01,2023-12-31,15,6,1,45.697094,9.107188,16:08,121,2
REG,25059,MILANO PORTA GARIBALDI,COMO S. GIOVANNI,CAMNAGO-LENTATE,1.2975206611570247,1.0,121,2023-01-01,2023-12-31,17,7,2,45.668425,9.133451,16:12,121,3
REG,25059,MILANO PORTA GARIBALDI,COMO S. GIOVANNI,SEREGNO,1.1818181818181819,0.0,121,2023-01-01,2023-12-31,14,9,3,45.64601,9.20285,16:18,121,4
REG,25059,MILANO PORTA GARIBALDI,COMO S. GIOVANNI,DESIO,1.2314049586776858,0.0,121,2023-01-01,2023-12-31,16,10,2,45.620112,9.218495,16:22,121,5
REG,25059,MILANO PORTA GARIBALDI,COMO S. GIOVANNI,LISSONE-MUGGIO`,1.1869158878504673,0.0,107,2023-01-01,2023-11-18,18,8,2,45.60592,9.235368,16:26,121,6
REG,25059,MILANO PORTA GARIBALDI,COMO S. GIOVANNI,MONZA,1.2314049586776858,0.0,121,2023-01-01,2023-12-31,19,10,2,45.577789,9.273253,16:31,121,7
REG,25059,MILANO PORTA GARIBALDI,COMO S. GIOVANNI,SESTO S. GIOVANNI,4.575,4.0,120,2023-01-01,2023-12-31,81,47,7,45.541087,9.23926,16:36,121,8
REG,25059,MILANO PORTA GARIBALDI,COMO S. GIOVANNI,MILANO GRECO PIRELLI,4.371900826446281,3.0,121,2023-01-01,2023-12-31,74,41,7,45.51272,9.214456,16:41,121,9
REG,25059,MILANO PORTA GARIBALDI,COMO S. GIOVANNI,MILANO PORTA GARIBALDI,1.5867768595041323,1.0,121,2023-01-01,2023-12-31,26,12,5,45.484917,9.187683,16:51,121,10
