train_class,train_number,train_arrival_stop_name,train_departure_stop_name,stop_name,avg_arrival_delay,median_arrival_delay,count_dates_stop,first_date,last_date,count_3m_delay,count_5m_delay,count_10m_delay,stop_lat,stop_lon,stop_time,count_dates_train,stop_number
REG,21643,GIACHERY,PALERMO NOTARBARTOLO,PALERMO NOTARBARTOLO,0.37800687285223367,0.0,291,2023-01-02,2023-12-30,1,1,1,38.132261,13.341572,15:37,291,1
REG,21643,GIACHERY,PALERMO NOTARBARTOLO,FEDERICO,-0.10309278350515463,0.0,291,2023-01-02,2023-12-30,0,0,0,38.144862,13.344966,15:40,291,2
REG,21643,GIACHERY,PALERMO NOTARBARTOLO,FIERA,-1.402061855670103,-2.0,291,2023-01-02,2023-12-30,0,0,0,38.144004,13.351336,15:43,291,3
REG,21643,GIACHERY,PALERMO NOTARBARTOLO,GIACHERY,-5.405498281786942,-6.0,291,2023-01-02,2023-12-30,1,1,1,38.138135,13.355856,15:51,291,4
