train_class,train_number,train_arrival_stop_name,train_departure_stop_name,stop_name,avg_arrival_delay,median_arrival_delay,count_dates_stop,first_date,last_date,count_3m_delay,count_5m_delay,count_10m_delay,stop_lat,stop_lon,stop_time,count_dates_train,stop_number
REG,20842,OLBIA,OZIERI CHILIVANI,OZIERI CHILIVANI,1.9166666666666667,1.0,24,2023-01-08,2023-06-02,3,2,0,40.609496,8.933744,19:13,24,1
REG,20842,OLBIA,OZIERI CHILIVANI,OSCHIRI,3.5217391304347827,3.0,23,2023-01-08,2023-06-02,14,6,1,40.713273,9.107749,19:29,24,2
REG,20842,OLBIA,OZIERI CHILIVANI,BERCHIDDA,4.304347826086956,3.0,23,2023-01-08,2023-06-02,13,7,2,40.772052,9.181312,19:39,24,3
REG,20842,OLBIA,OZIERI CHILIVANI,MONTI TELTI,5.375,4.0,24,2023-01-08,2023-06-02,17,11,2,40.829632,9.322814,19:52,24,4
REG,20842,OLBIA,OZIERI CHILIVANI,OLBIA,4.166666666666667,3.0,24,2023-01-08,2023-06-02,13,8,2,40.924595,9.498293,20:16,24,5
