train_class,train_number,train_arrival_stop_name,train_departure_stop_name,stop_name,avg_arrival_delay,median_arrival_delay,count_dates_stop,first_date,last_date,count_3m_delay,count_5m_delay,count_10m_delay,stop_lat,stop_lon,stop_time,count_dates_train,stop_number
REG,22902,LEVANTO,LA SPEZIA CENTRALE,LA SPEZIA CENTRALE,2.5309734513274336,2.0,226,2023-03-18,2023-11-05,72,37,5,44.11141,9.813906,07:55,226,1
REG,22902,LEVANTO,LA SPEZIA CENTRALE,CORNIGLIA,2.9867256637168142,2.0,226,2023-03-18,2023-11-05,90,44,7,44.119938,9.711051,08:08,226,2
REG,22902,LEVANTO,LA SPEZIA CENTRALE,MONTEROSSO,2.982300884955752,2.0,226,2023-03-18,2023-11-05,92,48,10,44.145967,9.649009,08:17,226,3
REG,22902,LEVANTO,LA SPEZIA CENTRALE,LEVANTO,2.163716814159292,1.0,226,2023-03-18,2023-11-05,70,37,10,44.174167,9.616018,08:25,226,4
