train_class,train_number,train_arrival_stop_name,train_departure_stop_name,stop_name,avg_arrival_delay,median_arrival_delay,count_dates_stop,first_date,last_date,count_3m_delay,count_5m_delay,count_10m_delay,stop_lat,stop_lon,stop_time,count_dates_train,stop_number
REG,21627,GIACHERY,PALERMO NOTARBARTOLO,PALERMO NOTARBARTOLO,0.3217993079584775,0.0,289,2023-01-02,2023-12-30,0,0,0,38.132261,13.341572,11:37,289,1
REG,21627,GIACHERY,PALERMO NOTARBARTOLO,FEDERICO,-0.08304498269896193,0.0,289,2023-01-02,2023-12-30,0,0,0,38.144862,13.344966,11:40,289,2
REG,21627,GIACHERY,PALERMO NOTARBARTOLO,FIERA,-1.4636678200692042,-2.0,289,2023-01-02,2023-12-30,1,0,0,38.144004,13.351336,11:43,289,3
REG,21627,GIACHERY,PALERMO NOTARBARTOLO,GIACHERY,-5.643598615916955,-6.0,289,2023-01-02,2023-12-30,0,0,0,38.138135,13.355856,11:51,289,4
