train_class,train_number,train_arrival_stop_name,train_departure_stop_name,stop_name,avg_arrival_delay,median_arrival_delay,count_dates_stop,first_date,last_date,count_3m_delay,count_5m_delay,count_10m_delay,stop_lat,stop_lon,stop_time,count_dates_train,stop_number
REG,25253,COMO S. GIOVANNI,RHO,RHO,2.2837837837837838,1.0,222,2023-01-02,2023-12-22,68,34,3,45.523813,9.043563,14:43,222,1
REG,25253,COMO S. GIOVANNI,RHO,RHO FIERA MILANO,-1.119815668202765,-2.0,217,2023-01-02,2023-12-22,23,7,1,45.521157,9.088595,14:49,222,2
REG,25253,COMO S. GIOVANNI,RHO,MILANO CERTOSA,0.36036036036036034,0.0,222,2023-01-02,2023-12-22,29,10,1,45.507019,9.133863,14:54,222,3
REG,25253,COMO S. GIOVANNI,RHO,MILANO PORTA GARIBALDI,-1.9504504504504505,-3.0,222,2023-01-02,2023-12-22,15,9,1,45.484917,9.187683,15:06,222,4
REG,25253,COMO S. GIOVANNI,RHO,MILANO GRECO PIRELLI,-0.06756756756756757,-1.0,222,2023-01-02,2023-12-22,27,11,1,45.51272,9.214456,15:15,222,5
REG,25253,COMO S. GIOVANNI,RHO,SESTO S. GIOVANNI,-0.07657657657657657,-1.0,222,2023-01-02,2023-12-22,23,9,1,45.541087,9.23926,15:20,222,6
REG,25253,COMO S. GIOVANNI,RHO,MONZA,1.4009009009009008,1.0,222,2023-01-02,2023-12-22,45,16,2,45.577789,9.273253,15:26,222,7
REG,25253,COMO S. GIOVANNI,RHO,LISSONE-MUGGIO`,2.015151515151515,2.0,198,2023-01-02,2023-11-17,67,33,4,45.60592,9.235368,15:31,222,8
REG,25253,COMO S. GIOVANNI,RHO,DESIO,3.7882882882882885,3.0,222,2023-01-02,2023-12-22,135,73,6,45.620112,9.218495,15:35,222,9
REG,25253,COMO S. GIOVANNI,RHO,SEREGNO,1.7252252252252251,1.0,222,2023-01-02,2023-12-22,75,33,4,45.64601,9.20285,15:40,222,10
REG,25253,COMO S. GIOVANNI,RHO,CAMNAGO-LENTATE,2.7162162162162162,2.0,222,2023-01-02,2023-12-22,94,47,6,45.668425,9.133451,15:45,222,11
REG,25253,COMO S. GIOVANNI,RHO,CARIMATE,2.0495495495495497,1.0,222,2023-01-02,2023-12-22,84,41,6,45.697094,9.107188,15:50,222,12
REG,25253,COMO S. GIOVANNI,RHO,COMO S. GIOVANNI,0.44144144144144143,-1.0,222,2023-01-02,2023-12-22,50,21,4,45.808946,9.072331,16:11,222,13
