train_class,train_number,train_arrival_stop_name,train_departure_stop_name,stop_name,avg_arrival_delay,median_arrival_delay,count_dates_stop,first_date,last_date,count_3m_delay,count_5m_delay,count_10m_delay,stop_lat,stop_lon,stop_time,count_dates_train,stop_number
REG,21599,REGGIO CALABRIA CENTRALE,ROCCELLA JONICA,ROCCELLA JONICA,1.9864864864864864,1.0,296,2023-01-02,2023-12-30,42,17,10,38.322043,16.406917,13:33,296,1
REG,21599,REGGIO CALABRIA CENTRALE,ROCCELLA JONICA,GIOIOSA JONICA,0.19594594594594594,-1.0,296,2023-01-02,2023-12-30,24,17,9,38.300812,16.332501,13:40,296,2
REG,21599,REGGIO CALABRIA CENTRALE,ROCCELLA JONICA,SIDERNO,-1.0641891891891893,-2.0,296,2023-01-02,2023-12-30,37,22,5,38.2708,16.302,13:52,296,3
REG,21599,REGGIO CALABRIA CENTRALE,ROCCELLA JONICA,LOCRI,2.233108108108108,1.0,296,2023-01-02,2023-12-30,59,31,10,38.233154,16.264787,13:57,296,4
REG,21599,REGGIO CALABRIA CENTRALE,ROCCELLA JONICA,ARDORE,2.5371621621621623,1.0,296,2023-01-02,2023-12-30,79,36,11,38.175698,16.207311,14:04,296,5
REG,21599,REGGIO CALABRIA CENTRALE,ROCCELLA JONICA,BOVALINO,1.3716216216216217,0.0,296,2023-01-02,2023-12-30,53,28,11,38.149087,16.180584,14:10,296,6
REG,21599,REGGIO CALABRIA CENTRALE,ROCCELLA JONICA,BIANCO,4.381756756756757,4.0,296,2023-01-02,2023-12-30,192,118,21,38.089072,16.153348,14:21,296,7
REG,21599,REGGIO CALABRIA CENTRALE,ROCCELLA JONICA,AFRICO NUOVO,5.368243243243243,4.0,296,2023-01-02,2023-12-30,222,141,33,38.053759,16.144283,14:26,296,8
REG,21599,REGGIO CALABRIA CENTRALE,ROCCELLA JONICA,FERRUZZANO,3.625,3.0,296,2023-01-02,2023-12-30,151,88,22,38.016304,16.134486,14:32,296,9
REG,21599,REGGIO CALABRIA CENTRALE,ROCCELLA JONICA,BRANCALEONE,1.3074324324324325,0.0,296,2023-01-02,2023-12-30,81,44,11,37.965475,16.103301,14:40,296,10
REG,21599,REGGIO CALABRIA CENTRALE,ROCCELLA JONICA,PALIZZI,-3.425675675675676,-5.0,296,2023-01-02,2023-12-30,21,16,9,37.91881,15.986405,14:56,296,11
REG,21599,REGGIO CALABRIA CENTRALE,ROCCELLA JONICA,BOVA MARINA,2.4662162162162162,1.0,296,2023-01-02,2023-12-30,85,47,16,37.930269,15.923897,15:06,296,12
REG,21599,REGGIO CALABRIA CENTRALE,ROCCELLA JONICA,CONDOFURI,2.391891891891892,1.0,296,2023-01-02,2023-12-30,85,44,16,37.92761,15.874952,15:11,296,13
REG,21599,REGGIO CALABRIA CENTRALE,ROCCELLA JONICA,MARINA DI SAN LORENZO,2.016891891891892,1.0,296,2023-01-02,2023-12-30,74,39,15,37.919844,15.826365,15:16,296,14
REG,21599,REGGIO CALABRIA CENTRALE,ROCCELLA JONICA,MELITO DI PORTO SALVO,1.0135135135135136,-1.0,296,2023-01-02,2023-12-30,50,32,11,37.916732,15.780816,15:22,296,15
REG,21599,REGGIO CALABRIA CENTRALE,ROCCELLA JONICA,ANNA',4.826666666666667,2.0,75,2023-06-12,2023-09-09,35,18,8,,,15:26,296,16
REG,21599,REGGIO CALABRIA CENTRALE,ROCCELLA JONICA,REGGIO DI CALABRIA PELLARO,1.8817567567567568,1.0,296,2023-01-02,2023-12-30,78,35,15,38.02561,15.650064,15:40,296,17
REG,21599,REGGIO CALABRIA CENTRALE,ROCCELLA JONICA,REGGIO CALABRIA CENTRALE,0.7027027027027027,-1.0,296,2023-01-02,2023-12-30,53,25,14,38.103884,15.635844,15:53,296,18
