train_class,train_number,train_arrival_stop_name,train_departure_stop_name,stop_name,avg_arrival_delay,median_arrival_delay,count_dates_stop,first_date,last_date,count_3m_delay,count_5m_delay,count_10m_delay,stop_lat,stop_lon,stop_time,count_dates_train,stop_number
REG,26710,TORINO STURA,FOSSANO,FOSSANO,1.305084745762712,1.0,295,2023-01-02,2023-12-30,21,3,1,44.550231,7.717971,10:01,295,1
REG,26710,TORINO STURA,FOSSANO,SAVIGLIANO,0.376271186440678,0.0,295,2023-01-02,2023-12-30,17,3,1,44.651337,7.663748,10:09,295,2
REG,26710,TORINO STURA,FOSSANO,CAVALLERMAGGIORE,-0.38095238095238093,-1.0,294,2023-01-02,2023-12-30,9,2,1,44.708147,7.692108,10:15,295,3
REG,26710,TORINO STURA,FOSSANO,RACCONIGI,0.2745762711864407,0.0,295,2023-01-02,2023-12-30,20,2,1,44.771179,7.685681,10:21,295,4
REG,26710,TORINO STURA,FOSSANO,CARMAGNOLA,0.5864406779661017,0.0,295,2023-01-02,2023-12-30,25,2,1,44.846944,7.72797,10:27,295,5
REG,26710,TORINO STURA,FOSSANO,TROFARELLO,-0.7322033898305085,-2.0,295,2023-01-02,2023-12-30,34,11,2,44.980471,7.735206,10:41,295,6
REG,26710,TORINO STURA,FOSSANO,MONCALIERI,-0.29152542372881357,-1.0,295,2023-01-02,2023-12-30,16,6,2,44.998187,7.678027,10:46,295,7
REG,26710,TORINO STURA,FOSSANO,TORINO LINGOTTO,-1.464406779661017,-2.0,295,2023-01-02,2023-12-30,9,3,2,45.0266,7.657469,10:52,295,8
REG,26710,TORINO STURA,FOSSANO,TORINO PORTA SUSA,-1.11864406779661,-2.0,295,2023-01-02,2023-12-30,9,4,2,45.075906,7.667673,10:59,295,9
REG,26710,TORINO STURA,FOSSANO,TORINO REBAUDENGO FOSSATA,-0.12244897959183673,-1.0,294,2023-01-02,2023-12-30,9,5,2,,,11:03,295,10
REG,26710,TORINO STURA,FOSSANO,TORINO STURA,-0.6406779661016949,-1.0,295,2023-01-02,2023-12-30,10,5,2,45.121932,7.713202,11:08,295,11
