train_class,train_number,train_arrival_stop_name,train_departure_stop_name,stop_name,avg_arrival_delay,median_arrival_delay,count_dates_stop,first_date,last_date,count_3m_delay,count_5m_delay,count_10m_delay,stop_lat,stop_lon,stop_time,count_dates_train,stop_number
REG,24343,PAVIA,MILANO LANCETTI,MILANO LANCETTI,0.3805668016194332,-1.0,247,2023-03-24,2023-12-09,47,17,4,45.492632,9.175832,13:31,247,1
REG,24343,PAVIA,MILANO LANCETTI,MI P.GAR.SOTT.,3.0569105691056913,2.0,246,2023-03-24,2023-12-09,109,49,5,45.484228,9.185122,13:33,247,2
REG,24343,PAVIA,MILANO LANCETTI,MILANO REPUBBLICA,3.0,2.0,247,2023-03-24,2023-12-09,109,50,5,45.479984,9.198861,13:35,247,3
REG,24343,PAVIA,MILANO LANCETTI,MILANO VENEZIA,3.2601626016260163,2.0,246,2023-03-24,2023-12-09,119,51,6,45.471121,9.201889,13:37,247,4
REG,24343,PAVIA,MILANO LANCETTI,MILANO DATEO,3.2154471544715446,2.0,246,2023-03-24,2023-12-09,117,56,6,45.462341,9.209277,13:40,247,5
REG,24343,PAVIA,MILANO LANCETTI,MILANO PORTA VITTORIA,0.9473684210526315,0.0,247,2023-03-24,2023-12-09,57,19,4,45.459579,9.21813,13:44,247,6
REG,24343,PAVIA,MILANO LANCETTI,MILANO ROGOREDO,-0.48582995951417,-2.0,247,2023-03-24,2023-12-09,29,15,2,45.433866,9.2391,13:52,247,7
REG,24343,PAVIA,MILANO LANCETTI,LOCATE TRIULZI,3.231707317073171,2.0,246,2023-03-24,2023-12-09,122,55,9,45.35973,9.221398,14:00,247,8
REG,24343,PAVIA,MILANO LANCETTI,VILLAMAGGIORE,4.7408906882591095,4.0,247,2023-03-24,2023-12-09,193,98,15,45.32045,9.190674,14:07,247,9
REG,24343,PAVIA,MILANO LANCETTI,CERTOSA DI PAVIA,3.340080971659919,3.0,247,2023-03-24,2023-12-09,126,63,12,45.256927,9.154456,14:12,247,10
REG,24343,PAVIA,MILANO LANCETTI,PAVIA,1.8704453441295548,1.0,247,2023-03-24,2023-12-09,83,39,9,45.188843,9.144674,14:21,247,11
