train_class,train_number,train_arrival_stop_name,train_departure_stop_name,stop_name,avg_arrival_delay,median_arrival_delay,count_dates_stop,first_date,last_date,count_3m_delay,count_5m_delay,count_10m_delay,stop_lat,stop_lon,stop_time,count_dates_train,stop_number
REG,20479,FIUMICINO AEROPORTO,ROMA OSTIENSE,ROMA OSTIENSE,3.5952380952380953,3.0,42,2023-01-14,2023-12-23,25,14,1,41.87265,12.483917,13:32,42,1
REG,20479,FIUMICINO AEROPORTO,ROMA OSTIENSE,ROMA TRASTEVERE,3.6666666666666665,3.0,42,2023-01-14,2023-12-23,25,16,1,41.872279,12.466162,13:35,42,2
REG,20479,FIUMICINO AEROPORTO,ROMA OSTIENSE,VILLA BONELLI,4.523809523809524,4.0,42,2023-01-14,2023-12-23,34,20,1,41.8477601,12.455223,13:39,42,3
REG,20479,FIUMICINO AEROPORTO,ROMA OSTIENSE,MAGLIANA,3.5714285714285716,3.0,42,2023-01-14,2023-12-23,26,14,1,41.834235,12.431017,13:43,42,4
REG,20479,FIUMICINO AEROPORTO,ROMA OSTIENSE,MURATELLA,4.404761904761905,4.0,42,2023-01-14,2023-12-23,32,20,1,41.826182,12.412696,13:45,42,5
REG,20479,FIUMICINO AEROPORTO,ROMA OSTIENSE,PONTE GALERIA,4.5,4.0,42,2023-01-14,2023-12-23,32,20,1,41.818349,12.344733,13:50,42,6
REG,20479,FIUMICINO AEROPORTO,ROMA OSTIENSE,PARCO LEONARDO,5.512195121951219,5.0,41,2023-01-14,2023-12-23,35,24,3,41.79932,12.29543,13:56,42,7
REG,20479,FIUMICINO AEROPORTO,ROMA OSTIENSE,FIUMICINO AEROPORTO,3.9523809523809526,4.0,42,2023-01-14,2023-12-23,27,17,1,41.793673,12.251728,14:03,42,8
