train_class,train_number,train_arrival_stop_name,train_departure_stop_name,stop_name,avg_arrival_delay,median_arrival_delay,count_dates_stop,first_date,last_date,count_3m_delay,count_5m_delay,count_10m_delay,stop_lat,stop_lon,stop_time,count_dates_train,stop_number
REG,2131,GENOVA P.PRINCIPE,TORINO P.NUOVA,TORINO P.NUOVA,3.212121212121212,2.0,66,2023-05-08,2023-12-09,27,10,4,45.060969,7.67747,14:30,66,1
REG,2131,GENOVA P.PRINCIPE,TORINO P.NUOVA,TORINO LINGOTTO,2.1666666666666665,1.0,66,2023-05-08,2023-12-09,15,11,3,45.0266,7.657469,14:37,66,2
REG,2131,GENOVA P.PRINCIPE,TORINO P.NUOVA,ASTI,1.2878787878787878,0.0,66,2023-05-08,2023-12-09,13,10,4,44.89479,8.208112,15:05,66,3
REG,2131,GENOVA P.PRINCIPE,TORINO P.NUOVA,ALESSANDRIA,-3.4696969696969697,-5.0,66,2023-05-08,2023-12-09,5,4,0,44.909091,8.606498,15:29,66,4
REG,2131,GENOVA P.PRINCIPE,TORINO P.NUOVA,NOVI LIGURE,0.42424242424242425,-1.0,66,2023-05-08,2023-12-09,9,5,2,44.762521,8.787289,15:43,66,5
REG,2131,GENOVA P.PRINCIPE,TORINO P.NUOVA,ARQUATA SCRIVIA,1.7727272727272727,1.0,66,2023-05-08,2023-12-09,16,7,2,44.692533,8.885342,15:56,66,6
REG,2131,GENOVA P.PRINCIPE,TORINO P.NUOVA,RONCO SCR.,3.5,2.0,66,2023-05-08,2023-12-09,31,15,5,44.614537,8.949421,16:06,66,7
REG,2131,GENOVA P.PRINCIPE,TORINO P.NUOVA,GENOVA P.PRINCIPE,1.6818181818181819,1.0,66,2023-05-08,2023-12-09,20,14,5,44.417784,8.9207,16:34,66,8
