train_class,train_number,train_arrival_stop_name,train_departure_stop_name,stop_name,avg_arrival_delay,median_arrival_delay,count_dates_stop,first_date,last_date,count_3m_delay,count_5m_delay,count_10m_delay,stop_lat,stop_lon,stop_time,count_dates_train,stop_number
REG,26044,SETTIMO,CHIERI,CHIERI,1.9523809523809523,1.0,42,2023-07-28,2023-12-30,12,3,0,45.007008,7.827077,17:18,42,1
REG,26044,SETTIMO,CHIERI,TROFARELLO,0.8095238095238095,1.0,42,2023-07-28,2023-12-30,7,0,0,44.980471,7.735206,17:28,42,2
REG,26044,SETTIMO,CHIERI,MONCALIERI,3.3333333333333335,3.0,42,2023-07-28,2023-12-30,25,11,1,44.998187,7.678027,17:33,42,3
REG,26044,SETTIMO,CHIERI,TORINO LINGOTTO,2.9523809523809526,2.0,42,2023-07-28,2023-12-30,20,10,1,45.0266,7.657469,17:38,42,4
REG,26044,SETTIMO,CHIERI,TORINO PORTA SUSA,2.4047619047619047,1.0,42,2023-07-28,2023-12-30,15,9,1,45.075906,7.667673,17:46,42,5
REG,26044,SETTIMO,CHIERI,TORINO REBAUDENGO FOSSATA,3.880952380952381,3.0,42,2023-07-28,2023-12-30,24,12,1,,,17:50,42,6
REG,26044,SETTIMO,CHIERI,TORINO STURA,4.809523809523809,4.0,42,2023-07-28,2023-12-30,31,14,1,45.121932,7.713202,17:54,42,7
REG,26044,SETTIMO,CHIERI,SETTIMO,5.309523809523809,4.0,42,2023-07-28,2023-12-30,32,18,3,45.139834,7.769335,18:00,42,8
