train_class,train_number,train_arrival_stop_name,train_departure_stop_name,stop_name,avg_arrival_delay,median_arrival_delay,count_dates_stop,first_date,last_date,count_3m_delay,count_5m_delay,count_10m_delay,stop_lat,stop_lon,stop_time,count_dates_train,stop_number
REG,20193,CASSINO,AVEZZANO,AVEZZANO,1.48582995951417,1.0,247,2023-01-02,2023-12-30,16,3,2,42.039495,13.426446,12:40,247,1
REG,20193,CASSINO,AVEZZANO,CAPISTRELLO,1.2307692307692308,1.0,234,2023-01-02,2023-12-30,19,7,4,41.97051,13.399276,12:48,247,2
REG,20193,CASSINO,AVEZZANO,CIVITELLA ROVETO,1.7136752136752136,1.0,234,2023-01-02,2023-12-30,30,8,3,41.916419,13.424882,13:08,247,3
REG,20193,CASSINO,AVEZZANO,CIVITA D`ANTINO-MORINO,2.0474137931034484,2.0,232,2023-01-02,2023-12-30,53,15,3,41.870632,13.458868,13:16,247,4
REG,20193,CASSINO,AVEZZANO,BALSORANO,0.7155172413793104,0.0,232,2023-01-03,2023-12-30,32,20,5,41.809427,13.556546,13:34,247,5
REG,20193,CASSINO,AVEZZANO,SORA,-0.8521739130434782,-1.0,230,2023-01-04,2023-12-30,30,9,4,41.716618,13.618601,13:52,247,6
REG,20193,CASSINO,AVEZZANO,ARPINO,3.0474137931034484,2.0,232,2023-01-03,2023-12-30,85,38,12,41.648296,13.59959,14:06,247,7
REG,20193,CASSINO,AVEZZANO,ARCE,1.8078602620087336,0.0,229,2023-01-04,2023-12-30,44,29,15,41.583695,13.571848,14:23,247,8
REG,20193,CASSINO,AVEZZANO,ROCCASECCA,0.5951417004048583,-1.0,247,2023-01-02,2023-12-30,40,28,14,41.526377,13.645814,14:43,247,9
REG,20193,CASSINO,AVEZZANO,PIEDIMONTE-V.S.L.-AQUINO,1.2571428571428571,-1.0,245,2023-01-02,2023-12-30,39,26,13,,,14:52,247,10
REG,20193,CASSINO,AVEZZANO,CASSINO,0.7773279352226721,-1.0,247,2023-01-02,2023-12-30,37,17,11,41.484306,13.832125,15:01,247,11
