train_class,train_number,train_arrival_stop_name,train_departure_stop_name,stop_name,avg_arrival_delay,median_arrival_delay,count_dates_stop,first_date,last_date,count_3m_delay,count_5m_delay,count_10m_delay,stop_lat,stop_lon,stop_time,count_dates_train,stop_number
REG,24223,MILANO ROGOREDO,CESANO MADERNO,CESANO MADERNO,1.3191489361702127,1.0,141,2023-03-24,2023-12-22,12,6,1,,,07:45,141,1
REG,24223,MILANO ROGOREDO,CESANO MADERNO,MILANO LANCETTI,3.75177304964539,3.0,141,2023-03-24,2023-12-22,90,46,6,45.492632,9.175832,08:15,141,2
REG,24223,MILANO ROGOREDO,CESANO MADERNO,MI P.GAR.SOTT.,6.397163120567376,6.0,141,2023-03-24,2023-12-22,121,98,25,45.484228,9.185122,08:18,141,3
REG,24223,MILANO ROGOREDO,CESANO MADERNO,MILANO REPUBBLICA,6.595744680851064,6.0,141,2023-03-24,2023-12-22,121,100,28,45.479984,9.198861,08:20,141,4
REG,24223,MILANO ROGOREDO,CESANO MADERNO,MILANO VENEZIA,6.950354609929078,6.0,141,2023-03-24,2023-12-22,122,106,31,45.471121,9.201889,08:22,141,5
REG,24223,MILANO ROGOREDO,CESANO MADERNO,MILANO DATEO,7.01418439716312,6.0,141,2023-03-24,2023-12-22,124,106,31,45.462341,9.209277,08:25,141,6
REG,24223,MILANO ROGOREDO,CESANO MADERNO,MILANO PORTA VITTORIA,5.141843971631205,5.0,141,2023-03-24,2023-12-22,107,72,18,45.459579,9.21813,08:29,141,7
REG,24223,MILANO ROGOREDO,CESANO MADERNO,MILANO ROGOREDO,4.6879432624113475,4.0,141,2023-03-24,2023-12-22,98,61,16,45.433866,9.2391,08:37,141,8
