train_class,train_number,train_arrival_stop_name,train_departure_stop_name,stop_name,avg_arrival_delay,median_arrival_delay,count_dates_stop,first_date,last_date,count_3m_delay,count_5m_delay,count_10m_delay,stop_lat,stop_lon,stop_time,count_dates_train,stop_number
REG,24338,MILANO LANCETTI,PAVIA,PAVIA,3.9210526315789473,3.0,38,2023-11-02,2023-12-09,33,9,1,45.188843,9.144674,11:39,38,1
REG,24338,MILANO LANCETTI,PAVIA,CERTOSA DI PAVIA,1.4736842105263157,1.0,38,2023-11-02,2023-12-09,11,4,1,45.256927,9.154456,11:46,38,2
REG,24338,MILANO LANCETTI,PAVIA,VILLAMAGGIORE,1.236842105263158,0.0,38,2023-11-02,2023-12-09,10,4,1,45.32045,9.190674,11:52,38,3
REG,24338,MILANO LANCETTI,PAVIA,LOCATE TRIULZI,2.3684210526315788,2.0,38,2023-11-02,2023-12-09,16,4,1,45.35973,9.221398,11:58,38,4
REG,24338,MILANO LANCETTI,PAVIA,MILANO ROGOREDO,2.6486486486486487,2.0,37,2023-11-02,2023-12-09,15,5,1,45.433866,9.2391,12:06,38,5
REG,24338,MILANO LANCETTI,PAVIA,MILANO PORTA VITTORIA,1.7894736842105263,1.0,38,2023-11-02,2023-12-09,10,4,1,45.459579,9.21813,12:14,38,6
REG,24338,MILANO LANCETTI,PAVIA,MILANO DATEO,2.5945945945945947,2.0,37,2023-11-02,2023-12-09,12,7,1,45.462341,9.209277,12:17,38,7
REG,24338,MILANO LANCETTI,PAVIA,MILANO VENEZIA,2.5555555555555554,1.0,36,2023-11-02,2023-12-09,13,6,1,45.471121,9.201889,12:20,38,8
REG,24338,MILANO LANCETTI,PAVIA,MILANO REPUBBLICA,2.7714285714285714,2.0,35,2023-11-02,2023-12-09,12,6,1,45.479984,9.198861,12:22,38,9
REG,24338,MILANO LANCETTI,PAVIA,MI P.GAR.SOTT.,3.3055555555555554,2.0,36,2023-11-02,2023-12-09,13,6,2,45.484228,9.185122,12:25,38,10
REG,24338,MILANO LANCETTI,PAVIA,MILANO LANCETTI,1.5526315789473684,0.0,38,2023-11-02,2023-12-09,10,5,2,45.492632,9.175832,12:28,38,11
