train_class,train_number,train_arrival_stop_name,train_departure_stop_name,stop_name,avg_arrival_delay,median_arrival_delay,count_dates_stop,first_date,last_date,count_3m_delay,count_5m_delay,count_10m_delay,stop_lat,stop_lon,stop_time,count_dates_train,stop_number
REG,23807,SULMONA,L`AQUILA,L`AQUILA,1.5564516129032258,1.0,248,2023-01-02,2023-12-29,25,5,2,42.351055,13.384959,11:41,248,1
REG,23807,SULMONA,L`AQUILA,Bazzano (AQ),4.19758064516129,4.0,248,2023-01-02,2023-12-29,244,65,3,,,11:47,248,2
REG,23807,SULMONA,L`AQUILA,PAGANICA,2.254032258064516,2.0,248,2023-01-02,2023-12-29,84,5,2,42.334751,13.464317,11:50,248,3
REG,23807,SULMONA,L`AQUILA,S.DEMETRIO DE` VESTINI,3.2591093117408905,3.0,247,2023-01-02,2023-12-29,149,50,5,42.294447,13.536543,12:00,248,4
REG,23807,SULMONA,L`AQUILA,FAGNANO CAMPANA,3.1129032258064515,3.0,248,2023-01-02,2023-12-29,129,57,11,42.250575,13.562743,12:07,248,5
REG,23807,SULMONA,L`AQUILA,MOLINA CASTEL VECCHIO SUBAQUEO,-1.2419354838709677,-2.0,248,2023-01-02,2023-12-29,30,10,4,42.143476,13.739644,12:30,248,6
REG,23807,SULMONA,L`AQUILA,RAIANO,1.1814516129032258,1.0,248,2023-01-02,2023-12-29,34,14,4,42.097931,13.80908,12:39,248,7
REG,23807,SULMONA,L`AQUILA,PRATOLA PELIGNA SUPERIORE,-0.7620967741935484,-2.0,248,2023-01-02,2023-12-29,12,7,5,42.080415,13.87223,12:45,248,8
REG,23807,SULMONA,L`AQUILA,SULMONA,-0.6653225806451613,-2.0,248,2023-01-02,2023-12-29,12,7,5,42.060836,13.907156,12:52,248,9
