train_class,train_number,train_arrival_stop_name,train_departure_stop_name,stop_name,avg_arrival_delay,median_arrival_delay,count_dates_stop,first_date,last_date,count_3m_delay,count_5m_delay,count_10m_delay,stop_lat,stop_lon,stop_time,count_dates_train,stop_number
REG,24903,MILANO LAMBRATE,SARONNO,SARONNO,2.08,2.0,25,2023-06-25,2023-08-27,8,2,0,45.625309,9.030839,08:05,25,1
REG,24903,MILANO LAMBRATE,SARONNO,SARONNO SUD,-0.08,-1.0,25,2023-06-25,2023-08-27,3,0,0,,,08:08,25,2
REG,24903,MILANO LAMBRATE,SARONNO,CERLANO LAGHETTO,0.08,-1.0,25,2023-06-25,2023-08-27,3,0,0,,,08:12,25,3
REG,24903,MILANO LAMBRATE,SARONNO,GROANE,1.8,2.0,25,2023-06-25,2023-08-27,6,1,0,,,08:14,25,4
REG,24903,MILANO LAMBRATE,SARONNO,CESANO MADERNO,-2.12,-2.0,25,2023-06-25,2023-08-27,0,0,0,,,08:21,25,5
REG,24903,MILANO LAMBRATE,SARONNO,BARRUCCANA,-0.64,-1.0,25,2023-06-25,2023-08-27,0,0,0,,,08:23,25,6
REG,24903,MILANO LAMBRATE,SARONNO,SEREGNO,1.28,1.0,25,2023-06-25,2023-08-27,4,0,0,45.64601,9.20285,08:29,25,7
REG,24903,MILANO LAMBRATE,SARONNO,DESIO,0.88,0.0,25,2023-06-25,2023-08-27,3,1,0,45.620112,9.218495,08:37,25,8
REG,24903,MILANO LAMBRATE,SARONNO,LISSONE-MUGGIO`,0.88,1.0,25,2023-06-25,2023-08-27,3,1,0,45.60592,9.235368,08:41,25,9
REG,24903,MILANO LAMBRATE,SARONNO,MONZA,-0.125,-1.0,24,2023-06-25,2023-08-27,3,0,0,45.577789,9.273253,08:46,25,10
REG,24903,MILANO LAMBRATE,SARONNO,SESTO S. GIOVANNI,-0.4,-1.0,25,2023-06-25,2023-08-27,3,0,0,45.541087,9.23926,08:52,25,11
REG,24903,MILANO LAMBRATE,SARONNO,MILANO GRECO PIRELLI,1.8,1.0,25,2023-06-25,2023-08-27,7,1,0,45.51272,9.214456,08:57,25,12
REG,24903,MILANO LAMBRATE,SARONNO,MILANO LAMBRATE,3.44,3.0,25,2023-06-25,2023-08-27,15,8,0,45.484933,9.237333,09:04,25,13
