train_class,train_number,train_arrival_stop_name,train_departure_stop_name,stop_name,avg_arrival_delay,median_arrival_delay,count_dates_stop,first_date,last_date,count_3m_delay,count_5m_delay,count_10m_delay,stop_lat,stop_lon,stop_time,count_dates_train,stop_number
REG,25038,COMO S. GIOVANNI,MILANO PORTA GARIBALDI,MILANO PORTA GARIBALDI,1.7416666666666667,1.0,120,2023-01-01,2023-12-31,12,5,3,45.484917,9.187683,11:09,120,1
REG,25038,COMO S. GIOVANNI,MILANO PORTA GARIBALDI,MILANO GRECO PIRELLI,0.058333333333333334,-1.0,120,2023-01-01,2023-12-31,8,4,3,45.51272,9.214456,11:15,120,2
REG,25038,COMO S. GIOVANNI,MILANO PORTA GARIBALDI,SESTO S. GIOVANNI,0.08333333333333333,-1.0,120,2023-01-01,2023-12-31,9,5,3,45.541087,9.23926,11:20,120,3
REG,25038,COMO S. GIOVANNI,MILANO PORTA GARIBALDI,MONZA,1.2605042016806722,0.0,119,2023-01-01,2023-12-31,17,8,3,45.577789,9.273253,11:26,120,4
REG,25038,COMO S. GIOVANNI,MILANO PORTA GARIBALDI,LISSONE-MUGGIO`,1.6857142857142857,1.0,105,2023-01-01,2023-11-18,22,15,3,45.60592,9.235368,11:31,120,5
REG,25038,COMO S. GIOVANNI,MILANO PORTA GARIBALDI,DESIO,3.4916666666666667,2.0,120,2023-01-01,2023-12-31,50,26,5,45.620112,9.218495,11:35,120,6
REG,25038,COMO S. GIOVANNI,MILANO PORTA GARIBALDI,SEREGNO,1.4916666666666667,1.0,120,2023-01-01,2023-12-31,29,15,3,45.64601,9.20285,11:40,120,7
REG,25038,COMO S. GIOVANNI,MILANO PORTA GARIBALDI,CAMNAGO-LENTATE,2.8833333333333333,2.0,120,2023-01-01,2023-12-31,48,28,3,45.668425,9.133451,11:45,120,8
REG,25038,COMO S. GIOVANNI,MILANO PORTA GARIBALDI,CARIMATE,2.125,1.0,120,2023-01-01,2023-12-31,40,21,3,45.697094,9.107188,11:50,120,9
REG,25038,COMO S. GIOVANNI,MILANO PORTA GARIBALDI,COMO S. GIOVANNI,0.35,-1.0,120,2023-01-01,2023-12-31,20,12,2,45.808946,9.072331,12:11,120,10
