train_class,train_number,train_arrival_stop_name,train_departure_stop_name,stop_name,avg_arrival_delay,median_arrival_delay,count_dates_stop,first_date,last_date,count_3m_delay,count_5m_delay,count_10m_delay,stop_lat,stop_lon,stop_time,count_dates_train,stop_number
REG,23762,ANCONA,S.BENEDETTO DEL TRONTO,S.BENEDETTO DEL TRONTO,4.2631578947368425,4.0,19,2023-06-26,2023-07-21,13,7,1,42.954386,13.882297,09:51,19,1
REG,23762,ANCONA,S.BENEDETTO DEL TRONTO,CUPRAMARITTIMA,4.2631578947368425,4.0,19,2023-06-26,2023-07-21,14,7,1,43.02349,13.860812,09:58,19,2
REG,23762,ANCONA,S.BENEDETTO DEL TRONTO,PEDASO,3.8333333333333335,3.0,18,2023-06-26,2023-07-21,12,6,1,43.094694,13.844906,10:04,19,3
REG,23762,ANCONA,S.BENEDETTO DEL TRONTO,PORTO S. GIORGIO FERMO,4.578947368421052,3.0,19,2023-06-26,2023-07-21,12,7,2,43.17972,13.7975,10:11,19,4
REG,23762,ANCONA,S.BENEDETTO DEL TRONTO,PORTO S. ELPIDIO,4.684210526315789,3.0,19,2023-06-26,2023-07-21,12,7,2,43.256855,13.760749,10:17,19,5
REG,23762,ANCONA,S.BENEDETTO DEL TRONTO,CIVITANOVA MARCHE,4.526315789473684,3.0,19,2023-06-26,2023-07-21,12,6,2,43.3091,13.7257,10:22,19,6
REG,23762,ANCONA,S.BENEDETTO DEL TRONTO,LORETO,3.8421052631578947,3.0,19,2023-06-26,2023-07-21,10,2,2,43.448376,13.620455,10:37,19,7
REG,23762,ANCONA,S.BENEDETTO DEL TRONTO,VARANO,1.5789473684210527,0.0,19,2023-06-26,2023-07-21,3,3,1,43.574729,13.523436,10:53,19,8
REG,23762,ANCONA,S.BENEDETTO DEL TRONTO,ANCONA,1.105263157894737,-1.0,19,2023-06-26,2023-07-21,3,2,1,43.607734,13.497665,11:00,19,9
