train_class,train_number,train_arrival_stop_name,train_departure_stop_name,stop_name,avg_arrival_delay,median_arrival_delay,count_dates_stop,first_date,last_date,count_3m_delay,count_5m_delay,count_10m_delay,stop_lat,stop_lon,stop_time,count_dates_train,stop_number
REG,21754,PALERMO CENTRALE,PUNTA RAISI,PUNTA RAISI,1.3576388888888888,1.0,288,2023-01-02,2023-12-30,8,4,2,38.188892,13.110059,18:47,288,1
REG,21754,PALERMO CENTRALE,PUNTA RAISI,PIRAINETO,1.84375,2.0,288,2023-01-02,2023-12-30,26,5,3,38.169148,13.14256,18:50,288,2
REG,21754,PALERMO CENTRALE,PUNTA RAISI,CARINI,1.6666666666666667,1.0,288,2023-01-02,2023-12-30,27,4,3,38.147696,13.186624,18:55,288,3
REG,21754,PALERMO CENTRALE,PUNTA RAISI,ISOLA DELLE FEMMINE,2.236111111111111,2.0,288,2023-01-02,2023-12-30,92,12,3,38.194784,13.250188,19:05,288,4
REG,21754,PALERMO CENTRALE,PUNTA RAISI,S.LORENZO COLLI,-0.0763888888888889,-1.0,288,2023-01-02,2023-12-30,15,5,3,38.16292,13.316449,19:22,288,5
REG,21754,PALERMO CENTRALE,PUNTA RAISI,FRANCIA,0.9722222222222222,0.0,288,2023-01-02,2023-12-30,19,5,3,38.155233,13.321938,19:25,288,6
REG,21754,PALERMO CENTRALE,PUNTA RAISI,PALERMO NOTARBARTOLO,-0.1423611111111111,-1.0,288,2023-01-02,2023-12-30,9,3,3,38.132261,13.341572,19:29,288,7
REG,21754,PALERMO CENTRALE,PUNTA RAISI,LOLLI,2.986111111111111,2.0,288,2023-01-02,2023-12-30,136,22,4,,,19:31,288,8
REG,21754,PALERMO CENTRALE,PUNTA RAISI,PALAZZO REALE-ORLEANS,1.1363636363636365,1.0,286,2023-01-02,2023-12-30,29,10,4,38.10878,13.353962,19:35,288,9
REG,21754,PALERMO CENTRALE,PUNTA RAISI,VESPRI,1.4513888888888888,1.0,288,2023-01-02,2023-12-30,38,14,3,38.101996,13.362701,19:38,288,10
REG,21754,PALERMO CENTRALE,PUNTA RAISI,GUADAGNA,1.5729166666666667,1.0,288,2023-01-02,2023-12-30,38,14,3,,,19:41,288,11
REG,21754,PALERMO CENTRALE,PUNTA RAISI,PALERMO CENTRALE,-1.125,-2.0,288,2023-01-02,2023-12-30,10,6,3,38.109187,13.367515,19:47,288,12
