train_class,train_number,train_arrival_stop_name,train_departure_stop_name,stop_name,avg_arrival_delay,median_arrival_delay,count_dates_stop,first_date,last_date,count_3m_delay,count_5m_delay,count_10m_delay,stop_lat,stop_lon,stop_time,count_dates_train,stop_number
REG,23509,BARI CENTRALE,BARLETTA,BARLETTA,2.980392156862745,2.0,51,2023-01-07,2023-12-30,18,9,0,41.315227,16.278867,06:27,51,1
REG,23509,BARI CENTRALE,BARLETTA,TRANI,2.9215686274509802,2.0,51,2023-01-07,2023-12-30,17,13,1,41.272693,16.417646,06:35,51,2
REG,23509,BARI CENTRALE,BARLETTA,BISCEGLIE,3.7058823529411766,2.0,51,2023-01-07,2023-12-30,23,16,2,41.235445,16.499484,06:41,51,3
REG,23509,BARI CENTRALE,BARLETTA,MOLFETTA,2.156862745098039,1.0,51,2023-01-07,2023-12-30,17,10,1,41.196008,16.596793,06:49,51,4
REG,23509,BARI CENTRALE,BARLETTA,GIOVINAZZO,2.0,1.0,51,2023-01-07,2023-12-30,14,9,1,41.180968,16.669346,06:55,51,5
REG,23509,BARI CENTRALE,BARLETTA,BARI S. SPIRITO,2.3333333333333335,0.0,51,2023-01-07,2023-12-30,13,9,1,41.159653,16.746324,07:01,51,6
REG,23509,BARI CENTRALE,BARLETTA,BARI ZONA INDUSTRIALE,1.2549019607843137,-1.0,51,2023-01-07,2023-12-30,12,7,1,,,07:10,51,7
REG,23509,BARI CENTRALE,BARLETTA,BARI CENTRALE,0.23529411764705882,-2.0,51,2023-01-07,2023-12-30,9,3,1,41.11774,16.869601,07:18,51,8
