train_class,train_number,train_arrival_stop_name,train_departure_stop_name,stop_name,avg_arrival_delay,median_arrival_delay,count_dates_stop,first_date,last_date,count_3m_delay,count_5m_delay,count_10m_delay,stop_lat,stop_lon,stop_time,count_dates_train,stop_number
REG,24848,LECCO,MILANO PORTA GARIBALDI,MILANO PORTA GARIBALDI,1.7714285714285714,1.0,350,2023-01-01,2023-12-31,43,11,10,45.484917,9.187683,13:52,350,1
REG,24848,LECCO,MILANO PORTA GARIBALDI,MILANO GRECO PIRELLI,0.21714285714285714,-1.0,350,2023-01-01,2023-12-31,33,11,7,45.51272,9.214456,13:58,350,2
REG,24848,LECCO,MILANO PORTA GARIBALDI,SESTO S. GIOVANNI,-0.06285714285714286,-1.0,350,2023-01-01,2023-12-31,31,14,7,45.541087,9.23926,14:03,350,3
REG,24848,LECCO,MILANO PORTA GARIBALDI,MONZA,1.2234957020057307,1.0,349,2023-01-01,2023-12-31,69,22,8,45.577789,9.273253,14:08,350,4
REG,24848,LECCO,MILANO PORTA GARIBALDI,ARCORE,1.8160919540229885,1.0,348,2023-01-01,2023-12-31,99,36,9,45.623493,9.322798,14:14,350,5
REG,24848,LECCO,MILANO PORTA GARIBALDI,CARNATE USMATE,1.760806916426513,1.0,347,2023-01-01,2023-12-31,98,36,9,45.653072,9.375089,14:19,350,6
REG,24848,LECCO,MILANO PORTA GARIBALDI,OSNAGO,2.782857142857143,2.0,350,2023-01-01,2023-12-31,130,58,14,45.678532,9.386995,14:23,350,7
REG,24848,LECCO,MILANO PORTA GARIBALDI,CERNUSCO-MERATE,2.26,1.0,350,2023-01-01,2023-12-31,88,37,11,45.695096,9.396794,14:27,350,8
REG,24848,LECCO,MILANO PORTA GARIBALDI,OLGIATE-CALCO-BRIVIO,1.8885714285714286,1.0,350,2023-01-01,2023-12-31,58,29,10,45.729166,9.40377,14:32,350,9
REG,24848,LECCO,MILANO PORTA GARIBALDI,AIRUNO,1.8885714285714286,1.0,350,2023-01-01,2023-12-31,58,29,10,45.754086,9.422066,14:36,350,10
REG,24848,LECCO,MILANO PORTA GARIBALDI,CALOLZIOCORTE OLGINATE,2.335243553008596,2.0,349,2023-01-01,2023-12-31,131,52,10,45.801619,9.42698,14:42,350,11
REG,24848,LECCO,MILANO PORTA GARIBALDI,LECCO MAGGIANICO,1.3428571428571427,1.0,350,2023-01-01,2023-12-31,83,43,8,45.831179,9.411691,14:48,350,12
REG,24848,LECCO,MILANO PORTA GARIBALDI,LECCO,1.5714285714285714,1.0,350,2023-01-01,2023-12-31,92,40,9,45.856471,9.393638,14:54,350,13
