train_class,train_number,train_arrival_stop_name,train_departure_stop_name,stop_name,avg_arrival_delay,median_arrival_delay,count_dates_stop,first_date,last_date,count_3m_delay,count_5m_delay,count_10m_delay,stop_lat,stop_lon,stop_time,count_dates_train,stop_number
REG,2618,MILANO CENTRALE,VERONA PORTA NUOVA,VERONA PORTA NUOVA,2.08,1.0,100,2023-01-01,2023-12-31,20,6,2,45.428603,10.982377,06:43,100,1
REG,2618,MILANO CENTRALE,VERONA PORTA NUOVA,PESCHIERA DEL GARDA,2.72,2.0,100,2023-01-01,2023-12-31,40,13,2,45.438502,10.702509,06:56,100,2
REG,2618,MILANO CENTRALE,VERONA PORTA NUOVA,DESENZANO,1.69,1.0,100,2023-01-01,2023-12-31,25,13,2,45.462677,10.536322,07:06,100,3
REG,2618,MILANO CENTRALE,VERONA PORTA NUOVA,BRESCIA,-2.32,-3.0,100,2023-01-01,2023-12-31,8,5,3,45.532315,10.212828,07:26,100,4
REG,2618,MILANO CENTRALE,VERONA PORTA NUOVA,ROVATO,1.85,0.0,100,2023-01-01,2023-12-31,27,15,4,45.55193,10.000924,07:37,100,5
REG,2618,MILANO CENTRALE,VERONA PORTA NUOVA,ROMANO,1.32,-1.0,100,2023-01-01,2023-12-31,24,13,4,45.523839,9.753402,07:52,100,6
REG,2618,MILANO CENTRALE,VERONA PORTA NUOVA,TREVIGLIO,0.58,-1.0,100,2023-01-01,2023-12-31,21,10,3,45.515063,9.587919,08:03,100,7
REG,2618,MILANO CENTRALE,VERONA PORTA NUOVA,PIOLTELLO LIMITO,1.16,0.0,100,2023-01-01,2023-12-31,19,10,4,45.486019,9.329319,08:18,100,8
REG,2618,MILANO CENTRALE,VERONA PORTA NUOVA,MILANO LAMBRATE,2.69,1.0,100,2023-01-01,2023-12-31,31,15,6,45.484933,9.237333,08:26,100,9
REG,2618,MILANO CENTRALE,VERONA PORTA NUOVA,MILANO CENTRALE,3.78,3.0,100,2023-01-01,2023-12-31,51,27,7,45.486347,9.204528,08:35,100,10
