train_class,train_number,train_arrival_stop_name,train_departure_stop_name,stop_name,avg_arrival_delay,median_arrival_delay,count_dates_stop,first_date,last_date,count_3m_delay,count_5m_delay,count_10m_delay,stop_lat,stop_lon,stop_time,count_dates_train,stop_number
REG,25508,CHIASSO,MILANO CENTRALE,MILANO CENTRALE,2.074712643678161,1.0,348,2023-01-01,2023-12-31,64,22,8,45.486347,9.204528,07:43,348,1
REG,25508,CHIASSO,MILANO CENTRALE,MONZA,2.393063583815029,2.0,346,2023-01-01,2023-12-31,105,38,10,45.577789,9.273253,07:52,348,2
REG,25508,CHIASSO,MILANO CENTRALE,SEREGNO,2.324712643678161,1.0,348,2023-01-01,2023-12-31,119,62,16,45.64601,9.20285,08:01,348,3
REG,25508,CHIASSO,MILANO CENTRALE,COMO S. GIOVANNI,1.5258620689655173,0.0,348,2023-01-01,2023-12-31,88,55,17,45.808946,9.072331,08:22,348,4
REG,25508,CHIASSO,MILANO CENTRALE,CHIASSO,-0.27298850574712646,-2.0,348,2023-01-01,2023-12-31,54,31,12,45.830736,9.03421,08:29,348,5
