train_class,train_number,train_arrival_stop_name,train_departure_stop_name,stop_name,avg_arrival_delay,median_arrival_delay,count_dates_stop,first_date,last_date,count_3m_delay,count_5m_delay,count_10m_delay,stop_lat,stop_lon,stop_time,count_dates_train,stop_number
REG,25553,BUSTO ARSIZIO,STABIO,STABIO,3.05,2.0,60,2023-06-10,2023-12-31,23,4,2,,,04:37,60,1
REG,25553,BUSTO ARSIZIO,STABIO,ARCISATE,2.2203389830508473,1.0,59,2023-06-10,2023-12-31,11,6,3,45.858579,8.86241,04:44,60,2
REG,25553,BUSTO ARSIZIO,STABIO,INDUNO OLONA,3.55,2.0,60,2023-06-10,2023-12-31,19,10,4,45.846432,8.838357,04:48,60,3
REG,25553,BUSTO ARSIZIO,STABIO,VARESE,0.7833333333333333,-1.0,60,2023-06-10,2023-12-31,10,5,4,45.816201,8.833089,04:54,60,4
REG,25553,BUSTO ARSIZIO,STABIO,GALLARATE,-1.2166666666666666,-2.0,60,2023-06-10,2023-12-31,6,4,0,45.659828,8.798243,05:15,60,5
REG,25553,BUSTO ARSIZIO,STABIO,BUSTO ARSIZIO,3.0833333333333335,2.0,60,2023-06-10,2023-12-31,22,8,1,45.616164,8.865031,05:22,60,6
