train_class,train_number,train_arrival_stop_name,train_departure_stop_name,stop_name,avg_arrival_delay,median_arrival_delay,count_dates_stop,first_date,last_date,count_3m_delay,count_5m_delay,count_10m_delay,stop_lat,stop_lon,stop_time,count_dates_train,stop_number
REG,21269,NAPOLI CAMPI FLEGREI,VILLA LITERNO,VILLA LITERNO,1.6109215017064846,1.0,293,2023-01-02,2023-12-30,26,7,2,41.004956,14.06753,07:25,293,1
REG,21269,NAPOLI CAMPI FLEGREI,VILLA LITERNO,GIUGLIANO QUALIANO,0.9931740614334471,1.0,293,2023-01-02,2023-12-30,36,9,3,40.935018,14.10378,07:32,293,2
REG,21269,NAPOLI CAMPI FLEGREI,VILLA LITERNO,QUARTO DI MARANO,0.12598425196850394,-1.0,254,2023-01-02,2023-12-30,19,7,2,40.871086,14.122801,07:38,293,3
REG,21269,NAPOLI CAMPI FLEGREI,VILLA LITERNO,POZZUOLI SOLFATARA,0.07167235494880546,-1.0,293,2023-01-02,2023-12-30,25,15,5,40.827586,14.126163,07:45,293,4
REG,21269,NAPOLI CAMPI FLEGREI,VILLA LITERNO,BAGNOLI AGNANO TERME,0.24864864864864866,-1.0,185,2023-01-02,2023-10-19,23,11,3,40.819444,14.166694,07:50,293,5
REG,21269,NAPOLI CAMPI FLEGREI,VILLA LITERNO,CAVALLEGGERI AOSTA,2.0684931506849313,1.0,292,2023-01-02,2023-12-30,95,29,8,40.819292,14.185679,07:55,293,6
REG,21269,NAPOLI CAMPI FLEGREI,VILLA LITERNO,NAPOLI CAMPI FLEGREI,-0.07508532423208192,-1.0,293,2023-01-02,2023-12-30,37,16,6,40.822462,14.194649,08:00,293,7
