train_class,train_number,train_arrival_stop_name,train_departure_stop_name,stop_name,avg_arrival_delay,median_arrival_delay,count_dates_stop,first_date,last_date,count_3m_delay,count_5m_delay,count_10m_delay,stop_lat,stop_lon,stop_time,count_dates_train,stop_number
REG,26433,TORINO LINGOTTO,ALBA,ALBA,8.5,2.0,12,2023-01-21,2023-10-21,6,5,5,44.697713,8.030629,11:07,12,1
REG,26433,TORINO LINGOTTO,ALBA,MUSSOTTO,8.5,2.0,12,2023-01-21,2023-10-21,6,5,5,44.713227,8.015194,11:10,12,2
REG,26433,TORINO LINGOTTO,ALBA,MONTICELLO D`ALBA,8.5,2.0,12,2023-01-21,2023-10-21,6,5,5,44.703736,7.965002,11:15,12,3
REG,26433,TORINO LINGOTTO,ALBA,S.VITTORIA,13.0,5.0,12,2023-01-21,2023-10-21,7,7,6,44.69561,7.916909,11:20,12,4
REG,26433,TORINO LINGOTTO,ALBA,BRA,17.333333333333332,15.0,12,2023-01-21,2023-10-21,8,8,7,44.693556,7.848643,11:29,12,5
REG,26433,TORINO LINGOTTO,ALBA,BANDITO,23.166666666666668,19.0,12,2023-01-21,2023-10-21,11,10,9,44.722075,7.819452,11:36,12,6
REG,26433,TORINO LINGOTTO,ALBA,SANFRE`,22.25,18.0,12,2023-01-21,2023-10-21,11,10,9,44.74799,7.796793,11:40,12,7
REG,26433,TORINO LINGOTTO,ALBA,SOMMARIVA BOSCO,24.083333333333332,23.0,12,2023-01-21,2023-10-21,11,11,10,44.770754,7.777086,11:44,12,8
REG,26433,TORINO LINGOTTO,ALBA,CARMAGNOLA,26.666666666666668,23.0,12,2023-01-21,2023-10-21,11,11,11,44.846944,7.72797,11:53,12,9
REG,26433,TORINO LINGOTTO,ALBA,TROFARELLO,29.083333333333332,25.0,12,2023-01-21,2023-10-21,12,12,11,44.980471,7.735206,12:06,12,10
REG,26433,TORINO LINGOTTO,ALBA,MONCALIERI,29.0,29.0,12,2023-01-21,2023-10-21,12,11,11,44.998187,7.678027,12:11,12,11
REG,26433,TORINO LINGOTTO,ALBA,TORINO LINGOTTO,29.333333333333332,29.0,12,2023-01-21,2023-10-21,12,11,11,45.0266,7.657469,12:16,12,12
