train_class,train_number,train_arrival_stop_name,train_departure_stop_name,stop_name,avg_arrival_delay,median_arrival_delay,count_dates_stop,first_date,last_date,count_3m_delay,count_5m_delay,count_10m_delay,stop_lat,stop_lon,stop_time,count_dates_train,stop_number
REG,21856,PALERMO CENTRALE,CINISI TERRASINI,CINISI TERRASINI,1.9912280701754386,2.0,228,2023-01-02,2023-10-14,26,5,2,38.155314,13.096673,06:40,228,1
REG,21856,PALERMO CENTRALE,CINISI TERRASINI,PIRAINETO,-1.6096491228070176,-2.0,228,2023-01-02,2023-10-14,4,3,2,38.169148,13.14256,06:48,228,2
REG,21856,PALERMO CENTRALE,CINISI TERRASINI,CARINI,0.17982456140350878,0.0,228,2023-01-02,2023-10-14,5,4,2,38.147696,13.186624,06:53,228,3
REG,21856,PALERMO CENTRALE,CINISI TERRASINI,ISOLA DELLE FEMMINE,1.236842105263158,1.0,228,2023-01-02,2023-10-14,23,6,2,38.194784,13.250188,07:04,228,4
REG,21856,PALERMO CENTRALE,CINISI TERRASINI,S.LORENZO COLLI,0.09649122807017543,-1.0,228,2023-01-02,2023-10-14,23,11,5,38.16292,13.316449,07:21,228,5
REG,21856,PALERMO CENTRALE,CINISI TERRASINI,FRANCIA,1.219298245614035,0.0,228,2023-01-02,2023-10-14,27,17,6,38.155233,13.321938,07:24,228,6
REG,21856,PALERMO CENTRALE,CINISI TERRASINI,PALERMO NOTARBARTOLO,0.8070175438596491,0.0,228,2023-01-02,2023-10-14,30,17,6,38.132261,13.341572,07:28,228,7
REG,21856,PALERMO CENTRALE,CINISI TERRASINI,LOLLI,3.6008771929824563,2.0,228,2023-01-02,2023-10-14,108,40,14,,,07:32,228,8
REG,21856,PALERMO CENTRALE,CINISI TERRASINI,PALAZZO REALE-ORLEANS,-0.33771929824561403,-2.0,228,2023-01-02,2023-10-14,27,19,5,38.10878,13.353962,07:37,228,9
REG,21856,PALERMO CENTRALE,CINISI TERRASINI,VESPRI,1.145374449339207,0.0,227,2023-01-02,2023-10-14,32,21,8,38.101996,13.362701,07:40,228,10
REG,21856,PALERMO CENTRALE,CINISI TERRASINI,GUADAGNA,1.4361233480176212,0.0,227,2023-01-02,2023-10-14,32,21,8,,,07:43,228,11
REG,21856,PALERMO CENTRALE,CINISI TERRASINI,PALERMO CENTRALE,0.7017543859649122,0.0,228,2023-01-02,2023-10-14,24,14,4,38.109187,13.367515,07:47,228,12
