train_class,train_number,train_arrival_stop_name,train_departure_stop_name,stop_name,avg_arrival_delay,median_arrival_delay,count_dates_stop,first_date,last_date,count_3m_delay,count_5m_delay,count_10m_delay,stop_lat,stop_lon,stop_time,count_dates_train,stop_number
REG,23756,S.BENEDETTO DEL TRONTO,ASCOLI PICENO,ASCOLI PICENO,1.4958677685950412,1.0,242,2023-01-02,2023-12-30,18,6,3,42.855474,13.587939,07:12,242,1
REG,23756,S.BENEDETTO DEL TRONTO,ASCOLI PICENO,OFFIDA CASTEL DI LAMA,-1.537190082644628,-2.0,242,2023-01-02,2023-12-30,7,5,3,42.862074,13.720285,07:29,242,2
REG,23756,S.BENEDETTO DEL TRONTO,ASCOLI PICENO,PORTO D`ASCOLI,2.5082644628099175,2.0,242,2023-01-02,2023-12-30,76,31,12,42.912792,13.896813,07:50,242,3
REG,23756,S.BENEDETTO DEL TRONTO,ASCOLI PICENO,S.BENEDETTO DEL TRONTO,3.384297520661157,3.0,242,2023-01-02,2023-12-30,140,48,12,42.954386,13.882297,07:57,242,4
