train_class,train_number,train_arrival_stop_name,train_departure_stop_name,stop_name,avg_arrival_delay,median_arrival_delay,count_dates_stop,first_date,last_date,count_3m_delay,count_5m_delay,count_10m_delay,stop_lat,stop_lon,stop_time,count_dates_train,stop_number
REG,22927,SARZANA,LEVANTO,LEVANTO,5.8734177215189876,6.0,158,2023-04-01,2023-11-05,133,99,14,44.174167,9.616018,14:35,158,1
REG,22927,SARZANA,LEVANTO,MONTEROSSO,3.2088607594936707,3.0,158,2023-04-01,2023-11-05,87,51,7,44.145967,9.649009,14:41,158,2
REG,22927,SARZANA,LEVANTO,CORNIGLIA,5.487341772151899,5.0,158,2023-04-01,2023-11-05,121,88,20,44.119938,9.711051,14:49,158,3
REG,22927,SARZANA,LEVANTO,LA SPEZIA CENTRALE,8.379746835443038,8.0,158,2023-04-01,2023-11-05,139,117,52,44.11141,9.813906,15:02,158,4
REG,22927,SARZANA,LEVANTO,SARZANA,5.8924050632911396,5.0,158,2023-04-01,2023-11-05,112,86,34,44.108865,9.960657,15:20,158,5
