train_class,train_number,train_arrival_stop_name,train_departure_stop_name,stop_name,avg_arrival_delay,median_arrival_delay,count_dates_stop,first_date,last_date,count_3m_delay,count_5m_delay,count_10m_delay,stop_lat,stop_lon,stop_time,count_dates_train,stop_number
REG,21580,CALTANISSETTA CENTRALE,ROCCAPALUMBA-ALIA,ROCCAPALUMBA-ALIA,0.9743589743589743,0.0,78,2023-05-15,2023-11-20,13,4,0,37.793751,13.673628,06:20,78,1
REG,21580,CALTANISSETTA CENTRALE,ROCCAPALUMBA-ALIA,VALLELUNGA,-0.03896103896103896,-1.0,77,2023-05-15,2023-11-20,11,5,1,37.691542,13.846428,06:44,78,2
REG,21580,CALTANISSETTA CENTRALE,ROCCAPALUMBA-ALIA,VILLALBA,-0.5194805194805194,-1.0,77,2023-05-15,2023-11-20,5,2,2,37.668526,13.885155,06:53,78,3
REG,21580,CALTANISSETTA CENTRALE,ROCCAPALUMBA-ALIA,CALTANISSETTA XIRBI,-3.8181818181818183,-5.0,77,2023-05-15,2023-11-20,4,2,1,37.536296,14.056902,07:18,78,4
REG,21580,CALTANISSETTA CENTRALE,ROCCAPALUMBA-ALIA,CALTANISSETTA CENTRALE,-3.5256410256410255,-4.0,78,2023-05-15,2023-11-20,1,0,0,37.48829,14.057396,07:37,78,5
