train_class,train_number,train_arrival_stop_name,train_departure_stop_name,stop_name,avg_arrival_delay,median_arrival_delay,count_dates_stop,first_date,last_date,count_3m_delay,count_5m_delay,count_10m_delay,stop_lat,stop_lon,stop_time,count_dates_train,stop_number
REG,23563,BARI CENTRALE,BARLETTA,BARLETTA,5.387665198237886,2.0,227,2023-01-02,2023-12-22,112,80,29,41.315227,16.278867,19:27,227,1
REG,23563,BARI CENTRALE,BARLETTA,TRANI,4.621145374449339,2.0,227,2023-01-02,2023-12-22,102,72,22,41.272693,16.417646,19:35,227,2
REG,23563,BARI CENTRALE,BARLETTA,BISCEGLIE,5.224669603524229,3.0,227,2023-01-02,2023-12-22,120,84,35,41.235445,16.499484,19:41,227,3
REG,23563,BARI CENTRALE,BARLETTA,MOLFETTA,3.7400881057268722,2.0,227,2023-01-02,2023-12-22,91,67,25,41.196008,16.596793,19:49,227,4
REG,23563,BARI CENTRALE,BARLETTA,GIOVINAZZO,3.9292035398230087,2.0,226,2023-01-02,2023-12-22,97,61,26,41.180968,16.669346,19:55,227,5
REG,23563,BARI CENTRALE,BARLETTA,BARI S. SPIRITO,3.849557522123894,2.0,226,2023-01-02,2023-12-22,107,66,22,41.159653,16.746324,20:01,227,6
REG,23563,BARI CENTRALE,BARLETTA,BARI ZONA INDUSTRIALE,3.2731277533039647,1.0,227,2023-01-02,2023-12-22,82,59,19,,,20:10,227,7
REG,23563,BARI CENTRALE,BARLETTA,BARI CENTRALE,1.7709251101321586,-1.0,227,2023-01-02,2023-12-22,63,35,15,41.11774,16.869601,20:18,227,8
