train_class,train_number,train_arrival_stop_name,train_departure_stop_name,stop_name,avg_arrival_delay,median_arrival_delay,count_dates_stop,first_date,last_date,count_3m_delay,count_5m_delay,count_10m_delay,stop_lat,stop_lon,stop_time,count_dates_train,stop_number
REG,25941,COSTA MASNAGA,MILANO PORTA GARIBALDI,MILANO PORTA GARIBALDI,1.1481481481481481,1.0,27,2023-07-30,2023-08-27,2,0,0,45.484917,9.187683,12:17,27,1
REG,25941,COSTA MASNAGA,MILANO PORTA GARIBALDI,MILANO GRECO PIRELLI,-0.2222222222222222,0.0,27,2023-07-30,2023-08-27,1,0,0,45.51272,9.214456,12:23,27,2
REG,25941,COSTA MASNAGA,MILANO PORTA GARIBALDI,SESTO S. GIOVANNI,0.5185185185185185,0.0,27,2023-07-30,2023-08-27,2,0,0,45.541087,9.23926,12:27,27,3
REG,25941,COSTA MASNAGA,MILANO PORTA GARIBALDI,MONZA,2.1481481481481484,2.0,27,2023-07-30,2023-08-27,10,2,0,45.577789,9.273253,12:33,27,4
REG,25941,COSTA MASNAGA,MILANO PORTA GARIBALDI,MONZA SOBBORGHI,2.0,1.0,26,2023-07-30,2023-08-27,8,1,0,45.582082,9.284375,12:37,27,5
REG,25941,COSTA MASNAGA,MILANO PORTA GARIBALDI,VILLASANTA,0.9230769230769231,1.0,26,2023-07-30,2023-08-27,4,1,0,45.603434,9.304923,12:42,27,6
REG,25941,COSTA MASNAGA,MILANO PORTA GARIBALDI,TRIUGGIO-PONTE ALBIATE,-0.8148148148148148,-1.0,27,2023-07-30,2023-08-27,1,1,0,45.658956,9.266961,13:12,27,7
REG,25941,COSTA MASNAGA,MILANO PORTA GARIBALDI,CARATE-CALO`,0.6296296296296297,1.0,27,2023-07-30,2023-08-27,1,1,0,45.676451,9.252304,13:16,27,8
REG,25941,COSTA MASNAGA,MILANO PORTA GARIBALDI,VILLA RAVERIO,0.6296296296296297,1.0,27,2023-07-30,2023-08-27,1,0,0,45.690418,9.261549,13:20,27,9
REG,25941,COSTA MASNAGA,MILANO PORTA GARIBALDI,BESANA,-1.7307692307692308,-2.0,26,2023-07-30,2023-08-27,0,0,0,45.702824,9.28288,13:26,27,10
REG,25941,COSTA MASNAGA,MILANO PORTA GARIBALDI,RENATE-VEDUGGIO,0.44,1.0,25,2023-07-30,2023-08-27,0,0,0,45.728304,9.279834,13:35,27,11
REG,25941,COSTA MASNAGA,MILANO PORTA GARIBALDI,CASSAGO-NIBIONNO-BULCIAGO,0.56,1.0,25,2023-07-30,2023-08-27,0,0,0,45.746243,9.279834,13:39,27,12
REG,25941,COSTA MASNAGA,MILANO PORTA GARIBALDI,COSTA MASNAGA,0.2222222222222222,0.0,27,2023-07-30,2023-08-27,1,0,0,45.76343,9.285231,13:44,27,13
