train_class,train_number,train_arrival_stop_name,train_departure_stop_name,stop_name,avg_arrival_delay,median_arrival_delay,count_dates_stop,first_date,last_date,count_3m_delay,count_5m_delay,count_10m_delay,stop_lat,stop_lon,stop_time,count_dates_train,stop_number
REG,2122,TORINO P.NUOVA,GENOVA P.PRINCIPE,GENOVA P.PRINCIPE,5.217008797653959,5.0,341,2023-01-01,2023-12-31,246,175,38,44.417784,8.9207,09:30,341,1
REG,2122,TORINO P.NUOVA,GENOVA P.PRINCIPE,RONCO SCR.,4.9824046920821115,4.0,341,2023-01-01,2023-12-31,231,157,51,44.614537,8.949421,09:52,341,2
REG,2122,TORINO P.NUOVA,GENOVA P.PRINCIPE,ARQUATA SCRIVIA,6.545454545454546,6.0,341,2023-01-01,2023-12-31,273,212,73,44.692533,8.885342,10:00,341,3
REG,2122,TORINO P.NUOVA,GENOVA P.PRINCIPE,NOVI LIGURE,6.293255131964809,5.0,341,2023-01-01,2023-12-31,258,188,70,44.762521,8.787289,10:13,341,4
REG,2122,TORINO P.NUOVA,GENOVA P.PRINCIPE,ALESSANDRIA,3.1730205278592374,2.0,341,2023-01-01,2023-12-31,158,108,38,44.909091,8.606498,10:29,341,5
REG,2122,TORINO P.NUOVA,GENOVA P.PRINCIPE,ASTI,1.9853372434017595,1.0,341,2023-01-01,2023-12-31,121,66,17,44.89479,8.208112,10:52,341,6
REG,2122,TORINO P.NUOVA,GENOVA P.PRINCIPE,TORINO LINGOTTO,2.573529411764706,1.0,340,2023-01-01,2023-12-31,131,83,28,45.0266,7.657469,11:21,341,7
REG,2122,TORINO P.NUOVA,GENOVA P.PRINCIPE,TORINO P.NUOVA,0.9237536656891495,-1.0,341,2023-01-01,2023-12-31,85,50,24,45.060969,7.67747,11:30,341,8
