train_class,train_number,train_arrival_stop_name,train_departure_stop_name,stop_name,avg_arrival_delay,median_arrival_delay,count_dates_stop,first_date,last_date,count_3m_delay,count_5m_delay,count_10m_delay,stop_lat,stop_lon,stop_time,count_dates_train,stop_number
REG,20192,AVEZZANO,CASSINO,CASSINO,1.2612244897959184,1.0,245,2023-01-02,2023-12-30,15,4,2,41.484306,13.832125,12:48,245,1
REG,20192,AVEZZANO,CASSINO,PIEDIMONTE-V.S.L.-AQUINO,1.2868852459016393,1.0,244,2023-01-02,2023-12-30,26,7,4,,,12:55,245,2
REG,20192,AVEZZANO,CASSINO,ROCCASECCA,1.0819672131147542,1.0,244,2023-01-02,2023-12-30,44,10,4,41.526377,13.645814,13:04,245,3
REG,20192,AVEZZANO,CASSINO,ARCE,3.5905172413793105,2.0,232,2023-01-03,2023-12-30,116,49,15,41.583695,13.571848,13:17,245,4
REG,20192,AVEZZANO,CASSINO,ARPINO,2.5411255411255413,1.0,231,2023-01-02,2023-12-30,69,37,16,41.648296,13.59959,13:34,245,5
REG,20192,AVEZZANO,CASSINO,SORA,2.788793103448276,1.0,232,2023-01-02,2023-12-30,76,45,20,41.716618,13.618601,13:49,245,6
REG,20192,AVEZZANO,CASSINO,BALSORANO,1.7629310344827587,-1.0,232,2023-01-02,2023-12-30,45,33,16,41.809427,13.556546,14:11,245,7
REG,20192,AVEZZANO,CASSINO,CIVITA D`ANTINO-MORINO,1.2629310344827587,-2.0,232,2023-01-02,2023-12-30,33,29,17,41.870632,13.458868,14:31,245,8
REG,20192,AVEZZANO,CASSINO,CIVITELLA ROVETO,3.091304347826087,1.0,230,2023-01-02,2023-12-30,60,38,17,41.916419,13.424882,14:44,245,9
REG,20192,AVEZZANO,CASSINO,CAPISTRELLO,4.232758620689655,0.0,232,2023-01-12,2023-12-30,64,46,30,41.97051,13.399276,15:05,245,10
REG,20192,AVEZZANO,CASSINO,AVEZZANO,4.90204081632653,1.0,245,2023-01-02,2023-12-30,67,47,30,42.039495,13.426446,15:14,245,11
