train_class,train_number,train_arrival_stop_name,train_departure_stop_name,stop_name,avg_arrival_delay,median_arrival_delay,count_dates_stop,first_date,last_date,count_3m_delay,count_5m_delay,count_10m_delay,stop_lat,stop_lon,stop_time,count_dates_train,stop_number
REG,21058,ROMA TERMINI,NAPOLI CENTRALE,NAPOLI CENTRALE,1.471698113207547,1.0,53,2023-01-06,2023-12-10,4,1,0,40.852933,14.272908,05:00,53,1
REG,21058,ROMA TERMINI,NAPOLI CENTRALE,CASORIA,-0.8490566037735849,-1.0,53,2023-01-06,2023-12-10,2,1,0,40.907762,14.29874,05:10,53,2
REG,21058,ROMA TERMINI,NAPOLI CENTRALE,AVERSA,-2.490566037735849,-3.0,53,2023-01-06,2023-12-10,1,0,0,40.973323,14.218578,05:26,53,3
REG,21058,ROMA TERMINI,NAPOLI CENTRALE,VILLA LITERNO,-1.0612244897959184,-2.0,49,2023-01-06,2023-12-10,3,1,0,41.004956,14.06753,05:38,53,4
REG,21058,ROMA TERMINI,NAPOLI CENTRALE,FALCIANO MONDRAGONE CAR.,2.056603773584906,2.0,53,2023-01-06,2023-12-10,14,1,0,41.123525,13.971792,05:48,53,5
REG,21058,ROMA TERMINI,NAPOLI CENTRALE,SESSA AURUNCA R.,3.9245283018867925,3.0,53,2023-01-06,2023-12-10,45,18,0,41.1955,13.8761,05:55,53,6
REG,21058,ROMA TERMINI,NAPOLI CENTRALE,MINTURNO,4.509433962264151,4.0,53,2023-01-06,2023-12-10,42,21,5,41.257621,13.720664,06:04,53,7
REG,21058,ROMA TERMINI,NAPOLI CENTRALE,FORMIA-GAETA,4.226415094339623,4.0,53,2023-01-06,2023-12-10,39,19,5,41.258773,13.605996,06:12,53,8
REG,21058,ROMA TERMINI,NAPOLI CENTRALE,FONDI - SPERLONGA,3.4339622641509435,3.0,53,2023-01-06,2023-12-10,28,15,4,41.337663,13.424893,06:24,53,9
REG,21058,ROMA TERMINI,NAPOLI CENTRALE,MONTE S.BIAGIO,1.490566037735849,1.0,53,2023-01-06,2023-12-10,15,10,2,41.345967,13.347037,06:32,53,10
REG,21058,ROMA TERMINI,NAPOLI CENTRALE,PRIVERNO FOSSANOVA,-1.0754716981132075,-2.0,53,2023-01-06,2023-12-10,9,4,1,41.421853,13.186406,06:46,53,11
REG,21058,ROMA TERMINI,NAPOLI CENTRALE,SEZZE ROMANO,-0.7924528301886793,-2.0,53,2023-01-06,2023-12-10,7,4,1,41.495542,13.038452,06:57,53,12
REG,21058,ROMA TERMINI,NAPOLI CENTRALE,LATINA,-3.9056603773584904,-5.0,53,2023-01-06,2023-12-10,2,1,0,41.538372,12.945888,07:08,53,13
REG,21058,ROMA TERMINI,NAPOLI CENTRALE,CISTERNA DI LATINA,0.03773584905660377,0.0,53,2023-01-06,2023-12-10,3,1,0,41.586511,12.827538,07:17,53,14
REG,21058,ROMA TERMINI,NAPOLI CENTRALE,CAMPOLEONE,0.05660377358490566,0.0,53,2023-01-06,2023-12-10,2,1,1,41.642396,12.648341,07:28,53,15
REG,21058,ROMA TERMINI,NAPOLI CENTRALE,ROMA TERMINI,-4.150943396226415,-5.0,53,2023-01-06,2023-12-10,1,1,0,41.900636,12.502026,07:54,53,16
