train_class,train_number,train_arrival_stop_name,train_departure_stop_name,stop_name,avg_arrival_delay,median_arrival_delay,count_dates_stop,first_date,last_date,count_3m_delay,count_5m_delay,count_10m_delay,stop_lat,stop_lon,stop_time,count_dates_train,stop_number
REG,20679,POGGIO MIRTETO,FIUMICINO AEROPORTO,FIUMICINO AEROPORTO,3.407294832826748,3.0,329,2023-01-01,2023-12-30,167,62,15,41.793673,12.251728,15:27,329,1
REG,20679,POGGIO MIRTETO,FIUMICINO AEROPORTO,PARCO LEONARDO,3.231003039513678,2.0,329,2023-01-01,2023-12-30,151,63,15,41.79932,12.29543,15:31,329,2
REG,20679,POGGIO MIRTETO,FIUMICINO AEROPORTO,PONTE GALERIA,3.4285714285714284,3.0,329,2023-01-01,2023-12-30,168,73,17,41.818349,12.344733,15:37,329,3
REG,20679,POGGIO MIRTETO,FIUMICINO AEROPORTO,MURATELLA,4.700305810397554,4.0,327,2023-01-01,2023-12-30,249,132,23,41.826182,12.412696,15:42,329,4
REG,20679,POGGIO MIRTETO,FIUMICINO AEROPORTO,MAGLIANA,4.826219512195122,4.0,328,2023-01-01,2023-12-30,253,142,23,41.834235,12.431017,15:45,329,5
REG,20679,POGGIO MIRTETO,FIUMICINO AEROPORTO,VILLA BONELLI,4.45565749235474,4.0,327,2023-01-01,2023-12-30,225,128,23,41.8477601,12.455223,15:49,329,6
REG,20679,POGGIO MIRTETO,FIUMICINO AEROPORTO,ROMA TRASTEVERE,5.652439024390244,5.0,328,2023-01-01,2023-12-30,285,180,30,41.872279,12.466162,15:54,329,7
REG,20679,POGGIO MIRTETO,FIUMICINO AEROPORTO,ROMA OSTIENSE,3.8814589665653494,3.0,329,2023-01-01,2023-12-30,197,106,24,41.87265,12.483917,15:58,329,8
REG,20679,POGGIO MIRTETO,FIUMICINO AEROPORTO,ROMA TUSCOLANA,1.865625,1.0,320,2023-01-01,2023-12-30,112,52,20,41.879384,12.523505,16:07,329,9
REG,20679,POGGIO MIRTETO,FIUMICINO AEROPORTO,ROMA TIBURTINA,-0.021806853582554516,-2.0,321,2023-01-01,2023-12-30,50,27,18,41.910903,12.530749,16:15,329,10
REG,20679,POGGIO MIRTETO,FIUMICINO AEROPORTO,ROMA NOMENTANA L.L.,3.142857142857143,2.0,329,2023-01-01,2023-12-30,115,60,23,41.932935,12.523628,16:19,329,11
REG,20679,POGGIO MIRTETO,FIUMICINO AEROPORTO,NUOVO SALARIO,3.7993920972644375,2.0,329,2023-01-01,2023-12-30,154,65,22,41.956195,12.510317,16:25,329,12
REG,20679,POGGIO MIRTETO,FIUMICINO AEROPORTO,FIDENE,1.8601823708206686,1.0,329,2023-01-01,2023-12-30,71,45,14,41.979773,12.508451,16:29,329,13
REG,20679,POGGIO MIRTETO,FIUMICINO AEROPORTO,SETTE BAGNI,1.8996960486322187,1.0,329,2023-01-01,2023-12-30,68,37,12,42.006438,12.520156,16:34,329,14
REG,20679,POGGIO MIRTETO,FIUMICINO AEROPORTO,MONTEROTONDO,0.24012158054711247,-1.0,329,2023-01-01,2023-12-30,42,26,10,42.06409,12.595753,16:43,329,15
REG,20679,POGGIO MIRTETO,FIUMICINO AEROPORTO,PIANA BELLA MONTELIBRETTI,2.708206686930091,2.0,329,2023-01-01,2023-12-30,79,45,16,42.105159,12.632938,16:48,329,16
REG,20679,POGGIO MIRTETO,FIUMICINO AEROPORTO,FARA SABINA,0.8024316109422492,-1.0,329,2023-01-01,2023-12-30,50,30,11,42.155546,12.648323,16:55,329,17
REG,20679,POGGIO MIRTETO,FIUMICINO AEROPORTO,POGGIO MIRTETO,0.7082066869300911,-1.0,329,2023-01-01,2023-12-30,53,28,11,42.242187,12.633043,17:05,329,18
