train_class,train_number,train_arrival_stop_name,train_departure_stop_name,stop_name,avg_arrival_delay,median_arrival_delay,count_dates_stop,first_date,last_date,count_3m_delay,count_5m_delay,count_10m_delay,stop_lat,stop_lon,stop_time,count_dates_train,stop_number
REG,2014,TORINO P.NUOVA,MILANO CENTRALE,MILANO CENTRALE,2.2911392405063293,1.0,158,2023-01-01,2023-12-31,19,7,3,45.486347,9.204528,07:15,158,1
REG,2014,TORINO P.NUOVA,MILANO CENTRALE,RHO FIERA MILANO,3.487012987012987,3.0,154,2023-01-01,2023-12-31,82,16,3,45.521157,9.088595,07:24,158,2
REG,2014,TORINO P.NUOVA,MILANO CENTRALE,MAGENTA,2.6835443037974684,1.0,158,2023-01-01,2023-12-31,49,25,5,45.468204,8.880633,07:37,158,3
REG,2014,TORINO P.NUOVA,MILANO CENTRALE,NOVARA,1.4873417721518987,1.0,158,2023-01-01,2023-12-31,51,13,3,45.451376,8.624895,07:54,158,4
REG,2014,TORINO P.NUOVA,MILANO CENTRALE,VERCELLI,1.6139240506329113,1.0,158,2023-01-01,2023-12-31,39,16,2,45.329909,8.416028,08:08,158,5
REG,2014,TORINO P.NUOVA,MILANO CENTRALE,SANTHIA`,2.588607594936709,1.0,158,2023-01-01,2023-12-31,52,22,7,45.363726,8.180093,08:19,158,6
REG,2014,TORINO P.NUOVA,MILANO CENTRALE,CHIVASSO,-0.3037974683544304,-1.0,158,2023-01-01,2023-12-31,23,10,4,45.193637,7.889666,08:40,158,7
REG,2014,TORINO P.NUOVA,MILANO CENTRALE,TORINO PORTA SUSA,3.3797468354430378,2.0,158,2023-01-01,2023-12-31,71,26,4,45.075906,7.667673,08:54,158,8
REG,2014,TORINO P.NUOVA,MILANO CENTRALE,TORINO P.NUOVA,0.25949367088607594,-1.0,158,2023-01-01,2023-12-31,24,11,5,45.060969,7.67747,09:06,158,9
