train_class,train_number,train_arrival_stop_name,train_departure_stop_name,stop_name,avg_arrival_delay,median_arrival_delay,count_dates_stop,first_date,last_date,count_3m_delay,count_5m_delay,count_10m_delay,stop_lat,stop_lon,stop_time,count_dates_train,stop_number
REG,23830,L`AQUILA,SULMONA,SULMONA,2.8846153846153846,2.0,52,2023-01-07,2023-12-30,23,3,1,42.060836,13.907156,13:52,52,1
REG,23830,L`AQUILA,SULMONA,PRATOLA PELIGNA SUPERIORE,6.4423076923076925,6.0,52,2023-01-07,2023-12-30,52,52,2,42.080415,13.87223,13:58,52,2
REG,23830,L`AQUILA,SULMONA,RAIANO,0.7884615384615384,0.0,52,2023-01-07,2023-12-30,3,1,1,42.097931,13.80908,14:04,52,3
REG,23830,L`AQUILA,SULMONA,MOLINA CASTEL VECCHIO SUBAQUEO,0.25,0.0,52,2023-01-07,2023-12-30,3,2,1,42.143476,13.739644,14:14,52,4
REG,23830,L`AQUILA,SULMONA,S.DEMETRIO DE` VESTINI,0.6923076923076923,0.0,52,2023-01-07,2023-12-30,6,3,1,42.294447,13.536543,14:37,52,5
REG,23830,L`AQUILA,SULMONA,PAGANICA,1.9230769230769231,1.0,52,2023-01-07,2023-12-30,6,3,1,42.334751,13.464317,14:44,52,6
REG,23830,L`AQUILA,SULMONA,Bazzano (AQ),6.882352941176471,6.0,51,2023-01-07,2023-12-30,51,51,3,,,14:48,52,7
REG,23830,L`AQUILA,SULMONA,L`AQUILA,-1.7692307692307692,-2.0,52,2023-01-07,2023-12-30,3,1,1,42.351055,13.384959,14:57,52,8
