train_class,train_number,train_arrival_stop_name,train_departure_stop_name,stop_name,avg_arrival_delay,median_arrival_delay,count_dates_stop,first_date,last_date,count_3m_delay,count_5m_delay,count_10m_delay,stop_lat,stop_lon,stop_time,count_dates_train,stop_number
REG,23155,FELTRE,BELLUNO,BELLUNO,1.4788732394366197,1.0,71,2023-02-27,2023-06-09,6,0,0,46.141594,12.209703,14:34,71,1
REG,23155,FELTRE,BELLUNO,SEDICO BRIBANO,0.04225352112676056,0.0,71,2023-02-27,2023-06-09,0,0,0,46.095424,12.086508,14:45,71,2
REG,23155,FELTRE,BELLUNO,S.GIUSTINA CESIO,-0.04225352112676056,0.0,71,2023-02-27,2023-06-09,0,0,0,46.077655,12.04294,14:51,71,3
REG,23155,FELTRE,BELLUNO,BUSCHE LENTIAI MEL,-1.6338028169014085,-2.0,71,2023-02-27,2023-06-09,0,0,0,46.040092,11.979251,15:04,71,4
REG,23155,FELTRE,BELLUNO,FELTRE,0.14084507042253522,0.0,71,2023-02-27,2023-06-09,0,0,0,46.012884,11.911493,15:12,71,5
