train_class,train_number,train_arrival_stop_name,train_departure_stop_name,stop_name,avg_arrival_delay,median_arrival_delay,count_dates_stop,first_date,last_date,count_3m_delay,count_5m_delay,count_10m_delay,stop_lat,stop_lon,stop_time,count_dates_train,stop_number
REG,24330,MILANO BOVISA FNM,PAVIA,PAVIA,7.225,6.0,80,2023-01-01,2023-11-18,76,58,20,45.188843,9.144674,09:39,80,1
REG,24330,MILANO BOVISA FNM,PAVIA,CERTOSA DI PAVIA,5.3,4.0,80,2023-01-01,2023-11-18,64,38,7,45.256927,9.154456,09:46,80,2
REG,24330,MILANO BOVISA FNM,PAVIA,VILLAMAGGIORE,4.7375,4.0,80,2023-01-01,2023-11-18,56,31,6,45.32045,9.190674,09:52,80,3
REG,24330,MILANO BOVISA FNM,PAVIA,LOCATE TRIULZI,5.3375,4.0,80,2023-01-01,2023-11-18,62,38,9,45.35973,9.221398,09:58,80,4
REG,24330,MILANO BOVISA FNM,PAVIA,MILANO ROGOREDO,5.6625,5.0,80,2023-01-01,2023-11-18,64,41,13,45.433866,9.2391,10:06,80,5
REG,24330,MILANO BOVISA FNM,PAVIA,MILANO PORTA VITTORIA,4.3375,3.0,80,2023-01-01,2023-11-18,49,30,10,45.459579,9.21813,10:14,80,6
REG,24330,MILANO BOVISA FNM,PAVIA,MILANO DATEO,5.05,4.0,80,2023-01-01,2023-11-18,53,33,11,45.462341,9.209277,10:17,80,7
REG,24330,MILANO BOVISA FNM,PAVIA,MILANO VENEZIA,5.0125,3.0,80,2023-01-01,2023-11-18,52,32,11,45.471121,9.201889,10:20,80,8
REG,24330,MILANO BOVISA FNM,PAVIA,MILANO REPUBBLICA,5.2125,4.0,80,2023-01-01,2023-11-18,53,32,11,45.479984,9.198861,10:22,80,9
REG,24330,MILANO BOVISA FNM,PAVIA,MI P.GAR.SOTT.,5.375,4.0,80,2023-01-01,2023-11-18,56,32,11,45.484228,9.185122,10:25,80,10
REG,24330,MILANO BOVISA FNM,PAVIA,MILANO LANCETTI,3.75,2.0,80,2023-01-01,2023-11-18,37,25,9,45.492632,9.175832,10:28,80,11
REG,24330,MILANO BOVISA FNM,PAVIA,MILANO BOVISA FNM,1.975,0.0,80,2023-01-01,2023-11-18,26,19,6,45.502993,9.159235,10:35,80,12
