train_class,train_number,train_arrival_stop_name,train_departure_stop_name,stop_name,avg_arrival_delay,median_arrival_delay,count_dates_stop,first_date,last_date,count_3m_delay,count_5m_delay,count_10m_delay,stop_lat,stop_lon,stop_time,count_dates_train,stop_number
REG,20143,VELLETRI,ROMA TERMINI,ROMA TERMINI,2.0230414746543777,1.0,217,2023-01-02,2023-12-29,45,28,9,41.900636,12.502026,15:28,217,1
REG,20143,VELLETRI,ROMA TERMINI,CAPANNELLE,2.5668202764976957,1.0,217,2023-01-02,2023-12-29,63,37,15,41.830713,12.568884,15:36,217,2
REG,20143,VELLETRI,ROMA TERMINI,CIAMPINO,2.474654377880184,1.0,217,2023-01-02,2023-12-29,69,36,15,41.804442,12.599546,15:43,217,3
REG,20143,VELLETRI,ROMA TERMINI,S. MARIA DELLE MOLE,5.717592592592593,4.0,216,2023-01-02,2023-12-29,151,94,29,41.774417,12.606225,15:49,217,4
REG,20143,VELLETRI,ROMA TERMINI,PAVONA,5.723502304147465,4.0,217,2023-01-02,2023-12-29,150,106,29,41.723897,12.61116,15:56,217,5
REG,20143,VELLETRI,ROMA TERMINI,CECCHINA,4.493087557603687,3.0,217,2023-01-02,2023-12-29,109,58,22,41.692029,12.650992,16:05,217,6
REG,20143,VELLETRI,ROMA TERMINI,LANUVIO,3.046082949308756,1.0,217,2023-01-02,2023-12-29,68,41,16,41.672211,12.690885,16:13,217,7
REG,20143,VELLETRI,ROMA TERMINI,VELLETRI,2.4285714285714284,0.0,217,2023-01-02,2023-12-29,55,38,24,41.682421,12.780864,16:25,217,8
