train_class,train_number,train_arrival_stop_name,train_departure_stop_name,stop_name,avg_arrival_delay,median_arrival_delay,count_dates_stop,first_date,last_date,count_3m_delay,count_5m_delay,count_10m_delay,stop_lat,stop_lon,stop_time,count_dates_train,stop_number
REG,25559,BUSTO ARSIZIO,STABIO,STABIO,2.896551724137931,2.0,58,2023-11-02,2023-12-31,24,7,1,,,07:37,58,1
REG,25559,BUSTO ARSIZIO,STABIO,ARCISATE,1.5517241379310345,1.0,58,2023-11-02,2023-12-31,12,2,1,45.858579,8.86241,07:44,58,2
REG,25559,BUSTO ARSIZIO,STABIO,INDUNO OLONA,2.7241379310344827,2.0,58,2023-11-02,2023-12-31,22,4,1,45.846432,8.838357,07:48,58,3
REG,25559,BUSTO ARSIZIO,STABIO,VARESE,-0.13793103448275862,-1.0,58,2023-11-02,2023-12-31,3,2,0,45.816201,8.833089,07:54,58,4
REG,25559,BUSTO ARSIZIO,STABIO,GALLARATE,1.9137931034482758,1.0,58,2023-11-02,2023-12-31,19,11,3,45.659828,8.798243,08:15,58,5
REG,25559,BUSTO ARSIZIO,STABIO,BUSTO ARSIZIO,5.103448275862069,4.0,58,2023-11-02,2023-12-31,44,27,5,45.616164,8.865031,08:22,58,6
