train_class,train_number,train_arrival_stop_name,train_departure_stop_name,stop_name,avg_arrival_delay,median_arrival_delay,count_dates_stop,first_date,last_date,count_3m_delay,count_5m_delay,count_10m_delay,stop_lat,stop_lon,stop_time,count_dates_train,stop_number
REG,21866,S.AGATA M.,PALERMO CENTRALE,PALERMO CENTRALE,1.054054054054054,0.0,296,2023-01-02,2023-12-30,26,6,3,38.109187,13.367515,17:52,296,1
REG,21866,S.AGATA M.,PALERMO CENTRALE,BAGHERIA,0.4797297297297297,0.0,296,2023-01-02,2023-12-30,24,11,6,38.089905,13.507215,18:03,296,2
REG,21866,S.AGATA M.,PALERMO CENTRALE,TERMINI IMERESE,-0.8243243243243243,-3.0,296,2023-01-02,2023-12-30,19,15,7,37.980132,13.703631,18:20,296,3
REG,21866,S.AGATA M.,PALERMO CENTRALE,CAMPOFELICE,-0.09121621621621621,-2.0,296,2023-01-02,2023-12-30,17,13,6,37.992615,13.876549,18:31,296,4
REG,21866,S.AGATA M.,PALERMO CENTRALE,CEFALU`,1.087837837837838,-1.0,296,2023-01-02,2023-12-30,42,22,8,38.03285,14.019526,18:44,296,5
REG,21866,S.AGATA M.,PALERMO CENTRALE,POLLINA,-1.1925675675675675,-1.0,296,2023-01-02,2023-12-30,74,46,15,38.018,14.175943,18:57,296,6
REG,21866,S.AGATA M.,PALERMO CENTRALE,TUSA,0.3614864864864865,-1.0,296,2023-01-02,2023-12-30,35,20,5,38.007989,14.256693,19:11,296,7
REG,21866,S.AGATA M.,PALERMO CENTRALE,SANTO STEFANO DI CAMASTRA,-0.14527027027027026,-2.0,296,2023-01-02,2023-12-30,20,14,4,38.01778,14.35104,19:20,296,8
REG,21866,S.AGATA M.,PALERMO CENTRALE,CARONIA,1.3581081081081081,0.0,296,2023-01-02,2023-12-30,28,17,5,38.034475,14.443761,19:27,296,9
REG,21866,S.AGATA M.,PALERMO CENTRALE,ACQUEDOLCI-S.FRATELLO,2.5304054054054053,1.0,296,2023-01-02,2023-12-30,54,21,5,38.058459,14.587597,19:37,296,10
REG,21866,S.AGATA M.,PALERMO CENTRALE,S.AGATA M.,0.8716216216216216,-1.0,296,2023-01-02,2023-12-30,34,12,5,38.073554,14.640622,19:46,296,11
