train_class,train_number,train_arrival_stop_name,train_departure_stop_name,stop_name,avg_arrival_delay,median_arrival_delay,count_dates_stop,first_date,last_date,count_3m_delay,count_5m_delay,count_10m_delay,stop_lat,stop_lon,stop_time,count_dates_train,stop_number
REG,23273,ROMA TIBURTINA,BRACCIANO,BRACCIANO,2.0232558139534884,2.0,43,2023-01-07,2023-12-30,5,2,2,42.103667,12.173023,20:40,43,1
REG,23273,ROMA TIBURTINA,BRACCIANO,VIGNA DI VALLE,3.5348837209302326,3.0,43,2023-01-07,2023-12-30,35,3,2,42.076863,12.210716,20:44,43,2
REG,23273,ROMA TIBURTINA,BRACCIANO,ANGUILLARA,3.2325581395348837,3.0,43,2023-01-07,2023-12-30,22,11,3,42.068133,12.304978,20:59,43,3
REG,23273,ROMA TIBURTINA,BRACCIANO,CESANO DI ROMA,3.046511627906977,2.0,43,2023-01-07,2023-12-30,18,8,4,42.061833,12.326669,21:04,43,4
REG,23273,ROMA TIBURTINA,BRACCIANO,OLGIATA,5.348837209302325,4.0,43,2023-01-07,2023-12-30,32,16,4,42.01538,12.363864,21:10,43,5
REG,23273,ROMA TIBURTINA,BRACCIANO,LA STORTA,4.395348837209302,3.0,43,2023-01-07,2023-12-30,25,13,4,42.001748,12.381254,21:13,43,6
REG,23273,ROMA TIBURTINA,BRACCIANO,LA GIUSTINIANA,5.0,4.0,43,2023-01-07,2023-12-30,27,16,4,41.985243,12.403457,21:17,43,7
REG,23273,ROMA TIBURTINA,BRACCIANO,IPOGEO DEGLI OTTAVI,5.4186046511627906,4.0,43,2023-01-07,2023-12-30,32,19,4,41.968391,12.409026,21:20,43,8
REG,23273,ROMA TIBURTINA,BRACCIANO,OTTAVIA,4.4186046511627906,3.0,43,2023-01-07,2023-12-30,24,15,4,,,21:23,43,9
REG,23273,ROMA TIBURTINA,BRACCIANO,ROMA S.FILIPPO NERI,4.651162790697675,3.0,43,2023-01-07,2023-12-30,28,12,4,41.950262,12.412414,21:26,43,10
REG,23273,ROMA TIBURTINA,BRACCIANO,ROMA MONTE MARIO,3.9302325581395348,2.0,43,2023-01-07,2023-12-30,21,11,4,41.939088,12.421732,21:29,43,11
REG,23273,ROMA TIBURTINA,BRACCIANO,GEMELLI,4.534883720930233,3.0,43,2023-01-07,2023-12-30,27,13,4,41.927813,12.427797,21:32,43,12
REG,23273,ROMA TIBURTINA,BRACCIANO,ROMA BALDUINA,3.9069767441860463,3.0,43,2023-01-07,2023-12-30,23,8,4,,,21:35,43,13
REG,23273,ROMA TIBURTINA,BRACCIANO,APPIANO,3.9767441860465116,3.0,43,2023-01-07,2023-12-30,23,8,4,41.909342,12.43838,21:37,43,14
REG,23273,ROMA TIBURTINA,BRACCIANO,VALLE AURELIA,4.883720930232558,3.0,43,2023-01-07,2023-12-30,35,14,4,41.899356,12.447667,21:40,43,15
REG,23273,ROMA TIBURTINA,BRACCIANO,ROMA S.PIETRO,2.0232558139534884,1.0,43,2023-01-07,2023-12-30,9,6,3,41.896143,12.454497,21:44,43,16
REG,23273,ROMA TIBURTINA,BRACCIANO,QUATTRO VENTI,1.7906976744186047,1.0,43,2023-01-07,2023-12-30,8,6,3,41.880145,12.459731,21:48,43,17
REG,23273,ROMA TIBURTINA,BRACCIANO,ROMA TRASTEVERE,2.9069767441860463,1.0,43,2023-01-07,2023-12-30,10,8,3,41.872279,12.466162,21:52,43,18
REG,23273,ROMA TIBURTINA,BRACCIANO,ROMA OSTIENSE,-0.37209302325581395,-2.0,43,2023-01-07,2023-12-30,6,4,1,41.87265,12.483917,21:57,43,19
REG,23273,ROMA TIBURTINA,BRACCIANO,ROMA TUSCOLANA,0.8809523809523809,0.0,42,2023-01-07,2023-12-30,6,4,1,41.879384,12.523505,22:03,43,20
REG,23273,ROMA TIBURTINA,BRACCIANO,ROMA TIBURTINA,0.09302325581395349,-1.0,43,2023-01-07,2023-12-30,7,4,1,41.910903,12.530749,22:10,43,21
