train_class,train_number,train_arrival_stop_name,train_departure_stop_name,stop_name,avg_arrival_delay,median_arrival_delay,count_dates_stop,first_date,last_date,count_3m_delay,count_5m_delay,count_10m_delay,stop_lat,stop_lon,stop_time,count_dates_train,stop_number
REG,2843,MILANO CENTRALE,SONDRIO,SONDRIO,2.732394366197183,1.0,71,2023-03-03,2023-12-03,9,6,3,46.167064,9.872928,20:41,71,1
REG,2843,MILANO CENTRALE,SONDRIO,MORBEGNO,3.0140845070422535,1.0,71,2023-03-03,2023-12-03,22,10,5,46.136663,9.568646,20:59,71,2
REG,2843,MILANO CENTRALE,SONDRIO,COLICO,2.5211267605633805,2.0,71,2023-03-03,2023-12-03,28,18,6,46.138019,9.375222,21:14,71,3
REG,2843,MILANO CENTRALE,SONDRIO,BELLANO TARTAVELLE TERME,4.577464788732394,3.0,71,2023-03-03,2023-12-03,37,27,10,46.039448,9.302776,21:29,71,4
REG,2843,MILANO CENTRALE,SONDRIO,VARENNA ESINO,7.605633802816901,7.0,71,2023-03-03,2023-12-03,53,45,19,46.015,9.286405,21:34,71,5
REG,2843,MILANO CENTRALE,SONDRIO,MANDELLO DEL LARIO,6.47887323943662,6.0,71,2023-03-03,2023-12-03,50,41,15,45.915208,9.322061,21:47,71,6
REG,2843,MILANO CENTRALE,SONDRIO,LECCO,5.746478873239437,5.0,71,2023-03-03,2023-12-03,47,36,15,45.856471,9.393638,21:58,71,7
REG,2843,MILANO CENTRALE,SONDRIO,MONZA,4.71830985915493,2.0,71,2023-03-03,2023-12-03,34,27,8,45.577789,9.273253,22:26,71,8
REG,2843,MILANO CENTRALE,SONDRIO,MILANO CENTRALE,4.901408450704225,2.0,71,2023-03-03,2023-12-03,33,26,10,45.486347,9.204528,22:40,71,9
