train_class,train_number,train_arrival_stop_name,train_departure_stop_name,stop_name,avg_arrival_delay,median_arrival_delay,count_dates_stop,first_date,last_date,count_3m_delay,count_5m_delay,count_10m_delay,stop_lat,stop_lon,stop_time,count_dates_train,stop_number
REG,20593,FARA SABINA,FIUMICINO AEROPORTO,FIUMICINO AEROPORTO,2.896551724137931,2.0,174,2023-01-09,2023-12-22,75,25,3,41.793673,12.251728,08:12,174,1
REG,20593,FARA SABINA,FIUMICINO AEROPORTO,PARCO LEONARDO,2.6206896551724137,2.0,174,2023-01-09,2023-12-22,69,22,3,41.79932,12.29543,08:16,174,2
REG,20593,FARA SABINA,FIUMICINO AEROPORTO,PONTE GALERIA,2.867052023121387,2.0,173,2023-01-09,2023-12-22,79,23,4,41.818349,12.344733,08:22,174,3
REG,20593,FARA SABINA,FIUMICINO AEROPORTO,MURATELLA,4.046242774566474,4.0,173,2023-01-09,2023-12-22,121,53,6,41.826182,12.412696,08:27,174,4
REG,20593,FARA SABINA,FIUMICINO AEROPORTO,MAGLIANA,4.144508670520231,4.0,173,2023-01-09,2023-12-22,125,55,7,41.834235,12.431017,08:30,174,5
REG,20593,FARA SABINA,FIUMICINO AEROPORTO,VILLA BONELLI,3.8092485549132946,3.0,173,2023-01-09,2023-12-22,117,48,5,41.8477601,12.455223,08:34,174,6
REG,20593,FARA SABINA,FIUMICINO AEROPORTO,ROMA TRASTEVERE,5.281609195402299,5.0,174,2023-01-09,2023-12-22,149,95,12,41.872279,12.466162,08:39,174,7
REG,20593,FARA SABINA,FIUMICINO AEROPORTO,ROMA OSTIENSE,3.647398843930636,3.0,173,2023-01-09,2023-12-22,106,49,9,41.87265,12.483917,08:43,174,8
REG,20593,FARA SABINA,FIUMICINO AEROPORTO,ROMA TUSCOLANA,2.9578313253012047,3.0,166,2023-01-09,2023-12-22,84,40,7,41.879384,12.523505,08:52,174,9
REG,20593,FARA SABINA,FIUMICINO AEROPORTO,ROMA TIBURTINA,0.8988095238095238,1.0,168,2023-01-09,2023-12-22,42,22,7,41.910903,12.530749,09:00,174,10
REG,20593,FARA SABINA,FIUMICINO AEROPORTO,ROMA NOMENTANA L.L.,3.508670520231214,2.0,173,2023-01-09,2023-12-22,76,51,9,41.932935,12.523628,09:04,174,11
REG,20593,FARA SABINA,FIUMICINO AEROPORTO,NUOVO SALARIO,3.838150289017341,3.0,173,2023-01-09,2023-12-22,90,46,8,41.956195,12.510317,09:10,174,12
REG,20593,FARA SABINA,FIUMICINO AEROPORTO,FIDENE,1.8662790697674418,1.0,172,2023-01-09,2023-12-22,45,20,7,41.979773,12.508451,09:14,174,13
REG,20593,FARA SABINA,FIUMICINO AEROPORTO,SETTE BAGNI,1.716763005780347,1.0,173,2023-01-09,2023-12-22,31,14,6,42.006438,12.520156,09:19,174,14
REG,20593,FARA SABINA,FIUMICINO AEROPORTO,MONTEROTONDO,0.017241379310344827,-1.0,174,2023-01-09,2023-12-22,17,9,5,42.06409,12.595753,09:28,174,15
REG,20593,FARA SABINA,FIUMICINO AEROPORTO,PIANA BELLA MONTELIBRETTI,2.2658959537572256,1.0,173,2023-01-09,2023-12-22,38,19,5,42.105159,12.632938,09:33,174,16
REG,20593,FARA SABINA,FIUMICINO AEROPORTO,FARA SABINA,-0.6091954022988506,-2.0,174,2023-01-09,2023-12-22,13,9,2,42.155546,12.648323,09:42,174,17
