train_class,train_number,train_arrival_stop_name,train_departure_stop_name,stop_name,avg_arrival_delay,median_arrival_delay,count_dates_stop,first_date,last_date,count_3m_delay,count_5m_delay,count_10m_delay,stop_lat,stop_lon,stop_time,count_dates_train,stop_number
REG,22903,LA SPEZIA CENTRALE,LEVANTO,LEVANTO,2.68609865470852,2.0,223,2023-03-18,2023-11-05,61,27,4,44.174167,9.616018,08:35,223,1
REG,22903,LA SPEZIA CENTRALE,LEVANTO,MONTEROSSO,-0.15246636771300448,-1.0,223,2023-03-18,2023-11-05,26,13,3,44.145967,9.649009,08:41,223,2
REG,22903,LA SPEZIA CENTRALE,LEVANTO,CORNIGLIA,1.2376681614349776,1.0,223,2023-03-18,2023-11-05,31,18,3,44.119938,9.711051,08:49,223,3
REG,22903,LA SPEZIA CENTRALE,LEVANTO,LA SPEZIA CENTRALE,0.7802690582959642,0.0,223,2023-03-18,2023-11-05,40,18,2,44.11141,9.813906,09:05,223,4
