train_class,train_number,train_arrival_stop_name,train_departure_stop_name,stop_name,avg_arrival_delay,median_arrival_delay,count_dates_stop,first_date,last_date,count_3m_delay,count_5m_delay,count_10m_delay,stop_lat,stop_lon,stop_time,count_dates_train,stop_number
REG,2777,AOSTA,TORINO P.NUOVA,TORINO P.NUOVA,3.440677966101695,2.0,59,2023-01-01,2023-12-31,20,10,3,45.060969,7.67747,17:25,59,1
REG,2777,AOSTA,TORINO P.NUOVA,TORINO PORTA SUSA,1.6440677966101696,1.0,59,2023-01-01,2023-12-31,11,5,3,45.075906,7.667673,17:33,59,2
REG,2777,AOSTA,TORINO P.NUOVA,CHIVASSO,3.559322033898305,2.0,59,2023-01-01,2023-12-31,25,11,4,45.193637,7.889666,17:48,59,3
REG,2777,AOSTA,TORINO P.NUOVA,IVREA,1.305084745762712,-1.0,59,2023-01-01,2023-12-31,15,9,5,45.461542,7.876348,18:17,59,4
REG,2777,AOSTA,TORINO P.NUOVA,PONT SAINT MARTIN,3.5762711864406778,2.0,59,2023-01-01,2023-12-31,29,18,8,45.589834,7.795024,18:36,59,5
REG,2777,AOSTA,TORINO P.NUOVA,HONE BARD,4.423728813559322,3.0,59,2023-01-01,2023-12-31,32,20,9,45.613918,7.741345,18:42,59,6
REG,2777,AOSTA,TORINO P.NUOVA,VERRES,3.7288135593220337,2.0,59,2023-01-01,2023-12-31,27,17,9,45.659822,7.690012,18:49,59,7
REG,2777,AOSTA,TORINO P.NUOVA,CHATILLON SAINT VINCENT,4.135593220338983,2.0,59,2023-01-01,2023-12-31,29,15,8,45.7434,7.619309,19:01,59,8
REG,2777,AOSTA,TORINO P.NUOVA,NUS,5.135593220338983,4.0,59,2023-01-01,2023-12-31,41,25,7,45.738786,7.4712,19:11,59,9
REG,2777,AOSTA,TORINO P.NUOVA,AOSTA,4.898305084745763,3.0,59,2023-01-01,2023-12-31,43,27,8,45.73407,7.322424,19:22,59,10
