train_class,train_number,train_arrival_stop_name,train_departure_stop_name,stop_name,avg_arrival_delay,median_arrival_delay,count_dates_stop,first_date,last_date,count_3m_delay,count_5m_delay,count_10m_delay,stop_lat,stop_lon,stop_time,count_dates_train,stop_number
REG,24327,PAVIA,MILANO BOVISA FNM,MILANO BOVISA FNM,4.506024096385542,4.0,83,2023-01-01,2023-10-27,69,30,4,45.502993,9.159235,09:25,83,1
REG,24327,PAVIA,MILANO BOVISA FNM,MILANO LANCETTI,0.1686746987951807,-1.0,83,2023-01-01,2023-10-27,13,7,2,45.492632,9.175832,09:30,83,2
REG,24327,PAVIA,MILANO BOVISA FNM,MI P.GAR.SOTT.,3.0481927710843375,2.0,83,2023-01-01,2023-10-27,36,16,2,45.484228,9.185122,09:33,83,3
REG,24327,PAVIA,MILANO BOVISA FNM,MILANO REPUBBLICA,2.9156626506024095,2.0,83,2023-01-01,2023-10-27,36,17,2,45.479984,9.198861,09:35,83,4
REG,24327,PAVIA,MILANO BOVISA FNM,MILANO VENEZIA,3.216867469879518,2.0,83,2023-01-01,2023-10-27,39,20,2,45.471121,9.201889,09:37,83,5
REG,24327,PAVIA,MILANO BOVISA FNM,MILANO DATEO,3.1325301204819276,2.0,83,2023-01-01,2023-10-27,38,21,2,45.462341,9.209277,09:40,83,6
REG,24327,PAVIA,MILANO BOVISA FNM,MILANO PORTA VITTORIA,0.7951807228915663,-1.0,83,2023-01-01,2023-10-27,20,9,1,45.459579,9.21813,09:44,83,7
REG,24327,PAVIA,MILANO BOVISA FNM,MILANO ROGOREDO,-0.927710843373494,-2.0,83,2023-01-01,2023-10-27,9,3,0,45.433866,9.2391,09:52,83,8
REG,24327,PAVIA,MILANO BOVISA FNM,LOCATE TRIULZI,3.048780487804878,2.0,82,2023-01-01,2023-10-27,40,16,2,45.35973,9.221398,10:00,83,9
REG,24327,PAVIA,MILANO BOVISA FNM,VILLAMAGGIORE,4.2439024390243905,4.0,82,2023-01-01,2023-10-27,63,29,2,45.32045,9.190674,10:07,83,10
REG,24327,PAVIA,MILANO BOVISA FNM,CERTOSA DI PAVIA,2.9036144578313254,2.0,83,2023-01-01,2023-10-27,41,20,1,45.256927,9.154456,10:12,83,11
REG,24327,PAVIA,MILANO BOVISA FNM,PAVIA,2.036144578313253,1.0,83,2023-01-01,2023-10-27,31,16,2,45.188843,9.144674,10:21,83,12
