train_class,train_number,train_arrival_stop_name,train_departure_stop_name,stop_name,avg_arrival_delay,median_arrival_delay,count_dates_stop,first_date,last_date,count_3m_delay,count_5m_delay,count_10m_delay,stop_lat,stop_lon,stop_time,count_dates_train,stop_number
REG,20220,ROMA TERMINI,NETTUNO,NETTUNO,1.7328767123287672,1.0,292,2023-01-02,2023-12-30,29,12,2,41.459558,12.662123,04:50,292,1
REG,20220,ROMA TERMINI,NETTUNO,ANZIO,2.783505154639175,2.0,291,2023-01-02,2023-12-30,123,18,3,41.4532,12.633205,04:54,292,2
REG,20220,ROMA TERMINI,NETTUNO,ANZIO COLONIA,2.606164383561644,2.0,292,2023-01-02,2023-12-30,111,14,2,41.459893,12.617442,04:57,292,3
REG,20220,ROMA TERMINI,NETTUNO,MARECHIARO,0.9006849315068494,1.0,292,2023-01-02,2023-12-30,21,8,2,41.470762,12.6123,05:01,292,4
REG,20220,ROMA TERMINI,NETTUNO,VILLA CLAUDIA,1.928082191780822,1.0,292,2023-01-02,2023-12-30,60,16,2,41.484326,12.61709,05:05,292,5
REG,20220,ROMA TERMINI,NETTUNO,LIDO DI LAVINIO,1.904109589041096,1.0,292,2023-01-02,2023-12-30,67,15,2,41.500599,12.625926,05:09,292,6
REG,20220,ROMA TERMINI,NETTUNO,PADIGLIONE,0.15753424657534246,-1.0,292,2023-01-02,2023-12-30,23,5,2,41.513518,12.629476,05:13,292,7
REG,20220,ROMA TERMINI,NETTUNO,CAMPO DI CARNE,1.154109589041096,1.0,292,2023-01-02,2023-12-30,43,10,2,41.552116,12.635125,05:18,292,8
REG,20220,ROMA TERMINI,NETTUNO,APRILIA,2.232876712328767,2.0,292,2023-01-02,2023-12-30,87,22,2,41.592386,12.639126,05:23,292,9
REG,20220,ROMA TERMINI,NETTUNO,CAMPOLEONE,2.7157534246575343,2.0,292,2023-01-02,2023-12-30,122,49,3,41.642396,12.648341,05:30,292,10
REG,20220,ROMA TERMINI,NETTUNO,POMEZIA - S.PALOMBA,2.547945205479452,2.0,292,2023-01-02,2023-12-30,118,53,4,41.706171,12.573611,05:38,292,11
REG,20220,ROMA TERMINI,NETTUNO,TORRICOLA,1.2363013698630136,1.0,292,2023-01-02,2023-12-30,79,30,3,41.809538,12.557716,05:47,292,12
REG,20220,ROMA TERMINI,NETTUNO,ROMA TERMINI,0.22945205479452055,0.0,292,2023-01-02,2023-12-30,32,13,6,41.900636,12.502026,06:00,292,13
