train_class,train_number,train_arrival_stop_name,train_departure_stop_name,stop_name,avg_arrival_delay,median_arrival_delay,count_dates_stop,first_date,last_date,count_3m_delay,count_5m_delay,count_10m_delay,stop_lat,stop_lon,stop_time,count_dates_train,stop_number
REG,20054,MANDELA-SAMBUCI,ROMA TIBURTINA,ROMA TIBURTINA,1.5582822085889572,1.0,163,2023-04-03,2023-12-30,16,4,0,41.910903,12.530749,12:20,163,1
REG,20054,MANDELA-SAMBUCI,ROMA TIBURTINA,ROMA PRENESTINA,-0.3803680981595092,-1.0,163,2023-04-03,2023-12-30,6,1,0,41.897571,12.545803,12:25,163,2
REG,20054,MANDELA-SAMBUCI,ROMA TIBURTINA,TOR SAPIENZA,-0.3067484662576687,-1.0,163,2023-04-03,2023-12-30,4,1,0,41.907095,12.594489,12:34,163,3
REG,20054,MANDELA-SAMBUCI,ROMA TIBURTINA,LA RUSTICA UIR,-0.5276073619631901,-1.0,163,2023-04-03,2023-12-30,2,2,0,,,12:41,163,4
REG,20054,MANDELA-SAMBUCI,ROMA TIBURTINA,PONTE DI NONA,-3.067484662576687,-3.0,163,2023-04-03,2023-12-30,1,1,0,42.061563,13.581585,12:48,163,5
REG,20054,MANDELA-SAMBUCI,ROMA TIBURTINA,LUNGHEZZA,-2.042944785276074,-2.0,163,2023-04-03,2023-12-30,1,0,0,41.923253,12.667212,12:52,163,6
REG,20054,MANDELA-SAMBUCI,ROMA TIBURTINA,BAGNI DI TIVOLI,-1.8098159509202454,-2.0,163,2023-04-03,2023-12-30,1,0,0,41.949593,12.722208,13:00,163,7
REG,20054,MANDELA-SAMBUCI,ROMA TIBURTINA,GUIDONIA-MONTECELIO-S.ANGELO,-3.537037037037037,-4.0,162,2023-04-03,2023-12-30,2,0,0,41.993405,12.725681,13:11,163,8
REG,20054,MANDELA-SAMBUCI,ROMA TIBURTINA,MARCELLINA-PALOMBARA,2.1226993865030677,2.0,163,2023-04-03,2023-12-30,59,25,1,41.999609,12.79134,13:24,163,9
REG,20054,MANDELA-SAMBUCI,ROMA TIBURTINA,TIVOLI,-1.607361963190184,-2.0,163,2023-04-03,2023-12-30,6,3,0,41.961849,12.805047,13:37,163,10
REG,20054,MANDELA-SAMBUCI,ROMA TIBURTINA,CASTEL MADAMA,-1.165644171779141,-1.0,163,2023-04-03,2023-12-30,5,2,0,41.988389,12.864938,13:46,163,11
REG,20054,MANDELA-SAMBUCI,ROMA TIBURTINA,MANDELA-SAMBUCI,-1.177914110429448,-1.0,163,2023-04-03,2023-12-30,4,1,0,42.016212,12.921976,13:55,163,12
