train_class,train_number,train_arrival_stop_name,train_departure_stop_name,stop_name,avg_arrival_delay,median_arrival_delay,count_dates_stop,first_date,last_date,count_3m_delay,count_5m_delay,count_10m_delay,stop_lat,stop_lon,stop_time,count_dates_train,stop_number
REG,24420,MILANO LANCETTI,PAVIA,PAVIA,5.25,4.0,20,2023-12-10,2023-12-31,19,9,1,45.188843,9.144674,07:09,20,1
REG,24420,MILANO LANCETTI,PAVIA,CERTOSA DI PAVIA,3.05,3.0,20,2023-12-10,2023-12-31,12,5,1,45.256927,9.154456,07:16,20,2
REG,24420,MILANO LANCETTI,PAVIA,VILLAMAGGIORE,2.85,3.0,20,2023-12-10,2023-12-31,12,4,1,45.32045,9.190674,07:22,20,3
REG,24420,MILANO LANCETTI,PAVIA,LOCATE TRIULZI,4.55,5.0,20,2023-12-10,2023-12-31,15,11,1,45.35973,9.221398,07:28,20,4
REG,24420,MILANO LANCETTI,PAVIA,MILANO ROGOREDO,5.1,5.0,20,2023-12-10,2023-12-31,15,12,2,45.433866,9.2391,07:36,20,5
REG,24420,MILANO LANCETTI,PAVIA,MILANO PORTA VITTORIA,3.6,4.0,20,2023-12-10,2023-12-31,11,6,1,45.459579,9.21813,07:44,20,6
REG,24420,MILANO LANCETTI,PAVIA,MILANO DATEO,4.3,4.0,20,2023-12-10,2023-12-31,13,8,2,45.462341,9.209277,07:47,20,7
REG,24420,MILANO LANCETTI,PAVIA,MILANO VENEZIA,4.2,3.0,20,2023-12-10,2023-12-31,11,8,2,45.471121,9.201889,07:50,20,8
REG,24420,MILANO LANCETTI,PAVIA,MILANO REPUBBLICA,4.45,3.0,20,2023-12-10,2023-12-31,12,9,2,45.479984,9.198861,07:52,20,9
REG,24420,MILANO LANCETTI,PAVIA,MI P.GAR.SOTT.,4.8,3.0,20,2023-12-10,2023-12-31,13,10,2,45.484228,9.185122,07:55,20,10
REG,24420,MILANO LANCETTI,PAVIA,MILANO LANCETTI,3.2,2.0,20,2023-12-10,2023-12-31,10,7,2,45.492632,9.175832,07:58,20,11
