train_class,train_number,train_arrival_stop_name,train_departure_stop_name,stop_name,avg_arrival_delay,median_arrival_delay,count_dates_stop,first_date,last_date,count_3m_delay,count_5m_delay,count_10m_delay,stop_lat,stop_lon,stop_time,count_dates_train,stop_number
REG,20075,FRASCATI,ROMA TERMINI,ROMA TERMINI,0.8241379310344827,0.0,290,2023-01-02,2023-12-30,26,12,5,41.900636,12.502026,12:54,290,1
REG,20075,FRASCATI,ROMA TERMINI,CAPANNELLE,-0.14482758620689656,-1.0,290,2023-01-02,2023-12-30,31,11,5,41.830713,12.568884,13:03,290,2
REG,20075,FRASCATI,ROMA TERMINI,CIAMPINO,0.8379310344827586,0.0,290,2023-01-02,2023-12-30,34,10,5,41.804442,12.599546,13:09,290,3
REG,20075,FRASCATI,ROMA TERMINI,FRASCATI,-2.0413793103448277,-3.0,290,2023-01-02,2023-12-30,9,7,4,41.806881,12.677962,13:24,290,4
