train_class,train_number,train_arrival_stop_name,train_departure_stop_name,stop_name,avg_arrival_delay,median_arrival_delay,count_dates_stop,first_date,last_date,count_3m_delay,count_5m_delay,count_10m_delay,stop_lat,stop_lon,stop_time,count_dates_train,stop_number
REG,23313,ROMA OSTIENSE,CESANO DI ROMA,CESANO DI ROMA,1.543859649122807,1.0,57,2023-01-01,2023-12-31,4,1,1,42.061833,12.326669,09:01,57,1
REG,23313,ROMA OSTIENSE,CESANO DI ROMA,OLGIATA,2.192982456140351,2.0,57,2023-01-01,2023-12-31,13,1,1,42.01538,12.363864,09:07,57,2
REG,23313,ROMA OSTIENSE,CESANO DI ROMA,LA STORTA,-2.1228070175438596,-3.0,57,2023-01-01,2023-12-31,1,1,1,42.001748,12.381254,09:13,57,3
REG,23313,ROMA OSTIENSE,CESANO DI ROMA,LA GIUSTINIANA,-0.24561403508771928,0.0,57,2023-01-01,2023-12-31,1,1,1,41.985243,12.403457,09:18,57,4
REG,23313,ROMA OSTIENSE,CESANO DI ROMA,IPOGEO DEGLI OTTAVI,1.280701754385965,1.0,57,2023-01-01,2023-12-31,1,1,1,41.968391,12.409026,09:21,57,5
REG,23313,ROMA OSTIENSE,CESANO DI ROMA,OTTAVIA,0.49122807017543857,1.0,57,2023-01-01,2023-12-31,1,1,1,,,09:24,57,6
REG,23313,ROMA OSTIENSE,CESANO DI ROMA,ROMA S.FILIPPO NERI,1.7017543859649122,2.0,57,2023-01-01,2023-12-31,8,1,1,41.950262,12.412414,09:27,57,7
REG,23313,ROMA OSTIENSE,CESANO DI ROMA,ROMA MONTE MARIO,1.3157894736842106,1.0,57,2023-01-01,2023-12-31,4,1,1,41.939088,12.421732,09:30,57,8
REG,23313,ROMA OSTIENSE,CESANO DI ROMA,GEMELLI,2.6491228070175437,3.0,57,2023-01-01,2023-12-31,29,3,1,41.927813,12.427797,09:33,57,9
REG,23313,ROMA OSTIENSE,CESANO DI ROMA,ROMA BALDUINA,1.719298245614035,1.0,57,2023-01-01,2023-12-31,7,2,0,,,09:36,57,10
REG,23313,ROMA OSTIENSE,CESANO DI ROMA,APPIANO,2.0350877192982457,2.0,57,2023-01-01,2023-12-31,14,2,0,41.909342,12.43838,09:38,57,11
REG,23313,ROMA OSTIENSE,CESANO DI ROMA,VALLE AURELIA,3.2982456140350878,3.0,57,2023-01-01,2023-12-31,46,4,0,41.899356,12.447667,09:41,57,12
REG,23313,ROMA OSTIENSE,CESANO DI ROMA,ROMA S.PIETRO,0.5263157894736842,0.0,57,2023-01-01,2023-12-31,4,1,0,41.896143,12.454497,09:45,57,13
REG,23313,ROMA OSTIENSE,CESANO DI ROMA,QUATTRO VENTI,1.2982456140350878,1.0,57,2023-01-01,2023-12-31,5,3,0,41.880145,12.459731,09:49,57,14
REG,23313,ROMA OSTIENSE,CESANO DI ROMA,ROMA TRASTEVERE,2.5789473684210527,2.0,57,2023-01-01,2023-12-31,26,6,0,41.872279,12.466162,09:52,57,15
REG,23313,ROMA OSTIENSE,CESANO DI ROMA,ROMA OSTIENSE,-0.42105263157894735,-1.0,57,2023-01-01,2023-12-31,5,2,0,41.87265,12.483917,09:57,57,16
