train_class,train_number,train_arrival_stop_name,train_departure_stop_name,stop_name,avg_arrival_delay,median_arrival_delay,count_dates_stop,first_date,last_date,count_3m_delay,count_5m_delay,count_10m_delay,stop_lat,stop_lon,stop_time,count_dates_train,stop_number
REG,21600,ROCCELLA JONICA,REGGIO CALABRIA CENTRALE,REGGIO CALABRIA CENTRALE,1.554421768707483,1.0,294,2023-01-02,2023-12-30,45,20,5,38.103884,15.635844,18:08,294,1
REG,21600,ROCCELLA JONICA,REGGIO CALABRIA CENTRALE,REGGIO DI CALABRIA PELLARO,2.3095238095238093,1.0,294,2023-01-02,2023-12-30,77,37,8,38.02561,15.650064,18:18,294,2
REG,21600,ROCCELLA JONICA,REGGIO CALABRIA CENTRALE,SALINE DI REGGIO,2.13265306122449,1.0,294,2023-01-02,2023-12-30,81,38,10,37.938677,15.710664,18:30,294,3
REG,21600,ROCCELLA JONICA,REGGIO CALABRIA CENTRALE,ANNA',3.4657534246575343,3.0,73,2023-06-12,2023-09-09,42,16,3,,,18:35,294,4
REG,21600,ROCCELLA JONICA,REGGIO CALABRIA CENTRALE,MELITO DI PORTO SALVO,2.4489795918367347,2.0,294,2023-01-02,2023-12-30,97,48,9,37.916732,15.780816,18:38,294,5
REG,21600,ROCCELLA JONICA,REGGIO CALABRIA CENTRALE,MARINA DI SAN LORENZO,2.758503401360544,2.0,294,2023-01-02,2023-12-30,121,52,13,37.919844,15.826365,18:43,294,6
REG,21600,ROCCELLA JONICA,REGGIO CALABRIA CENTRALE,CONDOFURI,1.8639455782312926,1.0,294,2023-01-02,2023-12-30,75,42,12,37.92761,15.874952,18:49,294,7
REG,21600,ROCCELLA JONICA,REGGIO CALABRIA CENTRALE,BOVA MARINA,4.125850340136054,3.0,294,2023-01-02,2023-12-30,177,111,27,37.930269,15.923897,18:57,294,8
REG,21600,ROCCELLA JONICA,REGGIO CALABRIA CENTRALE,PALIZZI,4.901360544217687,4.0,294,2023-01-02,2023-12-30,203,126,35,37.91881,15.986405,19:03,294,9
REG,21600,ROCCELLA JONICA,REGGIO CALABRIA CENTRALE,BRANCALEONE,7.374149659863946,6.0,294,2023-01-02,2023-12-30,224,177,85,37.965475,16.103301,19:14,294,10
REG,21600,ROCCELLA JONICA,REGGIO CALABRIA CENTRALE,FERRUZZANO,8.170068027210885,7.0,294,2023-01-02,2023-12-30,243,197,95,38.016304,16.134486,19:20,294,11
REG,21600,ROCCELLA JONICA,REGGIO CALABRIA CENTRALE,AFRICO NUOVO,8.476190476190476,7.0,294,2023-01-02,2023-12-30,246,202,104,38.053759,16.144283,19:25,294,12
REG,21600,ROCCELLA JONICA,REGGIO CALABRIA CENTRALE,BIANCO,7.846938775510204,7.0,294,2023-01-02,2023-12-30,234,192,94,38.089072,16.153348,19:30,294,13
REG,21600,ROCCELLA JONICA,REGGIO CALABRIA CENTRALE,BOVALINO,7.884353741496598,7.0,294,2023-01-02,2023-12-30,223,186,102,38.149087,16.180584,19:37,294,14
REG,21600,ROCCELLA JONICA,REGGIO CALABRIA CENTRALE,ARDORE,6.738095238095238,6.0,294,2023-01-02,2023-12-30,240,193,61,38.175698,16.207311,19:46,294,15
REG,21600,ROCCELLA JONICA,REGGIO CALABRIA CENTRALE,LOCRI,6.639455782312925,6.0,294,2023-01-02,2023-12-30,236,185,61,38.233154,16.264787,19:53,294,16
REG,21600,ROCCELLA JONICA,REGGIO CALABRIA CENTRALE,SIDERNO,5.959183673469388,5.0,294,2023-01-02,2023-12-30,221,157,50,38.2708,16.302,19:59,294,17
REG,21600,ROCCELLA JONICA,REGGIO CALABRIA CENTRALE,GIOIOSA JONICA,5.037414965986395,4.0,294,2023-01-02,2023-12-30,190,126,44,38.300812,16.332501,20:05,294,18
REG,21600,ROCCELLA JONICA,REGGIO CALABRIA CENTRALE,ROCCELLA JONICA,1.2925170068027212,0.0,294,2023-01-02,2023-12-30,83,54,20,38.322043,16.406917,20:15,294,19
