train_class,train_number,train_arrival_stop_name,train_departure_stop_name,stop_name,avg_arrival_delay,median_arrival_delay,count_dates_stop,first_date,last_date,count_3m_delay,count_5m_delay,count_10m_delay,stop_lat,stop_lon,stop_time,count_dates_train,stop_number
REG,21765,PUNTA RAISI,PALERMO CENTRALE,PALERMO CENTRALE,0.8615916955017301,1.0,289,2023-01-02,2023-12-30,10,3,1,38.109187,13.367515,20:12,289,1
REG,21765,PUNTA RAISI,PALERMO CENTRALE,GUADAGNA,1.467128027681661,1.0,289,2023-01-02,2023-12-30,26,5,1,,,20:15,289,2
REG,21765,PUNTA RAISI,PALERMO CENTRALE,VESPRI,2.2145328719723185,2.0,289,2023-01-02,2023-12-30,57,7,1,38.101996,13.362701,20:18,289,3
REG,21765,PUNTA RAISI,PALERMO CENTRALE,PALAZZO REALE-ORLEANS,-0.9377162629757786,-1.0,289,2023-01-02,2023-12-30,4,1,1,38.10878,13.353962,20:21,289,4
REG,21765,PUNTA RAISI,PALERMO CENTRALE,LOLLI,0.3806228373702422,0.0,289,2023-01-02,2023-12-30,7,2,1,,,20:25,289,5
REG,21765,PUNTA RAISI,PALERMO CENTRALE,PALERMO NOTARBARTOLO,-1.53125,-2.0,288,2023-01-02,2023-12-30,3,3,2,38.132261,13.341572,20:29,289,6
REG,21765,PUNTA RAISI,PALERMO CENTRALE,FRANCIA,1.2291666666666667,1.0,288,2023-01-02,2023-12-30,37,6,1,38.155233,13.321938,20:33,289,7
REG,21765,PUNTA RAISI,PALERMO CENTRALE,S.LORENZO COLLI,0.41522491349480967,0.0,289,2023-01-02,2023-12-30,19,4,2,38.16292,13.316449,20:36,289,8
REG,21765,PUNTA RAISI,PALERMO CENTRALE,ISOLA DELLE FEMMINE,-0.35986159169550175,-1.0,289,2023-01-02,2023-12-30,8,5,1,38.194784,13.250188,20:52,289,9
REG,21765,PUNTA RAISI,PALERMO CENTRALE,CARINI,1.2283737024221453,1.0,289,2023-01-02,2023-12-30,43,5,1,38.147696,13.186624,21:02,289,10
REG,21765,PUNTA RAISI,PALERMO CENTRALE,PIRAINETO,1.657439446366782,1.0,289,2023-01-02,2023-12-30,79,12,1,38.169148,13.14256,21:07,289,11
REG,21765,PUNTA RAISI,PALERMO CENTRALE,PUNTA RAISI,2.5051903114186853,2.0,289,2023-01-02,2023-12-30,129,38,1,38.188892,13.110059,21:12,289,12
