train_class,train_number,train_arrival_stop_name,train_departure_stop_name,stop_name,avg_arrival_delay,median_arrival_delay,count_dates_stop,first_date,last_date,count_3m_delay,count_5m_delay,count_10m_delay,stop_lat,stop_lon,stop_time,count_dates_train,stop_number
REG,26166,CHIERI,SETTIMO,SETTIMO,-0.017857142857142856,-1.0,56,2023-01-01,2023-12-26,3,0,0,45.139834,7.769335,06:57,57,1
REG,26166,CHIERI,SETTIMO,TORINO STURA,-1.3157894736842106,-2.0,57,2023-01-01,2023-12-26,0,0,0,45.121932,7.713202,07:03,57,2
REG,26166,CHIERI,SETTIMO,TORINO REBAUDENGO FOSSATA,-0.14035087719298245,0.0,57,2023-01-01,2023-12-26,0,0,0,,,07:07,57,3
REG,26166,CHIERI,SETTIMO,TORINO PORTA SUSA,-1.25,-1.0,56,2023-01-01,2023-12-26,0,0,0,45.075906,7.667673,07:12,57,4
REG,26166,CHIERI,SETTIMO,TORINO LINGOTTO,-0.543859649122807,-1.0,57,2023-01-01,2023-12-26,0,0,0,45.0266,7.657469,07:18,57,5
REG,26166,CHIERI,SETTIMO,MONCALIERI,-0.8596491228070176,-1.0,57,2023-01-01,2023-12-26,0,0,0,44.998187,7.678027,07:24,57,6
REG,26166,CHIERI,SETTIMO,TROFARELLO,0.8947368421052632,1.0,57,2023-01-01,2023-12-26,1,0,0,44.980471,7.735206,07:30,57,7
REG,26166,CHIERI,SETTIMO,CHIERI,1.1929824561403508,1.0,57,2023-01-01,2023-12-26,5,1,1,45.007008,7.827077,07:41,57,8
