train_class,train_number,train_arrival_stop_name,train_departure_stop_name,stop_name,avg_arrival_delay,median_arrival_delay,count_dates_stop,first_date,last_date,count_3m_delay,count_5m_delay,count_10m_delay,stop_lat,stop_lon,stop_time,count_dates_train,stop_number
REG,24973,ALBAIRATE VERMEZZO,SEREGNO,SEREGNO,8.647058823529411,6.0,17,2023-01-20,2023-12-09,13,10,3,45.64601,9.20285,19:34,17,1
REG,24973,ALBAIRATE VERMEZZO,SEREGNO,DESIO,8.647058823529411,6.0,17,2023-01-20,2023-12-09,12,10,3,45.620112,9.218495,19:37,17,2
REG,24973,ALBAIRATE VERMEZZO,SEREGNO,LISSONE-MUGGIO`,9.384615384615385,6.0,13,2023-01-20,2023-10-31,10,7,1,45.60592,9.235368,19:41,17,3
REG,24973,ALBAIRATE VERMEZZO,SEREGNO,MONZA,9.588235294117647,6.0,17,2023-01-20,2023-12-09,14,12,3,45.577789,9.273253,19:46,17,4
REG,24973,ALBAIRATE VERMEZZO,SEREGNO,SESTO S. GIOVANNI,10.235294117647058,7.0,17,2023-01-20,2023-12-09,13,12,6,45.541087,9.23926,19:52,17,5
REG,24973,ALBAIRATE VERMEZZO,SEREGNO,MILANO GRECO PIRELLI,12.588235294117647,9.0,17,2023-01-20,2023-12-09,14,13,6,45.51272,9.214456,19:57,17,6
REG,24973,ALBAIRATE VERMEZZO,SEREGNO,MILANO LAMBRATE,15.705882352941176,10.0,17,2023-01-20,2023-12-09,17,16,11,45.484933,9.237333,20:04,17,7
REG,24973,ALBAIRATE VERMEZZO,SEREGNO,MILANO S. CRISTOFORO,11.470588235294118,6.0,17,2023-01-20,2023-12-09,16,12,7,45.442404,9.130258,20:31,17,8
REG,24973,ALBAIRATE VERMEZZO,SEREGNO,ALBAIRATE VERMEZZO,11.235294117647058,6.0,17,2023-01-20,2023-12-09,12,9,7,,,20:54,17,9
