train_class,train_number,train_arrival_stop_name,train_departure_stop_name,stop_name,avg_arrival_delay,median_arrival_delay,count_dates_stop,first_date,last_date,count_3m_delay,count_5m_delay,count_10m_delay,stop_lat,stop_lon,stop_time,count_dates_train,stop_number
REG,24959,ALBAIRATE VERMEZZO,SEREGNO,SEREGNO,4.846153846153846,4.0,13,2023-08-28,2023-12-18,9,5,1,45.64601,9.20285,16:04,13,1
REG,24959,ALBAIRATE VERMEZZO,SEREGNO,DESIO,4.923076923076923,4.0,13,2023-08-28,2023-12-18,9,6,1,45.620112,9.218495,16:07,13,2
REG,24959,ALBAIRATE VERMEZZO,SEREGNO,LISSONE-MUGGIO`,5.181818181818182,5.0,11,2023-08-28,2023-11-15,7,6,2,45.60592,9.235368,16:11,13,3
REG,24959,ALBAIRATE VERMEZZO,SEREGNO,MONZA,4.538461538461538,4.0,13,2023-08-28,2023-12-18,9,6,1,45.577789,9.273253,16:16,13,4
REG,24959,ALBAIRATE VERMEZZO,SEREGNO,SESTO S. GIOVANNI,4.0,4.0,13,2023-08-28,2023-12-18,7,5,1,45.541087,9.23926,16:22,13,5
REG,24959,ALBAIRATE VERMEZZO,SEREGNO,MILANO GRECO PIRELLI,5.153846153846154,5.0,13,2023-08-28,2023-12-18,9,7,1,45.51272,9.214456,16:27,13,6
REG,24959,ALBAIRATE VERMEZZO,SEREGNO,MILANO LAMBRATE,5.846153846153846,6.0,13,2023-08-28,2023-12-18,8,7,2,45.484933,9.237333,16:34,13,7
REG,24959,ALBAIRATE VERMEZZO,SEREGNO,MILANO S. CRISTOFORO,1.3076923076923077,1.0,13,2023-08-28,2023-12-18,5,3,1,45.442404,9.130258,17:01,13,8
REG,24959,ALBAIRATE VERMEZZO,SEREGNO,ALBAIRATE VERMEZZO,1.4615384615384615,1.0,13,2023-08-28,2023-12-18,5,2,1,,,17:24,13,9
