train_class,train_number,train_arrival_stop_name,train_departure_stop_name,stop_name,avg_arrival_delay,median_arrival_delay,count_dates_stop,first_date,last_date,count_3m_delay,count_5m_delay,count_10m_delay,stop_lat,stop_lon,stop_time,count_dates_train,stop_number
REG,23065,PADOVA,MONTEBELLUNA,MONTEBELLUNA,1.5985401459854014,1.0,137,2023-02-27,2023-09-09,10,6,1,45.776434,12.054,05:41,137,1
REG,23065,PADOVA,MONTEBELLUNA,CASTELFRANCO VENETO,3.45985401459854,3.0,137,2023-02-27,2023-09-09,113,23,1,45.666439,11.934315,05:52,137,2
REG,23065,PADOVA,MONTEBELLUNA,CAMPOSAMPIERO,3.883211678832117,4.0,137,2023-02-27,2023-09-09,108,40,1,45.568922,11.928293,06:03,137,3
REG,23065,PADOVA,MONTEBELLUNA,VIGODARZERE,0.7299270072992701,1.0,137,2023-02-27,2023-09-09,21,8,0,45.453289,11.891641,06:20,137,4
REG,23065,PADOVA,MONTEBELLUNA,PADOVA,-0.6788321167883211,-1.0,137,2023-02-27,2023-09-09,10,2,0,45.417846,11.880794,06:28,137,5
