train_class,train_number,train_arrival_stop_name,train_departure_stop_name,stop_name,avg_arrival_delay,median_arrival_delay,count_dates_stop,first_date,last_date,count_3m_delay,count_5m_delay,count_10m_delay,stop_lat,stop_lon,stop_time,count_dates_train,stop_number
REG,20800,DECIMOMANNU,CAGLIARI,CAGLIARI,1.8095238095238095,1.0,42,2023-01-01,2023-09-03,2,1,1,39.216078,9.107984,05:20,42,1
REG,20800,DECIMOMANNU,CAGLIARI,ELMAS AEROPORTO,1.4285714285714286,1.0,42,2023-01-01,2023-09-03,2,1,1,,,05:26,42,2
REG,20800,DECIMOMANNU,CAGLIARI,CAGLIARI ELMAS,1.0952380952380953,1.0,42,2023-01-01,2023-09-03,2,1,1,39.264193,9.045497,05:30,42,3
REG,20800,DECIMOMANNU,CAGLIARI,ASSEMINI CARMINE,0.8571428571428571,0.0,42,2023-01-01,2023-09-03,3,1,1,,,05:34,42,4
REG,20800,DECIMOMANNU,CAGLIARI,ASSEMINI,-0.7857142857142857,-2.0,42,2023-01-01,2023-09-03,2,1,1,39.287603,8.997936,05:37,42,5
REG,20800,DECIMOMANNU,CAGLIARI,ASSEMINI S. LUCIA,-0.8809523809523809,-2.0,42,2023-01-01,2023-09-03,2,1,1,,,05:40,42,6
REG,20800,DECIMOMANNU,CAGLIARI,DECIMOMANNU,-1.119047619047619,-2.0,42,2023-01-01,2023-09-03,1,1,1,39.304593,8.965808,05:46,42,7
