train_class,train_number,train_arrival_stop_name,train_departure_stop_name,stop_name,avg_arrival_delay,median_arrival_delay,count_dates_stop,first_date,last_date,count_3m_delay,count_5m_delay,count_10m_delay,stop_lat,stop_lon,stop_time,count_dates_train,stop_number
REG,24465,PAVIA,MILANO LANCETTI,MILANO LANCETTI,0.23809523809523808,-1.0,21,2023-12-10,2023-12-31,3,2,1,45.492632,9.175832,19:00,21,1
REG,24465,PAVIA,MILANO LANCETTI,MI P.GAR.SOTT.,3.1904761904761907,2.0,21,2023-12-10,2023-12-31,6,3,1,45.484228,9.185122,19:03,21,2
REG,24465,PAVIA,MILANO LANCETTI,MILANO REPUBBLICA,3.142857142857143,2.0,21,2023-12-10,2023-12-31,6,3,1,45.479984,9.198861,19:05,21,3
REG,24465,PAVIA,MILANO LANCETTI,MILANO VENEZIA,3.4761904761904763,3.0,21,2023-12-10,2023-12-31,11,3,1,45.471121,9.201889,19:07,21,4
REG,24465,PAVIA,MILANO LANCETTI,MILANO DATEO,3.4761904761904763,2.0,21,2023-12-10,2023-12-31,10,3,1,45.462341,9.209277,19:10,21,5
REG,24465,PAVIA,MILANO LANCETTI,MILANO PORTA VITTORIA,1.1904761904761905,0.0,21,2023-12-10,2023-12-31,3,2,1,45.459579,9.21813,19:14,21,6
REG,24465,PAVIA,MILANO LANCETTI,MILANO ROGOREDO,-0.5238095238095238,-2.0,21,2023-12-10,2023-12-31,2,2,1,45.433866,9.2391,19:22,21,7
REG,24465,PAVIA,MILANO LANCETTI,LOCATE TRIULZI,3.9047619047619047,2.0,21,2023-12-10,2023-12-31,10,4,2,45.35973,9.221398,19:30,21,8
REG,24465,PAVIA,MILANO LANCETTI,VILLAMAGGIORE,5.619047619047619,4.0,21,2023-12-10,2023-12-31,20,9,4,45.32045,9.190674,19:37,21,9
REG,24465,PAVIA,MILANO LANCETTI,CERTOSA DI PAVIA,4.809523809523809,3.0,21,2023-12-10,2023-12-31,14,6,3,45.256927,9.154456,19:42,21,10
REG,24465,PAVIA,MILANO LANCETTI,PAVIA,4.142857142857143,3.0,21,2023-12-10,2023-12-31,14,10,2,45.188843,9.144674,19:51,21,11
