train_class,train_number,train_arrival_stop_name,train_departure_stop_name,stop_name,avg_arrival_delay,median_arrival_delay,count_dates_stop,first_date,last_date,count_3m_delay,count_5m_delay,count_10m_delay,stop_lat,stop_lon,stop_time,count_dates_train,stop_number
REG,21223,CAGLIARI,ORISTANO,ORISTANO,1.8464163822525597,2.0,293,2023-01-02,2023-12-30,29,12,3,39.902033,8.603974,06:30,293,1
REG,21223,CAGLIARI,ORISTANO,MARRUBIU TERRALBA ARBOREA,0.6109215017064846,0.0,293,2023-01-02,2023-12-30,15,8,3,39.75293,8.641144,06:40,293,2
REG,21223,CAGLIARI,ORISTANO,URAS MOGORO,1.3754266211604096,1.0,293,2023-01-02,2023-12-30,29,12,4,39.692629,8.696459,06:47,293,3
REG,21223,CAGLIARI,ORISTANO,SAN GAVINO,1.1126279863481228,1.0,293,2023-01-02,2023-12-30,31,19,11,39.546206,8.788017,06:59,293,4
REG,21223,CAGLIARI,ORISTANO,DECIMOMANNU,0.6825938566552902,-1.0,293,2023-01-02,2023-12-30,47,32,15,39.304593,8.965808,07:20,293,5
REG,21223,CAGLIARI,ORISTANO,ELMAS AEROPORTO,1.2559726962457338,-1.0,293,2023-01-02,2023-12-30,46,35,14,,,07:28,293,6
REG,21223,CAGLIARI,ORISTANO,CAGLIARI,-0.1945392491467577,-2.0,293,2023-01-02,2023-12-30,40,25,13,39.216078,9.107984,07:37,293,7
