train_class,train_number,train_arrival_stop_name,train_departure_stop_name,stop_name,avg_arrival_delay,median_arrival_delay,count_dates_stop,first_date,last_date,count_3m_delay,count_5m_delay,count_10m_delay,stop_lat,stop_lon,stop_time,count_dates_train,stop_number
REG,21279,NAPOLI CAMPI FLEGREI,VILLA LITERNO,VILLA LITERNO,1.678082191780822,1.0,292,2023-01-02,2023-12-30,36,13,1,41.004956,14.06753,11:15,292,1
REG,21279,NAPOLI CAMPI FLEGREI,VILLA LITERNO,GIUGLIANO QUALIANO,2.0481099656357387,2.0,291,2023-01-02,2023-12-30,81,19,2,40.935018,14.10378,11:21,292,2
REG,21279,NAPOLI CAMPI FLEGREI,VILLA LITERNO,QUARTO DI MARANO,1.1984126984126984,1.0,252,2023-01-02,2023-12-30,43,9,2,40.871086,14.122801,11:27,292,3
REG,21279,NAPOLI CAMPI FLEGREI,VILLA LITERNO,POZZUOLI SOLFATARA,2.654109589041096,2.0,292,2023-01-02,2023-12-30,138,37,4,40.827586,14.126163,11:32,292,4
REG,21279,NAPOLI CAMPI FLEGREI,VILLA LITERNO,BAGNOLI AGNANO TERME,1.4086021505376345,1.0,186,2023-01-02,2023-10-19,51,10,1,40.819444,14.166694,11:37,292,5
REG,21279,NAPOLI CAMPI FLEGREI,VILLA LITERNO,CAVALLEGGERI AOSTA,2.979381443298969,3.0,291,2023-01-02,2023-12-30,165,52,3,40.819292,14.185679,11:41,292,6
REG,21279,NAPOLI CAMPI FLEGREI,VILLA LITERNO,NAPOLI CAMPI FLEGREI,1.6369863013698631,2.0,292,2023-01-02,2023-12-30,90,21,3,40.822462,14.194649,11:45,292,7
