train_class,train_number,train_arrival_stop_name,train_departure_stop_name,stop_name,avg_arrival_delay,median_arrival_delay,count_dates_stop,first_date,last_date,count_3m_delay,count_5m_delay,count_10m_delay,stop_lat,stop_lon,stop_time,count_dates_train,stop_number
REG,23313,ROMA OSTIENSE,LA STORTA,LA STORTA,5.505102040816326,5.0,196,2023-01-09,2023-12-22,171,113,26,42.001748,12.381254,09:10,196,1
REG,23313,ROMA OSTIENSE,LA STORTA,LA GIUSTINIANA,5.030612244897959,5.0,196,2023-01-09,2023-12-22,167,99,16,41.985243,12.403457,09:14,196,2
REG,23313,ROMA OSTIENSE,LA STORTA,IPOGEO DEGLI OTTAVI,4.6020408163265305,4.0,196,2023-01-09,2023-12-22,154,88,15,41.968391,12.409026,09:18,196,3
REG,23313,ROMA OSTIENSE,LA STORTA,OTTAVIA,3.8316326530612246,3.0,196,2023-01-09,2023-12-22,123,64,7,,,09:21,196,4
REG,23313,ROMA OSTIENSE,LA STORTA,ROMA S.FILIPPO NERI,3.142857142857143,3.0,196,2023-01-09,2023-12-22,101,53,5,41.950262,12.412414,09:25,196,5
REG,23313,ROMA OSTIENSE,LA STORTA,ROMA MONTE MARIO,2.857142857142857,2.0,196,2023-01-09,2023-12-22,87,42,3,41.939088,12.421732,09:28,196,6
REG,23313,ROMA OSTIENSE,LA STORTA,GEMELLI,3.948717948717949,3.0,195,2023-01-09,2023-12-22,120,59,9,41.927813,12.427797,09:31,196,7
REG,23313,ROMA OSTIENSE,LA STORTA,ROMA BALDUINA,3.576530612244898,3.0,196,2023-01-09,2023-12-22,105,52,4,,,09:34,196,8
REG,23313,ROMA OSTIENSE,LA STORTA,APPIANO,2.75,2.0,196,2023-01-09,2023-12-22,80,36,2,41.909342,12.43838,09:37,196,9
REG,23313,ROMA OSTIENSE,LA STORTA,VALLE AURELIA,4.204081632653061,3.0,196,2023-01-09,2023-12-22,157,56,6,41.899356,12.447667,09:40,196,10
REG,23313,ROMA OSTIENSE,LA STORTA,ROMA S.PIETRO,1.4642857142857142,1.0,196,2023-01-09,2023-12-22,41,21,4,41.896143,12.454497,09:44,196,11
REG,23313,ROMA OSTIENSE,LA STORTA,QUATTRO VENTI,2.2755102040816326,1.0,196,2023-01-09,2023-12-22,51,23,4,41.880145,12.459731,09:48,196,12
REG,23313,ROMA OSTIENSE,LA STORTA,ROMA TRASTEVERE,3.8010204081632653,3.0,196,2023-01-09,2023-12-22,106,51,8,41.872279,12.466162,09:51,196,13
REG,23313,ROMA OSTIENSE,LA STORTA,ROMA OSTIENSE,-0.00510204081632653,-1.0,196,2023-01-09,2023-12-22,32,13,4,41.87265,12.483917,09:57,196,14
