train_class,train_number,train_arrival_stop_name,train_departure_stop_name,stop_name,avg_arrival_delay,median_arrival_delay,count_dates_stop,first_date,last_date,count_3m_delay,count_5m_delay,count_10m_delay,stop_lat,stop_lon,stop_time,count_dates_train,stop_number
REG,24977,ALBAIRATE VERMEZZO,SARONNO,SARONNO,3.8446969696969697,2.0,264,2023-01-02,2023-12-31,119,84,27,45.625309,9.030839,20:05,264,1
REG,24977,ALBAIRATE VERMEZZO,SARONNO,SARONNO SUD,1.6174242424242424,0.0,264,2023-01-02,2023-12-31,85,52,20,,,20:08,264,2
REG,24977,ALBAIRATE VERMEZZO,SARONNO,CERLANO LAGHETTO,2.022727272727273,1.0,264,2023-01-02,2023-12-31,90,57,21,,,20:12,264,3
REG,24977,ALBAIRATE VERMEZZO,SARONNO,CESANO MADERNO,-0.7121212121212122,-2.0,264,2023-01-02,2023-12-31,49,37,15,,,20:21,264,4
REG,24977,ALBAIRATE VERMEZZO,SARONNO,BARRUCCANA,1.371212121212121,-1.0,264,2023-01-02,2023-12-31,66,45,21,,,20:23,264,5
REG,24977,ALBAIRATE VERMEZZO,SARONNO,SEREGNO,3.8068181818181817,2.0,264,2023-01-02,2023-12-31,109,69,28,45.64601,9.20285,20:29,264,6
REG,24977,ALBAIRATE VERMEZZO,SARONNO,DESIO,4.034090909090909,2.0,264,2023-01-02,2023-12-31,130,76,27,45.620112,9.218495,20:37,264,7
REG,24977,ALBAIRATE VERMEZZO,SARONNO,LISSONE-MUGGIO`,4.055555555555555,3.0,234,2023-01-02,2023-11-18,126,68,22,45.60592,9.235368,20:41,264,8
REG,24977,ALBAIRATE VERMEZZO,SARONNO,MONZA,3.8206106870229006,2.0,262,2023-01-02,2023-12-31,124,76,28,45.577789,9.273253,20:46,264,9
REG,24977,ALBAIRATE VERMEZZO,SARONNO,SESTO S. GIOVANNI,3.3295454545454546,2.0,264,2023-01-02,2023-12-31,107,75,30,45.541087,9.23926,20:52,264,10
REG,24977,ALBAIRATE VERMEZZO,SARONNO,MILANO GRECO PIRELLI,4.731060606060606,3.0,264,2023-01-02,2023-12-31,144,94,37,45.51272,9.214456,20:57,264,11
REG,24977,ALBAIRATE VERMEZZO,SARONNO,MILANO LAMBRATE,5.88212927756654,4.0,263,2023-01-02,2023-12-31,178,122,47,45.484933,9.237333,21:04,264,12
REG,24977,ALBAIRATE VERMEZZO,SARONNO,MILANO S. CRISTOFORO,1.6130268199233717,0.0,261,2023-01-02,2023-12-31,83,58,22,45.442404,9.130258,21:31,264,13
REG,24977,ALBAIRATE VERMEZZO,SARONNO,ALBAIRATE VERMEZZO,1.3181818181818181,0.0,264,2023-01-02,2023-12-31,54,38,14,,,21:54,264,14
