train_class,train_number,train_arrival_stop_name,train_departure_stop_name,stop_name,avg_arrival_delay,median_arrival_delay,count_dates_stop,first_date,last_date,count_3m_delay,count_5m_delay,count_10m_delay,stop_lat,stop_lon,stop_time,count_dates_train,stop_number
REG,21024,ROMA TIBURTINA,NAPOLI CENTRALE,NAPOLI CENTRALE,1.9173553719008265,1.0,242,2023-01-02,2023-12-29,20,13,6,40.852933,14.272908,04:00,242,1
REG,21024,ROMA TIBURTINA,NAPOLI CENTRALE,AVERSA,-4.754166666666666,-6.0,240,2023-01-02,2023-12-29,9,9,8,40.973323,14.218578,04:20,242,2
REG,21024,ROMA TIBURTINA,NAPOLI CENTRALE,VILLA LITERNO,1.0127659574468084,-1.0,235,2023-01-02,2023-12-29,40,22,13,41.004956,14.06753,04:31,242,3
REG,21024,ROMA TIBURTINA,NAPOLI CENTRALE,LATINA,-2.408333333333333,-5.0,240,2023-01-02,2023-12-29,42,30,14,41.538372,12.945888,05:40,242,4
REG,21024,ROMA TIBURTINA,NAPOLI CENTRALE,CAMPOLEONE,3.8375,2.0,240,2023-01-02,2023-12-29,76,47,19,41.642396,12.648341,05:54,242,5
REG,21024,ROMA TIBURTINA,NAPOLI CENTRALE,ROMA TIBURTINA,4.037190082644628,2.0,242,2023-01-02,2023-12-29,104,58,29,41.910903,12.530749,06:20,242,6
