train_class,train_number,train_arrival_stop_name,train_departure_stop_name,stop_name,avg_arrival_delay,median_arrival_delay,count_dates_stop,first_date,last_date,count_3m_delay,count_5m_delay,count_10m_delay,stop_lat,stop_lon,stop_time,count_dates_train,stop_number
REG,24859,MILANO PORTA GARIBALDI,LECCO,LECCO,1.8501742160278745,1.0,287,2023-01-02,2023-12-30,57,20,4,45.856471,9.393638,15:36,287,1
REG,24859,MILANO PORTA GARIBALDI,LECCO,LECCO MAGGIANICO,1.618881118881119,1.0,286,2023-01-02,2023-12-30,57,25,4,45.831179,9.411691,15:40,287,2
REG,24859,MILANO PORTA GARIBALDI,LECCO,CALOLZIOCORTE OLGINATE,1.2752613240418118,1.0,287,2023-01-02,2023-12-30,54,23,3,45.801619,9.42698,15:45,287,3
REG,24859,MILANO PORTA GARIBALDI,LECCO,AIRUNO,2.0557491289198606,1.0,287,2023-01-02,2023-12-30,73,28,4,45.754086,9.422066,15:51,287,4
REG,24859,MILANO PORTA GARIBALDI,LECCO,OLGIATE-CALCO-BRIVIO,1.8048780487804879,1.0,287,2023-01-02,2023-12-30,52,23,3,45.729166,9.40377,15:55,287,5
REG,24859,MILANO PORTA GARIBALDI,LECCO,CERNUSCO-MERATE,1.4738675958188154,1.0,287,2023-01-02,2023-12-30,34,17,3,45.695096,9.396794,16:00,287,6
REG,24859,MILANO PORTA GARIBALDI,LECCO,OSNAGO,1.2926829268292683,1.0,287,2023-01-02,2023-12-30,23,10,2,45.678532,9.386995,16:04,287,7
REG,24859,MILANO PORTA GARIBALDI,LECCO,CARNATE USMATE,-0.3881118881118881,-1.0,286,2023-01-02,2023-12-30,24,7,2,45.653072,9.375089,16:09,287,8
REG,24859,MILANO PORTA GARIBALDI,LECCO,ARCORE,0.3684210526315789,0.0,285,2023-01-02,2023-12-30,34,11,4,45.623493,9.322798,16:14,287,9
REG,24859,MILANO PORTA GARIBALDI,LECCO,MONZA,0.8466898954703833,0.0,287,2023-01-02,2023-12-30,47,13,4,45.577789,9.273253,16:20,287,10
REG,24859,MILANO PORTA GARIBALDI,LECCO,SESTO S. GIOVANNI,1.831578947368421,1.0,285,2023-01-02,2023-12-30,83,38,6,45.541087,9.23926,16:25,287,11
REG,24859,MILANO PORTA GARIBALDI,LECCO,MILANO GRECO PIRELLI,1.5419580419580419,1.0,286,2023-01-02,2023-12-30,84,35,7,45.51272,9.214456,16:30,287,12
REG,24859,MILANO PORTA GARIBALDI,LECCO,MILANO PORTA GARIBALDI,2.062717770034843,2.0,287,2023-01-02,2023-12-30,102,39,8,45.484917,9.187683,16:38,287,13
