train_class,train_number,train_arrival_stop_name,train_departure_stop_name,stop_name,avg_arrival_delay,median_arrival_delay,count_dates_stop,first_date,last_date,count_3m_delay,count_5m_delay,count_10m_delay,stop_lat,stop_lon,stop_time,count_dates_train,stop_number
REG,22925,LA SPEZIA MIGLIARINA,LEVANTO,LEVANTO,3.897777777777778,3.0,225,2023-03-18,2023-11-05,113,64,16,44.174167,9.616018,14:05,225,1
REG,22925,LA SPEZIA MIGLIARINA,LEVANTO,MONTEROSSO,1.448888888888889,0.0,225,2023-03-18,2023-11-05,63,36,10,44.145967,9.649009,14:11,225,2
REG,22925,LA SPEZIA MIGLIARINA,LEVANTO,CORNIGLIA,4.236607142857143,3.0,224,2023-03-18,2023-11-05,123,83,16,44.119938,9.711051,14:19,225,3
REG,22925,LA SPEZIA MIGLIARINA,LEVANTO,LA SPEZIA CENTRALE,4.546666666666667,4.0,225,2023-03-18,2023-11-05,135,94,31,44.11141,9.813906,14:35,225,4
REG,22925,LA SPEZIA MIGLIARINA,LEVANTO,LA SPEZIA MIGLIARINA,3.493333333333333,2.0,225,2023-03-18,2023-11-05,112,70,21,44.123391,9.84028,14:42,225,5
