train_class,train_number,train_arrival_stop_name,train_departure_stop_name,stop_name,avg_arrival_delay,median_arrival_delay,count_dates_stop,first_date,last_date,count_3m_delay,count_5m_delay,count_10m_delay,stop_lat,stop_lon,stop_time,count_dates_train,stop_number
REG,21662,PALERMO NOTARBARTOLO,GIACHERY,GIACHERY,0.4513888888888889,0.0,288,2023-01-02,2023-12-30,2,0,0,38.138135,13.355856,21:09,288,1
REG,21662,PALERMO NOTARBARTOLO,GIACHERY,FIERA,-0.6689895470383276,-2.0,287,2023-01-02,2023-12-30,30,0,0,38.144004,13.351336,21:13,288,2
REG,21662,PALERMO NOTARBARTOLO,GIACHERY,FEDERICO,1.9860627177700347,2.0,287,2023-01-02,2023-12-30,0,0,0,38.144862,13.344966,21:16,288,3
REG,21662,PALERMO NOTARBARTOLO,GIACHERY,PALERMO NOTARBARTOLO,-0.3541666666666667,0.0,288,2023-01-02,2023-12-30,0,0,0,38.132261,13.341572,21:20,288,4
