train_class,train_number,train_arrival_stop_name,train_departure_stop_name,stop_name,avg_arrival_delay,median_arrival_delay,count_dates_stop,first_date,last_date,count_3m_delay,count_5m_delay,count_10m_delay,stop_lat,stop_lon,stop_time,count_dates_train,stop_number
REG,2608,MILANO CENTRALE,VERONA PORTA NUOVA,VERONA PORTA NUOVA,2.389344262295082,1.0,244,2023-01-02,2023-12-29,44,10,2,45.428603,10.982377,06:55,244,1
REG,2608,MILANO CENTRALE,VERONA PORTA NUOVA,PESCHIERA DEL GARDA,5.418032786885246,4.0,244,2023-01-02,2023-12-29,197,95,15,45.438502,10.702509,07:11,244,2
REG,2608,MILANO CENTRALE,VERONA PORTA NUOVA,DESENZANO,4.868852459016393,3.0,244,2023-01-02,2023-12-29,158,85,15,45.462677,10.536322,07:21,244,3
REG,2608,MILANO CENTRALE,VERONA PORTA NUOVA,BRESCIA,4.270491803278689,2.0,244,2023-01-02,2023-12-29,121,74,27,45.532315,10.212828,07:38,244,4
REG,2608,MILANO CENTRALE,VERONA PORTA NUOVA,ROMANO,5.889344262295082,2.0,244,2023-01-02,2023-12-29,115,81,42,45.523839,9.753402,08:01,244,5
REG,2608,MILANO CENTRALE,VERONA PORTA NUOVA,TREVIGLIO,6.069672131147541,2.0,244,2023-01-02,2023-12-29,115,80,46,45.515063,9.587919,08:11,244,6
REG,2608,MILANO CENTRALE,VERONA PORTA NUOVA,PIOLTELLO LIMITO,7.991803278688525,4.0,244,2023-01-02,2023-12-29,153,100,62,45.486019,9.329319,08:25,244,7
REG,2608,MILANO CENTRALE,VERONA PORTA NUOVA,MILANO LAMBRATE,6.10655737704918,2.0,244,2023-01-02,2023-12-29,105,85,52,45.484933,9.237333,08:36,244,8
REG,2608,MILANO CENTRALE,VERONA PORTA NUOVA,MILANO CENTRALE,6.963114754098361,2.0,244,2023-01-02,2023-12-29,112,92,59,45.486347,9.204528,08:45,244,9
