train_class,train_number,train_arrival_stop_name,train_departure_stop_name,stop_name,avg_arrival_delay,median_arrival_delay,count_dates_stop,first_date,last_date,count_3m_delay,count_5m_delay,count_10m_delay,stop_lat,stop_lon,stop_time,count_dates_train,stop_number
REG,24814,LECCO,MILANO PORTA GARIBALDI,MILANO PORTA GARIBALDI,1.9268292682926829,1.0,287,2023-01-01,2023-12-31,50,17,5,45.484917,9.187683,05:22,287,1
REG,24814,LECCO,MILANO PORTA GARIBALDI,MILANO GRECO PIRELLI,0.8954703832752613,0.0,287,2023-01-01,2023-12-31,42,16,6,45.51272,9.214456,05:28,287,2
REG,24814,LECCO,MILANO PORTA GARIBALDI,SESTO S. GIOVANNI,0.6689895470383276,0.0,287,2023-01-01,2023-12-31,35,16,6,45.541087,9.23926,05:33,287,3
REG,24814,LECCO,MILANO PORTA GARIBALDI,MONZA,0.958041958041958,0.0,286,2023-01-01,2023-12-31,43,17,6,45.577789,9.273253,05:38,287,4
REG,24814,LECCO,MILANO PORTA GARIBALDI,ARCORE,1.402097902097902,1.0,286,2023-01-01,2023-12-31,54,20,8,45.623493,9.322798,05:44,287,5
REG,24814,LECCO,MILANO PORTA GARIBALDI,CARNATE USMATE,1.4577464788732395,1.0,284,2023-01-01,2023-12-31,57,21,9,45.653072,9.375089,05:49,287,6
REG,24814,LECCO,MILANO PORTA GARIBALDI,OSNAGO,2.421602787456446,1.0,287,2023-01-01,2023-12-31,79,28,12,45.678532,9.386995,05:53,287,7
REG,24814,LECCO,MILANO PORTA GARIBALDI,CERNUSCO-MERATE,1.951219512195122,1.0,287,2023-01-01,2023-12-31,48,20,10,45.695096,9.396794,05:57,287,8
REG,24814,LECCO,MILANO PORTA GARIBALDI,OLGIATE-CALCO-BRIVIO,1.67595818815331,1.0,287,2023-01-01,2023-12-31,28,17,8,45.729166,9.40377,06:02,287,9
REG,24814,LECCO,MILANO PORTA GARIBALDI,AIRUNO,1.67595818815331,1.0,287,2023-01-01,2023-12-31,28,17,8,45.754086,9.422066,06:06,287,10
REG,24814,LECCO,MILANO PORTA GARIBALDI,CALOLZIOCORTE OLGINATE,0.3554006968641115,-1.0,287,2023-01-01,2023-12-31,33,20,7,45.801619,9.42698,06:12,287,11
REG,24814,LECCO,MILANO PORTA GARIBALDI,LECCO MAGGIANICO,-0.6027874564459931,-2.0,287,2023-01-01,2023-12-31,25,16,5,45.831179,9.411691,06:18,287,12
REG,24814,LECCO,MILANO PORTA GARIBALDI,LECCO,-0.1602787456445993,-1.0,287,2023-01-01,2023-12-31,27,14,5,45.856471,9.393638,06:24,287,13
