train_class,train_number,train_arrival_stop_name,train_departure_stop_name,stop_name,avg_arrival_delay,median_arrival_delay,count_dates_stop,first_date,last_date,count_3m_delay,count_5m_delay,count_10m_delay,stop_lat,stop_lon,stop_time,count_dates_train,stop_number
REG,21259,NAPOLI CAMPI FLEGREI,VILLA LITERNO,VILLA LITERNO,1.454225352112676,1.0,284,2023-01-02,2023-12-30,14,4,2,41.004956,14.06753,21:15,284,1
REG,21259,NAPOLI CAMPI FLEGREI,VILLA LITERNO,GIUGLIANO QUALIANO,1.756183745583039,2.0,283,2023-01-02,2023-12-30,52,5,2,40.935018,14.10378,21:21,284,2
REG,21259,NAPOLI CAMPI FLEGREI,VILLA LITERNO,QUARTO DI MARANO,1.045267489711934,1.0,243,2023-01-02,2023-12-30,24,8,3,40.871086,14.122801,21:27,284,3
REG,21259,NAPOLI CAMPI FLEGREI,VILLA LITERNO,POZZUOLI SOLFATARA,2.6690140845070425,2.0,284,2023-01-02,2023-12-30,120,26,4,40.827586,14.126163,21:32,284,4
REG,21259,NAPOLI CAMPI FLEGREI,VILLA LITERNO,BAGNOLI AGNANO TERME,1.6629213483146068,1.0,178,2023-01-02,2023-10-18,42,11,2,40.819444,14.166694,21:37,284,5
REG,21259,NAPOLI CAMPI FLEGREI,VILLA LITERNO,CAVALLEGGERI AOSTA,2.6996466431095407,2.0,283,2023-01-02,2023-12-30,129,40,4,40.819292,14.185679,21:41,284,6
REG,21259,NAPOLI CAMPI FLEGREI,VILLA LITERNO,NAPOLI CAMPI FLEGREI,-2.721830985915493,-4.0,284,2023-01-02,2023-12-30,12,4,3,40.822462,14.194649,21:49,284,7
