train_class,train_number,train_arrival_stop_name,train_departure_stop_name,stop_name,avg_arrival_delay,median_arrival_delay,count_dates_stop,first_date,last_date,count_3m_delay,count_5m_delay,count_10m_delay,stop_lat,stop_lon,stop_time,count_dates_train,stop_number
REG,23295,ROMA OSTIENSE,LA STORTA,LA STORTA,1.211340206185567,1.0,194,2023-01-09,2023-12-22,10,1,0,42.001748,12.381254,20:40,194,1
REG,23295,ROMA OSTIENSE,LA STORTA,LA GIUSTINIANA,1.5906735751295338,1.0,193,2023-01-09,2023-12-22,21,4,0,41.985243,12.403457,20:43,194,2
REG,23295,ROMA OSTIENSE,LA STORTA,IPOGEO DEGLI OTTAVI,2.0670103092783507,2.0,194,2023-01-09,2023-12-22,51,5,0,41.968391,12.409026,20:46,194,3
REG,23295,ROMA OSTIENSE,LA STORTA,OTTAVIA,1.1494845360824741,1.0,194,2023-01-09,2023-12-22,20,2,0,,,20:49,194,4
REG,23295,ROMA OSTIENSE,LA STORTA,ROMA S.FILIPPO NERI,1.407216494845361,1.0,194,2023-01-09,2023-12-22,26,4,0,41.950262,12.412414,20:52,194,5
REG,23295,ROMA OSTIENSE,LA STORTA,ROMA MONTE MARIO,0.6907216494845361,1.0,194,2023-01-09,2023-12-22,18,3,0,41.939088,12.421732,20:55,194,6
REG,23295,ROMA OSTIENSE,LA STORTA,GEMELLI,1.8144329896907216,2.0,194,2023-01-09,2023-12-22,41,7,0,41.927813,12.427797,20:58,194,7
REG,23295,ROMA OSTIENSE,LA STORTA,ROMA BALDUINA,1.3471502590673574,1.0,193,2023-01-09,2023-12-22,20,4,0,,,21:01,194,8
REG,23295,ROMA OSTIENSE,LA STORTA,APPIANO,1.4974093264248705,1.0,193,2023-01-09,2023-12-22,23,6,0,41.909342,12.43838,21:03,194,9
REG,23295,ROMA OSTIENSE,LA STORTA,VALLE AURELIA,2.8092783505154637,3.0,194,2023-01-09,2023-12-22,113,9,0,41.899356,12.447667,21:06,194,10
REG,23295,ROMA OSTIENSE,LA STORTA,ROMA S.PIETRO,-2.2938144329896906,-3.0,194,2023-01-09,2023-12-22,0,0,0,41.896143,12.454497,21:12,194,11
REG,23295,ROMA OSTIENSE,LA STORTA,QUATTRO VENTI,0.30569948186528495,0.0,193,2023-01-09,2023-12-22,2,0,0,41.880145,12.459731,21:16,194,12
REG,23295,ROMA OSTIENSE,LA STORTA,ROMA TRASTEVERE,2.2989690721649483,2.0,194,2023-01-09,2023-12-22,55,22,0,41.872279,12.466162,21:19,194,13
REG,23295,ROMA OSTIENSE,LA STORTA,ROMA OSTIENSE,-0.41237113402061853,-1.0,194,2023-01-09,2023-12-22,27,2,0,41.87265,12.483917,21:24,194,14
