train_class,train_number,train_arrival_stop_name,train_departure_stop_name,stop_name,avg_arrival_delay,median_arrival_delay,count_dates_stop,first_date,last_date,count_3m_delay,count_5m_delay,count_10m_delay,stop_lat,stop_lon,stop_time,count_dates_train,stop_number
REG,24884,LECCO,MILANO CENTRALE,MILANO CENTRALE,2.347826086956522,2.0,46,2023-01-04,2023-12-11,17,5,0,45.486347,9.204528,22:52,46,1
REG,24884,LECCO,MILANO CENTRALE,MILANO GRECO PIRELLI,0.8043478260869565,0.0,46,2023-01-04,2023-12-11,8,3,0,45.51272,9.214456,22:58,46,2
REG,24884,LECCO,MILANO CENTRALE,SESTO S. GIOVANNI,1.0434782608695652,1.0,46,2023-01-04,2023-12-11,8,3,0,45.541087,9.23926,23:03,46,3
REG,24884,LECCO,MILANO CENTRALE,MONZA,1.565217391304348,1.0,46,2023-01-04,2023-12-11,11,1,0,45.577789,9.273253,23:08,46,4
REG,24884,LECCO,MILANO CENTRALE,ARCORE,1.7173913043478262,1.0,46,2023-01-04,2023-12-11,13,3,0,45.623493,9.322798,23:14,46,5
REG,24884,LECCO,MILANO CENTRALE,CARNATE USMATE,1.173913043478261,1.0,46,2023-01-04,2023-12-11,10,3,0,45.653072,9.375089,23:19,46,6
REG,24884,LECCO,MILANO CENTRALE,OSNAGO,1.934782608695652,2.0,46,2023-01-04,2023-12-11,13,2,0,45.678532,9.386995,23:23,46,7
REG,24884,LECCO,MILANO CENTRALE,CERNUSCO-MERATE,1.4130434782608696,1.0,46,2023-01-04,2023-12-11,7,1,0,45.695096,9.396794,23:27,46,8
REG,24884,LECCO,MILANO CENTRALE,OLGIATE-CALCO-BRIVIO,1.1304347826086956,1.0,46,2023-01-04,2023-12-11,2,0,0,45.729166,9.40377,23:32,46,9
REG,24884,LECCO,MILANO CENTRALE,AIRUNO,1.1304347826086956,1.0,46,2023-01-04,2023-12-11,2,0,0,45.754086,9.422066,23:36,46,10
REG,24884,LECCO,MILANO CENTRALE,CALOLZIOCORTE OLGINATE,-1.3478260869565217,-2.0,46,2023-01-04,2023-12-11,0,0,0,45.801619,9.42698,23:42,46,11
REG,24884,LECCO,MILANO CENTRALE,LECCO MAGGIANICO,-2.282608695652174,-2.0,46,2023-01-04,2023-12-11,0,0,0,45.831179,9.411691,23:48,46,12
REG,24884,LECCO,MILANO CENTRALE,LECCO,-1.6956521739130435,-2.0,46,2023-01-04,2023-12-11,0,0,0,45.856471,9.393638,23:54,46,13
