train_class,train_number,train_arrival_stop_name,train_departure_stop_name,stop_name,avg_arrival_delay,median_arrival_delay,count_dates_stop,first_date,last_date,count_3m_delay,count_5m_delay,count_10m_delay,stop_lat,stop_lon,stop_time,count_dates_train,stop_number
REG,26158,CHIERI,SETTIMO,SETTIMO,4.375,3.0,264,2023-01-02,2023-12-29,149,95,21,45.139834,7.769335,19:57,265,1
REG,26158,CHIERI,SETTIMO,TORINO STURA,3.0,2.0,265,2023-01-02,2023-12-29,103,67,16,45.121932,7.713202,20:03,265,2
REG,26158,CHIERI,SETTIMO,TORINO REBAUDENGO FOSSATA,3.4037735849056605,2.0,265,2023-01-02,2023-12-29,106,67,18,,,20:07,265,3
REG,26158,CHIERI,SETTIMO,TORINO PORTA SUSA,2.0150943396226415,0.0,265,2023-01-02,2023-12-29,80,45,11,45.075906,7.667673,20:12,265,4
REG,26158,CHIERI,SETTIMO,TORINO LINGOTTO,2.611320754716981,1.0,265,2023-01-02,2023-12-29,81,47,13,45.0266,7.657469,20:18,265,5
REG,26158,CHIERI,SETTIMO,MONCALIERI,2.0,0.0,265,2023-01-02,2023-12-29,68,39,14,44.998187,7.678027,20:24,265,6
REG,26158,CHIERI,SETTIMO,TROFARELLO,2.550943396226415,1.0,265,2023-01-02,2023-12-29,63,27,13,44.980471,7.735206,20:30,265,7
REG,26158,CHIERI,SETTIMO,CHIERI,3.260377358490566,1.0,265,2023-01-02,2023-12-29,81,41,17,45.007008,7.827077,20:41,265,8
