train_class,train_number,train_arrival_stop_name,train_departure_stop_name,stop_name,avg_arrival_delay,median_arrival_delay,count_dates_stop,first_date,last_date,count_3m_delay,count_5m_delay,count_10m_delay,stop_lat,stop_lon,stop_time,count_dates_train,stop_number
REG,21529,AGRIGENTO CENTRALE,CALTANISSETTA XIRBI,CALTANISSETTA XIRBI,1.3863636363636365,1.0,44,2023-01-01,2023-12-31,5,3,1,37.536296,14.056902,19:10,44,1
REG,21529,AGRIGENTO CENTRALE,CALTANISSETTA XIRBI,CALTANISSETTA CENTRALE,-1.0681818181818181,-2.0,44,2023-01-01,2023-12-31,3,3,1,37.48829,14.057396,19:18,44,2
REG,21529,AGRIGENTO CENTRALE,CALTANISSETTA XIRBI,SERRADIFALCO,-3.1136363636363638,-4.0,44,2023-01-01,2023-12-31,2,2,1,37.431804,13.883299,19:43,44,3
REG,21529,AGRIGENTO CENTRALE,CALTANISSETTA XIRBI,CANICATTI`,-0.9047619047619048,-1.0,42,2023-01-01,2023-12-31,2,1,1,37.359879,13.855395,19:55,44,4
REG,21529,AGRIGENTO CENTRALE,CALTANISSETTA XIRBI,RACALMUTO,-1.25,-2.0,44,2023-01-01,2023-12-31,3,3,2,37.406065,13.72752,20:22,44,5
REG,21529,AGRIGENTO CENTRALE,CALTANISSETTA XIRBI,GROTTE,-1.0227272727272727,-2.0,44,2023-01-01,2023-12-31,3,3,2,37.409848,13.702717,20:27,44,6
REG,21529,AGRIGENTO CENTRALE,CALTANISSETTA XIRBI,ARAGONA CALDARE,-5.159090909090909,-6.0,44,2023-01-01,2023-12-31,2,2,2,37.381097,13.636837,20:42,44,7
REG,21529,AGRIGENTO CENTRALE,CALTANISSETTA XIRBI,AGRIGENTO BASSA,0.06818181818181818,-1.0,44,2023-01-01,2023-12-31,4,3,2,37.319148,13.588094,20:51,44,8
REG,21529,AGRIGENTO CENTRALE,CALTANISSETTA XIRBI,AGRIGENTO CENTRALE,-1.9772727272727273,-3.0,44,2023-01-01,2023-12-31,3,2,0,37.309051,13.584412,20:59,44,9
