train_class,train_number,train_arrival_stop_name,train_departure_stop_name,stop_name,avg_arrival_delay,median_arrival_delay,count_dates_stop,first_date,last_date,count_3m_delay,count_5m_delay,count_10m_delay,stop_lat,stop_lon,stop_time,count_dates_train,stop_number
REG,22056,SAN GAVINO,CAGLIARI,CAGLIARI,1.5224913494809689,1.0,289,2023-01-02,2023-12-29,27,8,3,39.216078,9.107984,06:05,289,1
REG,22056,SAN GAVINO,CAGLIARI,ELMAS AEROPORTO,0.90625,1.0,288,2023-01-02,2023-12-29,16,9,3,,,06:10,289,2
REG,22056,SAN GAVINO,CAGLIARI,DECIMOMANNU,0.1245674740484429,0.0,289,2023-01-02,2023-12-29,18,11,3,39.304593,8.965808,06:19,289,3
REG,22056,SAN GAVINO,CAGLIARI,VILLASOR,-0.10726643598615918,-1.0,289,2023-01-02,2023-12-29,21,13,5,39.381451,8.935907,06:27,289,4
REG,22056,SAN GAVINO,CAGLIARI,SERRAMANNA NURAMINIS,0.986159169550173,0.0,289,2023-01-02,2023-12-29,31,15,6,39.426123,8.916579,06:32,289,5
REG,22056,SAN GAVINO,CAGLIARI,SAMASSI SERRENTI,-0.08650519031141868,-1.0,289,2023-01-02,2023-12-29,25,13,6,39.483075,8.899035,06:39,289,6
REG,22056,SAN GAVINO,CAGLIARI,SAN GAVINO,-1.1522491349480968,-2.0,289,2023-01-02,2023-12-29,19,13,6,39.546206,8.788017,06:50,289,7
