train_class,train_number,train_arrival_stop_name,train_departure_stop_name,stop_name,avg_arrival_delay,median_arrival_delay,count_dates_stop,first_date,last_date,count_3m_delay,count_5m_delay,count_10m_delay,stop_lat,stop_lon,stop_time,count_dates_train,stop_number
REG,23110,MONTEBELLUNA,TREVISO C.,TREVISO C.,2.066666666666667,2.0,15,2023-03-04,2023-06-10,3,1,0,45.659608,12.24614,09:35,15,1
REG,23110,MONTEBELLUNA,TREVISO C.,PAESE CASTAGNOLE,2.533333333333333,2.0,15,2023-03-04,2023-06-10,4,1,0,45.691182,12.182619,09:41,15,2
REG,23110,MONTEBELLUNA,TREVISO C.,POSTIOMA,2.2,2.0,15,2023-03-04,2023-06-10,3,1,0,45.715862,12.148248,09:46,15,3
REG,23110,MONTEBELLUNA,TREVISO C.,TREVIGNANO SIGNORESSA,3.933333333333333,4.0,15,2023-03-04,2023-06-10,13,4,0,45.74789,12.103123,09:52,15,4
REG,23110,MONTEBELLUNA,TREVISO C.,MONTEBELLUNA,2.0,2.0,15,2023-03-04,2023-06-10,4,1,0,45.776434,12.054,09:59,15,5
