train_class,train_number,train_arrival_stop_name,train_departure_stop_name,stop_name,avg_arrival_delay,median_arrival_delay,count_dates_stop,first_date,last_date,count_3m_delay,count_5m_delay,count_10m_delay,stop_lat,stop_lon,stop_time,count_dates_train,stop_number
REG,21752,PALERMO CENTRALE,PUNTA RAISI,PUNTA RAISI,1.2666666666666666,1.0,60,2023-01-01,2023-12-31,2,1,0,38.188892,13.110059,18:20,60,1
REG,21752,PALERMO CENTRALE,PUNTA RAISI,PIRAINETO,0.8666666666666667,1.0,60,2023-01-01,2023-12-31,1,1,0,38.169148,13.14256,18:24,60,2
REG,21752,PALERMO CENTRALE,PUNTA RAISI,CARINI,-0.4,-1.0,60,2023-01-01,2023-12-31,1,1,0,38.147696,13.186624,18:30,60,3
REG,21752,PALERMO CENTRALE,PUNTA RAISI,ISOLA DELLE FEMMINE,-0.5,-1.0,60,2023-01-01,2023-12-31,1,1,0,38.194784,13.250188,18:40,60,4
REG,21752,PALERMO CENTRALE,PUNTA RAISI,FRANCIA,-0.4,0.0,60,2023-01-01,2023-12-31,2,1,0,38.155233,13.321938,18:54,60,5
REG,21752,PALERMO CENTRALE,PUNTA RAISI,PALERMO NOTARBARTOLO,-1.3833333333333333,-2.0,60,2023-01-01,2023-12-31,1,0,0,38.132261,13.341572,18:59,60,6
REG,21752,PALERMO CENTRALE,PUNTA RAISI,LOLLI,2.0833333333333335,2.0,60,2023-01-01,2023-12-31,9,1,0,,,19:02,60,7
REG,21752,PALERMO CENTRALE,PUNTA RAISI,PALAZZO REALE-ORLEANS,-1.6666666666666667,-2.0,60,2023-01-01,2023-12-31,0,0,0,38.10878,13.353962,19:07,60,8
REG,21752,PALERMO CENTRALE,PUNTA RAISI,VESPRI,-0.0847457627118644,0.0,59,2023-01-01,2023-12-31,0,0,0,38.101996,13.362701,19:10,60,9
REG,21752,PALERMO CENTRALE,PUNTA RAISI,GUADAGNA,0.2542372881355932,0.0,59,2023-01-01,2023-12-31,0,0,0,,,19:13,60,10
REG,21752,PALERMO CENTRALE,PUNTA RAISI,PALERMO CENTRALE,-0.8,-1.0,60,2023-01-01,2023-12-31,0,0,0,38.109187,13.367515,19:17,60,11
