train_class,train_number,train_arrival_stop_name,train_departure_stop_name,stop_name,avg_arrival_delay,median_arrival_delay,count_dates_stop,first_date,last_date,count_3m_delay,count_5m_delay,count_10m_delay,stop_lat,stop_lon,stop_time,count_dates_train,stop_number
REG,22477,TRIESTE CENTRALE,TARVISIO BOSCOVERDE,TARVISIO BOSCOVERDE,3.0384615384615383,2.0,26,2023-06-11,2023-09-09,5,3,2,46.505956,13.608012,13:53,26,1
REG,22477,TRIESTE CENTRALE,TARVISIO BOSCOVERDE,UGOVIZZA VALBRUNA,0.34615384615384615,-1.0,26,2023-06-11,2023-09-09,4,2,2,46.502902,13.494972,14:01,26,2
REG,22477,TRIESTE CENTRALE,TARVISIO BOSCOVERDE,PONTEBBA,1.2692307692307692,-1.0,26,2023-06-11,2023-09-09,6,5,3,46.508463,13.311357,14:13,26,3
REG,22477,TRIESTE CENTRALE,TARVISIO BOSCOVERDE,CARNIA,1.0769230769230769,-1.0,26,2023-06-11,2023-09-09,7,4,1,46.373634,13.132847,14:29,26,4
REG,22477,TRIESTE CENTRALE,TARVISIO BOSCOVERDE,GEMONA DEL FRIULI,2.8846153846153846,1.0,26,2023-06-11,2023-09-09,8,6,1,46.274243,13.127978,14:39,26,5
REG,22477,TRIESTE CENTRALE,TARVISIO BOSCOVERDE,UDINE,2.44,2.0,25,2023-06-11,2023-09-09,9,5,1,46.055791,13.242003,14:59,26,6
REG,22477,TRIESTE CENTRALE,TARVISIO BOSCOVERDE,PALMANOVA,1.68,1.0,25,2023-06-11,2023-09-09,9,4,1,45.906862,13.296461,15:18,26,7
REG,22477,TRIESTE CENTRALE,TARVISIO BOSCOVERDE,CERVIGNANO A.G.,-0.52,-2.0,25,2023-06-11,2023-09-09,3,2,1,45.823948,13.342866,15:30,26,8
REG,22477,TRIESTE CENTRALE,TARVISIO BOSCOVERDE,TRIESTE AIRPORT,0.8,0.0,25,2023-06-11,2023-09-09,5,3,1,45.817482,13.485532,15:38,26,9
REG,22477,TRIESTE CENTRALE,TARVISIO BOSCOVERDE,MONFALCONE,1.2307692307692308,0.0,26,2023-06-11,2023-09-09,6,4,1,45.807683,13.542929,15:44,26,10
REG,22477,TRIESTE CENTRALE,TARVISIO BOSCOVERDE,TRIESTE CENTRALE,0.9230769230769231,-3.0,26,2023-06-11,2023-09-09,5,4,2,45.657456,13.771873,16:08,26,11
