train_class,train_number,train_arrival_stop_name,train_departure_stop_name,stop_name,avg_arrival_delay,median_arrival_delay,count_dates_stop,first_date,last_date,count_3m_delay,count_5m_delay,count_10m_delay,stop_lat,stop_lon,stop_time,count_dates_train,stop_number
REG,23751,ASCOLI PICENO,ANCONA,ANCONA,1.6888888888888889,1.0,270,2023-01-02,2023-12-30,26,9,5,43.607734,13.497665,06:00,270,1
REG,23751,ASCOLI PICENO,ANCONA,LORETO,0.4222222222222222,0.0,270,2023-01-02,2023-12-30,26,9,5,43.448376,13.620455,06:13,270,2
REG,23751,ASCOLI PICENO,ANCONA,CIVITANOVA MARCHE,-0.003703703703703704,-1.0,270,2023-01-02,2023-12-30,20,14,9,43.3091,13.7257,06:27,270,3
REG,23751,ASCOLI PICENO,ANCONA,PORTO S. ELPIDIO,1.525925925925926,1.0,270,2023-01-02,2023-12-30,34,17,9,43.256855,13.760749,06:32,270,4
REG,23751,ASCOLI PICENO,ANCONA,PORTO S. GIORGIO FERMO,0.9,0.0,270,2023-01-02,2023-12-30,27,19,7,43.17972,13.7975,06:39,270,5
REG,23751,ASCOLI PICENO,ANCONA,PEDASO,0.9591078066914498,0.0,269,2023-01-02,2023-12-30,29,21,7,43.094694,13.844906,06:46,270,6
REG,23751,ASCOLI PICENO,ANCONA,CUPRAMARITTIMA,1.3666666666666667,0.0,270,2023-01-02,2023-12-30,36,23,8,43.02349,13.860812,06:52,270,7
REG,23751,ASCOLI PICENO,ANCONA,S.BENEDETTO DEL TRONTO,-0.15185185185185185,-2.0,270,2023-01-02,2023-12-30,32,17,6,42.954386,13.882297,07:02,270,8
REG,23751,ASCOLI PICENO,ANCONA,PORTO D`ASCOLI,3.814814814814815,3.0,270,2023-01-02,2023-12-30,149,52,16,42.912792,13.896813,07:07,270,9
REG,23751,ASCOLI PICENO,ANCONA,OFFIDA CASTEL DI LAMA,2.0444444444444443,1.0,270,2023-01-02,2023-12-30,69,32,14,42.862074,13.720285,07:32,270,10
REG,23751,ASCOLI PICENO,ANCONA,ASCOLI PICENO,-0.4888888888888889,-2.0,270,2023-01-02,2023-12-30,31,23,11,42.855474,13.587939,07:53,270,11
