train_class,train_number,train_arrival_stop_name,train_departure_stop_name,stop_name,avg_arrival_delay,median_arrival_delay,count_dates_stop,first_date,last_date,count_3m_delay,count_5m_delay,count_10m_delay,stop_lat,stop_lon,stop_time,count_dates_train,stop_number
REG,24265,MILANO ROGOREDO,CESANO MADERNO,CESANO MADERNO,1.3612903225806452,1.0,155,2023-03-24,2023-12-22,17,5,1,,,18:15,155,1
REG,24265,MILANO ROGOREDO,CESANO MADERNO,MILANO LANCETTI,3.445161290322581,3.0,155,2023-03-24,2023-12-22,94,44,6,45.492632,9.175832,18:45,155,2
REG,24265,MILANO ROGOREDO,CESANO MADERNO,MI P.GAR.SOTT.,5.993548387096774,6.0,155,2023-03-24,2023-12-22,140,109,14,45.484228,9.185122,18:48,155,3
REG,24265,MILANO ROGOREDO,CESANO MADERNO,MILANO REPUBBLICA,6.15483870967742,6.0,155,2023-03-24,2023-12-22,141,108,15,45.479984,9.198861,18:50,155,4
REG,24265,MILANO ROGOREDO,CESANO MADERNO,MILANO VENEZIA,6.52258064516129,6.0,155,2023-03-24,2023-12-22,144,117,16,45.471121,9.201889,18:52,155,5
REG,24265,MILANO ROGOREDO,CESANO MADERNO,MILANO DATEO,6.632258064516129,6.0,155,2023-03-24,2023-12-22,144,116,19,45.462341,9.209277,18:55,155,6
REG,24265,MILANO ROGOREDO,CESANO MADERNO,MILANO PORTA VITTORIA,4.748387096774193,4.0,155,2023-03-24,2023-12-22,117,74,11,45.459579,9.21813,18:59,155,7
REG,24265,MILANO ROGOREDO,CESANO MADERNO,MILANO ROGOREDO,4.329032258064516,4.0,155,2023-03-24,2023-12-22,111,56,13,45.433866,9.2391,19:07,155,8
