train_class,train_number,train_arrival_stop_name,train_departure_stop_name,stop_name,avg_arrival_delay,median_arrival_delay,count_dates_stop,first_date,last_date,count_3m_delay,count_5m_delay,count_10m_delay,stop_lat,stop_lon,stop_time,count_dates_train,stop_number
REG,2459,BOLOGNA C.LE,MILANO CENTRALE,MILANO CENTRALE,3.4768211920529803,2.0,302,2023-01-01,2023-12-31,141,56,9,45.486347,9.204528,09:20,302,1
REG,2459,BOLOGNA C.LE,MILANO CENTRALE,MILANO LAMBRATE,1.9172185430463575,1.0,302,2023-01-01,2023-12-31,77,26,7,45.484933,9.237333,09:26,302,2
REG,2459,BOLOGNA C.LE,MILANO CENTRALE,MILANO ROGOREDO,4.01328903654485,3.0,301,2023-01-01,2023-12-31,169,81,13,45.433866,9.2391,09:31,302,3
REG,2459,BOLOGNA C.LE,MILANO CENTRALE,LODI,4.781456953642384,3.0,302,2023-01-01,2023-12-31,185,111,35,45.308966,9.497585,09:46,302,4
REG,2459,BOLOGNA C.LE,MILANO CENTRALE,CODOGNO,3.9335548172757475,2.0,301,2023-01-01,2023-12-31,140,92,28,45.154897,9.701376,10:01,302,5
REG,2459,BOLOGNA C.LE,MILANO CENTRALE,PIACENZA,2.142384105960265,0.0,302,2023-01-01,2023-12-31,101,70,32,45.052238,9.70633,10:12,302,6
REG,2459,BOLOGNA C.LE,MILANO CENTRALE,FIORENZUOLA,2.380794701986755,0.0,302,2023-01-01,2023-12-31,86,63,31,44.928716,9.917403,10:26,302,7
REG,2459,BOLOGNA C.LE,MILANO CENTRALE,FIDENZA,2.9304635761589406,0.0,302,2023-01-01,2023-12-31,90,70,43,44.86773,10.06339,10:35,302,8
REG,2459,BOLOGNA C.LE,MILANO CENTRALE,PARMA,-3.30794701986755,-6.0,302,2023-01-01,2023-12-31,43,26,13,44.810203,10.32837,10:58,302,9
REG,2459,BOLOGNA C.LE,MILANO CENTRALE,S.ILARIO,3.382059800664452,2.0,301,2023-01-01,2023-12-31,121,70,26,44.765795,10.450469,11:07,302,10
REG,2459,BOLOGNA C.LE,MILANO CENTRALE,REGGIO EMILIA,4.602649006622516,3.0,302,2023-01-01,2023-12-31,168,103,31,44.697793,10.643093,11:18,302,11
REG,2459,BOLOGNA C.LE,MILANO CENTRALE,RUBIERA,3.644518272425249,2.0,301,2023-01-01,2023-12-31,126,87,30,44.65618,10.780252,11:27,302,12
REG,2459,BOLOGNA C.LE,MILANO CENTRALE,MODENA,3.867109634551495,2.0,301,2023-01-01,2023-12-31,130,91,34,44.654461,10.930373,11:36,302,13
REG,2459,BOLOGNA C.LE,MILANO CENTRALE,CASTELFRANCO D'EMILIA,4.342192691029901,2.0,301,2023-01-01,2023-12-31,143,94,33,44.597381,11.056408,11:45,302,14
REG,2459,BOLOGNA C.LE,MILANO CENTRALE,SAMOGGIA,5.448160535117057,3.0,299,2023-01-01,2023-12-31,165,111,42,44.567307,11.146221,11:51,302,15
REG,2459,BOLOGNA C.LE,MILANO CENTRALE,ANZOLA,5.023411371237458,2.0,299,2023-01-01,2023-12-31,146,94,39,,,11:56,302,16
REG,2459,BOLOGNA C.LE,MILANO CENTRALE,BOLOGNA C.LE,1.3178807947019868,-1.0,302,2023-01-01,2023-12-31,72,49,19,44.50626,11.342267,12:10,302,17
