train_class,train_number,train_arrival_stop_name,train_departure_stop_name,stop_name,avg_arrival_delay,median_arrival_delay,count_dates_stop,first_date,last_date,count_3m_delay,count_5m_delay,count_10m_delay,stop_lat,stop_lon,stop_time,count_dates_train,stop_number
REG,2331,TORTONA,MILANO CENTRALE,MILANO CENTRALE,4.442622950819672,3.0,61,2023-02-12,2023-12-22,33,16,8,45.486347,9.204528,15:25,61,1
REG,2331,TORTONA,MILANO CENTRALE,MILANO LAMBRATE,3.639344262295082,2.0,61,2023-02-12,2023-12-22,24,13,7,45.484933,9.237333,15:31,61,2
REG,2331,TORTONA,MILANO CENTRALE,MILANO ROGOREDO,5.491803278688525,3.0,61,2023-02-12,2023-12-22,39,22,10,45.433866,9.2391,15:36,61,3
REG,2331,TORTONA,MILANO CENTRALE,PAVIA,4.344262295081967,2.0,61,2023-02-12,2023-12-22,28,18,10,45.188843,9.144674,15:57,61,4
REG,2331,TORTONA,MILANO CENTRALE,LUNGAVILLA,5.131147540983607,2.0,61,2023-02-12,2023-12-22,30,18,11,45.049837,9.068968,16:09,61,5
REG,2331,TORTONA,MILANO CENTRALE,VOGHERA,4.622950819672131,2.0,61,2023-02-12,2023-12-22,26,18,10,44.9978,9.007942,16:16,61,6
REG,2331,TORTONA,MILANO CENTRALE,TORTONA,6.901639344262295,4.0,61,2023-02-12,2023-12-22,40,27,12,44.900126,8.861777,16:27,61,7
