train_class,train_number,train_arrival_stop_name,train_departure_stop_name,stop_name,avg_arrival_delay,median_arrival_delay,count_dates_stop,first_date,last_date,count_3m_delay,count_5m_delay,count_10m_delay,stop_lat,stop_lon,stop_time,count_dates_train,stop_number
REG,25333,GALLARATE,LUINO,LUINO,2.23125,1.0,320,2023-01-01,2023-12-09,69,27,8,45.996643,8.737464,13:45,320,1
REG,25333,GALLARATE,LUINO,PORTO VALTRAVAGLIA,2.396875,2.0,320,2023-01-01,2023-12-09,77,31,8,45.958219,8.674141,13:50,320,2
REG,25333,GALLARATE,LUINO,CALDE`,2.219435736677116,1.0,319,2023-01-01,2023-12-09,76,39,11,45.945812,8.663157,13:53,320,3
REG,25333,GALLARATE,LUINO,LAVENO MOMBELLO,2.709375,2.0,320,2023-01-01,2023-12-09,99,52,12,45.903272,8.624583,13:59,320,4
REG,25333,GALLARATE,LUINO,SANGIANO,3.7003154574132493,2.0,317,2023-01-01,2023-12-09,129,59,16,45.874464,8.630769,14:04,320,5
REG,25333,GALLARATE,LUINO,BESOZZO,2.546875,1.0,320,2023-01-01,2023-12-09,81,42,16,45.842188,8.662997,14:09,320,6
REG,25333,GALLARATE,LUINO,TRAVEDONA BIANDRONNO,2.890625,1.0,320,2023-01-01,2023-12-09,88,43,16,45.809601,8.696322,14:14,320,7
REG,25333,GALLARATE,LUINO,TERNATE VARANO BORGHI,1.403125,0.0,320,2023-01-01,2023-12-09,53,28,13,45.781835,8.700371,14:18,320,8
REG,25333,GALLARATE,LUINO,MORNAGO CIMBRO,-0.2,-2.0,320,2023-01-01,2023-12-09,29,20,11,45.729742,8.734193,14:26,320,9
REG,25333,GALLARATE,LUINO,BESNATE,1.45,0.0,320,2023-01-01,2023-12-09,49,28,14,45.695409,8.761072,14:35,320,10
REG,25333,GALLARATE,LUINO,GALLARATE,0.584375,-1.0,320,2023-01-01,2023-12-09,38,21,12,45.659828,8.798243,14:41,320,11
