train_class,train_number,train_arrival_stop_name,train_departure_stop_name,stop_name,avg_arrival_delay,median_arrival_delay,count_dates_stop,first_date,last_date,count_3m_delay,count_5m_delay,count_10m_delay,stop_lat,stop_lon,stop_time,count_dates_train,stop_number
REG,24219,MILANO ROGOREDO,MARIANO COMENSE,MARIANO COMENSE,1.4464285714285714,1.0,56,2023-01-02,2023-03-23,5,1,0,45.693622,9.18147,06:29,56,1
REG,24219,MILANO ROGOREDO,MARIANO COMENSE,CABIATE,-1.3392857142857142,-2.0,56,2023-01-02,2023-03-23,1,0,0,,,06:32,56,2
REG,24219,MILANO ROGOREDO,MARIANO COMENSE,MEDA,0.03571428571428571,0.0,56,2023-01-02,2023-03-23,2,1,0,,,06:36,56,3
REG,24219,MILANO ROGOREDO,MARIANO COMENSE,SEVESO,-0.375,-1.0,56,2023-01-02,2023-03-23,1,0,0,45.648187,9.140488,06:41,56,4
REG,24219,MILANO ROGOREDO,MARIANO COMENSE,CESANO MADERNO,0.14285714285714285,0.0,56,2023-01-02,2023-03-23,3,0,0,,,06:44,56,5
REG,24219,MILANO ROGOREDO,MARIANO COMENSE,BOVISO MASCIAGO - MOMBELLO,0.0,0.0,56,2023-01-02,2023-03-23,4,0,0,,,06:47,56,6
REG,24219,MILANO ROGOREDO,MARIANO COMENSE,VAREDO,0.5357142857142857,0.0,56,2023-01-02,2023-03-23,6,1,0,,,06:50,56,7
REG,24219,MILANO ROGOREDO,MARIANO COMENSE,PALAZZOLO,1.0,1.0,56,2023-01-02,2023-03-23,6,3,0,,,06:53,56,8
REG,24219,MILANO ROGOREDO,MARIANO COMENSE,PADERNO DUGNANO,1.0,1.0,56,2023-01-02,2023-03-23,6,3,0,,,06:56,56,9
REG,24219,MILANO ROGOREDO,MARIANO COMENSE,MILANO BRUZZANO,1.9636363636363636,2.0,55,2023-01-02,2023-03-22,17,5,0,,,07:02,56,10
REG,24219,MILANO ROGOREDO,MARIANO COMENSE,MILANO AFFORI,2.5714285714285716,2.0,56,2023-01-02,2023-03-23,26,6,0,45.521334,9.167446,07:04,56,11
REG,24219,MILANO ROGOREDO,MARIANO COMENSE,MILANO BOVISA FNM,2.3214285714285716,2.0,56,2023-01-02,2023-03-23,20,6,0,45.502993,9.159235,07:09,56,12
REG,24219,MILANO ROGOREDO,MARIANO COMENSE,MILANO LANCETTI,2.3214285714285716,2.0,56,2023-01-02,2023-03-23,23,6,0,45.492632,9.175832,07:15,56,13
REG,24219,MILANO ROGOREDO,MARIANO COMENSE,MI P.GAR.SOTT.,5.160714285714286,4.0,56,2023-01-02,2023-03-23,53,27,2,45.484228,9.185122,07:18,56,14
REG,24219,MILANO ROGOREDO,MARIANO COMENSE,MILANO REPUBBLICA,5.285714285714286,5.0,56,2023-01-02,2023-03-23,54,30,4,45.479984,9.198861,07:20,56,15
REG,24219,MILANO ROGOREDO,MARIANO COMENSE,MILANO VENEZIA,5.767857142857143,5.0,56,2023-01-02,2023-03-23,55,38,6,45.471121,9.201889,07:22,56,16
REG,24219,MILANO ROGOREDO,MARIANO COMENSE,MILANO DATEO,6.036363636363636,5.0,55,2023-01-02,2023-03-23,54,38,5,45.462341,9.209277,07:25,56,17
REG,24219,MILANO ROGOREDO,MARIANO COMENSE,MILANO PORTA VITTORIA,4.196428571428571,3.0,56,2023-01-02,2023-03-23,39,17,1,45.459579,9.21813,07:29,56,18
REG,24219,MILANO ROGOREDO,MARIANO COMENSE,MILANO ROGOREDO,3.4285714285714284,2.0,56,2023-01-02,2023-03-23,26,14,1,45.433866,9.2391,07:37,56,19
