train_class,train_number,train_arrival_stop_name,train_departure_stop_name,stop_name,avg_arrival_delay,median_arrival_delay,count_dates_stop,first_date,last_date,count_3m_delay,count_5m_delay,count_10m_delay,stop_lat,stop_lon,stop_time,count_dates_train,stop_number
REG,25517,MILANO CENTRALE,CHIASSO,CHIASSO,3.219941348973607,2.0,341,2023-01-01,2023-12-30,161,74,14,45.830736,9.03421,11:31,341,1
REG,25517,MILANO CENTRALE,CHIASSO,COMO S. GIOVANNI,3.1882352941176473,2.0,340,2023-01-01,2023-12-30,159,83,10,45.808946,9.072331,11:35,341,2
REG,25517,MILANO CENTRALE,CHIASSO,SEREGNO,2.126099706744868,1.0,341,2023-01-01,2023-12-30,117,53,14,45.64601,9.20285,11:57,341,3
REG,25517,MILANO CENTRALE,CHIASSO,MONZA,3.5532544378698225,3.0,338,2023-01-01,2023-12-30,183,102,17,45.577789,9.273253,12:06,341,4
REG,25517,MILANO CENTRALE,CHIASSO,MILANO CENTRALE,4.964809384164223,4.0,341,2023-01-01,2023-12-30,238,160,31,45.486347,9.204528,12:17,341,5
