train_class,train_number,train_arrival_stop_name,train_departure_stop_name,stop_name,avg_arrival_delay,median_arrival_delay,count_dates_stop,first_date,last_date,count_3m_delay,count_5m_delay,count_10m_delay,stop_lat,stop_lon,stop_time,count_dates_train,stop_number
REG,22834,GENOVA VOLTRI,GENOVA NERVI,GENOVA NERVI,1.9333333333333333,1.0,195,2023-01-02,2023-12-29,24,14,4,44.381271,9.039895,10:06,195,1
REG,22834,GENOVA VOLTRI,GENOVA NERVI,GENOVA QUARTO DEI MILLE,1.5846153846153845,1.0,195,2023-01-02,2023-12-29,24,13,3,44.388607,8.99597,10:12,195,2
REG,22834,GENOVA VOLTRI,GENOVA NERVI,GENOVA BRIGNOLE,2.117948717948718,2.0,195,2023-01-02,2023-12-29,68,18,2,44.407213,8.947553,10:22,195,3
REG,22834,GENOVA VOLTRI,GENOVA NERVI,GENOVA P. PRINCIPE SOTTERRANEA,-0.5487179487179488,-1.0,195,2023-01-02,2023-12-29,17,6,2,44.414803,8.918041,10:31,195,4
REG,22834,GENOVA VOLTRI,GENOVA NERVI,GENOVA SAMPIERDARENA,1.317948717948718,1.0,195,2023-01-02,2023-12-29,16,7,2,44.413102,8.887271,10:40,195,5
REG,22834,GENOVA VOLTRI,GENOVA NERVI,GENOVA SESTRI PONENTE,1.4153846153846155,1.0,195,2023-01-02,2023-12-29,31,9,2,44.422374,8.847707,10:47,195,6
REG,22834,GENOVA VOLTRI,GENOVA NERVI,GENOVA VOLTRI,-0.6153846153846154,-2.0,195,2023-01-02,2023-12-29,13,7,2,44.428467,8.758163,11:04,195,7
