train_class,train_number,train_arrival_stop_name,train_departure_stop_name,stop_name,avg_arrival_delay,median_arrival_delay,count_dates_stop,first_date,last_date,count_3m_delay,count_5m_delay,count_10m_delay,stop_lat,stop_lon,stop_time,count_dates_train,stop_number
REG,22182,CEFALU`,PUNTA RAISI,PUNTA RAISI,1.0714285714285714,1.0,14,2023-06-11,2023-09-17,0,0,0,38.188892,13.110059,08:48,14,1
REG,22182,CEFALU`,PUNTA RAISI,FRANCIA,-10.5,-12.0,14,2023-06-11,2023-09-17,0,0,0,38.155233,13.321938,09:19,14,2
REG,22182,CEFALU`,PUNTA RAISI,PALERMO NOTARBARTOLO,-2.4285714285714284,-3.0,14,2023-06-11,2023-09-17,0,0,0,38.132261,13.341572,09:25,14,3
REG,22182,CEFALU`,PUNTA RAISI,LOLLI,0.7857142857142857,1.0,14,2023-06-11,2023-09-17,1,0,0,,,09:29,14,4
REG,22182,CEFALU`,PUNTA RAISI,BAGHERIA,1.4285714285714286,1.0,14,2023-06-11,2023-09-17,2,2,0,38.089905,13.507215,09:46,14,5
REG,22182,CEFALU`,PUNTA RAISI,TERMINI IMERESE,1.4285714285714286,-1.0,14,2023-06-11,2023-09-17,4,3,1,37.980132,13.703631,10:02,14,6
REG,22182,CEFALU`,PUNTA RAISI,CAMPOFELICE,2.2857142857142856,-1.0,14,2023-06-11,2023-09-17,5,3,1,37.992615,13.876549,10:12,14,7
REG,22182,CEFALU`,PUNTA RAISI,CEFALU`,2.9285714285714284,0.0,14,2023-06-11,2023-09-17,5,3,1,38.03285,14.019526,10:25,14,8
