train_class,train_number,train_arrival_stop_name,train_departure_stop_name,stop_name,avg_arrival_delay,median_arrival_delay,count_dates_stop,first_date,last_date,count_3m_delay,count_5m_delay,count_10m_delay,stop_lat,stop_lon,stop_time,count_dates_train,stop_number
REG,2607,BRESCIA,MILANO CENTRALE,ROMANO,0.7333333333333333,-1.0,15,2023-12-10,2023-12-31,4,2,1,45.523839,9.753402,00:04,15,1
REG,2607,BRESCIA,MILANO CENTRALE,ROVATO,0.8,-1.0,15,2023-12-10,2023-12-31,3,2,0,45.55193,10.000924,00:19,15,2
REG,2607,BRESCIA,MILANO CENTRALE,BRESCIA,2.2666666666666666,4.0,15,2023-12-10,2023-12-31,8,6,0,45.532315,10.212828,00:33,15,3
REG,2607,BRESCIA,MILANO CENTRALE,MILANO CENTRALE,1.4,1.0,15,2023-12-10,2023-12-31,1,1,0,45.486347,9.204528,23:25,15,4
REG,2607,BRESCIA,MILANO CENTRALE,MILANO LAMBRATE,2.0,1.0,15,2023-12-10,2023-12-31,4,2,0,45.484933,9.237333,23:31,15,5
REG,2607,BRESCIA,MILANO CENTRALE,PIOLTELLO LIMITO,2.8666666666666667,2.0,15,2023-12-10,2023-12-31,6,3,1,45.486019,9.329319,23:39,15,6
REG,2607,BRESCIA,MILANO CENTRALE,TREVIGLIO,2.0,1.0,15,2023-12-10,2023-12-31,5,3,1,45.515063,9.587919,23:54,15,7
