train_class,train_number,train_arrival_stop_name,train_departure_stop_name,stop_name,avg_arrival_delay,median_arrival_delay,count_dates_stop,first_date,last_date,count_3m_delay,count_5m_delay,count_10m_delay,stop_lat,stop_lon,stop_time,count_dates_train,stop_number
REG,20330,CESANO DI ROMA,ROMA OSTIENSE,ROMA OSTIENSE,2.101983002832861,1.0,353,2023-01-01,2023-12-31,69,29,9,41.87265,12.483917,06:13,353,1
REG,20330,CESANO DI ROMA,ROMA OSTIENSE,ROMA TRASTEVERE,-0.09631728045325778,-1.0,353,2023-01-01,2023-12-31,33,20,7,41.872279,12.466162,06:18,353,2
REG,20330,CESANO DI ROMA,ROMA OSTIENSE,QUATTRO VENTI,1.538243626062323,1.0,353,2023-01-01,2023-12-31,34,20,8,41.880145,12.459731,06:21,353,3
REG,20330,CESANO DI ROMA,ROMA OSTIENSE,ROMA S.PIETRO,0.10764872521246459,-1.0,353,2023-01-01,2023-12-31,25,15,5,41.896143,12.454497,06:25,353,4
REG,20330,CESANO DI ROMA,ROMA OSTIENSE,VALLE AURELIA,3.9490084985835696,4.0,353,2023-01-01,2023-12-31,353,41,10,41.899356,12.447667,06:28,353,5
REG,20330,CESANO DI ROMA,ROMA OSTIENSE,APPIANO,1.3767705382436262,1.0,353,2023-01-01,2023-12-31,26,12,4,41.909342,12.43838,06:32,353,6
REG,20330,CESANO DI ROMA,ROMA OSTIENSE,ROMA BALDUINA,1.3172804532577904,1.0,353,2023-01-01,2023-12-31,31,13,4,,,06:34,353,7
REG,20330,CESANO DI ROMA,ROMA OSTIENSE,GEMELLI,2.41643059490085,2.0,353,2023-01-01,2023-12-31,94,19,5,41.927813,12.427797,06:37,353,8
REG,20330,CESANO DI ROMA,ROMA OSTIENSE,ROMA MONTE MARIO,2.028328611898017,2.0,353,2023-01-01,2023-12-31,88,19,4,41.939088,12.421732,06:40,353,9
REG,20330,CESANO DI ROMA,ROMA OSTIENSE,ROMA S.FILIPPO NERI,0.9575070821529745,1.0,353,2023-01-01,2023-12-31,36,12,4,41.950262,12.412414,06:43,353,10
REG,20330,CESANO DI ROMA,ROMA OSTIENSE,OTTAVIA,1.6543909348441925,1.0,353,2023-01-01,2023-12-31,54,13,3,,,06:46,353,11
REG,20330,CESANO DI ROMA,ROMA OSTIENSE,IPOGEO DEGLI OTTAVI,1.2209631728045325,1.0,353,2023-01-01,2023-12-31,37,11,2,41.968391,12.409026,06:49,353,12
REG,20330,CESANO DI ROMA,ROMA OSTIENSE,LA GIUSTINIANA,1.9403409090909092,2.0,352,2023-01-01,2023-12-31,75,17,2,41.985243,12.403457,06:52,353,13
REG,20330,CESANO DI ROMA,ROMA OSTIENSE,LA STORTA,1.4232954545454546,1.0,352,2023-01-01,2023-12-31,54,11,3,42.001748,12.381254,06:56,353,14
REG,20330,CESANO DI ROMA,ROMA OSTIENSE,OLGIATA,3.122159090909091,3.0,352,2023-01-01,2023-12-31,205,49,4,42.01538,12.363864,06:59,353,15
REG,20330,CESANO DI ROMA,ROMA OSTIENSE,CESANO DI ROMA,1.5099150141643058,1.0,353,2023-01-01,2023-12-31,61,16,3,42.061833,12.326669,07:06,353,16
