train_class,train_number,train_arrival_stop_name,train_departure_stop_name,stop_name,avg_arrival_delay,median_arrival_delay,count_dates_stop,first_date,last_date,count_3m_delay,count_5m_delay,count_10m_delay,stop_lat,stop_lon,stop_time,count_dates_train,stop_number
REG,20759,CESANO DI ROMA,MONTEROTONDO,MONTEROTONDO,1.44,1.0,200,2023-01-09,2023-12-22,10,6,3,42.06409,12.595753,17:54,200,1
REG,20759,CESANO DI ROMA,MONTEROTONDO,SETTE BAGNI,2.01,2.0,200,2023-01-09,2023-12-22,35,10,3,42.006438,12.520156,18:01,200,2
REG,20759,CESANO DI ROMA,MONTEROTONDO,FIDENE,1.81,1.0,200,2023-01-09,2023-12-22,43,12,3,41.979773,12.508451,18:06,200,3
REG,20759,CESANO DI ROMA,MONTEROTONDO,NUOVO SALARIO,0.16080402010050251,-1.0,199,2023-01-09,2023-12-22,15,6,1,41.956195,12.510317,18:10,200,4
REG,20759,CESANO DI ROMA,MONTEROTONDO,ROMA NOMENTANA L.L.,-0.04,-1.0,200,2023-01-09,2023-12-22,20,12,2,41.932935,12.523628,18:15,200,5
REG,20759,CESANO DI ROMA,MONTEROTONDO,ROMA TIBURTINA,-0.6852791878172588,-2.0,197,2023-01-09,2023-12-22,20,13,2,41.910903,12.530749,18:22,200,6
REG,20759,CESANO DI ROMA,MONTEROTONDO,ROMA TUSCOLANA,1.134020618556701,1.0,194,2023-01-09,2023-12-22,38,19,2,41.879384,12.523505,18:28,200,7
REG,20759,CESANO DI ROMA,MONTEROTONDO,ROMA OSTIENSE,0.335,0.0,200,2023-01-09,2023-12-22,30,14,4,41.87265,12.483917,18:36,200,8
REG,20759,CESANO DI ROMA,MONTEROTONDO,ROMA TRASTEVERE,3.25,2.0,200,2023-01-09,2023-12-22,93,41,8,41.872279,12.466162,18:40,200,9
REG,20759,CESANO DI ROMA,MONTEROTONDO,QUATTRO VENTI,3.6,3.0,200,2023-01-09,2023-12-22,116,44,9,41.880145,12.459731,18:43,200,10
REG,20759,CESANO DI ROMA,MONTEROTONDO,ROMA S.PIETRO,2.605,2.0,200,2023-01-09,2023-12-22,72,29,7,41.896143,12.454497,18:47,200,11
REG,20759,CESANO DI ROMA,MONTEROTONDO,VALLE AURELIA,5.824120603015075,5.0,199,2023-01-09,2023-12-22,199,123,18,41.899356,12.447667,18:50,200,12
REG,20759,CESANO DI ROMA,MONTEROTONDO,APPIANO,3.125,2.0,200,2023-01-09,2023-12-22,88,31,9,41.909342,12.43838,18:54,200,13
REG,20759,CESANO DI ROMA,MONTEROTONDO,ROMA BALDUINA,3.02,2.0,200,2023-01-09,2023-12-22,84,34,10,,,18:56,200,14
REG,20759,CESANO DI ROMA,MONTEROTONDO,GEMELLI,4.14,3.0,200,2023-01-09,2023-12-22,137,61,13,41.927813,12.427797,18:59,200,15
REG,20759,CESANO DI ROMA,MONTEROTONDO,ROMA MONTE MARIO,3.64,3.0,200,2023-01-09,2023-12-22,109,48,13,41.939088,12.421732,19:02,200,16
REG,20759,CESANO DI ROMA,MONTEROTONDO,ROMA S.FILIPPO NERI,2.79,2.0,200,2023-01-09,2023-12-22,79,35,11,41.950262,12.412414,19:05,200,17
REG,20759,CESANO DI ROMA,MONTEROTONDO,OTTAVIA,3.29,2.0,200,2023-01-09,2023-12-22,96,43,12,,,19:08,200,18
REG,20759,CESANO DI ROMA,MONTEROTONDO,IPOGEO DEGLI OTTAVI,3.01,2.0,200,2023-01-09,2023-12-22,83,38,12,41.968391,12.409026,19:11,200,19
REG,20759,CESANO DI ROMA,MONTEROTONDO,LA GIUSTINIANA,3.6,2.0,200,2023-01-09,2023-12-22,96,47,13,41.985243,12.403457,19:14,200,20
REG,20759,CESANO DI ROMA,MONTEROTONDO,LA STORTA,2.92,2.0,200,2023-01-09,2023-12-22,79,35,11,42.001748,12.381254,19:18,200,21
REG,20759,CESANO DI ROMA,MONTEROTONDO,OLGIATA,4.7537688442211055,4.0,199,2023-01-09,2023-12-22,149,75,14,42.01538,12.363864,19:21,200,22
REG,20759,CESANO DI ROMA,MONTEROTONDO,CESANO DI ROMA,3.195,2.0,200,2023-01-09,2023-12-22,88,39,11,42.061833,12.326669,19:28,200,23
