train_class,train_number,train_arrival_stop_name,train_departure_stop_name,stop_name,avg_arrival_delay,median_arrival_delay,count_dates_stop,first_date,last_date,count_3m_delay,count_5m_delay,count_10m_delay,stop_lat,stop_lon,stop_time,count_dates_train,stop_number
REG,25361,GALLARATE,LUINO,LUINO,8.416666666666666,5.0,12,2023-12-10,2023-12-31,12,8,3,45.996643,8.737464,08:45,12,1
REG,25361,GALLARATE,LUINO,PORTO VALTRAVAGLIA,9.166666666666666,6.0,12,2023-12-10,2023-12-31,12,10,3,45.958219,8.674141,08:50,12,2
REG,25361,GALLARATE,LUINO,CALDE`,9.333333333333334,5.0,12,2023-12-10,2023-12-31,12,10,3,45.945812,8.663157,08:53,12,3
REG,25361,GALLARATE,LUINO,LAVENO MOMBELLO,8.583333333333334,4.0,12,2023-12-10,2023-12-31,12,6,2,45.903272,8.624583,08:59,12,4
REG,25361,GALLARATE,LUINO,SANGIANO,9.666666666666666,6.0,12,2023-12-10,2023-12-31,12,11,3,45.874464,8.630769,09:04,12,5
REG,25361,GALLARATE,LUINO,BESOZZO,8.583333333333334,5.0,12,2023-12-10,2023-12-31,11,8,2,45.842188,8.662997,09:09,12,6
REG,25361,GALLARATE,LUINO,TRAVEDONA BIANDRONNO,9.0,6.0,12,2023-12-10,2023-12-31,12,9,2,45.809601,8.696322,09:14,12,7
REG,25361,GALLARATE,LUINO,TERNATE VARANO BORGHI,7.75,4.0,12,2023-12-10,2023-12-31,11,6,2,45.781835,8.700371,09:18,12,8
REG,25361,GALLARATE,LUINO,MORNAGO CIMBRO,7.083333333333333,4.0,12,2023-12-10,2023-12-31,9,5,2,45.729742,8.734193,09:24,12,9
REG,25361,GALLARATE,LUINO,BESNATE,5.5,2.0,12,2023-12-10,2023-12-31,5,4,2,45.695409,8.761072,09:29,12,10
REG,25361,GALLARATE,LUINO,GALLARATE,4.666666666666667,1.0,12,2023-12-10,2023-12-31,4,4,2,45.659828,8.798243,09:35,12,11
