train_class,train_number,train_arrival_stop_name,train_departure_stop_name,stop_name,avg_arrival_delay,median_arrival_delay,count_dates_stop,first_date,last_date,count_3m_delay,count_5m_delay,count_10m_delay,stop_lat,stop_lon,stop_time,count_dates_train,stop_number
REG,24979,ALBAIRATE VERMEZZO,SARONNO,SARONNO,3.641860465116279,2.0,215,2023-01-02,2023-12-29,92,65,19,45.625309,9.030839,20:35,215,1
REG,24979,ALBAIRATE VERMEZZO,SARONNO,SARONNO SUD,1.413953488372093,-1.0,215,2023-01-02,2023-12-29,62,38,10,,,20:38,215,2
REG,24979,ALBAIRATE VERMEZZO,SARONNO,CERLANO LAGHETTO,1.813953488372093,0.0,215,2023-01-02,2023-12-29,69,41,11,,,20:42,215,3
REG,24979,ALBAIRATE VERMEZZO,SARONNO,CESANO MADERNO,-0.29767441860465116,-2.0,215,2023-01-02,2023-12-29,47,32,10,,,20:51,215,4
REG,24979,ALBAIRATE VERMEZZO,SARONNO,BARRUCCANA,1.7348837209302326,0.0,215,2023-01-02,2023-12-29,60,41,15,,,20:53,215,5
REG,24979,ALBAIRATE VERMEZZO,SARONNO,SEREGNO,4.190697674418605,2.0,215,2023-01-02,2023-12-29,106,65,28,45.64601,9.20285,20:59,215,6
REG,24979,ALBAIRATE VERMEZZO,SARONNO,DESIO,4.181395348837209,3.0,215,2023-01-02,2023-12-29,124,65,25,45.620112,9.218495,21:07,215,7
REG,24979,ALBAIRATE VERMEZZO,SARONNO,LISSONE-MUGGIO`,4.242268041237113,3.0,194,2023-01-02,2023-11-17,119,65,20,45.60592,9.235368,21:11,215,8
REG,24979,ALBAIRATE VERMEZZO,SARONNO,MONZA,4.0233644859813085,3.0,214,2023-01-02,2023-12-29,116,70,23,45.577789,9.273253,21:16,215,9
REG,24979,ALBAIRATE VERMEZZO,SARONNO,SESTO S. GIOVANNI,3.744186046511628,2.0,215,2023-01-02,2023-12-29,102,63,22,45.541087,9.23926,21:22,215,10
REG,24979,ALBAIRATE VERMEZZO,SARONNO,MILANO GRECO PIRELLI,5.316279069767442,4.0,215,2023-01-02,2023-12-29,145,90,30,45.51272,9.214456,21:27,215,11
REG,24979,ALBAIRATE VERMEZZO,SARONNO,MILANO LAMBRATE,7.134883720930232,5.0,215,2023-01-02,2023-12-29,175,131,49,45.484933,9.237333,21:34,215,12
REG,24979,ALBAIRATE VERMEZZO,SARONNO,MILANO S. CRISTOFORO,3.460093896713615,2.0,213,2023-01-02,2023-12-29,88,66,27,45.442404,9.130258,22:01,215,13
REG,24979,ALBAIRATE VERMEZZO,SARONNO,ALBAIRATE VERMEZZO,2.5906976744186045,1.0,215,2023-01-02,2023-12-29,63,42,17,,,22:24,215,14
