train_class,train_number,train_arrival_stop_name,train_departure_stop_name,stop_name,avg_arrival_delay,median_arrival_delay,count_dates_stop,first_date,last_date,count_3m_delay,count_5m_delay,count_10m_delay,stop_lat,stop_lon,stop_time,count_dates_train,stop_number
REG,2809,MILANO CENTRALE,LECCO,LECCO,2.450980392156863,1.0,51,2023-01-01,2023-12-31,11,6,3,45.856471,9.393638,05:49,51,1
REG,2809,MILANO CENTRALE,LECCO,CALOLZIOCORTE OLGINATE,2.26,1.0,50,2023-01-01,2023-12-31,11,5,3,45.801619,9.42698,05:55,51,2
REG,2809,MILANO CENTRALE,LECCO,OLGIATE-CALCO-BRIVIO,2.4313725490196076,1.0,51,2023-01-01,2023-12-31,10,6,2,45.729166,9.40377,06:03,51,3
REG,2809,MILANO CENTRALE,LECCO,CERNUSCO-MERATE,2.4313725490196076,1.0,51,2023-01-01,2023-12-31,10,6,2,45.695096,9.396794,06:07,51,4
REG,2809,MILANO CENTRALE,LECCO,CARNATE USMATE,1.0392156862745099,0.0,51,2023-01-01,2023-12-31,8,4,1,45.653072,9.375089,06:13,51,5
REG,2809,MILANO CENTRALE,LECCO,MONZA,1.1372549019607843,0.0,51,2023-01-01,2023-12-31,9,4,1,45.577789,9.273253,06:22,51,6
REG,2809,MILANO CENTRALE,LECCO,SESTO S. GIOVANNI,1.6470588235294117,1.0,51,2023-01-01,2023-12-31,11,5,1,45.541087,9.23926,06:28,51,7
REG,2809,MILANO CENTRALE,LECCO,MILANO CENTRALE,-0.6862745098039216,-2.0,51,2023-01-01,2023-12-31,5,2,1,45.486347,9.204528,06:40,51,8
