train_class,train_number,train_arrival_stop_name,train_departure_stop_name,stop_name,avg_arrival_delay,median_arrival_delay,count_dates_stop,first_date,last_date,count_3m_delay,count_5m_delay,count_10m_delay,stop_lat,stop_lon,stop_time,count_dates_train,stop_number
REG,3189,TORINO P.NUOVA,IMPERIA,IMPERIA,3.9130434782608696,2.0,23,2023-04-23,2023-09-10,4,3,2,43.896798,8.03139,19:14,23,1
REG,3189,TORINO P.NUOVA,IMPERIA,ALASSIO,9.565217391304348,7.0,23,2023-04-23,2023-09-10,19,16,8,44.007889,8.17112,19:29,23,2
REG,3189,TORINO P.NUOVA,IMPERIA,ALBENGA,13.043478260869565,9.0,23,2023-04-23,2023-09-10,20,20,10,44.04722,8.221663,19:35,23,3
REG,3189,TORINO P.NUOVA,IMPERIA,LOANO,2.5217391304347827,-3.0,23,2023-04-23,2023-09-10,7,5,5,44.122429,8.254523,19:56,23,4
REG,3189,TORINO P.NUOVA,IMPERIA,PIETRA LIGURE,8.391304347826088,4.0,23,2023-04-23,2023-09-10,13,11,7,44.145345,8.277403,20:02,23,5
REG,3189,TORINO P.NUOVA,IMPERIA,FINALE LIGURE MARINA,10.347826086956522,5.0,23,2023-04-23,2023-09-10,17,14,9,44.169116,8.34033,20:08,23,6
REG,3189,TORINO P.NUOVA,IMPERIA,SAVONA,8.08695652173913,3.0,23,2023-04-23,2023-09-10,14,10,7,44.306892,8.470259,20:25,23,7
REG,3189,TORINO P.NUOVA,IMPERIA,SAN GIUSEPPE DI CAIRO,6.130434782608695,2.0,23,2023-04-23,2023-09-10,11,11,7,44.370096,8.28864,20:52,23,8
REG,3189,TORINO P.NUOVA,IMPERIA,CENGIO,9.181818181818182,3.0,22,2023-04-23,2023-09-10,16,10,9,44.390798,8.191824,21:00,23,9
REG,3189,TORINO P.NUOVA,IMPERIA,CEVA,12.545454545454545,4.0,22,2023-04-23,2023-09-10,20,11,9,44.389861,8.031958,21:14,23,10
REG,3189,TORINO P.NUOVA,IMPERIA,MONDOVI`,9.090909090909092,5.0,22,2023-04-23,2023-09-10,12,12,7,44.398255,7.816339,21:32,23,11
REG,3189,TORINO P.NUOVA,IMPERIA,FOSSANO,5.2272727272727275,1.0,22,2023-04-23,2023-09-10,9,6,4,44.550231,7.717971,21:53,23,12
REG,3189,TORINO P.NUOVA,IMPERIA,SAVIGLIANO,5.909090909090909,0.0,22,2023-04-23,2023-09-10,8,7,4,44.651337,7.663748,22:03,23,13
REG,3189,TORINO P.NUOVA,IMPERIA,CAVALLERMAGGIORE,6.318181818181818,0.0,22,2023-04-23,2023-09-10,9,7,5,44.708147,7.692108,22:10,23,14
REG,3189,TORINO P.NUOVA,IMPERIA,CARMAGNOLA,5.454545454545454,-1.0,22,2023-04-23,2023-09-10,7,5,5,44.846944,7.72797,22:22,23,15
REG,3189,TORINO P.NUOVA,IMPERIA,TORINO LINGOTTO,7.782608695652174,3.0,23,2023-04-23,2023-09-10,12,10,5,45.0266,7.657469,22:37,23,16
REG,3189,TORINO P.NUOVA,IMPERIA,TORINO P.NUOVA,9.652173913043478,4.0,23,2023-04-23,2023-09-10,13,11,6,45.060969,7.67747,22:45,23,17
