train_class,train_number,train_arrival_stop_name,train_departure_stop_name,stop_name,avg_arrival_delay,median_arrival_delay,count_dates_stop,first_date,last_date,count_3m_delay,count_5m_delay,count_10m_delay,stop_lat,stop_lon,stop_time,count_dates_train,stop_number
REG,3640,CONEGLIANO,VENEZIA SANTA LUCIA,VENEZIA SANTA LUCIA,0.8138888888888889,0.0,360,2023-01-01,2023-12-31,14,8,3,45.441569,12.320882,06:31,360,1
REG,3640,CONEGLIANO,VENEZIA SANTA LUCIA,VENEZIA MESTRE,0.9638888888888889,1.0,360,2023-01-01,2023-12-31,47,20,4,45.482123,12.232069,06:41,360,2
REG,3640,CONEGLIANO,VENEZIA SANTA LUCIA,MOGLIANO VENETO,-0.24166666666666667,-1.0,360,2023-01-01,2023-12-31,28,9,7,45.561964,12.23274,06:52,360,3
REG,3640,CONEGLIANO,VENEZIA SANTA LUCIA,TREVISO C.,-0.5694444444444444,-1.0,360,2023-01-01,2023-12-31,17,10,5,45.659608,12.24614,07:05,360,4
REG,3640,CONEGLIANO,VENEZIA SANTA LUCIA,SPRESIANO,0.03611111111111111,-1.0,360,2023-01-01,2023-12-31,26,14,8,45.77763,12.266984,07:17,360,5
REG,3640,CONEGLIANO,VENEZIA SANTA LUCIA,CONEGLIANO,-2.0805555555555557,-3.0,360,2023-01-01,2023-12-31,19,12,7,45.884706,12.298909,07:30,360,6
