train_class,train_number,train_arrival_stop_name,train_departure_stop_name,stop_name,avg_arrival_delay,median_arrival_delay,count_dates_stop,first_date,last_date,count_3m_delay,count_5m_delay,count_10m_delay,stop_lat,stop_lon,stop_time,count_dates_train,stop_number
REG,34949,BICOCCA,LETOJANNI,LETOJANNI,1.4,1.0,15,2023-06-11,2023-09-17,1,0,0,37.877581,15.303128,10:30,15,1
REG,34949,BICOCCA,LETOJANNI,TAORMINA,-0.5333333333333333,-1.0,15,2023-06-11,2023-09-17,0,0,0,37.845429,15.282584,10:35,15,2
REG,34949,BICOCCA,LETOJANNI,FIUMEFREDDO DI SICILIA,4.133333333333334,2.0,15,2023-06-11,2023-09-17,7,3,2,37.795247,15.205615,10:44,15,3
REG,34949,BICOCCA,LETOJANNI,GIARRE RIPOSTO,4.2,1.0,15,2023-06-11,2023-09-17,3,3,2,37.730346,15.193386,10:52,15,4
REG,34949,BICOCCA,LETOJANNI,ACIREALE,3.2,-1.0,15,2023-06-11,2023-09-17,3,2,1,37.600514,15.163697,11:03,15,5
REG,34949,BICOCCA,LETOJANNI,CATANIA CENTRALE,-0.8666666666666667,-5.0,15,2023-06-11,2023-09-17,2,1,1,37.506211,15.099417,11:18,15,6
REG,34949,BICOCCA,LETOJANNI,BICOCCA,1.5333333333333334,-2.0,15,2023-06-11,2023-09-17,1,1,1,37.460617,15.044594,11:34,15,7
