train_class,train_number,train_arrival_stop_name,train_departure_stop_name,stop_name,avg_arrival_delay,median_arrival_delay,count_dates_stop,first_date,last_date,count_3m_delay,count_5m_delay,count_10m_delay,stop_lat,stop_lon,stop_time,count_dates_train,stop_number
REG,3691,PADOVA,MONTEBELLUNA,MONTEBELLUNA,1.7298387096774193,1.0,248,2023-01-02,2023-12-29,19,7,2,45.776434,12.054,07:08,248,1
REG,3691,PADOVA,MONTEBELLUNA,FANZOLO,0.6935483870967742,1.0,248,2023-01-02,2023-12-29,13,7,1,45.708253,11.992069,07:15,248,2
REG,3691,PADOVA,MONTEBELLUNA,CASTELFRANCO VENETO,2.0524193548387095,2.0,248,2023-01-02,2023-12-29,48,10,3,45.666439,11.934315,07:23,248,3
REG,3691,PADOVA,MONTEBELLUNA,CAMPOSAMPIERO,2.681451612903226,2.0,248,2023-01-02,2023-12-29,103,26,5,45.568922,11.928293,07:34,248,4
REG,3691,PADOVA,MONTEBELLUNA,PADOVA,-0.8911290322580645,-2.0,248,2023-01-02,2023-12-29,20,10,3,45.417846,11.880794,07:53,248,5
