train_class,train_number,train_arrival_stop_name,train_departure_stop_name,stop_name,avg_arrival_delay,median_arrival_delay,count_dates_stop,first_date,last_date,count_3m_delay,count_5m_delay,count_10m_delay,stop_lat,stop_lon,stop_time,count_dates_train,stop_number
REG,3516,VERONA PORTA NUOVA,VENEZIA SANTA LUCIA,VENEZIA SANTA LUCIA,1.5547703180212014,1.0,283,2023-01-01,2023-12-30,57,14,3,45.441569,12.320882,21:10,283,1
REG,3516,VERONA PORTA NUOVA,VENEZIA SANTA LUCIA,VENEZIA MESTRE,1.3780918727915195,1.0,283,2023-01-01,2023-12-30,72,22,5,45.482123,12.232069,21:20,283,2
REG,3516,VERONA PORTA NUOVA,VENEZIA SANTA LUCIA,PADOVA,1.9964664310954063,1.0,283,2023-01-01,2023-12-30,82,37,13,45.417846,11.880794,21:38,283,3
REG,3516,VERONA PORTA NUOVA,VENEZIA SANTA LUCIA,VICENZA,1.2720588235294117,0.0,272,2023-01-01,2023-12-30,65,40,13,45.541102,11.540762,21:56,283,4
REG,3516,VERONA PORTA NUOVA,VENEZIA SANTA LUCIA,SAN BONIFACIO,3.2279411764705883,2.0,272,2023-01-01,2023-12-30,109,61,19,45.40276,11.27406,22:12,283,5
REG,3516,VERONA PORTA NUOVA,VENEZIA SANTA LUCIA,VERONA PORTA VESCOVO,-2.9338235294117645,-4.0,272,2023-01-01,2023-12-30,26,23,7,45.435552,11.018841,22:31,283,6
REG,3516,VERONA PORTA NUOVA,VENEZIA SANTA LUCIA,VERONA PORTA NUOVA,1.2614840989399294,0.0,283,2023-01-01,2023-12-30,45,33,11,45.428603,10.982377,22:38,283,7
