train_class,train_number,train_arrival_stop_name,train_departure_stop_name,stop_name,avg_arrival_delay,median_arrival_delay,count_dates_stop,first_date,last_date,count_3m_delay,count_5m_delay,count_10m_delay,stop_lat,stop_lon,stop_time,count_dates_train,stop_number
REG,34472,SEREGNO,SARONNO,SARONNO,1.1428571428571428,0.0,49,2023-01-01,2023-12-31,6,5,2,45.625309,9.030839,19:05,49,1
REG,34472,SEREGNO,SARONNO,SARONNO SUD,0.9183673469387755,0.0,49,2023-01-01,2023-12-31,5,5,2,,,19:08,49,2
REG,34472,SEREGNO,SARONNO,GROANE,1.163265306122449,0.0,49,2023-01-01,2023-12-31,6,5,2,,,19:15,49,3
REG,34472,SEREGNO,SARONNO,CESANO MADERNO,1.6122448979591837,0.0,49,2023-01-01,2023-12-31,6,4,3,,,19:21,49,4
REG,34472,SEREGNO,SARONNO,BARRUCCANA,1.4081632653061225,0.0,49,2023-01-01,2023-12-31,5,4,3,,,19:24,49,5
REG,34472,SEREGNO,SARONNO,SEREGNO,1.8571428571428572,0.0,49,2023-01-01,2023-12-31,8,5,3,45.64601,9.20285,19:29,49,6
