train_class,train_number,train_arrival_stop_name,train_departure_stop_name,stop_name,avg_arrival_delay,median_arrival_delay,count_dates_stop,first_date,last_date,count_3m_delay,count_5m_delay,count_10m_delay,stop_lat,stop_lon,stop_time,count_dates_train,stop_number
REG,3161,TORINO P.NUOVA,VENTIMIGLIA,VENTIMIGLIA,3.0634920634920637,2.0,126,2023-04-25,2023-09-03,41,10,4,43.792561,7.610224,17:28,126,1
REG,3161,TORINO P.NUOVA,VENTIMIGLIA,BORDIGHERA,1.5634920634920635,1.0,126,2023-04-25,2023-09-03,20,7,5,43.778313,7.663504,17:36,126,2
REG,3161,TORINO P.NUOVA,VENTIMIGLIA,TAGGIA ARMA,1.3095238095238095,1.0,126,2023-04-25,2023-09-03,19,9,4,43.844567,7.855324,17:52,126,3
REG,3161,TORINO P.NUOVA,VENTIMIGLIA,IMPERIA,1.2619047619047619,1.0,126,2023-04-25,2023-09-03,23,10,4,43.896798,8.03139,18:03,126,4
REG,3161,TORINO P.NUOVA,VENTIMIGLIA,ANDORA,0.5634920634920635,-1.0,126,2023-04-25,2023-09-03,14,10,3,,,18:17,126,5
REG,3161,TORINO P.NUOVA,VENTIMIGLIA,ALASSIO,8.53968253968254,7.0,126,2023-04-25,2023-09-03,111,86,45,44.007889,8.17112,18:25,126,6
REG,3161,TORINO P.NUOVA,VENTIMIGLIA,ALBENGA,10.015873015873016,8.0,126,2023-04-25,2023-09-03,113,98,53,44.04722,8.221663,18:33,126,7
REG,3161,TORINO P.NUOVA,VENTIMIGLIA,LOANO,8.095238095238095,7.0,126,2023-04-25,2023-09-03,99,80,35,44.122429,8.254523,18:47,126,8
REG,3161,TORINO P.NUOVA,VENTIMIGLIA,PIETRA LIGURE,8.396825396825397,7.0,126,2023-04-25,2023-09-03,111,90,29,44.145345,8.277403,18:56,126,9
REG,3161,TORINO P.NUOVA,VENTIMIGLIA,FINALE LIGURE MARINA,10.714285714285714,9.0,126,2023-04-25,2023-09-03,118,110,53,44.169116,8.34033,19:04,126,10
REG,3161,TORINO P.NUOVA,VENTIMIGLIA,SPOTORNO NOLI,11.5,10.0,126,2023-04-25,2023-09-03,121,109,69,44.226528,8.410932,19:11,126,11
REG,3161,TORINO P.NUOVA,VENTIMIGLIA,SAVONA,7.792,5.0,125,2023-04-25,2023-09-03,92,76,26,44.306892,8.470259,19:25,126,12
REG,3161,TORINO P.NUOVA,VENTIMIGLIA,SAN GIUSEPPE DI CAIRO,7.178861788617886,3.0,123,2023-04-25,2023-09-03,73,53,27,44.370096,8.28864,19:52,126,13
REG,3161,TORINO P.NUOVA,VENTIMIGLIA,CENGIO,9.864406779661017,5.0,118,2023-04-25,2023-09-03,98,72,28,44.390798,8.191824,20:00,126,14
REG,3161,TORINO P.NUOVA,VENTIMIGLIA,CEVA,10.347457627118644,6.0,118,2023-04-25,2023-09-03,106,75,32,44.389861,8.031958,20:16,126,15
REG,3161,TORINO P.NUOVA,VENTIMIGLIA,MONDOVI`,10.025423728813559,5.0,118,2023-04-25,2023-09-03,98,73,32,44.398255,7.816339,20:30,126,16
REG,3161,TORINO P.NUOVA,VENTIMIGLIA,FOSSANO,9.847457627118644,5.0,118,2023-04-25,2023-09-03,94,69,35,44.550231,7.717971,20:43,126,17
REG,3161,TORINO P.NUOVA,VENTIMIGLIA,SAVIGLIANO,10.542372881355933,6.0,118,2023-04-25,2023-09-03,95,72,37,44.651337,7.663748,20:51,126,18
REG,3161,TORINO P.NUOVA,VENTIMIGLIA,CAVALLERMAGGIORE,10.805084745762711,6.0,118,2023-04-25,2023-09-03,95,73,38,44.708147,7.692108,20:57,126,19
REG,3161,TORINO P.NUOVA,VENTIMIGLIA,CARMAGNOLA,9.220338983050848,4.0,118,2023-04-25,2023-09-03,78,59,33,44.846944,7.72797,21:09,126,20
REG,3161,TORINO P.NUOVA,VENTIMIGLIA,TORINO LINGOTTO,6.341269841269841,2.0,126,2023-04-25,2023-09-03,53,41,27,45.0266,7.657469,21:28,126,21
REG,3161,TORINO P.NUOVA,VENTIMIGLIA,TORINO P.NUOVA,10.476190476190476,4.0,126,2023-04-25,2023-09-03,79,55,36,45.060969,7.67747,21:35,126,22
