train_class,train_number,train_arrival_stop_name,train_departure_stop_name,stop_name,avg_arrival_delay,median_arrival_delay,count_dates_stop,first_date,last_date,count_3m_delay,count_5m_delay,count_10m_delay,stop_lat,stop_lon,stop_time,count_dates_train,stop_number
REG,33593,MILANO CENTRALE,DOMODOSSOLA,DOMODOSSOLA,1.0816326530612246,1.0,49,2023-03-20,2023-05-08,1,0,0,46.115429,8.296684,06:49,49,1
REG,33593,MILANO CENTRALE,DOMODOSSOLA,PREMOSELLO CHIOVENDA,-0.673469387755102,-1.0,49,2023-03-20,2023-05-08,1,1,0,46.002188,8.326649,07:00,49,2
REG,33593,MILANO CENTRALE,DOMODOSSOLA,VERBANIA-PALLANZA,-0.8979591836734694,-1.0,49,2023-03-20,2023-05-08,1,1,0,45.943821,8.47224,07:10,49,3
REG,33593,MILANO CENTRALE,DOMODOSSOLA,STRESA,2.4693877551020407,1.0,49,2023-03-20,2023-05-08,12,2,1,45.884486,8.531454,07:17,49,4
REG,33593,MILANO CENTRALE,DOMODOSSOLA,ARONA,-2.5306122448979593,-4.0,49,2023-03-20,2023-05-08,2,2,2,45.755392,8.559075,07:36,49,5
REG,33593,MILANO CENTRALE,DOMODOSSOLA,SESTO CALENDE,1.1020408163265305,-1.0,49,2023-03-20,2023-05-08,3,3,2,45.726241,8.628135,07:44,49,6
REG,33593,MILANO CENTRALE,DOMODOSSOLA,GALLARATE,0.9591836734693877,-2.0,49,2023-03-20,2023-05-08,8,5,2,45.659828,8.798243,07:58,49,7
REG,33593,MILANO CENTRALE,DOMODOSSOLA,BUSTO ARSIZIO,4.428571428571429,2.0,49,2023-03-20,2023-05-08,16,10,2,45.616164,8.865031,08:04,49,8
REG,33593,MILANO CENTRALE,DOMODOSSOLA,RHO FIERA MILANO,6.918367346938775,4.0,49,2023-03-20,2023-05-08,35,24,8,45.521157,9.088595,08:20,49,9
REG,33593,MILANO CENTRALE,DOMODOSSOLA,MILANO CENTRALE,5.775510204081633,3.0,49,2023-03-20,2023-05-08,29,19,4,45.486347,9.204528,08:35,49,10
