train_class,train_number,train_arrival_stop_name,train_departure_stop_name,stop_name,avg_arrival_delay,median_arrival_delay,count_dates_stop,first_date,last_date,count_3m_delay,count_5m_delay,count_10m_delay,stop_lat,stop_lon,stop_time,count_dates_train,stop_number
REG,374,M N CADORNA,MALPENSA AEROPORTO T2,MALPENSA AEROPORTO T2,1.37012987012987,0.0,154,2023-05-31,2023-12-31,30,18,6,45.627161,8.711288,19:20,154,1
REG,374,M N CADORNA,MALPENSA AEROPORTO T2,MALPENSA AEROPORTO T1,0.9805194805194806,0.0,154,2023-05-31,2023-12-31,19,12,6,45.627242,8.711081,19:25,154,2
REG,374,M N CADORNA,MALPENSA AEROPORTO T2,BUSTO ARSIZIO,1.5844155844155845,0.0,154,2023-05-31,2023-12-31,34,21,7,45.616164,8.865031,19:33,154,3
REG,374,M N CADORNA,MALPENSA AEROPORTO T2,SARONNO,1.5844155844155845,0.0,154,2023-05-31,2023-12-31,32,19,7,45.625309,9.030839,19:44,154,4
