train_class,train_number,train_arrival_stop_name,train_departure_stop_name,stop_name,avg_arrival_delay,median_arrival_delay,count_dates_stop,first_date,last_date,count_3m_delay,count_5m_delay,count_10m_delay,stop_lat,stop_lon,stop_time,count_dates_train,stop_number
REG,34116,PARMA,BERCETO,BERCETO,2.1627906976744184,1.0,43,2023-03-04,2023-11-05,4,3,3,44.555912,9.931759,15:58,43,1
REG,34116,PARMA,BERCETO,FORNOVO,-1.1627906976744187,-3.0,43,2023-03-04,2023-11-05,5,4,1,44.693791,10.102014,16:18,43,2
REG,34116,PARMA,BERCETO,OZZANO TARO,3.3488372093023258,1.0,43,2023-03-04,2023-11-05,8,7,2,44.712268,10.141022,16:23,43,3
REG,34116,PARMA,BERCETO,COLLECCHIO,1.4186046511627908,-1.0,43,2023-03-04,2023-11-05,7,5,2,44.755339,10.21228,16:29,43,4
REG,34116,PARMA,BERCETO,VICOFERTILE,3.116279069767442,1.0,43,2023-03-04,2023-11-05,9,6,3,44.778436,10.25834,16:33,43,5
REG,34116,PARMA,BERCETO,PARMA,0.6744186046511628,-1.0,43,2023-03-04,2023-11-05,5,4,2,44.810203,10.32837,16:42,43,6
