train_class,train_number,train_arrival_stop_name,train_departure_stop_name,stop_name,avg_arrival_delay,median_arrival_delay,count_dates_stop,first_date,last_date,count_3m_delay,count_5m_delay,count_10m_delay,stop_lat,stop_lon,stop_time,count_dates_train,stop_number
REG,3007,ARQUATA SCRIVIA,MILANO CENTRALE,MILANO CENTRALE,3.5842696629213484,2.0,267,2023-01-02,2023-12-09,101,53,20,45.486347,9.204528,18:10,267,1
REG,3007,ARQUATA SCRIVIA,MILANO CENTRALE,MILANO ROGOREDO,2.454887218045113,1.0,266,2023-01-02,2023-12-09,83,52,24,45.433866,9.2391,18:20,267,2
REG,3007,ARQUATA SCRIVIA,MILANO CENTRALE,PAVIA,0.10112359550561797,-2.0,267,2023-01-02,2023-12-09,65,48,20,45.188843,9.144674,18:44,267,3
REG,3007,ARQUATA SCRIVIA,MILANO CENTRALE,LUNGAVILLA,3.4157303370786516,0.0,267,2023-01-02,2023-12-09,90,59,24,45.049837,9.068968,18:56,267,4
REG,3007,ARQUATA SCRIVIA,MILANO CENTRALE,VOGHERA,4.310861423220974,2.0,267,2023-01-02,2023-12-09,106,72,28,44.9978,9.007942,19:02,267,5
REG,3007,ARQUATA SCRIVIA,MILANO CENTRALE,PONTECURONE,4.801498127340824,2.0,267,2023-01-02,2023-12-09,115,75,34,44.962014,8.929717,19:08,267,6
REG,3007,ARQUATA SCRIVIA,MILANO CENTRALE,TORTONA,6.711610486891386,4.0,267,2023-01-02,2023-12-09,190,117,44,44.900126,8.861777,19:15,267,7
REG,3007,ARQUATA SCRIVIA,MILANO CENTRALE,ARQUATA SCRIVIA,4.093632958801498,3.0,267,2023-01-02,2023-12-09,139,91,33,44.692533,8.885342,19:37,267,8
