train_class,train_number,train_arrival_stop_name,train_departure_stop_name,stop_name,avg_arrival_delay,median_arrival_delay,count_dates_stop,first_date,last_date,count_3m_delay,count_5m_delay,count_10m_delay,stop_lat,stop_lon,stop_time,count_dates_train,stop_number
REG,313,MALPENSA AEROPORTO T2,M N CADORNA,SARONNO,0.07738095238095238,0.0,168,2023-05-31,2023-12-31,4,2,2,45.625309,9.030839,07:15,168,1
REG,313,MALPENSA AEROPORTO T2,M N CADORNA,BUSTO ARSIZIO,0.8263473053892215,0.0,167,2023-05-31,2023-12-31,20,11,3,45.616164,8.865031,07:25,168,2
REG,313,MALPENSA AEROPORTO T2,M N CADORNA,MALPENSA AEROPORTO T1,0.8095238095238095,0.0,168,2023-05-31,2023-12-31,21,11,2,45.627242,8.711081,07:34,168,3
REG,313,MALPENSA AEROPORTO T2,M N CADORNA,MALPENSA AEROPORTO T2,0.9583333333333334,0.0,168,2023-05-31,2023-12-31,28,12,2,45.627161,8.711288,07:40,168,4
