train_class,train_number,train_arrival_stop_name,train_departure_stop_name,stop_name,avg_arrival_delay,median_arrival_delay,count_dates_stop,first_date,last_date,count_3m_delay,count_5m_delay,count_10m_delay,stop_lat,stop_lon,stop_time,count_dates_train,stop_number
REG,3502,VERONA PORTA NUOVA,VENEZIA SANTA LUCIA,VENEZIA SANTA LUCIA,0.8275862068965517,1.0,58,2023-01-01,2023-12-31,1,0,0,45.441569,12.320882,16:10,58,1
REG,3502,VERONA PORTA NUOVA,VENEZIA SANTA LUCIA,VENEZIA MESTRE,0.034482758620689655,0.0,58,2023-01-01,2023-12-31,7,0,0,45.482123,12.232069,16:20,58,2
REG,3502,VERONA PORTA NUOVA,VENEZIA SANTA LUCIA,PADOVA,2.189655172413793,1.0,58,2023-01-01,2023-12-31,16,9,1,45.417846,11.880794,16:38,58,3
REG,3502,VERONA PORTA NUOVA,VENEZIA SANTA LUCIA,VICENZA,4.362068965517241,0.0,58,2023-01-01,2023-12-31,15,11,5,45.541102,11.540762,16:56,58,4
REG,3502,VERONA PORTA NUOVA,VENEZIA SANTA LUCIA,SAN BONIFACIO,7.413793103448276,3.0,58,2023-01-01,2023-12-31,32,17,9,45.40276,11.27406,17:12,58,5
REG,3502,VERONA PORTA NUOVA,VENEZIA SANTA LUCIA,VERONA PORTA VESCOVO,4.913793103448276,1.0,58,2023-01-01,2023-12-31,21,15,5,45.435552,11.018841,17:31,58,6
REG,3502,VERONA PORTA NUOVA,VENEZIA SANTA LUCIA,VERONA PORTA NUOVA,6.362068965517241,3.0,58,2023-01-01,2023-12-31,30,15,9,45.428603,10.982377,17:38,58,7
