train_class,train_number,train_arrival_stop_name,train_departure_stop_name,stop_name,avg_arrival_delay,median_arrival_delay,count_dates_stop,first_date,last_date,count_3m_delay,count_5m_delay,count_10m_delay,stop_lat,stop_lon,stop_time,count_dates_train,stop_number
REG,3375,SAVONA,VENTIMIGLIA,VENTIMIGLIA,3.3333333333333335,2.0,12,2023-02-19,2023-12-01,4,1,1,43.792561,7.610224,15:57,12,1
REG,3375,SAVONA,VENTIMIGLIA,BORDIGHERA,3.5,2.0,12,2023-02-19,2023-12-01,5,1,1,43.778313,7.663504,16:03,12,2
REG,3375,SAVONA,VENTIMIGLIA,TAGGIA ARMA,5.75,5.0,12,2023-02-19,2023-12-01,11,7,1,43.844567,7.855324,16:18,12,3
REG,3375,SAVONA,VENTIMIGLIA,IMPERIA,5.583333333333333,5.0,12,2023-02-19,2023-12-01,9,8,1,43.896798,8.03139,16:28,12,4
REG,3375,SAVONA,VENTIMIGLIA,ALASSIO,3.1666666666666665,2.0,12,2023-02-19,2023-12-01,6,3,1,44.007889,8.17112,16:47,12,5
REG,3375,SAVONA,VENTIMIGLIA,ALBENGA,4.0,3.0,12,2023-02-19,2023-12-01,7,4,1,44.04722,8.221663,16:54,12,6
REG,3375,SAVONA,VENTIMIGLIA,LOANO,3.9166666666666665,1.0,12,2023-02-19,2023-12-01,6,4,1,44.122429,8.254523,17:02,12,7
REG,3375,SAVONA,VENTIMIGLIA,PIETRA LIGURE,5.083333333333333,2.0,12,2023-02-19,2023-12-01,6,6,1,44.145345,8.277403,17:07,12,8
REG,3375,SAVONA,VENTIMIGLIA,FINALE LIGURE MARINA,7.25,5.0,12,2023-02-19,2023-12-01,12,8,2,44.169116,8.34033,17:13,12,9
REG,3375,SAVONA,VENTIMIGLIA,SPOTORNO NOLI,6.833333333333333,5.0,12,2023-02-19,2023-12-01,11,7,2,44.226528,8.410932,17:20,12,10
REG,3375,SAVONA,VENTIMIGLIA,SAVONA,6.583333333333333,4.0,12,2023-02-19,2023-12-01,11,6,3,44.306892,8.470259,17:30,12,11
