train_class,train_number,train_arrival_stop_name,train_departure_stop_name,stop_name,avg_arrival_delay,median_arrival_delay,count_dates_stop,first_date,last_date,count_3m_delay,count_5m_delay,count_10m_delay,stop_lat,stop_lon,stop_time,count_dates_train,stop_number
REG,34162,LUCCA,MONTECATINI TERME,MONTECATINI TERME,1.5294117647058822,1.0,34,2023-07-24,2023-09-02,4,1,0,43.879327,10.780588,08:32,34,1
REG,34162,LUCCA,MONTECATINI TERME,MONTECATINI CENTRO,1.5294117647058822,1.0,34,2023-07-24,2023-09-02,4,1,0,43.881216,10.77081,08:35,34,2
REG,34162,LUCCA,MONTECATINI TERME,BORGO A BUGGIANO,-0.20588235294117646,-1.0,34,2023-07-24,2023-09-02,1,0,0,43.880724,10.730079,08:39,34,3
REG,34162,LUCCA,MONTECATINI TERME,PESCIA,-0.9117647058823529,-1.0,34,2023-07-24,2023-09-02,0,0,0,43.886811,10.686074,08:45,34,4
REG,34162,LUCCA,MONTECATINI TERME,MONTECARLO SAN SALVATORE,3.6176470588235294,2.0,34,2023-07-24,2023-09-02,17,13,4,43.850798,10.68537,08:51,34,5
REG,34162,LUCCA,MONTECATINI TERME,ALTOPASCIO,4.9411764705882355,4.0,34,2023-07-24,2023-09-02,26,13,4,43.817418,10.672754,08:56,34,6
REG,34162,LUCCA,MONTECATINI TERME,PORCARI,5.205882352941177,4.0,34,2023-07-24,2023-09-02,27,15,4,43.831263,10.619212,09:01,34,7
REG,34162,LUCCA,MONTECATINI TERME,TASSIGNANO,5.205882352941177,4.0,34,2023-07-24,2023-09-02,25,17,5,43.834131,10.570495,09:06,34,8
REG,34162,LUCCA,MONTECATINI TERME,LUCCA,1.088235294117647,1.0,34,2023-07-24,2023-09-02,9,6,1,43.837186,10.506069,09:18,34,9
