train_class,train_number,train_arrival_stop_name,train_departure_stop_name,stop_name,avg_arrival_delay,median_arrival_delay,count_dates_stop,first_date,last_date,count_3m_delay,count_5m_delay,count_10m_delay,stop_lat,stop_lon,stop_time,count_dates_train,stop_number
REG,3122,TORINO P.NUOVA,SAVONA,SAVONA,2.3117647058823527,2.0,340,2023-01-01,2023-12-31,68,20,7,44.306892,8.470259,09:31,340,1
REG,3122,TORINO P.NUOVA,SAVONA,SAN GIUSEPPE DI CAIRO,-0.25588235294117645,-2.0,340,2023-01-01,2023-12-31,43,25,12,44.370096,8.28864,09:52,340,2
REG,3122,TORINO P.NUOVA,SAVONA,CENGIO,2.855457227138643,2.0,339,2023-01-01,2023-12-31,126,48,14,44.390798,8.191824,10:00,340,3
REG,3122,TORINO P.NUOVA,SAVONA,CEVA,2.8761061946902653,2.0,339,2023-01-01,2023-12-31,146,76,14,44.389861,8.031958,10:16,340,4
REG,3122,TORINO P.NUOVA,SAVONA,MONDOVI`,2.3411764705882354,2.0,340,2023-01-01,2023-12-31,130,67,11,44.398255,7.816339,10:30,340,5
REG,3122,TORINO P.NUOVA,SAVONA,FOSSANO,2.011764705882353,1.0,340,2023-01-01,2023-12-31,109,56,10,44.550231,7.717971,10:43,340,6
REG,3122,TORINO P.NUOVA,SAVONA,SAVIGLIANO,2.961764705882353,2.0,340,2023-01-01,2023-12-31,146,73,14,44.651337,7.663748,10:51,340,7
REG,3122,TORINO P.NUOVA,SAVONA,CAVALLERMAGGIORE,2.8676470588235294,2.0,340,2023-01-01,2023-12-31,135,72,14,44.708147,7.692108,10:57,340,8
REG,3122,TORINO P.NUOVA,SAVONA,CARMAGNOLA,1.2647058823529411,0.0,340,2023-01-01,2023-12-31,83,49,9,44.846944,7.72797,11:09,340,9
REG,3122,TORINO P.NUOVA,SAVONA,TORINO LINGOTTO,-0.9088235294117647,-2.0,340,2023-01-01,2023-12-31,56,24,10,45.0266,7.657469,11:28,340,10
REG,3122,TORINO P.NUOVA,SAVONA,TORINO P.NUOVA,2.7205882352941178,2.0,340,2023-01-01,2023-12-31,125,53,12,45.060969,7.67747,11:35,340,11
