train_class,train_number,train_arrival_stop_name,train_departure_stop_name,stop_name,avg_arrival_delay,median_arrival_delay,count_dates_stop,first_date,last_date,count_3m_delay,count_5m_delay,count_10m_delay,stop_lat,stop_lon,stop_time,count_dates_train,stop_number
REG,3224,TORINO P.NUOVA,CUNEO,CUNEO,2.5191740412979353,2.0,339,2023-01-01,2023-12-31,86,18,3,44.387914,7.536235,09:24,339,1
REG,3224,TORINO P.NUOVA,CUNEO,CENTALLO,0.35398230088495575,0.0,339,2023-01-01,2023-12-31,29,11,5,44.496223,7.591035,09:34,339,2
REG,3224,TORINO P.NUOVA,CUNEO,FOSSANO,1.351032448377581,1.0,339,2023-01-01,2023-12-31,70,34,7,44.550231,7.717971,09:43,339,3
REG,3224,TORINO P.NUOVA,CUNEO,SAVIGLIANO,3.0265486725663715,2.0,339,2023-01-01,2023-12-31,162,57,10,44.651337,7.663748,09:51,339,4
REG,3224,TORINO P.NUOVA,CUNEO,CAVALLERMAGGIORE,2.801186943620178,2.0,337,2023-01-01,2023-12-31,146,52,11,44.708147,7.692108,09:57,339,5
REG,3224,TORINO P.NUOVA,CUNEO,CARMAGNOLA,0.8820058997050148,0.0,339,2023-01-01,2023-12-31,58,30,9,44.846944,7.72797,10:09,339,6
REG,3224,TORINO P.NUOVA,CUNEO,TORINO LINGOTTO,-1.9970501474926254,-3.0,339,2023-01-01,2023-12-31,22,13,7,45.0266,7.657469,10:28,339,7
REG,3224,TORINO P.NUOVA,CUNEO,TORINO P.NUOVA,1.710914454277286,1.0,339,2023-01-01,2023-12-31,96,39,8,45.060969,7.67747,10:35,339,8
