train_class,train_number,train_arrival_stop_name,train_departure_stop_name,stop_name,avg_arrival_delay,median_arrival_delay,count_dates_stop,first_date,last_date,count_3m_delay,count_5m_delay,count_10m_delay,stop_lat,stop_lon,stop_time,count_dates_train,stop_number
REG,3145,TORINO P.NUOVA,VENTIMIGLIA,VENTIMIGLIA,2.0757575757575757,2.0,198,2023-01-01,2023-12-31,28,12,3,43.792561,7.610224,19:28,198,1
REG,3145,TORINO P.NUOVA,VENTIMIGLIA,BORDIGHERA,0.702020202020202,0.0,198,2023-01-01,2023-12-31,20,9,3,43.778313,7.663504,19:36,198,2
REG,3145,TORINO P.NUOVA,VENTIMIGLIA,TAGGIA ARMA,0.7373737373737373,0.0,198,2023-01-01,2023-12-31,26,16,5,43.844567,7.855324,19:52,198,3
REG,3145,TORINO P.NUOVA,VENTIMIGLIA,IMPERIA,0.7676767676767676,1.0,198,2023-01-01,2023-12-31,36,15,5,43.896798,8.03139,20:03,198,4
REG,3145,TORINO P.NUOVA,VENTIMIGLIA,ANDORA,-0.5202020202020202,-2.0,198,2023-01-01,2023-12-31,23,10,2,,,20:17,198,5
REG,3145,TORINO P.NUOVA,VENTIMIGLIA,ALASSIO,5.707070707070707,5.0,198,2023-01-01,2023-12-31,147,108,34,44.007889,8.17112,20:25,198,6
REG,3145,TORINO P.NUOVA,VENTIMIGLIA,ALBENGA,5.166666666666667,5.0,198,2023-01-01,2023-12-31,135,105,25,44.04722,8.221663,20:33,198,7
REG,3145,TORINO P.NUOVA,VENTIMIGLIA,LOANO,1.9090909090909092,2.0,198,2023-01-01,2023-12-31,76,49,12,44.122429,8.254523,20:47,198,8
REG,3145,TORINO P.NUOVA,VENTIMIGLIA,PIETRA LIGURE,5.525252525252525,6.0,198,2023-01-01,2023-12-31,185,165,7,44.145345,8.277403,20:56,198,9
REG,3145,TORINO P.NUOVA,VENTIMIGLIA,FINALE LIGURE MARINA,6.792929292929293,6.0,198,2023-01-01,2023-12-31,190,178,18,44.169116,8.34033,21:04,198,10
REG,3145,TORINO P.NUOVA,VENTIMIGLIA,SPOTORNO NOLI,6.065656565656566,6.0,198,2023-01-01,2023-12-31,186,147,14,44.226528,8.410932,21:11,198,11
REG,3145,TORINO P.NUOVA,VENTIMIGLIA,SAVONA,1.707070707070707,1.0,198,2023-01-01,2023-12-31,77,25,3,44.306892,8.470259,21:25,198,12
REG,3145,TORINO P.NUOVA,VENTIMIGLIA,SAN GIUSEPPE DI CAIRO,-0.3686868686868687,-1.0,198,2023-01-01,2023-12-31,26,13,2,44.370096,8.28864,21:52,198,13
REG,3145,TORINO P.NUOVA,VENTIMIGLIA,CENGIO,2.8205128205128207,2.0,195,2023-01-01,2023-12-31,79,33,5,44.390798,8.191824,22:00,198,14
REG,3145,TORINO P.NUOVA,VENTIMIGLIA,CEVA,2.484848484848485,2.0,198,2023-01-01,2023-12-31,88,42,6,44.389861,8.031958,22:16,198,15
REG,3145,TORINO P.NUOVA,VENTIMIGLIA,MONDOVI`,2.3535353535353534,2.0,198,2023-01-01,2023-12-31,79,40,7,44.398255,7.816339,22:30,198,16
REG,3145,TORINO P.NUOVA,VENTIMIGLIA,FOSSANO,2.0558375634517767,1.0,197,2023-01-01,2023-12-31,73,34,5,44.550231,7.717971,22:43,198,17
REG,3145,TORINO P.NUOVA,VENTIMIGLIA,SAVIGLIANO,2.872448979591837,2.0,196,2023-01-01,2023-12-31,87,50,7,44.651337,7.663748,22:51,198,18
REG,3145,TORINO P.NUOVA,VENTIMIGLIA,CAVALLERMAGGIORE,2.8527918781725887,2.0,197,2023-01-01,2023-12-31,88,46,8,44.708147,7.692108,22:57,198,19
REG,3145,TORINO P.NUOVA,VENTIMIGLIA,RACCONIGI,1.7142857142857142,1.0,196,2023-01-01,2023-12-31,64,37,7,44.771179,7.685681,23:05,198,20
REG,3145,TORINO P.NUOVA,VENTIMIGLIA,CARMAGNOLA,2.8274111675126905,2.0,197,2023-01-01,2023-12-31,82,44,9,44.846944,7.72797,23:11,198,21
REG,3145,TORINO P.NUOVA,VENTIMIGLIA,TROFARELLO,2.2222222222222223,2.0,198,2023-01-01,2023-12-31,79,51,9,44.980471,7.735206,23:23,198,22
REG,3145,TORINO P.NUOVA,VENTIMIGLIA,TORINO LINGOTTO,-0.15656565656565657,-1.0,198,2023-01-01,2023-12-31,39,24,5,45.0266,7.657469,23:33,198,23
REG,3145,TORINO P.NUOVA,VENTIMIGLIA,TORINO P.NUOVA,2.45959595959596,2.0,198,2023-01-01,2023-12-31,80,40,7,45.060969,7.67747,23:40,198,24
