train_class,train_number,train_arrival_stop_name,train_departure_stop_name,stop_name,avg_arrival_delay,median_arrival_delay,count_dates_stop,first_date,last_date,count_3m_delay,count_5m_delay,count_10m_delay,stop_lat,stop_lon,stop_time,count_dates_train,stop_number
REG,34107,BERCETO,PARMA,PARMA,0.40476190476190477,0.0,42,2023-03-04,2023-11-05,1,0,0,44.810203,10.32837,07:55,42,1
REG,34107,BERCETO,PARMA,VICOFERTILE,-0.30952380952380953,-1.0,42,2023-03-04,2023-11-05,0,0,0,44.778436,10.25834,08:02,42,2
REG,34107,BERCETO,PARMA,COLLECCHIO,0.23809523809523808,0.0,42,2023-03-04,2023-11-05,1,0,0,44.755339,10.21228,08:07,42,3
REG,34107,BERCETO,PARMA,OZZANO TARO,1.0952380952380953,1.0,42,2023-03-04,2023-11-05,0,0,0,44.712268,10.141022,08:14,42,4
REG,34107,BERCETO,PARMA,FORNOVO,-2.357142857142857,-2.0,42,2023-03-04,2023-11-05,0,0,0,44.693791,10.102014,08:21,42,5
REG,34107,BERCETO,PARMA,BERCETO,-0.6904761904761905,-1.0,42,2023-03-04,2023-11-05,0,0,0,44.555912,9.931759,08:40,42,6
