train_class,train_number,train_arrival_stop_name,train_departure_stop_name,stop_name,avg_arrival_delay,median_arrival_delay,count_dates_stop,first_date,last_date,count_3m_delay,count_5m_delay,count_10m_delay,stop_lat,stop_lon,stop_time,count_dates_train,stop_number
REG,4902,IGLESIAS,CAGLIARI,CAGLIARI,1.6569767441860466,1.0,172,2023-01-09,2023-12-29,10,4,1,39.216078,9.107984,06:14,172,1
REG,4902,IGLESIAS,CAGLIARI,ELMAS AEROPORTO,0.9824561403508771,1.0,171,2023-01-09,2023-12-29,7,5,1,,,06:19,172,2
REG,4902,IGLESIAS,CAGLIARI,CAGLIARI ELMAS,0.2441860465116279,0.0,172,2023-01-09,2023-12-29,6,5,1,39.264193,9.045497,06:23,172,3
REG,4902,IGLESIAS,CAGLIARI,ASSEMINI,-0.29239766081871343,-1.0,171,2023-01-09,2023-12-29,7,2,1,39.287603,8.997936,06:28,172,4
REG,4902,IGLESIAS,CAGLIARI,DECIMOMANNU,-1.1337209302325582,-2.0,172,2023-01-09,2023-12-29,3,1,1,39.304593,8.965808,06:34,172,5
REG,4902,IGLESIAS,CAGLIARI,SILIQUA,0.813953488372093,0.0,172,2023-01-09,2023-12-29,13,6,4,39.297005,8.813078,06:44,172,6
REG,4902,IGLESIAS,CAGLIARI,VILLAMASSARGIA DOMUSNOVAS,-1.4619883040935673,-3.0,171,2023-01-09,2023-12-29,7,6,4,39.294811,8.641986,07:01,172,7
REG,4902,IGLESIAS,CAGLIARI,IGLESIAS,-0.27325581395348836,-2.0,172,2023-01-09,2023-12-29,10,7,4,39.310563,8.539786,07:12,172,8
