train_class,train_number,train_arrival_stop_name,train_departure_stop_name,stop_name,avg_arrival_delay,median_arrival_delay,count_dates_stop,first_date,last_date,count_3m_delay,count_5m_delay,count_10m_delay,stop_lat,stop_lon,stop_time,count_dates_train,stop_number
REG,4752,OLBIA,CAGLIARI,CAGLIARI,1.346938775510204,1.0,294,2023-01-02,2023-12-30,15,3,0,39.216078,9.107984,08:35,294,1
REG,4752,OLBIA,CAGLIARI,ELMAS AEROPORTO,0.08191126279863481,0.0,293,2023-01-02,2023-12-30,8,3,0,,,08:40,294,2
REG,4752,OLBIA,CAGLIARI,SAN GAVINO,0.590443686006826,0.0,293,2023-01-02,2023-12-30,32,13,5,39.546206,8.788017,09:04,294,3
REG,4752,OLBIA,CAGLIARI,ORISTANO,1.469387755102041,1.0,294,2023-01-02,2023-12-30,64,26,11,39.902033,8.603974,09:29,294,4
REG,4752,OLBIA,CAGLIARI,ABBASANTA,-1.7687074829931972,-3.0,294,2023-01-02,2023-12-30,25,19,12,40.128801,8.817733,09:59,294,5
REG,4752,OLBIA,CAGLIARI,MACOMER,1.0547945205479452,-1.0,292,2023-01-02,2023-12-30,57,43,21,40.267899,8.772279,10:23,294,6
REG,4752,OLBIA,CAGLIARI,OZIERI CHILIVANI,-0.8639455782312925,-3.0,294,2023-01-02,2023-12-30,45,34,16,40.609496,8.933744,11:04,294,7
REG,4752,OLBIA,CAGLIARI,OSCHIRI,1.4948805460750854,0.0,293,2023-01-02,2023-12-30,59,39,18,40.713273,9.107749,11:26,294,8
REG,4752,OLBIA,CAGLIARI,OLBIA,1.5748299319727892,0.0,294,2023-01-02,2023-12-30,73,46,21,40.924595,9.498293,12:06,294,9
