train_class,train_number,train_arrival_stop_name,train_departure_stop_name,stop_name,avg_arrival_delay,median_arrival_delay,count_dates_stop,first_date,last_date,count_3m_delay,count_5m_delay,count_10m_delay,stop_lat,stop_lon,stop_time,count_dates_train,stop_number
REG,4408,BARI CENTRALE,LECCE,LECCE,2.6825396825396823,2.0,126,2023-01-01,2023-12-31,26,12,4,40.34566,18.165724,12:17,126,1
REG,4408,BARI CENTRALE,LECCE,SQUINZANO,0.5396825396825397,-1.0,126,2023-01-01,2023-12-31,13,7,4,40.439266,18.046097,12:30,126,2
REG,4408,BARI CENTRALE,LECCE,BRINDISI,0.11904761904761904,-1.0,126,2023-01-01,2023-12-31,12,7,4,40.634339,17.938978,12:47,126,3
REG,4408,BARI CENTRALE,LECCE,OSTUNI,1.1666666666666667,-1.0,126,2023-01-01,2023-12-31,18,13,5,40.752356,17.580809,13:10,126,4
REG,4408,BARI CENTRALE,LECCE,FASANO,1.4285714285714286,0.0,126,2023-01-01,2023-12-31,18,10,5,40.851753,17.3859,13:24,126,5
REG,4408,BARI CENTRALE,LECCE,MONOPOLI,4.444444444444445,2.0,126,2023-01-01,2023-12-31,41,18,7,40.952017,17.292455,13:32,126,6
REG,4408,BARI CENTRALE,LECCE,POLIGNANO A MARE,5.055555555555555,2.0,126,2023-01-01,2023-12-31,60,25,9,40.990926,17.218676,13:38,126,7
REG,4408,BARI CENTRALE,LECCE,MOLA DI BARI,5.063492063492063,3.0,126,2023-01-01,2023-12-31,65,28,9,41.057227,17.080919,13:47,126,8
REG,4408,BARI CENTRALE,LECCE,BARI TORRE A MARE,5.4523809523809526,3.0,126,2023-01-01,2023-12-31,78,34,9,41.082637,16.995772,13:53,126,9
REG,4408,BARI CENTRALE,LECCE,BARI CENTRALE,1.4603174603174602,-1.0,126,2023-01-01,2023-12-31,20,13,5,41.11774,16.869601,14:11,126,10
