train_class,train_number,train_arrival_stop_name,train_departure_stop_name,stop_name,avg_arrival_delay,median_arrival_delay,count_dates_stop,first_date,last_date,count_3m_delay,count_5m_delay,count_10m_delay,stop_lat,stop_lon,stop_time,count_dates_train,stop_number
REG,4164,PESCARA,ROMA TERMINI,ROMA TERMINI,4.980769230769231,3.0,260,2023-01-02,2023-12-30,153,105,39,41.900636,12.502026,14:20,260,1
REG,4164,PESCARA,ROMA TERMINI,TIVOLI,3.4038461538461537,3.0,260,2023-01-02,2023-12-30,138,81,22,41.961849,12.805047,14:56,260,2
REG,4164,PESCARA,ROMA TERMINI,MANDELA-SAMBUCI,-1.0038461538461538,-2.0,260,2023-01-02,2023-12-30,42,23,10,42.016212,12.921976,15:14,260,3
REG,4164,PESCARA,ROMA TERMINI,CARSOLI,1.8996138996138996,1.0,259,2023-01-02,2023-12-30,68,37,13,42.09578,13.080388,15:32,260,4
REG,4164,PESCARA,ROMA TERMINI,TAGLIACOZZO,2.3,1.0,260,2023-01-02,2023-12-30,74,47,14,42.070701,13.255664,15:49,260,5
REG,4164,PESCARA,ROMA TERMINI,AVEZZANO,3.694980694980695,2.0,259,2023-01-02,2023-12-30,120,68,20,42.039495,13.426446,16:00,260,6
REG,4164,PESCARA,ROMA TERMINI,SULMONA,6.664233576642336,5.0,137,2023-01-18,2023-12-30,101,73,22,42.060836,13.907156,16:51,260,7
REG,4164,PESCARA,ROMA TERMINI,CHIETI,2.7884615384615383,1.0,260,2023-01-02,2023-12-30,58,40,19,42.356905,14.13815,17:36,260,8
REG,4164,PESCARA,ROMA TERMINI,PESCARA,3.2423076923076923,1.0,260,2023-01-02,2023-12-30,69,45,24,42.467789,14.205066,17:50,260,9
