train_class,train_number,train_arrival_stop_name,train_departure_stop_name,stop_name,avg_arrival_delay,median_arrival_delay,count_dates_stop,first_date,last_date,count_3m_delay,count_5m_delay,count_10m_delay,stop_lat,stop_lon,stop_time,count_dates_train,stop_number
REG,4369,BARI CENTRALE,FOGGIA,FOGGIA,4.288288288288288,3.0,111,2023-01-01,2023-12-31,56,32,9,41.466,15.555816,20:30,111,1
REG,4369,BARI CENTRALE,FOGGIA,INCORONATA,3.828828828828829,2.0,111,2023-01-01,2023-12-31,52,31,10,41.408174,15.650728,20:37,111,2
REG,4369,BARI CENTRALE,FOGGIA,ORTANOVA,4.63963963963964,3.0,111,2023-01-01,2023-12-31,64,41,16,41.350441,15.732059,20:43,111,3
REG,4369,BARI CENTRALE,FOGGIA,CERIGNOLA,4.612612612612613,3.0,111,2023-01-01,2023-12-31,66,41,13,41.315664,15.897298,20:52,111,4
REG,4369,BARI CENTRALE,FOGGIA,TRINITAPOLI S.FERDIN. DI P.,5.72972972972973,5.0,111,2023-01-01,2023-12-31,82,57,19,41.349677,16.090839,21:02,111,5
REG,4369,BARI CENTRALE,FOGGIA,BARLETTA,7.054545454545455,6.0,110,2023-01-01,2023-12-31,86,73,28,41.315227,16.278867,21:11,111,6
REG,4369,BARI CENTRALE,FOGGIA,TRANI,7.387387387387387,7.0,111,2023-01-01,2023-12-31,91,77,30,41.272693,16.417646,21:19,111,7
REG,4369,BARI CENTRALE,FOGGIA,BISCEGLIE,8.342342342342342,8.0,111,2023-01-01,2023-12-31,96,84,43,41.235445,16.499484,21:25,111,8
REG,4369,BARI CENTRALE,FOGGIA,MOLFETTA,7.6,7.0,110,2023-01-01,2023-12-31,89,79,37,41.196008,16.596793,21:32,111,9
REG,4369,BARI CENTRALE,FOGGIA,GIOVINAZZO,8.423423423423424,8.0,111,2023-01-01,2023-12-31,92,83,40,41.180968,16.669346,21:37,111,10
REG,4369,BARI CENTRALE,FOGGIA,BARI S. SPIRITO,8.1,7.0,110,2023-01-01,2023-12-31,90,77,35,41.159653,16.746324,21:43,111,11
REG,4369,BARI CENTRALE,FOGGIA,BARI ZONA INDUSTRIALE,6.9,5.0,110,2023-01-01,2023-12-31,81,66,26,,,21:52,111,12
REG,4369,BARI CENTRALE,FOGGIA,BARI CENTRALE,3.234234234234234,2.0,111,2023-01-01,2023-12-31,48,35,12,41.11774,16.869601,22:02,111,13
