train_class,train_number,train_arrival_stop_name,train_departure_stop_name,stop_name,avg_arrival_delay,median_arrival_delay,count_dates_stop,first_date,last_date,count_3m_delay,count_5m_delay,count_10m_delay,stop_lat,stop_lon,stop_time,count_dates_train,stop_number
REG,4424,BARI CENTRALE,LECCE,LECCE,1.888,1.0,125,2023-01-01,2023-12-31,8,2,2,40.34566,18.165724,15:17,125,1
REG,4424,BARI CENTRALE,LECCE,SQUINZANO,-0.352,-1.0,125,2023-01-01,2023-12-31,3,2,2,40.439266,18.046097,15:30,125,2
REG,4424,BARI CENTRALE,LECCE,BRINDISI,-0.8,-1.0,125,2023-01-01,2023-12-31,4,2,2,40.634339,17.938978,15:47,125,3
REG,4424,BARI CENTRALE,LECCE,OSTUNI,0.4,-1.0,125,2023-01-01,2023-12-31,11,9,4,40.752356,17.580809,16:10,125,4
REG,4424,BARI CENTRALE,LECCE,FASANO,1.272,0.0,125,2023-01-01,2023-12-31,13,11,6,40.851753,17.3859,16:24,125,5
REG,4424,BARI CENTRALE,LECCE,MONOPOLI,3.28,2.0,125,2023-01-01,2023-12-31,33,15,8,40.952017,17.292455,16:32,125,6
REG,4424,BARI CENTRALE,LECCE,POLIGNANO A MARE,3.52,2.0,125,2023-01-01,2023-12-31,47,20,8,40.990926,17.218676,16:38,125,7
REG,4424,BARI CENTRALE,LECCE,MOLA DI BARI,3.416,2.0,125,2023-01-01,2023-12-31,50,22,7,41.057227,17.080919,16:47,125,8
REG,4424,BARI CENTRALE,LECCE,BARI TORRE A MARE,3.72,2.0,125,2023-01-01,2023-12-31,55,27,7,41.082637,16.995772,16:53,125,9
REG,4424,BARI CENTRALE,LECCE,BARI CENTRALE,0.224,-1.0,125,2023-01-01,2023-12-31,16,11,7,41.11774,16.869601,17:11,125,10
