train_class,train_number,train_arrival_stop_name,train_departure_stop_name,stop_name,avg_arrival_delay,median_arrival_delay,count_dates_stop,first_date,last_date,count_3m_delay,count_5m_delay,count_10m_delay,stop_lat,stop_lon,stop_time,count_dates_train,stop_number
REG,4725,ROMA TERMINI,PERUGIA,PERUGIA,3.494413407821229,1.0,358,2023-01-01,2023-12-31,78,59,32,43.103808,12.375567,11:05,358,1
REG,4725,ROMA TERMINI,PERUGIA,BASTIA,6.30812324929972,4.0,357,2023-01-01,2023-12-31,312,158,49,43.07133,12.547735,11:22,358,2
REG,4725,ROMA TERMINI,PERUGIA,ASSISI,7.469101123595506,6.0,356,2023-01-01,2023-12-31,334,276,53,43.058921,12.585304,11:28,358,3
REG,4725,ROMA TERMINI,PERUGIA,SPELLO,6.862745098039215,6.0,357,2023-01-01,2023-12-31,288,241,56,42.9844,12.668884,11:37,358,4
REG,4725,ROMA TERMINI,PERUGIA,FOLIGNO,3.3267605633802817,2.0,355,2023-01-01,2023-12-31,135,84,29,42.954261,12.711096,11:48,358,5
REG,4725,ROMA TERMINI,PERUGIA,TREVI,2.067415730337079,0.0,356,2023-01-01,2023-12-31,96,63,31,42.8762,12.733709,11:58,358,6
REG,4725,ROMA TERMINI,PERUGIA,SPOLETO,0.3697478991596639,-2.0,357,2023-01-01,2023-12-31,70,44,26,42.748121,12.736142,12:13,358,7
REG,4725,ROMA TERMINI,PERUGIA,BAIANO DI SPOLETO,1.8459383753501402,-1.0,357,2023-01-01,2023-12-31,88,56,27,42.726238,12.663615,12:21,358,8
REG,4725,ROMA TERMINI,PERUGIA,TERNI,-0.5742296918767507,-3.0,357,2023-01-01,2023-12-31,65,45,17,42.570768,12.651091,12:45,358,9
REG,4725,ROMA TERMINI,PERUGIA,ORTE,1.1092436974789917,-1.0,357,2023-01-01,2023-12-31,66,40,18,42.43728,12.408986,13:11,358,10
REG,4725,ROMA TERMINI,PERUGIA,ROMA TIBURTINA,8.60056657223796,6.0,353,2023-01-01,2023-12-31,264,207,90,41.910903,12.530749,13:45,358,11
REG,4725,ROMA TERMINI,PERUGIA,ROMA TERMINI,6.511173184357542,3.0,358,2023-01-01,2023-12-31,197,140,71,41.900636,12.502026,13:55,358,12
