train_class,train_number,train_arrival_stop_name,train_departure_stop_name,stop_name,avg_arrival_delay,median_arrival_delay,count_dates_stop,first_date,last_date,count_3m_delay,count_5m_delay,count_10m_delay,stop_lat,stop_lon,stop_time,count_dates_train,stop_number
REG,4276,M N CADORNA,NOVARA NORD,BUSTO ARSIZIO,0.5492957746478874,0.0,71,2023-01-01,2023-12-31,9,3,0,45.616164,8.865031,19:38,71,1
REG,4276,M N CADORNA,NOVARA NORD,CASTELLANZA,0.7323943661971831,0.0,71,2023-01-01,2023-12-31,10,5,1,,,19:41,71,2
REG,4276,M N CADORNA,NOVARA NORD,RESCALDINA,0.7464788732394366,0.0,71,2023-01-01,2023-12-31,9,5,1,,,19:46,71,3
REG,4276,M N CADORNA,NOVARA NORD,SARONNO,0.7746478873239436,0.0,71,2023-01-01,2023-12-31,9,5,1,45.625309,9.030839,19:52,71,4
