train_class,train_number,train_arrival_stop_name,train_departure_stop_name,stop_name,avg_arrival_delay,median_arrival_delay,count_dates_stop,first_date,last_date,count_3m_delay,count_5m_delay,count_10m_delay,stop_lat,stop_lon,stop_time,count_dates_train,stop_number
REG,4259,NOVARA NORD,M N CADORNA,SARONNO,0.3972602739726027,0.0,73,2023-01-01,2023-12-31,3,2,1,45.625309,9.030839,17:06,73,1
REG,4259,NOVARA NORD,M N CADORNA,RESCALDINA,0.4246575342465753,0.0,73,2023-01-01,2023-12-31,3,2,1,,,17:12,73,2
REG,4259,NOVARA NORD,M N CADORNA,CASTELLANZA,0.4931506849315068,0.0,73,2023-01-01,2023-12-31,6,2,1,,,17:17,73,3
REG,4259,NOVARA NORD,M N CADORNA,BUSTO ARSIZIO,0.6027397260273972,0.0,73,2023-01-01,2023-12-31,7,3,1,45.616164,8.865031,17:20,73,4
