train_class,train_number,train_arrival_stop_name,train_departure_stop_name,stop_name,avg_arrival_delay,median_arrival_delay,count_dates_stop,first_date,last_date,count_3m_delay,count_5m_delay,count_10m_delay,stop_lat,stop_lon,stop_time,count_dates_train,stop_number
REG,4923,CAGLIARI,IGLESIAS,IGLESIAS,0.9574468085106383,1.0,47,2023-01-01,2023-12-31,0,0,0,39.310563,8.539786,17:21,47,1
REG,4923,CAGLIARI,IGLESIAS,VILLAMASSARGIA DOMUSNOVAS,-1.6595744680851063,-2.0,47,2023-01-01,2023-12-31,0,0,0,39.294811,8.641986,17:29,47,2
REG,4923,CAGLIARI,IGLESIAS,SILIQUA,-1.2127659574468086,-3.0,47,2023-01-01,2023-12-31,2,2,1,39.297005,8.813078,17:43,47,3
REG,4923,CAGLIARI,IGLESIAS,VILLASPECIOSA UTA,0.8936170212765957,0.0,47,2023-01-01,2023-12-31,2,2,1,39.304168,8.940501,17:51,47,4
REG,4923,CAGLIARI,IGLESIAS,DECIMOMANNU,-0.7872340425531915,-2.0,47,2023-01-01,2023-12-31,3,2,2,39.304593,8.965808,17:57,47,5
REG,4923,CAGLIARI,IGLESIAS,ASSEMINI,1.7234042553191489,0.0,47,2023-01-01,2023-12-31,4,3,2,39.287603,8.997936,18:01,47,6
REG,4923,CAGLIARI,IGLESIAS,ELMAS AEROPORTO,1.1702127659574468,-1.0,47,2023-01-01,2023-12-31,4,3,2,,,18:07,47,7
REG,4923,CAGLIARI,IGLESIAS,CAGLIARI,2.234042553191489,1.0,47,2023-01-01,2023-12-31,5,3,2,39.216078,9.107984,18:14,47,8
