train_class,train_number,train_arrival_stop_name,train_departure_stop_name,stop_name,avg_arrival_delay,median_arrival_delay,count_dates_stop,first_date,last_date,count_3m_delay,count_5m_delay,count_10m_delay,stop_lat,stop_lon,stop_time,count_dates_train,stop_number
REG,4532,VITERBO PORTA FIORENTINA,ORTE,ORTE,1.8814432989690721,1.0,194,2023-01-02,2023-12-29,29,8,1,42.43728,12.408986,19:35,194,1
REG,4532,VITERBO PORTA FIORENTINA,ORTE,ATTIGLIANO,2.7783505154639174,2.0,194,2023-01-02,2023-12-29,74,19,4,42.518054,12.294761,19:47,194,2
REG,4532,VITERBO PORTA FIORENTINA,ORTE,SIPICCIANO,1.6082474226804124,1.0,194,2023-01-02,2023-12-29,37,14,3,42.546495,12.254318,19:54,194,3
REG,4532,VITERBO PORTA FIORENTINA,ORTE,GROTTE S.STEFANO,2.1804123711340204,2.0,194,2023-01-02,2023-12-29,57,21,5,42.51512,12.169372,20:05,194,4
REG,4532,VITERBO PORTA FIORENTINA,ORTE,MONTEFIASCONE,1.4845360824742269,1.0,194,2023-01-02,2023-12-29,43,19,3,42.520268,12.050448,20:15,194,5
REG,4532,VITERBO PORTA FIORENTINA,ORTE,VITERBO PORTA FIORENTINA,-1.8608247422680413,-3.0,194,2023-01-02,2023-12-29,17,10,5,42.425237,12.106204,20:30,194,6
