train_class,train_number,train_arrival_stop_name,train_departure_stop_name,stop_name,avg_arrival_delay,median_arrival_delay,count_dates_stop,first_date,last_date,count_3m_delay,count_5m_delay,count_10m_delay,stop_lat,stop_lon,stop_time,count_dates_train,stop_number
REG,4380,BARI CENTRALE,LECCE,LECCE,2.1059322033898304,2.0,236,2023-01-02,2023-12-22,40,11,4,40.34566,18.165724,06:11,236,1
REG,4380,BARI CENTRALE,LECCE,SQUINZANO,2.169491525423729,2.0,236,2023-01-02,2023-12-22,58,16,4,40.439266,18.046097,06:22,236,2
REG,4380,BARI CENTRALE,LECCE,BRINDISI,2.8008474576271185,2.0,236,2023-01-02,2023-12-22,82,39,7,40.634339,17.938978,06:38,236,3
REG,4380,BARI CENTRALE,LECCE,OSTUNI,3.5042372881355934,2.0,236,2023-01-02,2023-12-22,101,54,15,40.752356,17.580809,06:58,236,4
REG,4380,BARI CENTRALE,LECCE,FASANO,3.580508474576271,2.0,236,2023-01-02,2023-12-22,96,55,21,40.851753,17.3859,07:12,236,5
REG,4380,BARI CENTRALE,LECCE,MONOPOLI,4.279661016949152,2.0,236,2023-01-02,2023-12-22,117,63,26,40.952017,17.292455,07:21,236,6
REG,4380,BARI CENTRALE,LECCE,POLIGNANO A MARE,3.6864406779661016,2.0,236,2023-01-02,2023-12-22,101,53,25,40.990926,17.218676,07:28,236,7
REG,4380,BARI CENTRALE,LECCE,MOLA DI BARI,3.6228813559322033,2.0,236,2023-01-02,2023-12-22,98,57,25,41.057227,17.080919,07:37,236,8
REG,4380,BARI CENTRALE,LECCE,BARI TORRE A MARE,4.296610169491525,2.0,236,2023-01-02,2023-12-22,109,66,25,41.082637,16.995772,07:43,236,9
REG,4380,BARI CENTRALE,LECCE,BARI CENTRALE,1.6991525423728813,-1.0,236,2023-01-02,2023-12-22,56,40,11,41.11774,16.869601,07:59,236,10
