train_class,train_number,train_arrival_stop_name,train_departure_stop_name,stop_name,avg_arrival_delay,median_arrival_delay,count_dates_stop,first_date,last_date,count_3m_delay,count_5m_delay,count_10m_delay,stop_lat,stop_lon,stop_time,count_dates_train,stop_number
REG,4611,ASSO,M N CADORNA,CESANO MADERNO,0.18666666666666668,0.0,75,2023-01-01,2023-12-31,2,1,1,,,06:31,75,1
REG,4611,ASSO,M N CADORNA,SEVESO,0.37333333333333335,0.0,75,2023-01-01,2023-12-31,2,1,1,45.648187,9.140488,06:34,75,2
REG,4611,ASSO,M N CADORNA,MEDA,0.5733333333333334,0.0,75,2023-01-01,2023-12-31,6,2,1,,,06:38,75,3
REG,4611,ASSO,M N CADORNA,CABIATE,0.26666666666666666,0.0,75,2023-01-01,2023-12-31,2,1,1,,,06:42,75,4
REG,4611,ASSO,M N CADORNA,MARIANO COMENSE,0.5466666666666666,0.0,75,2023-01-01,2023-12-31,4,2,1,45.693622,9.18147,06:45,75,5
REG,4611,ASSO,M N CADORNA,CARUGO - GIUSSANO,0.26666666666666666,0.0,75,2023-01-01,2023-12-31,2,1,1,,,06:49,75,6
REG,4611,ASSO,M N CADORNA,AROSIO,0.41333333333333333,0.0,75,2023-01-01,2023-12-31,3,1,1,,,06:53,75,7
REG,4611,ASSO,M N CADORNA,INVERIGO,0.5466666666666666,0.0,75,2023-01-01,2023-12-31,4,2,1,,,06:58,75,8
REG,4611,ASSO,M N CADORNA,MERONE,0.8133333333333334,0.0,75,2023-01-01,2023-12-31,8,3,1,45.781374,9.243772,07:08,75,9
REG,4611,ASSO,M N CADORNA,ERBA,0.7066666666666667,0.0,75,2023-01-01,2023-12-31,7,2,1,,,07:14,75,10
REG,4611,ASSO,M N CADORNA,PONTELAMBRO - CASTELMARTE,0.17333333333333334,0.0,75,2023-01-01,2023-12-31,1,1,1,,,07:20,75,11
REG,4611,ASSO,M N CADORNA,CASLINO D'ERBA,-0.26666666666666666,0.0,75,2023-01-01,2023-12-31,1,1,1,,,07:23,75,12
REG,4611,ASSO,M N CADORNA,CANZO,0.48,0.0,75,2023-01-01,2023-12-31,2,1,1,,,07:28,75,13
REG,4611,ASSO,M N CADORNA,ASSO,0.4,0.0,75,2023-01-01,2023-12-31,2,1,1,45.855228,9.268513,07:31,75,14
