train_class,train_number,train_arrival_stop_name,train_departure_stop_name,stop_name,avg_arrival_delay,median_arrival_delay,count_dates_stop,first_date,last_date,count_3m_delay,count_5m_delay,count_10m_delay,stop_lat,stop_lon,stop_time,count_dates_train,stop_number
REG,4092,FIRENZE S.M.N.,AREZZO,AREZZO,2.6816479400749063,2.0,267,2023-01-02,2023-12-30,89,38,8,43.461725,11.874189,07:45,267,1
REG,4092,FIRENZE S.M.N.,AREZZO,MONTEVARCHI TERRANUOVA,2.865168539325843,1.0,267,2023-01-02,2023-12-30,105,55,20,43.525165,11.563983,08:09,267,2
REG,4092,FIRENZE S.M.N.,AREZZO,S.GIOVANNI VALDARNO,2.5580524344569286,1.0,267,2023-01-02,2023-12-30,89,51,22,43.56601,11.527033,08:14,267,3
REG,4092,FIRENZE S.M.N.,AREZZO,FIGLINE VALDARNO,3.4719101123595504,2.0,267,2023-01-02,2023-12-30,105,63,27,43.621596,11.473652,08:20,267,4
REG,4092,FIRENZE S.M.N.,AREZZO,FIRENZE CAMPO MARTE,5.895131086142322,4.0,267,2023-01-02,2023-12-30,196,132,38,43.776856,11.27702,08:44,267,5
REG,4092,FIRENZE S.M.N.,AREZZO,FIRENZE S.M.N.,5.98501872659176,4.0,267,2023-01-02,2023-12-30,178,110,40,43.776893,11.247373,08:52,267,6
