train_class,train_number,train_arrival_stop_name,train_departure_stop_name,stop_name,avg_arrival_delay,median_arrival_delay,count_dates_stop,first_date,last_date,count_3m_delay,count_5m_delay,count_10m_delay,stop_lat,stop_lon,stop_time,count_dates_train,stop_number
REG,4547,ROMA TIBURTINA PIAZZALE EST,AVEZZANO,AVEZZANO,1.445945945945946,1.0,74,2023-01-02,2023-04-01,7,1,0,42.039495,13.426446,06:24,74,1
REG,4547,ROMA TIBURTINA PIAZZALE EST,AVEZZANO,TAGLIACOZZO,-0.13513513513513514,0.0,74,2023-01-02,2023-04-01,3,1,0,42.070701,13.255664,06:35,74,2
REG,4547,ROMA TIBURTINA PIAZZALE EST,AVEZZANO,CARSOLI,-1.0675675675675675,-1.0,74,2023-01-02,2023-04-01,2,1,0,42.09578,13.080388,06:52,74,3
REG,4547,ROMA TIBURTINA PIAZZALE EST,AVEZZANO,ORICOLA-PERETO,0.7162162162162162,1.0,74,2023-01-02,2023-04-01,2,1,0,42.067835,13.044214,06:58,74,4
REG,4547,ROMA TIBURTINA PIAZZALE EST,AVEZZANO,ARSOLI,0.6756756756756757,1.0,74,2023-01-02,2023-04-01,2,1,0,42.045852,13.013064,07:04,74,5
REG,4547,ROMA TIBURTINA PIAZZALE EST,AVEZZANO,ROVIANO,-1.8904109589041096,-2.0,73,2023-01-02,2023-04-01,2,0,0,42.026476,12.991119,07:11,74,6
REG,4547,ROMA TIBURTINA PIAZZALE EST,AVEZZANO,MANDELA-SAMBUCI,-0.3055555555555556,-1.0,72,2023-01-02,2023-04-01,2,0,0,42.016212,12.921976,07:20,74,7
REG,4547,ROMA TIBURTINA PIAZZALE EST,AVEZZANO,CASTEL MADAMA,0.3611111111111111,0.0,72,2023-01-02,2023-04-01,3,0,0,41.988389,12.864938,07:27,74,8
REG,4547,ROMA TIBURTINA PIAZZALE EST,AVEZZANO,TIVOLI,0.3972602739726027,0.0,73,2023-01-02,2023-04-01,4,1,0,41.961849,12.805047,07:35,74,9
REG,4547,ROMA TIBURTINA PIAZZALE EST,AVEZZANO,MARCELLINA-PALOMBARA,0.972972972972973,2.0,74,2023-01-02,2023-04-01,24,4,0,41.999609,12.79134,07:42,74,10
REG,4547,ROMA TIBURTINA PIAZZALE EST,AVEZZANO,GUIDONIA-MONTECELIO-S.ANGELO,3.824324324324324,3.0,74,2023-01-02,2023-04-01,57,17,1,41.993405,12.725681,07:50,74,11
REG,4547,ROMA TIBURTINA PIAZZALE EST,AVEZZANO,BAGNI DI TIVOLI,5.581081081081081,5.0,74,2023-01-02,2023-04-01,71,47,1,41.949593,12.722208,07:56,74,12
REG,4547,ROMA TIBURTINA PIAZZALE EST,AVEZZANO,LUNGHEZZA,7.445945945945946,7.0,74,2023-01-02,2023-04-01,74,70,4,41.923253,12.667212,08:02,74,13
REG,4547,ROMA TIBURTINA PIAZZALE EST,AVEZZANO,PONTE DI NONA,5.324324324324325,5.0,74,2023-01-02,2023-04-01,70,39,2,42.061563,13.581585,08:06,74,14
REG,4547,ROMA TIBURTINA PIAZZALE EST,AVEZZANO,ROMA TIBURTINA PIAZZALE EST,-1.837837837837838,-2.0,74,2023-01-02,2023-04-01,2,1,1,41.910903,12.530749,08:33,74,15
