train_class,train_number,train_arrival_stop_name,train_departure_stop_name,stop_name,avg_arrival_delay,median_arrival_delay,count_dates_stop,first_date,last_date,count_3m_delay,count_5m_delay,count_10m_delay,stop_lat,stop_lon,stop_time,count_dates_train,stop_number
REG,4952,ELLERA CORCIANO,FOLIGNO,FOLIGNO,1.853211009174312,1.0,109,2023-01-02,2023-06-09,16,7,2,42.954261,12.711096,08:15,109,1
REG,4952,ELLERA CORCIANO,FOLIGNO,SPELLO,1.3055555555555556,1.0,108,2023-01-02,2023-06-09,15,6,2,42.9844,12.668884,08:20,109,2
REG,4952,ELLERA CORCIANO,FOLIGNO,ASSISI,2.314814814814815,2.0,108,2023-01-02,2023-06-09,37,11,2,43.058921,12.585304,08:29,109,3
REG,4952,ELLERA CORCIANO,FOLIGNO,BASTIA,3.7196261682242993,3.0,107,2023-01-02,2023-06-09,72,25,3,43.07133,12.547735,08:34,109,4
REG,4952,ELLERA CORCIANO,FOLIGNO,PERUGIA,4.435185185185185,4.0,108,2023-01-02,2023-06-09,85,42,4,43.103808,12.375567,08:52,109,5
REG,4952,ELLERA CORCIANO,FOLIGNO,ELLERA CORCIANO,3.8440366972477062,3.0,109,2023-01-02,2023-06-09,71,36,2,43.094699,12.318574,09:13,109,6
