train_class,train_number,train_arrival_stop_name,train_departure_stop_name,stop_name,avg_arrival_delay,median_arrival_delay,count_dates_stop,first_date,last_date,count_3m_delay,count_5m_delay,count_10m_delay,stop_lat,stop_lon,stop_time,count_dates_train,stop_number
REG,4094,FIRENZE S.M.N.,ROMA TERMINI,ROMA TERMINI,1.1635802469135803,0.0,324,2023-01-02,2023-12-31,27,13,9,41.900636,12.502026,06:06,324,1
REG,4094,FIRENZE S.M.N.,ROMA TERMINI,ROMA TIBURTINA,1.2044025157232705,0.0,318,2023-01-02,2023-12-31,53,19,11,41.910903,12.530749,06:13,324,2
REG,4094,FIRENZE S.M.N.,ROMA TERMINI,ORTE,1.7739938080495357,1.0,323,2023-01-02,2023-12-31,59,28,17,42.43728,12.408986,06:48,324,3
REG,4094,FIRENZE S.M.N.,ROMA TERMINI,ATTIGLIANO,4.764705882352941,3.0,323,2023-01-02,2023-12-31,184,63,22,42.518054,12.294761,07:01,324,4
REG,4094,FIRENZE S.M.N.,ROMA TERMINI,ORVIETO,4.919504643962848,3.0,323,2023-01-02,2023-12-31,186,83,27,42.723379,12.127412,07:23,324,5
REG,4094,FIRENZE S.M.N.,ROMA TERMINI,ALLERONA-CASTEL VISCARDO,4.198142414860681,2.0,323,2023-01-02,2023-12-31,151,65,26,42.78502,12.035236,07:32,324,6
REG,4094,FIRENZE S.M.N.,ROMA TERMINI,FABRO-FICULLE,3.9442724458204332,2.0,323,2023-01-02,2023-12-31,138,69,25,42.874851,12.04123,07:41,324,7
REG,4094,FIRENZE S.M.N.,ROMA TERMINI,CHIUSI C.T.,6.501547987616099,5.0,323,2023-01-02,2023-12-31,244,222,33,43.002466,11.957893,07:52,324,8
REG,4094,FIRENZE S.M.N.,ROMA TERMINI,CASTIGLION DEL LAGO,5.724458204334366,3.0,323,2023-01-02,2023-12-31,262,97,29,43.123195,12.032077,08:08,324,9
REG,4094,FIRENZE S.M.N.,ROMA TERMINI,TERONTOLA CORTONA,3.4798761609907123,1.0,323,2023-01-02,2023-12-31,103,56,25,43.210263,12.007906,08:18,324,10
REG,4094,FIRENZE S.M.N.,ROMA TERMINI,CAMUCIA CORTONA,4.027777777777778,2.0,324,2023-01-02,2023-12-31,124,67,25,43.261104,11.971245,08:23,324,11
REG,4094,FIRENZE S.M.N.,ROMA TERMINI,CASTIGLION FIORENTINO,4.4753086419753085,2.0,324,2023-01-02,2023-12-31,144,78,28,43.34075,11.914362,08:30,324,12
REG,4094,FIRENZE S.M.N.,ROMA TERMINI,AREZZO,3.595679012345679,2.0,324,2023-01-02,2023-12-31,128,84,25,43.461725,11.874189,08:43,324,13
REG,4094,FIRENZE S.M.N.,ROMA TERMINI,MONTEVARCHI TERRANUOVA,5.330246913580247,3.0,324,2023-01-02,2023-12-31,173,117,39,43.525165,11.563983,09:06,324,14
REG,4094,FIRENZE S.M.N.,ROMA TERMINI,S.GIOVANNI VALDARNO,5.16358024691358,3.0,324,2023-01-02,2023-12-31,166,107,38,43.56601,11.527033,09:11,324,15
REG,4094,FIRENZE S.M.N.,ROMA TERMINI,FIGLINE VALDARNO,6.055555555555555,4.0,324,2023-01-02,2023-12-31,201,130,48,43.621596,11.473652,09:17,324,16
REG,4094,FIRENZE S.M.N.,ROMA TERMINI,FIRENZE CAMPO MARTE,2.2755417956656347,-2.0,323,2023-01-02,2023-12-31,100,78,47,43.776856,11.27702,09:43,324,17
REG,4094,FIRENZE S.M.N.,ROMA TERMINI,FIRENZE S.M.N.,5.182098765432099,2.0,324,2023-01-02,2023-12-31,154,97,47,43.776893,11.247373,09:52,324,18
