train_class,train_number,train_arrival_stop_name,train_departure_stop_name,stop_name,avg_arrival_delay,median_arrival_delay,count_dates_stop,first_date,last_date,count_3m_delay,count_5m_delay,count_10m_delay,stop_lat,stop_lon,stop_time,count_dates_train,stop_number
REG,4411,LECCE,BARI CENTRALE,BARI CENTRALE,1.7719298245614035,1.0,228,2023-01-02,2023-12-22,33,11,5,41.11774,16.869601,14:02,228,1
REG,4411,LECCE,BARI CENTRALE,BARI TORRE A MARE,-0.6814159292035398,-1.0,226,2023-01-02,2023-12-22,16,9,2,41.082637,16.995772,14:12,228,2
REG,4411,LECCE,BARI CENTRALE,MONOPOLI,0.14035087719298245,-1.0,228,2023-01-02,2023-12-22,22,13,4,40.952017,17.292455,14:28,228,3
REG,4411,LECCE,BARI CENTRALE,FASANO,2.995614035087719,2.0,228,2023-01-02,2023-12-22,98,30,14,40.851753,17.3859,14:36,228,4
REG,4411,LECCE,BARI CENTRALE,OSTUNI,2.6184210526315788,2.0,228,2023-01-02,2023-12-22,82,29,13,40.752356,17.580809,14:50,228,5
REG,4411,LECCE,BARI CENTRALE,BRINDISI,0.8289473684210527,0.0,228,2023-01-02,2023-12-22,36,20,8,40.634339,17.938978,15:14,228,6
REG,4411,LECCE,BARI CENTRALE,SQUINZANO,0.2982456140350877,-1.0,228,2023-01-02,2023-12-22,25,16,5,40.439266,18.046097,15:31,228,7
REG,4411,LECCE,BARI CENTRALE,LECCE,-1.8728070175438596,-3.0,228,2023-01-02,2023-12-22,17,8,5,40.34566,18.165724,15:43,228,8
