train_class,train_number,train_arrival_stop_name,train_departure_stop_name,stop_name,avg_arrival_delay,median_arrival_delay,count_dates_stop,first_date,last_date,count_3m_delay,count_5m_delay,count_10m_delay,stop_lat,stop_lon,stop_time,count_dates_train,stop_number
REG,4396,BARI CENTRALE,LECCE,LECCE,3.34375,2.0,64,2023-01-07,2023-12-30,18,5,3,40.34566,18.165724,08:47,64,1
REG,4396,BARI CENTRALE,LECCE,SQUINZANO,1.265625,-1.0,64,2023-01-07,2023-12-30,8,3,3,40.439266,18.046097,09:00,64,2
REG,4396,BARI CENTRALE,LECCE,BRINDISI,0.921875,-1.0,64,2023-01-07,2023-12-30,7,3,2,40.634339,17.938978,09:17,64,3
REG,4396,BARI CENTRALE,LECCE,OSTUNI,2.015625,0.0,64,2023-01-07,2023-12-30,12,6,2,40.752356,17.580809,09:40,64,4
REG,4396,BARI CENTRALE,LECCE,FASANO,2.453125,1.0,64,2023-01-07,2023-12-30,16,7,3,40.851753,17.3859,09:54,64,5
REG,4396,BARI CENTRALE,LECCE,MONOPOLI,4.453125,3.0,64,2023-01-07,2023-12-30,33,15,3,40.952017,17.292455,10:02,64,6
REG,4396,BARI CENTRALE,LECCE,POLIGNANO A MARE,5.0,3.0,64,2023-01-07,2023-12-30,39,19,3,40.990926,17.218676,10:08,64,7
REG,4396,BARI CENTRALE,LECCE,MOLA DI BARI,4.921875,3.0,64,2023-01-07,2023-12-30,42,20,3,41.057227,17.080919,10:17,64,8
REG,4396,BARI CENTRALE,LECCE,BARI TORRE A MARE,5.5,4.0,64,2023-01-07,2023-12-30,45,25,3,41.082637,16.995772,10:23,64,9
REG,4396,BARI CENTRALE,LECCE,BARI CENTRALE,1.484375,0.0,64,2023-01-07,2023-12-30,14,7,2,41.11774,16.869601,10:41,64,10
