train_class,train_number,train_arrival_stop_name,train_departure_stop_name,stop_name,avg_arrival_delay,median_arrival_delay,count_dates_stop,first_date,last_date,count_3m_delay,count_5m_delay,count_10m_delay,stop_lat,stop_lon,stop_time,count_dates_train,stop_number
REG,4407,LECCE,BARI CENTRALE,BARI CENTRALE,2.461864406779661,1.0,236,2023-01-02,2023-12-22,51,27,10,41.11774,16.869601,13:32,236,1
REG,4407,LECCE,BARI CENTRALE,BARI TORRE A MARE,2.7584745762711864,2.0,236,2023-01-02,2023-12-22,78,34,13,41.082637,16.995772,13:42,236,2
REG,4407,LECCE,BARI CENTRALE,MONOPOLI,2.9491525423728815,2.0,236,2023-01-02,2023-12-22,88,42,17,40.952017,17.292455,13:58,236,3
REG,4407,LECCE,BARI CENTRALE,FASANO,5.826271186440678,4.0,236,2023-01-02,2023-12-22,185,106,23,40.851753,17.3859,14:06,236,4
REG,4407,LECCE,BARI CENTRALE,OSTUNI,6.338983050847458,5.0,236,2023-01-02,2023-12-22,191,123,32,40.752356,17.580809,14:17,236,5
REG,4407,LECCE,BARI CENTRALE,BRINDISI,2.3516949152542375,1.0,236,2023-01-02,2023-12-22,74,49,20,40.634339,17.938978,14:43,236,6
REG,4407,LECCE,BARI CENTRALE,SQUINZANO,3.2966101694915255,1.0,236,2023-01-02,2023-12-22,75,47,18,40.439266,18.046097,14:59,236,7
REG,4407,LECCE,BARI CENTRALE,LECCE,2.457627118644068,1.0,236,2023-01-02,2023-12-22,60,36,15,40.34566,18.165724,15:13,236,8
