train_class,train_number,train_arrival_stop_name,train_departure_stop_name,stop_name,avg_arrival_delay,median_arrival_delay,count_dates_stop,first_date,last_date,count_3m_delay,count_5m_delay,count_10m_delay,stop_lat,stop_lon,stop_time,count_dates_train,stop_number
REG,4036,FIRENZE S.M.N.,LIVORNO CENTRALE,LIVORNO CENTRALE,1.5819672131147542,1.0,244,2023-01-02,2023-12-29,32,10,3,43.55406,10.336593,13:12,244,1
REG,4036,FIRENZE S.M.N.,LIVORNO CENTRALE,PISA CENTRALE,0.7540983606557377,0.0,244,2023-01-02,2023-12-29,46,17,4,43.70794,10.398183,13:29,244,2
REG,4036,FIRENZE S.M.N.,LIVORNO CENTRALE,PONTEDERA CASCIANA TERME,0.3729508196721312,0.0,244,2023-01-02,2023-12-29,34,11,4,43.662145,10.628773,13:46,244,3
REG,4036,FIRENZE S.M.N.,LIVORNO CENTRALE,EMPOLI,-0.889344262295082,-2.0,244,2023-01-02,2023-12-29,17,13,8,43.715708,10.94915,14:03,244,4
REG,4036,FIRENZE S.M.N.,LIVORNO CENTRALE,FIRENZE RIFREDI,0.9221311475409836,-1.0,244,2023-01-02,2023-12-29,33,22,12,43.800873,11.235729,14:25,244,5
REG,4036,FIRENZE S.M.N.,LIVORNO CENTRALE,FIRENZE S.M.N.,0.20081967213114754,-1.0,244,2023-01-02,2023-12-29,23,17,8,43.776893,11.247373,14:33,244,6
