train_class,train_number,train_arrival_stop_name,train_departure_stop_name,stop_name,avg_arrival_delay,median_arrival_delay,count_dates_stop,first_date,last_date,count_3m_delay,count_5m_delay,count_10m_delay,stop_lat,stop_lon,stop_time,count_dates_train,stop_number
REG,5770,CASERTA,NAPOLI CENTRALE,NAPOLI CENTRALE,1.4,1.0,50,2023-01-07,2023-12-30,3,0,0,40.852933,14.272908,04:12,50,1
REG,5770,CASERTA,NAPOLI CENTRALE,CASALNUOVO,-0.4,-1.0,50,2023-01-07,2023-12-30,3,0,0,40.915559,14.35296,04:25,50,2
REG,5770,CASERTA,NAPOLI CENTRALE,ACERRA,-0.52,-1.0,50,2023-01-07,2023-12-30,4,0,0,40.939066,14.372243,04:30,50,3
REG,5770,CASERTA,NAPOLI CENTRALE,CANCELLO,0.04,-1.0,50,2023-01-07,2023-12-30,6,1,0,40.993063,14.418877,04:38,50,4
REG,5770,CASERTA,NAPOLI CENTRALE,CASERTA,3.3,2.0,50,2023-01-07,2023-12-30,20,9,4,41.068655,14.328457,04:54,50,5
