train_class,train_number,train_arrival_stop_name,train_departure_stop_name,stop_name,avg_arrival_delay,median_arrival_delay,count_dates_stop,first_date,last_date,count_3m_delay,count_5m_delay,count_10m_delay,stop_lat,stop_lon,stop_time,count_dates_train,stop_number
REG,5654,SAPRI,COSENZA,COSENZA,1.8653061224489795,1.0,245,2023-01-02,2023-12-29,27,6,4,39.318386,16.260955,20:45,245,1
REG,5654,SAPRI,COSENZA,CASTIGLIONE COSENTINO,-0.0163265306122449,-1.0,245,2023-01-02,2023-12-29,11,5,3,39.35542,16.244388,20:51,245,2
REG,5654,SAPRI,COSENZA,PAOLA,-0.7795918367346939,-2.0,245,2023-01-02,2023-12-29,18,8,5,39.359442,16.033093,21:07,245,3
REG,5654,SAPRI,COSENZA,CETRARO,2.3918367346938774,1.0,245,2023-01-02,2023-12-29,71,32,14,39.512553,15.939263,21:24,245,4
REG,5654,SAPRI,COSENZA,CAPO BONIFATI,3.436734693877551,2.0,245,2023-01-02,2023-12-29,101,59,16,39.558342,15.874052,21:30,245,5
REG,5654,SAPRI,COSENZA,BELVEDERE MARITTIMO,3.436734693877551,1.0,245,2023-01-02,2023-12-29,97,73,28,39.616549,15.853039,21:36,245,6
REG,5654,SAPRI,COSENZA,DIAMANTE BUONVICINO,3.453061224489796,1.0,245,2023-01-02,2023-12-29,87,72,25,39.67701,15.824278,21:42,245,7
REG,5654,SAPRI,COSENZA,SCALEA S.DOMENICA TALAO,4.453061224489796,2.0,245,2023-01-02,2023-12-29,109,82,32,39.8083,15.80139,21:51,245,8
REG,5654,SAPRI,COSENZA,PRAJA AJETA TORTORA,3.783673469387755,1.0,245,2023-01-02,2023-12-29,104,73,31,39.900832,15.780628,21:59,245,9
REG,5654,SAPRI,COSENZA,MARATEA,3.3469387755102042,1.0,245,2023-01-02,2023-12-29,94,63,27,39.995028,15.70975,22:08,245,10
REG,5654,SAPRI,COSENZA,SAPRI,2.289795918367347,0.0,245,2023-01-02,2023-12-29,77,40,23,40.078013,15.627204,22:20,245,11
