train_class,train_number,train_arrival_stop_name,train_departure_stop_name,stop_name,avg_arrival_delay,median_arrival_delay,count_dates_stop,first_date,last_date,count_3m_delay,count_5m_delay,count_10m_delay,stop_lat,stop_lon,stop_time,count_dates_train,stop_number
REG,5113,ROCCA RAVINDOLA,ROMA TERMINI,ROMA TERMINI,3.5901639344262297,2.0,244,2023-01-01,2023-12-31,101,40,16,41.900636,12.502026,09:07,244,1
REG,5113,ROCCA RAVINDOLA,ROMA TERMINI,CASSINO,-2.4385245901639343,-5.0,244,2023-01-01,2023-12-31,26,22,19,41.484306,13.832125,10:32,244,2
REG,5113,ROCCA RAVINDOLA,ROMA TERMINI,VENAFRO,-5.39344262295082,-8.0,244,2023-01-01,2023-12-31,20,16,14,41.482975,14.048722,10:55,244,3
REG,5113,ROCCA RAVINDOLA,ROMA TERMINI,ROCCA RAVINDOLA,-0.5819672131147541,-3.0,244,2023-01-01,2023-12-31,22,19,15,41.521035,14.122965,11:05,244,4
