train_class,train_number,train_arrival_stop_name,train_departure_stop_name,stop_name,avg_arrival_delay,median_arrival_delay,count_dates_stop,first_date,last_date,count_3m_delay,count_5m_delay,count_10m_delay,stop_lat,stop_lon,stop_time,count_dates_train,stop_number
REG,5506,DITTAINO,PALERMO CENTRALE,PALERMO CENTRALE,0.6323529411764706,0.0,204,2023-03-13,2023-12-31,9,3,1,38.109187,13.367515,07:31,204,1
REG,5506,DITTAINO,PALERMO CENTRALE,BAGHERIA,-0.4,-1.0,60,2023-10-16,2023-12-30,2,1,0,38.089905,13.507215,07:40,204,2
REG,5506,DITTAINO,PALERMO CENTRALE,TERMINI IMERESE,-1.3431372549019607,-2.0,204,2023-03-13,2023-12-31,6,4,1,37.980132,13.703631,07:55,204,3
REG,5506,DITTAINO,PALERMO CENTRALE,CALTANISSETTA XIRBI,-1.6323529411764706,-3.0,204,2023-03-13,2023-12-31,16,11,5,37.536296,14.056902,09:00,204,4
REG,5506,DITTAINO,PALERMO CENTRALE,ENNA,-2.4215686274509802,-4.0,204,2023-03-13,2023-12-31,16,9,8,37.581134,14.289579,09:25,204,5
REG,5506,DITTAINO,PALERMO CENTRALE,DITTAINO,-3.392156862745098,-5.0,204,2023-03-13,2023-12-31,11,10,6,37.564605,14.462429,09:47,204,6
