train_class,train_number,train_arrival_stop_name,train_departure_stop_name,stop_name,avg_arrival_delay,median_arrival_delay,count_dates_stop,first_date,last_date,count_3m_delay,count_5m_delay,count_10m_delay,stop_lat,stop_lon,stop_time,count_dates_train,stop_number
REG,5838,COLLEFERRO-SEGNI-PALIANO,CASERTA,CASERTA,3.064516129032258,2.0,31,2023-07-28,2023-09-03,12,5,2,41.068655,14.328457,06:10,31,1
REG,5838,COLLEFERRO-SEGNI-PALIANO,CASERTA,S.MARIA CAPUA VETERE,2.3548387096774195,2.0,31,2023-07-28,2023-09-03,12,3,2,41.07353,14.254081,06:17,31,2
REG,5838,COLLEFERRO-SEGNI-PALIANO,CASERTA,SPARANISE,2.5806451612903225,2.0,31,2023-07-28,2023-09-03,14,5,1,41.185707,14.092954,06:29,31,3
REG,5838,COLLEFERRO-SEGNI-PALIANO,CASERTA,TEANO,1.903225806451613,2.0,31,2023-07-28,2023-09-03,8,3,1,41.231804,14.077075,06:36,31,4
REG,5838,COLLEFERRO-SEGNI-PALIANO,CASERTA,VAIRANO,1.5161290322580645,1.0,31,2023-07-28,2023-09-03,8,3,2,41.317446,14.104022,06:45,31,5
REG,5838,COLLEFERRO-SEGNI-PALIANO,CASERTA,CASSINO,-0.41935483870967744,-1.0,31,2023-07-28,2023-09-03,6,3,2,41.484306,13.832125,07:10,31,6
REG,5838,COLLEFERRO-SEGNI-PALIANO,CASERTA,ROCCASECCA,1.032258064516129,0.0,31,2023-07-28,2023-09-03,8,3,2,41.526377,13.645814,07:21,31,7
REG,5838,COLLEFERRO-SEGNI-PALIANO,CASERTA,FROSINONE,1.935483870967742,1.0,31,2023-07-28,2023-09-03,7,4,2,41.625333,13.328728,07:43,31,8
REG,5838,COLLEFERRO-SEGNI-PALIANO,CASERTA,COLLEFERRO-SEGNI-PALIANO,-0.2903225806451613,-2.0,31,2023-07-28,2023-09-03,4,4,1,41.740062,13.00299,08:08,31,9
