train_class,train_number,train_arrival_stop_name,train_departure_stop_name,stop_name,avg_arrival_delay,median_arrival_delay,count_dates_stop,first_date,last_date,count_3m_delay,count_5m_delay,count_10m_delay,stop_lat,stop_lon,stop_time,count_dates_train,stop_number
REG,5966,NAPOLI CENTRALE,SALERNO,SALERNO,2.043227665706052,1.0,347,2023-01-01,2023-12-31,36,20,11,40.675137,14.772822,20:11,347,1
REG,5966,NAPOLI CENTRALE,SALERNO,CAVA DEI TIRRENI,1.8048048048048049,1.0,333,2023-01-01,2023-12-31,65,18,5,40.703662,14.708461,20:24,347,2
REG,5966,NAPOLI CENTRALE,SALERNO,NOCERA SUPERIORE,3.1077844311377247,3.0,334,2023-01-01,2023-12-31,172,36,8,40.742597,14.672398,20:30,347,3
REG,5966,NAPOLI CENTRALE,SALERNO,NOCERA INFERIORE,3.831858407079646,3.0,339,2023-01-01,2023-12-31,220,74,12,40.745318,14.635346,20:34,347,4
REG,5966,NAPOLI CENTRALE,SALERNO,PAGANI,4.825443786982248,4.0,338,2023-01-01,2023-12-31,273,125,18,40.74654,14.616996,20:37,347,5
REG,5966,NAPOLI CENTRALE,SALERNO,ANGRI,5.147492625368732,4.0,339,2023-01-01,2023-12-31,289,147,20,40.746404,14.575366,20:41,347,6
REG,5966,NAPOLI CENTRALE,SALERNO,SCAFATI,2.746312684365782,2.0,339,2023-01-01,2023-12-31,133,49,15,40.746028,14.523253,20:48,347,7
REG,5966,NAPOLI CENTRALE,SALERNO,POMPEI,3.471976401179941,3.0,339,2023-01-01,2023-12-31,171,77,17,40.745918,14.501109,20:51,347,8
REG,5966,NAPOLI CENTRALE,SALERNO,TORRE ANNUNZIATA CENTRALE,2.117994100294985,1.0,339,2023-01-01,2023-12-31,117,46,14,40.747131,14.463744,20:56,347,9
REG,5966,NAPOLI CENTRALE,SALERNO,TORRE DEL GRECO,2.032544378698225,1.0,338,2023-01-01,2023-12-31,98,48,14,40.787631,14.363159,21:06,347,10
REG,5966,NAPOLI CENTRALE,SALERNO,PORTICI- ERCOLANO,1.3628318584070795,0.0,339,2023-01-01,2023-12-31,79,41,17,40.809907,14.335809,21:11,347,11
REG,5966,NAPOLI CENTRALE,SALERNO,NAPOLI S.GIOV.BARRA,-0.2890855457227139,-2.0,339,2023-01-01,2023-12-31,37,27,9,40.831269,14.307811,21:20,347,12
REG,5966,NAPOLI CENTRALE,SALERNO,NAPOLI CENTRALE,-0.21902017291066284,0.0,347,2023-01-01,2023-12-31,91,43,12,40.852933,14.272908,21:38,347,13
