train_class,train_number,train_arrival_stop_name,train_departure_stop_name,stop_name,avg_arrival_delay,median_arrival_delay,count_dates_stop,first_date,last_date,count_3m_delay,count_5m_delay,count_10m_delay,stop_lat,stop_lon,stop_time,count_dates_train,stop_number
REG,5402,PALERMO CENTRALE,ROCCAPALUMBA-ALIA,ROCCAPALUMBA-ALIA,1.8194444444444444,1.0,72,2023-06-12,2023-09-09,15,5,0,37.793751,13.673628,06:17,72,1
REG,5402,PALERMO CENTRALE,ROCCAPALUMBA-ALIA,MONTEMAGGIORE,0.29577464788732394,0.0,71,2023-06-12,2023-09-09,6,5,0,37.859037,13.693193,06:26,72,2
REG,5402,PALERMO CENTRALE,ROCCAPALUMBA-ALIA,CERDA,0.1527777777777778,-1.0,72,2023-06-12,2023-09-09,8,4,1,37.953964,13.78447,06:42,72,3
REG,5402,PALERMO CENTRALE,ROCCAPALUMBA-ALIA,TERMINI IMERESE,0.9027777777777778,0.0,72,2023-06-12,2023-09-09,13,7,2,37.980132,13.703631,06:50,72,4
REG,5402,PALERMO CENTRALE,ROCCAPALUMBA-ALIA,BAGHERIA,0.4861111111111111,0.0,72,2023-06-12,2023-09-09,11,5,2,38.089905,13.507215,07:06,72,5
REG,5402,PALERMO CENTRALE,ROCCAPALUMBA-ALIA,PALERMO CENTRALE,1.0,1.0,72,2023-06-12,2023-09-09,15,6,2,38.109187,13.367515,07:17,72,6
