train_class,train_number,train_arrival_stop_name,train_departure_stop_name,stop_name,avg_arrival_delay,median_arrival_delay,count_dates_stop,first_date,last_date,count_3m_delay,count_5m_delay,count_10m_delay,stop_lat,stop_lon,stop_time,count_dates_train,stop_number
REG,5243,SAPRI,NAPOLI CENTRALE,NAPOLI CENTRALE,5.655737704918033,4.0,61,2023-01-01,2023-12-31,36,25,10,40.852933,14.272908,17:14,61,1
REG,5243,SAPRI,NAPOLI CENTRALE,SALERNO,-7.819672131147541,-10.0,61,2023-01-01,2023-12-31,5,4,1,40.675137,14.772822,17:59,61,2
REG,5243,SAPRI,NAPOLI CENTRALE,PONTECAGNANO,2.6557377049180326,1.0,61,2023-01-01,2023-12-31,15,8,4,40.641033,14.870272,18:09,61,3
REG,5243,SAPRI,NAPOLI CENTRALE,BATTIPAGLIA,3.0655737704918034,2.0,61,2023-01-01,2023-12-31,25,13,4,40.605789,14.98324,18:21,61,4
REG,5243,SAPRI,NAPOLI CENTRALE,CAPACCIO ROCCADASPIDE,3.9508196721311477,1.0,61,2023-01-01,2023-12-31,25,17,5,40.454518,15.013551,18:38,61,5
REG,5243,SAPRI,NAPOLI CENTRALE,AGROPOLI CASTELLABATE,4.639344262295082,2.0,61,2023-01-01,2023-12-31,27,19,6,40.351521,15.002053,18:49,61,6
REG,5243,SAPRI,NAPOLI CENTRALE,OMIGNANO SALENTO,4.032786885245901,1.0,61,2023-01-01,2023-12-31,26,17,7,40.252688,15.134406,19:01,61,7
REG,5243,SAPRI,NAPOLI CENTRALE,VALLO DELLA LUC. CASTELNUOVO,4.081967213114754,1.0,61,2023-01-01,2023-12-31,24,17,7,40.233316,15.266511,19:05,61,8
REG,5243,SAPRI,NAPOLI CENTRALE,ASCEA,3.7049180327868854,1.0,61,2023-01-01,2023-12-31,23,17,6,40.140955,15.172626,19:13,61,9
REG,5243,SAPRI,NAPOLI CENTRALE,PISCIOTTA PALINURO,2.7868852459016393,0.0,61,2023-01-01,2023-12-31,17,14,6,40.091539,15.243601,19:22,61,10
REG,5243,SAPRI,NAPOLI CENTRALE,CELLE BULGHERIA ROCCAGLORIOSA,4.131147540983607,1.0,61,2023-01-01,2023-12-31,24,15,6,40.10287,15.39473,19:35,61,11
REG,5243,SAPRI,NAPOLI CENTRALE,POLICASTRO BUSSENTINO,3.6721311475409837,1.0,61,2023-01-01,2023-12-31,21,16,6,40.076482,15.528438,19:44,61,12
REG,5243,SAPRI,NAPOLI CENTRALE,SAPRI,2.098360655737705,-1.0,61,2023-01-01,2023-12-31,17,7,6,40.078013,15.627204,19:54,61,13
