train_class,train_number,train_arrival_stop_name,train_departure_stop_name,stop_name,avg_arrival_delay,median_arrival_delay,count_dates_stop,first_date,last_date,count_3m_delay,count_5m_delay,count_10m_delay,stop_lat,stop_lon,stop_time,count_dates_train,stop_number
REG,5311,ROMA TERMINI,BAGNI DI TIVOLI,BAGNI DI TIVOLI,1.75,2.0,20,2023-08-28,2023-09-16,1,1,0,41.949593,12.722208,13:20,20,1
REG,5311,ROMA TERMINI,BAGNI DI TIVOLI,LUNGHEZZA,-0.25,0.0,20,2023-08-28,2023-09-16,1,0,0,41.923253,12.667212,13:26,20,2
REG,5311,ROMA TERMINI,BAGNI DI TIVOLI,PONTE DI NONA,-2.1,-2.0,20,2023-08-28,2023-09-16,0,0,0,42.061563,13.581585,13:30,20,3
REG,5311,ROMA TERMINI,BAGNI DI TIVOLI,ROMA TERMINI,-2.05,-2.0,20,2023-08-28,2023-09-16,1,0,0,41.900636,12.502026,13:50,20,4
