train_class,train_number,train_arrival_stop_name,train_departure_stop_name,stop_name,avg_arrival_delay,median_arrival_delay,count_dates_stop,first_date,last_date,count_3m_delay,count_5m_delay,count_10m_delay,stop_lat,stop_lon,stop_time,count_dates_train,stop_number
REG,5087,SALERNO,NOCERA INFERIORE,NOCERA INFERIORE,1.0068493150684932,1.0,292,2023-01-02,2023-12-30,14,6,0,40.745318,14.635346,13:36,292,1
REG,5087,SALERNO,NOCERA INFERIORE,NOCERA SUPERIORE,-0.2852233676975945,-1.0,291,2023-01-02,2023-12-30,9,2,0,40.742597,14.672398,13:40,292,2
REG,5087,SALERNO,NOCERA INFERIORE,CAVA DEI TIRRENI,-0.25,-1.0,292,2023-01-02,2023-12-30,12,5,2,40.703662,14.708461,13:47,292,3
REG,5087,SALERNO,NOCERA INFERIORE,SALERNO,-1.3116438356164384,-2.0,292,2023-01-02,2023-12-30,13,9,2,40.675137,14.772822,14:04,292,4
