train_class,train_number,train_arrival_stop_name,train_departure_stop_name,stop_name,avg_arrival_delay,median_arrival_delay,count_dates_stop,first_date,last_date,count_3m_delay,count_5m_delay,count_10m_delay,stop_lat,stop_lon,stop_time,count_dates_train,stop_number
REG,5412,PALERMO CENTRALE,ROCCAPALUMBA-ALIA,ROCCAPALUMBA-ALIA,0.45901639344262296,0.0,61,2023-06-12,2023-09-08,1,0,0,37.793751,13.673628,13:17,61,1
REG,5412,PALERMO CENTRALE,ROCCAPALUMBA-ALIA,MONTEMAGGIORE,-1.4333333333333333,-2.0,60,2023-06-12,2023-09-08,0,0,0,37.859037,13.693193,13:26,61,2
REG,5412,PALERMO CENTRALE,ROCCAPALUMBA-ALIA,CERDA,0.03278688524590164,-1.0,61,2023-06-12,2023-09-08,9,3,0,37.953964,13.78447,13:42,61,3
REG,5412,PALERMO CENTRALE,ROCCAPALUMBA-ALIA,TERMINI IMERESE,3.5245901639344264,3.0,61,2023-06-12,2023-09-08,38,17,1,37.980132,13.703631,13:48,61,4
REG,5412,PALERMO CENTRALE,ROCCAPALUMBA-ALIA,BAGHERIA,1.459016393442623,1.0,61,2023-06-12,2023-09-08,18,9,0,38.089905,13.507215,14:05,61,5
REG,5412,PALERMO CENTRALE,ROCCAPALUMBA-ALIA,PALERMO CENTRALE,0.5737704918032787,1.0,61,2023-06-12,2023-09-08,10,5,0,38.109187,13.367515,14:17,61,6
