train_class,train_number,train_arrival_stop_name,train_departure_stop_name,stop_name,avg_arrival_delay,median_arrival_delay,count_dates_stop,first_date,last_date,count_3m_delay,count_5m_delay,count_10m_delay,stop_lat,stop_lon,stop_time,count_dates_train,stop_number
REG,5262,ROCCA RAVINDOLA,NAPOLI CENTRALE,NAPOLI CENTRALE,2.4186046511627906,1.0,43,2023-01-01,2023-12-03,9,4,3,40.852933,14.272908,19:30,43,1
REG,5262,ROCCA RAVINDOLA,NAPOLI CENTRALE,CASERTA,1.6511627906976745,0.0,43,2023-01-01,2023-12-03,14,8,5,41.068655,14.328457,20:02,43,2
REG,5262,ROCCA RAVINDOLA,NAPOLI CENTRALE,VAIRANO,-6.790697674418604,-8.0,43,2023-01-01,2023-12-03,5,5,0,41.317446,14.104022,20:43,43,3
REG,5262,ROCCA RAVINDOLA,NAPOLI CENTRALE,VENAFRO,-1.7674418604651163,-3.0,43,2023-01-01,2023-12-03,4,2,1,41.482975,14.048722,21:03,43,4
REG,5262,ROCCA RAVINDOLA,NAPOLI CENTRALE,ROCCA RAVINDOLA,-0.37209302325581395,-1.0,43,2023-01-01,2023-12-03,4,3,1,41.521035,14.122965,21:12,43,5
