train_class,train_number,train_arrival_stop_name,train_departure_stop_name,stop_name,avg_arrival_delay,median_arrival_delay,count_dates_stop,first_date,last_date,count_3m_delay,count_5m_delay,count_10m_delay,stop_lat,stop_lon,stop_time,count_dates_train,stop_number
REG,5704,SALERNO,ARECHI,ARECHI,0.0,0.0,89,2023-01-02,2023-12-13,0,0,0,,,07:35,89,1
REG,5704,SALERNO,ARECHI,PASTENA,1.4090909090909092,1.0,88,2023-01-02,2023-12-13,3,0,0,,,07:48,89,2
REG,5704,SALERNO,ARECHI,TORRIONE,3.3863636363636362,3.0,88,2023-01-02,2023-12-13,87,3,0,,,07:51,89,3
REG,5704,SALERNO,ARECHI,SALERNO,-0.07865168539325842,-1.0,89,2023-01-02,2023-12-13,7,3,0,40.675137,14.772822,07:56,89,4
