train_class,train_number,train_arrival_stop_name,train_departure_stop_name,stop_name,avg_arrival_delay,median_arrival_delay,count_dates_stop,first_date,last_date,count_3m_delay,count_5m_delay,count_10m_delay,stop_lat,stop_lon,stop_time,count_dates_train,stop_number
REG,5719,ARECHI,SALERNO,SALERNO,2.0526315789473686,2.0,285,2023-01-01,2023-12-30,57,9,1,40.675137,14.772822,10:35,285,1
REG,5719,ARECHI,SALERNO,TORRIONE,2.0437956204379564,2.0,274,2023-01-01,2023-12-17,54,8,1,,,10:39,285,2
REG,5719,ARECHI,SALERNO,PASTENA,2.0437956204379564,2.0,274,2023-01-01,2023-12-17,54,8,1,,,10:42,285,3
REG,5719,ARECHI,SALERNO,MERCATELLO,0.34385964912280703,0.0,285,2023-01-01,2023-12-30,14,5,1,40.606491,15.38979,10:45,285,4
REG,5719,ARECHI,SALERNO,ARECHI,0.11578947368421053,0.0,285,2023-01-01,2023-12-30,5,1,1,,,10:54,285,5
