train_class,train_number,train_arrival_stop_name,train_departure_stop_name,stop_name,avg_arrival_delay,median_arrival_delay,count_dates_stop,first_date,last_date,count_3m_delay,count_5m_delay,count_10m_delay,stop_lat,stop_lon,stop_time,count_dates_train,stop_number
REG,5781,NAPOLI CENTRALE,CASERTA,CASERTA,3.5285714285714285,2.0,210,2023-01-01,2023-12-31,103,55,13,41.068655,14.328457,16:07,210,1
REG,5781,NAPOLI CENTRALE,CASERTA,CANCELLO,4.276190476190476,4.0,210,2023-01-01,2023-12-31,136,80,17,40.993063,14.418877,16:20,210,2
REG,5781,NAPOLI CENTRALE,CASERTA,ACERRA,5.347619047619047,4.0,210,2023-01-01,2023-12-31,135,87,32,40.939066,14.372243,16:27,210,3
REG,5781,NAPOLI CENTRALE,CASERTA,CASALNUOVO,5.6380952380952385,4.0,210,2023-01-01,2023-12-31,151,91,33,40.915559,14.35296,16:31,210,4
REG,5781,NAPOLI CENTRALE,CASERTA,NAPOLI CENTRALE,3.1809523809523808,2.0,210,2023-01-01,2023-12-31,92,56,17,40.852933,14.272908,16:48,210,5
