train_class,train_number,train_arrival_stop_name,train_departure_stop_name,stop_name,avg_arrival_delay,median_arrival_delay,count_dates_stop,first_date,last_date,count_3m_delay,count_5m_delay,count_10m_delay,stop_lat,stop_lon,stop_time,count_dates_train,stop_number
REG,5998,VIGNA CLARA,ROMA OSTIENSE,ROMA OSTIENSE,1.6923076923076923,1.0,13,2023-09-10,2023-12-08,3,1,0,41.87265,12.483917,19:41,13,1
REG,5998,VIGNA CLARA,ROMA OSTIENSE,ROMA TRASTEVERE,2.1538461538461537,2.0,13,2023-09-10,2023-12-08,3,1,0,41.872279,12.466162,19:44,13,2
REG,5998,VIGNA CLARA,ROMA OSTIENSE,QUATTRO VENTI,2.3076923076923075,2.0,13,2023-09-10,2023-12-08,3,1,0,41.880145,12.459731,19:47,13,3
REG,5998,VIGNA CLARA,ROMA OSTIENSE,ROMA S.PIETRO,1.2307692307692308,1.0,13,2023-09-10,2023-12-08,1,1,0,41.896143,12.454497,19:51,13,4
REG,5998,VIGNA CLARA,ROMA OSTIENSE,VIGNA CLARA,0.07692307692307693,0.0,13,2023-09-10,2023-12-08,1,0,0,41.96827,12.409026,20:06,13,5
