train_class,train_number,train_arrival_stop_name,train_departure_stop_name,stop_name,avg_arrival_delay,median_arrival_delay,count_dates_stop,first_date,last_date,count_3m_delay,count_5m_delay,count_10m_delay,stop_lat,stop_lon,stop_time,count_dates_train,stop_number
REG,6139,AREZZO,FIRENZE S.M.N.,FIGLINE VALDARNO,12.277777777777779,7.0,18,2023-11-12,2023-12-07,18,14,7,43.621596,11.473652,00:03,19,1
REG,6139,AREZZO,FIRENZE S.M.N.,S.GIOVANNI VALDARNO,11.210526315789474,7.0,19,2023-11-12,2023-12-07,16,14,6,43.56601,11.527033,00:10,19,2
REG,6139,AREZZO,FIRENZE S.M.N.,MONTEVARCHI TERRANUOVA,10.631578947368421,6.0,19,2023-11-12,2023-12-07,15,12,5,43.525165,11.563983,00:16,19,3
REG,6139,AREZZO,FIRENZE S.M.N.,AREZZO,13.473684210526315,9.0,19,2023-11-12,2023-12-07,19,15,7,43.461725,11.874189,00:38,19,4
REG,6139,AREZZO,FIRENZE S.M.N.,FIRENZE S.M.N.,8.052631578947368,2.0,19,2023-11-12,2023-12-07,8,6,5,43.776893,11.247373,23:18,19,5
REG,6139,AREZZO,FIRENZE S.M.N.,FIRENZE CAMPO MARTE,9.105263157894736,4.0,19,2023-11-12,2023-12-07,12,7,6,43.776856,11.27702,23:23,19,6
REG,6139,AREZZO,FIRENZE S.M.N.,COMPIOBBI,10.11111111111111,5.0,18,2023-11-12,2023-12-07,13,11,6,43.782527,11.358695,23:33,19,7
REG,6139,AREZZO,FIRENZE S.M.N.,PONTASSIEVE,11.11111111111111,6.0,18,2023-11-12,2023-12-07,16,11,6,43.773949,11.437904,23:42,19,8
REG,6139,AREZZO,FIRENZE S.M.N.,RIGNANO SULL`ARNO REGGELLO,11.0,7.0,19,2023-11-12,2023-12-07,16,13,7,43.720834,11.452383,23:51,19,9
REG,6139,AREZZO,FIRENZE S.M.N.,INCISA,11.944444444444445,7.0,18,2023-11-12,2023-12-07,17,13,7,43.656541,11.452728,23:58,19,10
