train_class,train_number,train_arrival_stop_name,train_departure_stop_name,stop_name,avg_arrival_delay,median_arrival_delay,count_dates_stop,first_date,last_date,count_3m_delay,count_5m_delay,count_10m_delay,stop_lat,stop_lon,stop_time,count_dates_train,stop_number
REG,663,ASSO,M N CADORNA,CESANO MADERNO,0.29073482428115016,0.0,313,2023-01-01,2023-12-31,11,7,1,,,17:31,314,1
REG,663,ASSO,M N CADORNA,SEVESO,0.5846645367412141,0.0,313,2023-01-01,2023-12-31,29,16,3,45.648187,9.140488,17:34,314,2
REG,663,ASSO,M N CADORNA,MEDA,0.945859872611465,0.0,314,2023-01-01,2023-12-31,41,27,7,,,17:38,314,3
REG,663,ASSO,M N CADORNA,CABIATE,0.7038216560509554,0.0,314,2023-01-01,2023-12-31,28,13,5,,,17:42,314,4
REG,663,ASSO,M N CADORNA,MARIANO COMENSE,0.9872611464968153,0.0,314,2023-01-01,2023-12-31,41,28,7,45.693622,9.18147,17:45,314,5
REG,663,ASSO,M N CADORNA,CARUGO - GIUSSANO,0.7165605095541401,0.0,314,2023-01-01,2023-12-31,31,17,4,,,17:49,314,6
REG,663,ASSO,M N CADORNA,AROSIO,0.8980891719745223,0.0,314,2023-01-01,2023-12-31,38,25,6,,,17:53,314,7
REG,663,ASSO,M N CADORNA,INVERIGO,0.9171974522292994,0.0,314,2023-01-01,2023-12-31,37,25,6,,,17:58,314,8
REG,663,ASSO,M N CADORNA,MERONE,1.2006369426751593,0.0,314,2023-01-01,2023-12-31,42,34,13,45.781374,9.243772,18:08,314,9
REG,663,ASSO,M N CADORNA,ERBA,1.10828025477707,0.0,314,2023-01-01,2023-12-31,39,31,10,,,18:14,314,10
REG,663,ASSO,M N CADORNA,PONTELAMBRO - CASTELMARTE,0.46496815286624205,0.0,314,2023-01-01,2023-12-31,19,12,4,,,18:20,314,11
REG,663,ASSO,M N CADORNA,CASLINO D'ERBA,0.33121019108280253,0.0,314,2023-01-01,2023-12-31,11,9,4,,,18:23,314,12
REG,663,ASSO,M N CADORNA,CANZO,0.5636942675159236,0.0,314,2023-01-01,2023-12-31,23,18,4,,,18:28,314,13
REG,663,ASSO,M N CADORNA,ASSO,0.5987261146496815,0.0,314,2023-01-01,2023-12-31,22,17,5,45.855228,9.268513,18:31,314,14
