train_class,train_number,train_arrival_stop_name,train_departure_stop_name,stop_name,avg_arrival_delay,median_arrival_delay,count_dates_stop,first_date,last_date,count_3m_delay,count_5m_delay,count_10m_delay,stop_lat,stop_lon,stop_time,count_dates_train,stop_number
REG,79793,RAVENNA,BOLOGNA C.LE,BOLOGNA C.LE,2.1379310344827585,1.0,29,2023-05-14,2023-06-25,7,4,0,44.50626,11.342267,22:06,29,1
REG,79793,RAVENNA,BOLOGNA C.LE,BOLOGNA SAN VITALE,2.1724137931034484,2.0,29,2023-05-14,2023-06-25,7,3,0,,,22:10,29,2
REG,79793,RAVENNA,BOLOGNA C.LE,OZZANO DELL'EMILIA,3.3793103448275863,2.0,29,2023-05-14,2023-06-25,14,6,1,44.450797,11.487297,22:20,29,3
REG,79793,RAVENNA,BOLOGNA C.LE,VARIGNANA,2.4482758620689653,1.0,29,2023-05-14,2023-06-25,9,5,1,44.436796,11.523078,22:25,29,4
REG,79793,RAVENNA,BOLOGNA C.LE,CASTEL S.PIETRO TERME,0.7241379310344828,-1.0,29,2023-05-14,2023-06-25,5,2,1,44.407376,11.597681,22:31,29,5
REG,79793,RAVENNA,BOLOGNA C.LE,IMOLA,1.1724137931034482,0.0,29,2023-05-14,2023-06-25,5,3,1,44.359418,11.718723,22:38,29,6
REG,79793,RAVENNA,BOLOGNA C.LE,CASTELBOLOGNESE,1.7241379310344827,1.0,29,2023-05-14,2023-06-25,8,4,1,44.325391,11.804174,22:44,29,7
REG,79793,RAVENNA,BOLOGNA C.LE,FAENZA,3.1379310344827585,3.0,29,2023-05-14,2023-06-25,15,6,1,44.293594,11.883268,22:51,29,8
REG,79793,RAVENNA,BOLOGNA C.LE,GRANAROLO,2.3448275862068964,1.0,29,2023-05-14,2023-06-25,12,9,2,44.357356,11.937441,23:02,29,9
REG,79793,RAVENNA,BOLOGNA C.LE,RUSSI,-0.3103448275862069,-2.0,29,2023-05-14,2023-06-25,6,3,1,44.379011,12.03164,23:12,29,10
REG,79793,RAVENNA,BOLOGNA C.LE,GODO,1.793103448275862,1.0,29,2023-05-14,2023-06-25,10,4,1,44.389322,12.071256,23:16,29,11
REG,79793,RAVENNA,BOLOGNA C.LE,RAVENNA,-0.6896551724137931,-2.0,29,2023-05-14,2023-06-25,4,2,0,44.419155,12.208404,23:30,29,12
