train_class,train_number,train_arrival_stop_name,train_departure_stop_name,stop_name,avg_arrival_delay,median_arrival_delay,count_dates_stop,first_date,last_date,count_3m_delay,count_5m_delay,count_10m_delay,stop_lat,stop_lon,stop_time,count_dates_train,stop_number
REG,761,CAMNAGO LENTATE,M N CADORNA,PADERNO DUGNANO,0.2750809061488673,0.0,309,2023-01-01,2023-12-31,13,6,0,,,17:12,309,1
REG,761,CAMNAGO LENTATE,M N CADORNA,VAREDO,0.37540453074433655,0.0,309,2023-01-01,2023-12-31,21,10,1,,,17:17,309,2
REG,761,CAMNAGO LENTATE,M N CADORNA,CESANO MADERNO,0.43042071197411,0.0,309,2023-01-01,2023-12-31,24,13,2,,,17:23,309,3
REG,761,CAMNAGO LENTATE,M N CADORNA,SEVESO,0.4336569579288026,0.0,309,2023-01-01,2023-12-31,22,15,2,45.648187,9.140488,17:28,309,4
