train_class,train_number,train_arrival_stop_name,train_departure_stop_name,stop_name,avg_arrival_delay,median_arrival_delay,count_dates_stop,first_date,last_date,count_3m_delay,count_5m_delay,count_10m_delay,stop_lat,stop_lon,stop_time,count_dates_train,stop_number
REG,795,CAMNAGO LENTATE,M N CADORNA,PADERNO DUGNANO,1.0,0.0,46,2023-11-02,2023-12-30,6,2,1,,,23:42,46,1
REG,795,CAMNAGO LENTATE,M N CADORNA,VAREDO,1.2391304347826086,0.0,46,2023-11-02,2023-12-30,8,2,1,,,23:47,46,2
REG,795,CAMNAGO LENTATE,M N CADORNA,CESANO MADERNO,1.3043478260869565,0.0,46,2023-11-02,2023-12-30,9,2,1,,,23:53,46,3
REG,795,CAMNAGO LENTATE,M N CADORNA,SEVESO,0.9130434782608695,0.0,46,2023-11-02,2023-12-30,8,2,1,45.648187,9.140488,23:58,46,4
