train_class,train_number,train_arrival_stop_name,train_departure_stop_name,stop_name,avg_arrival_delay,median_arrival_delay,count_dates_stop,first_date,last_date,count_3m_delay,count_5m_delay,count_10m_delay,stop_lat,stop_lon,stop_time,count_dates_train,stop_number
REG,844,M N CADORNA,SARONNO,SARONNO,0.1180327868852459,0.0,305,2023-01-02,2023-12-31,4,0,0,45.625309,9.030839,13:23,305,1
REG,844,M N CADORNA,SARONNO,SARONNO SUD,0.05573770491803279,0.0,305,2023-01-02,2023-12-31,2,0,0,,,13:26,305,2
REG,844,M N CADORNA,SARONNO,CESATE,0.14754098360655737,0.0,305,2023-01-02,2023-12-31,6,1,0,,,13:30,305,3
REG,844,M N CADORNA,SARONNO,BOLLATE NORD,0.31475409836065577,0.0,305,2023-01-02,2023-12-31,17,4,0,,,13:37,305,4
REG,844,M N CADORNA,SARONNO,BOLLATE CENTRO,0.29508196721311475,0.0,305,2023-01-02,2023-12-31,16,4,0,,,13:39,305,5
