train_class,train_number,train_arrival_stop_name,train_departure_stop_name,stop_name,avg_arrival_delay,median_arrival_delay,count_dates_stop,first_date,last_date,count_3m_delay,count_5m_delay,count_10m_delay,stop_lat,stop_lon,stop_time,count_dates_train,stop_number
REG,852,M N CADORNA,SARONNO,SARONNO,0.14376996805111822,0.0,313,2023-01-01,2023-12-31,4,1,0,45.625309,9.030839,15:23,313,1
REG,852,M N CADORNA,SARONNO,SARONNO SUD,0.05750798722044728,0.0,313,2023-01-01,2023-12-31,3,1,0,,,15:26,313,2
REG,852,M N CADORNA,SARONNO,CESATE,0.16613418530351437,0.0,313,2023-01-01,2023-12-31,4,2,0,,,15:30,313,3
REG,852,M N CADORNA,SARONNO,BOLLATE NORD,0.36741214057507987,0.0,313,2023-01-01,2023-12-31,19,7,0,,,15:37,313,4
REG,852,M N CADORNA,SARONNO,BOLLATE CENTRO,0.3354632587859425,0.0,313,2023-01-01,2023-12-31,17,7,0,,,15:39,313,5
