train_class,train_number,train_arrival_stop_name,train_departure_stop_name,stop_name,avg_arrival_delay,median_arrival_delay,count_dates_stop,first_date,last_date,count_3m_delay,count_5m_delay,count_10m_delay,stop_lat,stop_lon,stop_time,count_dates_train,stop_number
REG,90056,BOLOGNA C.LE,VIGNOLA,VIGNOLA,1.1363636363636365,1.0,22,2023-12-10,2023-12-31,1,0,0,,,07:51,22,1
REG,90056,BOLOGNA C.LE,VIGNOLA,BAZZANO,0.22727272727272727,1.0,22,2023-12-10,2023-12-31,0,0,0,,,08:02,22,2
REG,90056,BOLOGNA C.LE,VIGNOLA,CRESPELLANO,2.727272727272727,3.0,22,2023-12-10,2023-12-31,12,3,0,,,08:09,22,3
REG,90056,BOLOGNA C.LE,VIGNOLA,VIA LUNGA,2.1818181818181817,2.0,22,2023-12-10,2023-12-31,10,2,0,,,08:14,22,4
REG,90056,BOLOGNA C.LE,VIGNOLA,CASALECCHIO GARIBALDI,2.5,2.0,22,2023-12-10,2023-12-31,11,4,0,44.482995,11.272474,08:32,22,5
REG,90056,BOLOGNA C.LE,VIGNOLA,CASTELDEBOLE,4.409090909090909,4.0,22,2023-12-10,2023-12-31,18,8,0,44.503974,11.27456,08:36,22,6
REG,90056,BOLOGNA C.LE,VIGNOLA,BOLOGNA BORGO PANIGALE,3.8636363636363638,4.0,22,2023-12-10,2023-12-31,17,7,0,44.515024,11.284728,08:39,22,7
REG,90056,BOLOGNA C.LE,VIGNOLA,BOLOGNA C.LE,1.2272727272727273,1.0,22,2023-12-10,2023-12-31,6,0,0,44.50626,11.342267,08:47,22,8
