train_class,train_number,train_arrival_stop_name,train_departure_stop_name,stop_name,avg_arrival_delay,median_arrival_delay,count_dates_stop,first_date,last_date,count_3m_delay,count_5m_delay,count_10m_delay,stop_lat,stop_lon,stop_time,count_dates_train,stop_number
REG,94750,VILLA LITERNO,NAPOLI CAMPI FLEGREI,NAPOLI CAMPI FLEGREI,3.1041666666666665,1.0,48,2023-01-22,2023-12-08,9,3,1,40.822462,14.194649,20:15,48,1
REG,94750,VILLA LITERNO,NAPOLI CAMPI FLEGREI,CAVALLEGGERI AOSTA,1.3541666666666667,-1.0,48,2023-01-22,2023-12-08,3,2,1,40.819292,14.185679,20:17,48,2
REG,94750,VILLA LITERNO,NAPOLI CAMPI FLEGREI,BAGNOLI AGNANO TERME,2.3142857142857145,0.0,35,2023-03-05,2023-10-15,2,1,1,40.819444,14.166694,20:21,48,3
REG,94750,VILLA LITERNO,NAPOLI CAMPI FLEGREI,POZZUOLI SOLFATARA,3.9375,2.0,48,2023-01-22,2023-12-08,15,5,2,40.827586,14.126163,20:26,48,4
REG,94750,VILLA LITERNO,NAPOLI CAMPI FLEGREI,GIUGLIANO QUALIANO,5.5,3.0,48,2023-01-22,2023-12-08,33,13,3,40.935018,14.10378,20:36,48,5
REG,94750,VILLA LITERNO,NAPOLI CAMPI FLEGREI,VILLA LITERNO,4.4375,2.0,48,2023-01-22,2023-12-08,24,9,3,41.004956,14.06753,20:45,48,6
