train_class,train_number,train_arrival_stop_name,train_departure_stop_name,stop_name,avg_arrival_delay,median_arrival_delay,count_dates_stop,first_date,last_date,count_3m_delay,count_5m_delay,count_10m_delay,stop_lat,stop_lon,stop_time,count_dates_train,stop_number
REG,90338,SUZZARA,PARMA,PARMA,1.3160377358490567,0.0,212,2023-01-02,2023-12-30,26,15,7,44.810203,10.32837,20:19,212,1
REG,90338,SUZZARA,PARMA,BORETTO,1.5042735042735043,1.0,117,2023-01-02,2023-12-30,32,8,2,,,20:54,212,2
REG,90338,SUZZARA,PARMA,GUALTIERI,-1.6111111111111112,-2.0,126,2023-01-02,2023-12-30,6,2,0,,,21:06,212,3
REG,90338,SUZZARA,PARMA,GUASTALLA,0.39669421487603307,0.0,121,2023-01-02,2023-12-30,16,7,0,,,21:12,212,4
REG,90338,SUZZARA,PARMA,LUZZARA,0.1951219512195122,0.0,123,2023-01-02,2023-12-30,13,7,0,,,21:22,212,5
REG,90338,SUZZARA,PARMA,SUZZARA,2.4716981132075473,2.0,212,2023-01-02,2023-12-30,84,30,4,44.994432,10.756138,21:33,212,6
