train_class,train_number,train_arrival_stop_name,train_departure_stop_name,stop_name,avg_arrival_delay,median_arrival_delay,count_dates_stop,first_date,last_date,count_3m_delay,count_5m_delay,count_10m_delay,stop_lat,stop_lon,stop_time,count_dates_train,stop_number
REG,90012,BOLOGNA C.LE,VIGNOLA,VIGNOLA,1.0287769784172662,1.0,139,2023-01-01,2023-12-09,4,0,0,,,10:49,139,1
REG,90012,BOLOGNA C.LE,VIGNOLA,BAZZANO,-2.0504201680672267,-2.0,119,2023-01-01,2023-12-09,0,0,0,,,11:00,139,2
REG,90012,BOLOGNA C.LE,VIGNOLA,CRESPELLANO,1.6666666666666667,1.0,120,2023-01-01,2023-12-09,37,4,0,,,11:08,139,3
REG,90012,BOLOGNA C.LE,VIGNOLA,VIA LUNGA,1.016260162601626,1.0,123,2023-01-01,2023-12-09,16,1,0,,,11:13,139,4
REG,90012,BOLOGNA C.LE,VIGNOLA,CASALECCHIO GARIBALDI,1.3237410071942446,1.0,139,2023-01-01,2023-12-09,37,13,1,44.482995,11.272474,11:32,139,5
REG,90012,BOLOGNA C.LE,VIGNOLA,CASTELDEBOLE,3.9568345323741005,3.0,139,2023-01-01,2023-12-09,81,37,3,44.503974,11.27456,11:36,139,6
REG,90012,BOLOGNA C.LE,VIGNOLA,BOLOGNA BORGO PANIGALE,3.352517985611511,2.0,139,2023-01-01,2023-12-09,68,27,3,44.515024,11.284728,11:39,139,7
REG,90012,BOLOGNA C.LE,VIGNOLA,BOLOGNA C.LE,0.5107913669064749,-1.0,139,2023-01-01,2023-12-09,21,6,2,44.50626,11.342267,11:47,139,8
