train_class,train_number,train_arrival_stop_name,train_departure_stop_name,stop_name,avg_arrival_delay,median_arrival_delay,count_dates_stop,first_date,last_date,count_3m_delay,count_5m_delay,count_10m_delay,stop_lat,stop_lon,stop_time,count_dates_train,stop_number
REG,94898,PERUGIA,CHIUSI C.T.,CHIUSI C.T.,0.3333333333333333,0.0,12,2023-06-17,2023-08-26,0,0,0,43.002466,11.957893,17:57,12,1
REG,94898,PERUGIA,CHIUSI C.T.,CASTIGLION DEL LAGO,4.5,3.0,12,2023-06-17,2023-08-26,7,1,1,43.123195,12.032077,18:08,12,2
REG,94898,PERUGIA,CHIUSI C.T.,TERONTOLA CORTONA,4.833333333333333,3.0,12,2023-06-17,2023-08-26,8,1,1,43.210263,12.007906,18:17,12,3
REG,94898,PERUGIA,CHIUSI C.T.,TUORO SUL TRASIMENO,5.0,4.0,12,2023-06-17,2023-08-26,7,4,1,43.196631,12.0796,18:32,12,4
REG,94898,PERUGIA,CHIUSI C.T.,PASSIGNANO SUL TRASIMENO,5.416666666666667,4.0,12,2023-06-17,2023-08-26,7,5,1,43.188324,12.133128,18:37,12,5
REG,94898,PERUGIA,CHIUSI C.T.,MAGIONE,4.333333333333333,2.0,12,2023-06-17,2023-08-26,6,3,1,43.137356,12.202238,18:47,12,6
REG,94898,PERUGIA,CHIUSI C.T.,ELLERA CORCIANO,3.6666666666666665,2.0,12,2023-06-17,2023-08-26,4,3,1,43.094699,12.318574,18:56,12,7
REG,94898,PERUGIA,CHIUSI C.T.,PERUGIA,0.0,-1.0,12,2023-06-17,2023-08-26,1,1,1,43.103808,12.375567,19:10,12,8
