train_class,train_number,train_arrival_stop_name,train_departure_stop_name,stop_name,avg_arrival_delay,median_arrival_delay,count_dates_stop,first_date,last_date,count_3m_delay,count_5m_delay,count_10m_delay,stop_lat,stop_lon,stop_time,count_dates_train,stop_number
REG,90367,CODIGORO,FERRARA,FERRARA,4.091836734693878,3.0,98,2023-01-02,2023-12-29,59,9,3,44.843047,11.603594,20:00,98,1
REG,90367,CODIGORO,FERRARA,QUARTESANA,1.2873563218390804,-1.0,87,2023-01-02,2023-12-29,9,6,3,,,20:21,98,2
REG,90367,CODIGORO,FERRARA,MASI TORELLO,2.168539325842697,1.0,89,2023-01-02,2023-12-29,12,5,3,,,20:29,98,3
REG,90367,CODIGORO,FERRARA,ROVERETO - S.V. - MEDELANA,2.4578313253012047,1.0,83,2023-01-02,2023-12-29,13,6,3,,,20:38,98,4
REG,90367,CODIGORO,FERRARA,DOGATO,1.752808988764045,0.0,89,2023-01-02,2023-12-29,11,5,2,,,20:42,98,5
REG,90367,CODIGORO,FERRARA,MIGLIARINO,2.0,1.0,85,2023-01-02,2023-12-29,22,4,2,,,20:51,98,6
REG,90367,CODIGORO,FERRARA,MIGLIARO,2.9195402298850577,1.0,87,2023-01-02,2023-12-29,30,8,3,,,21:00,98,7
REG,90367,CODIGORO,FERRARA,MASSAFISCAGLIA,2.715909090909091,1.0,88,2023-01-02,2023-12-29,28,8,3,,,21:05,98,8
REG,90367,CODIGORO,FERRARA,CODIGORO,5.551020408163265,4.0,98,2023-01-02,2023-12-29,72,41,6,,,21:16,98,9
