train_class,train_number,train_arrival_stop_name,train_departure_stop_name,stop_name,avg_arrival_delay,median_arrival_delay,count_dates_stop,first_date,last_date,count_3m_delay,count_5m_delay,count_10m_delay,stop_lat,stop_lon,stop_time,count_dates_train,stop_number
REG,90317,PARMA,SUZZARA,SUZZARA,1.3034825870646767,1.0,201,2023-01-02,2023-12-30,21,10,3,44.994432,10.756138,06:13,201,1
REG,90317,PARMA,SUZZARA,LUZZARA,1.1015625,1.0,128,2023-01-02,2023-12-30,11,4,2,,,06:22,201,2
REG,90317,PARMA,SUZZARA,GUASTALLA,-0.9338842975206612,-1.0,121,2023-01-02,2023-12-30,5,4,4,,,06:34,201,3
REG,90317,PARMA,SUZZARA,GUALTIERI,0.6229508196721312,0.0,122,2023-01-02,2023-12-30,7,4,4,,,06:39,201,4
REG,90317,PARMA,SUZZARA,BORETTO,0.359375,-1.0,128,2023-01-02,2023-12-30,11,6,5,,,06:50,201,5
REG,90317,PARMA,SUZZARA,PARMA,1.0845771144278606,-1.0,201,2023-01-02,2023-12-30,42,27,12,44.810203,10.32837,07:28,201,6
