train_class,train_number,train_arrival_stop_name,train_departure_stop_name,stop_name,avg_arrival_delay,median_arrival_delay,count_dates_stop,first_date,last_date,count_3m_delay,count_5m_delay,count_10m_delay,stop_lat,stop_lon,stop_time,count_dates_train,stop_number
REG,94650,S.BENEDETTO DEL TRONTO,PESCARA,PESCARA,3.2142857142857144,1.0,14,2023-06-11,2023-09-03,7,4,0,42.467789,14.205066,11:15,14,1
REG,94650,S.BENEDETTO DEL TRONTO,PESCARA,MONTESILVANO,3.0714285714285716,2.0,14,2023-06-11,2023-09-03,7,4,0,42.515766,14.152567,11:20,14,2
REG,94650,S.BENEDETTO DEL TRONTO,PESCARA,SILVI,3.0,2.0,14,2023-06-11,2023-09-03,7,4,0,42.55911,14.110365,11:25,14,3
REG,94650,S.BENEDETTO DEL TRONTO,PESCARA,PINETO ATRI,3.357142857142857,3.0,14,2023-06-11,2023-09-03,9,4,0,42.607736,14.069072,11:30,14,4
REG,94650,S.BENEDETTO DEL TRONTO,PESCARA,ROSETO DEGLI ABRUZZI,2.5,2.0,14,2023-06-11,2023-09-03,6,4,0,42.677852,14.01535,11:40,14,5
REG,94650,S.BENEDETTO DEL TRONTO,PESCARA,GIULIANOVA,3.5714285714285716,3.0,14,2023-06-11,2023-09-03,9,5,0,42.751673,13.965743,11:46,14,6
REG,94650,S.BENEDETTO DEL TRONTO,PESCARA,ALBA ADRIATICA NERETO CONTR.,4.714285714285714,5.0,14,2023-06-11,2023-09-03,11,8,1,42.83438,13.91733,11:55,14,7
REG,94650,S.BENEDETTO DEL TRONTO,PESCARA,PORTO D`ASCOLI,4.428571428571429,4.0,14,2023-06-11,2023-09-03,11,7,0,42.912792,13.896813,12:04,14,8
REG,94650,S.BENEDETTO DEL TRONTO,PESCARA,S.BENEDETTO DEL TRONTO,4.571428571428571,4.0,14,2023-06-11,2023-09-03,12,6,0,42.954386,13.882297,12:10,14,9
