train_class,train_number,train_arrival_stop_name,train_departure_stop_name,stop_name,avg_arrival_delay,median_arrival_delay,count_dates_stop,first_date,last_date,count_3m_delay,count_5m_delay,count_10m_delay,stop_lat,stop_lon,stop_time,count_dates_train,stop_number
REG,90038,BOLOGNA C.LE,BAZZANO,BAZZANO,0.8867924528301887,1.0,53,2023-01-03,2023-03-31,1,0,0,,,11:38,53,1
REG,90038,BOLOGNA C.LE,BAZZANO,CRESPELLANO,0.0,0.0,53,2023-01-03,2023-03-31,0,0,0,,,11:43,53,2
REG,90038,BOLOGNA C.LE,BAZZANO,VIA LUNGA,-2.076923076923077,-2.0,52,2023-01-03,2023-03-31,0,0,0,,,11:48,53,3
REG,90038,BOLOGNA C.LE,BAZZANO,CASALECCHIO GARIBALDI,0.5660377358490566,0.0,53,2023-01-03,2023-03-31,7,2,0,44.482995,11.272474,12:07,53,4
REG,90038,BOLOGNA C.LE,BAZZANO,CASTELDEBOLE,3.0384615384615383,2.0,52,2023-01-03,2023-03-31,25,7,0,44.503974,11.27456,12:11,53,5
REG,90038,BOLOGNA C.LE,BAZZANO,BOLOGNA BORGO PANIGALE,2.3846153846153846,2.0,52,2023-01-03,2023-03-31,17,2,0,44.515024,11.284728,12:14,53,6
REG,90038,BOLOGNA C.LE,BAZZANO,BOLOGNA C.LE,-0.7169811320754716,-1.0,53,2023-01-03,2023-03-31,2,2,0,44.50626,11.342267,12:22,53,7
