train_class,train_number,train_arrival_stop_name,train_departure_stop_name,stop_name,avg_arrival_delay,median_arrival_delay,count_dates_stop,first_date,last_date,count_3m_delay,count_5m_delay,count_10m_delay,stop_lat,stop_lon,stop_time,count_dates_train,stop_number
REG,11526,ARONA,NOVARA,NOVARA,1.486842105263158,1.0,76,2023-01-02,2023-03-31,7,3,1,45.451376,8.624895,17:23,76,1
REG,11526,ARONA,NOVARA,VIGNALE,1.0526315789473684,1.0,76,2023-01-02,2023-03-31,8,3,2,45.478989,8.613132,17:27,76,2
REG,11526,ARONA,NOVARA,BELLINZAGO,2.1333333333333333,1.0,75,2023-01-02,2023-03-31,15,4,2,45.566681,8.627652,17:35,76,3
REG,11526,ARONA,NOVARA,OLEGGIO,1.986842105263158,2.0,76,2023-01-02,2023-03-31,22,5,2,45.598029,8.632586,17:40,76,4
REG,11526,ARONA,NOVARA,MARANO TICINO,2.526315789473684,2.0,76,2023-01-02,2023-03-31,23,7,2,45.629485,8.626172,17:45,76,5
REG,11526,ARONA,NOVARA,VARALLO POMBIA,2.276315789473684,1.0,76,2023-01-02,2023-03-31,19,5,1,45.670032,8.620047,17:50,76,6
REG,11526,ARONA,NOVARA,BORGO TICINO,1.605263157894737,1.0,76,2023-01-02,2023-03-31,19,10,1,45.691943,8.602483,17:55,76,7
REG,11526,ARONA,NOVARA,DORMELLETTO PAESE,2.3289473684210527,1.0,76,2023-01-02,2023-03-31,22,7,1,45.730032,8.574324,18:05,76,8
REG,11526,ARONA,NOVARA,ARONA,0.5789473684210527,0.0,76,2023-01-02,2023-03-31,13,2,1,45.755392,8.559075,18:12,76,9
