train_class,train_number,train_arrival_stop_name,train_departure_stop_name,stop_name,avg_arrival_delay,median_arrival_delay,count_dates_stop,first_date,last_date,count_3m_delay,count_5m_delay,count_10m_delay,stop_lat,stop_lon,stop_time,count_dates_train,stop_number
REG,18685,FIRENZE S.M.N.,PISTOIA,PISTOIA,1.6153846153846154,2.0,26,2023-01-01,2023-03-26,1,0,0,43.926804,10.914624,16:22,26,1
REG,18685,FIRENZE S.M.N.,PISTOIA,PRATO CENTRALE,-0.3076923076923077,-1.0,26,2023-01-01,2023-03-26,0,0,0,43.878737,11.109252,16:41,26,2
REG,18685,FIRENZE S.M.N.,PISTOIA,ZAMBRA,-0.7083333333333334,-1.0,24,2023-01-06,2023-03-26,0,0,0,43.825856,11.206206,16:58,26,3
REG,18685,FIRENZE S.M.N.,PISTOIA,FIRENZE CASTELLO,0.46153846153846156,0.0,26,2023-01-01,2023-03-26,2,0,0,43.819444,11.21838,17:01,26,4
REG,18685,FIRENZE S.M.N.,PISTOIA,FIRENZE RIFREDI,0.038461538461538464,0.0,26,2023-01-01,2023-03-26,1,0,0,43.800873,11.235729,17:05,26,5
REG,18685,FIRENZE S.M.N.,PISTOIA,FIRENZE S.M.N.,0.6538461538461539,1.0,26,2023-01-01,2023-03-26,7,0,0,43.776893,11.247373,17:14,26,6
