stop_name,day_of_week,avg_arrival_delay,median_arrival_delay,count_trains,count_stops,count_3m_delay,count_5m_delay,count_10m_delay
ABBIATEGRASSO,Sun,2.3852459016393444,1.0,33,366,66,37,19
ACQUANEGRA CREMONESE,Sun,3.054054054054054,2.0,4,37,13,8,1
ACQUEDOLCI-S.FRATELLO,Sun,0.36923076923076925,0.0,5,65,5,3,0
ACQUI TERME,Sun,2.0412371134020617,1.0,16,194,32,15,5
AFRICO NUOVO,Sun,1.72,1.0,2,25,3,2,1
AGNONE DI S.,Sun,0.0,-2.0,1,5,1,1,0
AIRUNO,Sun,2.1372549019607843,1.0,37,357,50,28,9
ALANO FENER VALDOBBIADENE,Sun,0.7039473684210527,0.0,20,152,20,6,2
ALBACINA,Sun,2.0384615384615383,2.0,16,182,37,20,6
ALBIZZATE SOLBIATE ARNO,Sun,0.8110687022900763,-1.0,69,524,97,47,11
ALCANTARA,Sun,-0.14935064935064934,-1.0,15,154,12,6,4
ALI` TERME,Sun,0.1921182266009852,0.0,18,203,17,9,5
ALTAVILLA M.,Sun,-0.13043478260869565,0.0,17,207,5,1,1
AMOROSI MELIZZANO,Sun,3.6153846153846154,1.0,5,52,20,17,5
ANCONETTA,Sun,0.8646288209606987,3.0,18,229,99,13,7
ANGUILLARA,Sun,2.631782945736434,2.0,46,516,148,43,6
ANTRODOCO CENTRO,Sun,6.293103448275862,5.0,9,116,62,56,22
ANZIO,Sun,1.735408560311284,2.0,20,257,28,9,3
ANZIO COLONIA,Sun,1.6285714285714286,1.0,19,245,16,6,2
APPIANO,Sun,1.9771505376344085,1.0,67,744,108,44,8
ARBIA,Sun,2.9084967320261437,2.0,14,153,55,20,7
ARCORE,Sun,1.2531824611032532,0.0,73,707,105,41,11
AREZZO,Sun,2.2513966480446927,1.0,68,716,200,118,58
ARGENTA,Sun,0.9423076923076923,1.0,18,208,19,3,1
ARPINO,Sun,2.588235294117647,2.0,2,17,4,2,1
ASCEA,Sun,4.3686868686868685,2.0,34,396,151,103,38
ASCIANO MONTE OLIVETO MAGGIORE,Sun,3.46875,3.0,14,160,61,16,5
ASCOLI SATRIANO,Sun,0.8333333333333334,1.0,8,102,18,10,5
ASOLA,Sun,5.683333333333334,4.0,15,180,101,60,15
ASSEMINI,Sun,0.25,-1.0,53,528,30,17,7
AVIGLIANO LUCANIA,Sun,0.4605809128630705,0.0,19,241,18,14,5
BAGNOLI AGNANO TERME,Sun,-0.33069082672706684,-1.0,156,883,43,23,12
BALESTRATE,Sun,3.57,2.0,8,100,34,18,5
BARBIANO,Sun,1.8636363636363635,1.0,3,22,1,1,1
BARGA GALLICANO,Sun,3.161676646706587,2.0,13,167,45,18,4
BARI S. SPIRITO,Sun,2.5703703703703704,1.0,22,270,52,35,19
BARI ZONA INDUSTRIALE,Sun,0.7868217054263565,-1.0,20,258,31,22,10
BARONISSI,Sun,2.3230769230769233,1.0,12,130,30,17,4
BASTIA,Sun,2.8629441624365484,2.0,18,197,64,27,8
BATTIPAGLIA,Sun,2.9940029985007497,1.0,57,667,189,122,64
BAVENO,Sun,3.015873015873016,1.0,31,189,56,26,10
BEAULARD,Sun,2.7370689655172415,1.0,20,232,47,23,9
BELGIRATE,Sun,4.220430107526882,2.0,31,186,81,48,23
BELLA MURO,Sun,3.9224806201550386,2.0,12,129,52,36,11
BELLANTE RIPATTONE,Sun,5.605263157894737,5.0,3,38,33,19,0
BELLAVISTA,Sun,-8.0,-8.0,1,1,0,0,0
BERCETO,Sun,1.439344262295082,1.0,41,305,56,36,9
BERGAMO,Sun,1.3727530747398298,1.0,92,1057,216,103,26
BOLLATE NORD,Sun,0.40061162079510704,0.0,85,981,42,15,1
BOLOGNA C.LE/AV,Sun,2.5606531881804044,0.0,119,1286,349,254,128
BONASSOLA,Sun,17.25,13.0,4,4,4,4,3
BONORVA,Sun,3.924731182795699,2.0,8,93,33,17,6
BORGO S.L.RIMORELLI,Sun,6.408,6.0,12,125,118,68,8
BORGO VALSUGANA CENTRO,Sun,2.4166666666666665,2.0,6,72,12,6,1
BORGO VERCELLI,Sun,0.25903614457831325,0.0,13,166,11,6,2
BORGOCHIESANUOVA,Sun,2.243119266055046,1.0,18,218,37,26,14
BORGOLOMBARDO,Sun,-0.44285714285714284,-1.0,81,560,40,23,7
BOZZOLO,Sun,4.129411764705883,2.0,22,255,90,57,21
BRACCIANO,Sun,2.042372881355932,2.0,32,354,84,25,5
BRANCALEONE,Sun,2.646766169154229,1.0,16,201,60,31,10
BRANDIZZO,Sun,1.1116504854368932,1.0,16,206,10,6,2
BRENO,Sun,0.02040816326530612,0.0,6,49,0,0,0
BRESCIA,Sun,2.5708582834331337,1.0,139,1503,349,203,88
BRESSANA BOTTARONE,Sun,3.430167597765363,1.0,15,179,39,22,11
BRIATICO,Sun,4.16,3.0,7,75,20,10,4
BUONCONVENTO,Sun,1.7413793103448276,2.0,6,58,10,2,0
BUSSETO,Sun,-0.7272727272727273,-2.0,4,44,3,1,0
Bergamo Ospedale,Sun,2.6800947867298577,2.0,36,422,124,48,7
CALCERANICA,Sun,4.027777777777778,3.0,6,72,34,12,3
CALDERARA-BARGELLINO,Sun,4.229166666666667,3.0,12,144,55,33,8
CALOLZIOCORTE OLGINATE,Sun,1.9234507897934385,1.0,81,823,157,75,23
CAMBIANO SANTENA,Sun,1.5887445887445888,1.0,18,231,34,11,6
CAMPOBELLO DI MAZARA,Sun,0.8672566371681416,-1.0,9,113,25,19,7
CAMPOLIGURE MASONE,Sun,3.25,3.0,14,152,53,24,3
CAMPOSAMPIERO,Sun,0.202991452991453,0.0,39,468,23,8,2
CAMUCIA CORTONA,Sun,3.669135802469136,2.0,35,405,138,85,28
CANDELO,Sun,1.3370165745856353,1.0,14,181,4,2,2
CAPACI,Sun,12.0,12.0,1,1,1,1,1
CAPANNELLE,Sun,1.3456140350877193,1.0,44,570,73,35,6
CAPO BONIFATI,Sun,3.5738636363636362,2.0,15,176,61,35,14
CARIMATE,Sun,1.8659420289855073,1.0,70,828,156,86,25
CAROVIGNO,Sun,12.0,12.0,1,1,1,1,1
CARPANE`VALSTAGNA,Sun,0.9722222222222222,0.0,6,72,5,3,2
CARPIGNANO SESIA,Sun,1.5555555555555556,1.0,14,153,7,4,1
CARRARA AVENZA,Sun,7.516129032258065,5.0,25,31,19,14,6
CASALPUSTERLENGO,Sun,2.2002923976608186,1.0,64,684,153,79,21
CASCINA,Sun,2.2902097902097904,1.0,23,286,75,40,13
CASERTA,Sun,2.0187207488299532,1.0,57,641,182,120,62
CASLINO AL PIANO,Sun,0.0,0.0,37,424,0,0,0
CASTEL GANDOLFO,Sun,0.7747252747252747,1.0,14,182,17,2,0
CASTEL S.ANGELO,Sun,2.814159292035398,2.0,9,113,30,8,5
CASTEL S.GIOVANNI,Sun,3.2261306532663316,2.0,20,199,53,29,12
CASTELDACCIA,Sun,4.0,4.0,1,1,1,0,0
CASTELDARNE,Sun,-0.8,-1.0,7,70,0,0,0
CASTELFIORENTINO,Sun,13.791666666666666,9.0,15,24,24,24,11
CASTELGUELFO,Sun,0.875,1.0,3,24,4,0,0
CASTELLANETA,Sun,2.3120567375886525,1.0,11,141,15,9,5
CASTELLANZA,Sun,0.7368421052631579,0.0,51,589,22,9,2
CASTELLEONE,Sun,2.963254593175853,2.0,34,381,107,43,20
CASTELMAGGIORE,Sun,3.0377358490566038,1.0,13,159,39,26,11
CASTELVETRANO,Sun,1.1228070175438596,0.0,9,114,21,16,7
CASTELVETRO,Sun,0.1590909090909091,0.0,4,44,2,2,0
CASTRONNO,Sun,2.015679442508711,1.0,85,574,96,47,10
CATANIA AER. FONTANAROSSA,Sun,5.0,4.0,1,2,2,1,0
CATTOLICA S.GIOVANNI GABICCE,Sun,2.0604395604395602,1.0,35,364,91,53,26
CAVA CARBONARA,Sun,3.0206896551724136,3.0,12,145,40,10,5
CA` DI BOSCHETTI,Sun,0.4,0.0,5,5,0,0,0
CECCANO,Sun,0.5504885993485342,0.0,24,307,16,8,3
CECCHINA,Sun,2.2427184466019416,1.0,16,206,37,12,4
CENGIO,Sun,2.065015479876161,2.0,25,323,57,27,8
CERVIGNANO A.G.,Sun,0.971473851030111,0.0,53,631,63,36,14
CESANO MADERNO,Sun,-0.23720259552992068,0.0,123,1387,17,12,5
CESATE,Sun,0.2996941896024465,0.0,85,981,21,4,1
CESENATICO,Sun,1.8581730769230769,1.0,48,416,74,47,18
CHATILLON SAINT VINCENT,Sun,2.0866336633663365,1.0,33,404,66,38,16
CHIASSO,Sun,-0.7772277227722773,-2.0,55,606,65,43,14
CHIETI,Sun,1.1422222222222222,0.0,18,225,26,14,9
CHIGNOLO PO,Sun,2.193717277486911,2.0,17,191,51,25,1
CHIUSI C.T.,Sun,2.377880184331797,1.0,46,434,119,78,41
CHIVASSO,Sun,0.4263959390862944,1.0,80,985,120,65,26
CIVITA CASTELLANA,Sun,0.8038585209003215,0.0,46,311,17,5,4
CODOGNO,Sun,2.8275862068965516,1.0,72,783,195,110,39
COLLE ISARCO,Sun,1.5173076923076922,0.0,42,520,85,65,29
COLLE MATTIA,Sun,1.410071942446043,1.0,11,139,15,9,2
COLLEGNO,Sun,1.4164859002169197,0.0,38,461,56,32,18
COLLEVECCHIO,Sun,1.7123745819397993,1.0,45,299,25,10,4
COLOGNE,Sun,5.0,5.0,1,1,1,0,0
COLONNA GALLERIA,Sun,2.219298245614035,1.0,9,114,14,12,1
CORIGLIANO CALABRO,Sun,3.727272727272727,3.0,13,165,67,37,13
CORNUDA,Sun,2.1077844311377247,1.0,22,167,37,14,4
CORONELLA,Sun,4.7,2.0,5,60,17,11,4
CORRIDONIA MOGLIANO,Sun,1.4230769230769231,0.0,11,130,17,12,5
CREMA,Sun,3.3973684210526316,2.0,34,380,116,49,19
CUNEO,Sun,-0.9651162790697675,-2.0,20,258,19,12,6
CUPRAMARITTIMA,Sun,3.0142857142857142,1.0,15,140,40,26,7
Cantello Gaggiolo,Sun,0.10915492957746478,-1.0,39,284,23,12,6
DARFO - CORNA,Sun,0.009433962264150943,0.0,12,106,0,0,0
DIAMANTE BUONVICINO,Sun,4.293532338308458,3.0,17,201,93,51,14
DORIO,Sun,4.665551839464883,3.0,26,299,133,79,34
DORMELLETTO,Sun,2.657754010695187,1.0,31,187,56,40,8
EBOLI,Sun,4.9784172661870505,2.0,12,139,50,36,18
ELMAS AEROPORTO,Sun,0.9032258064516129,1.0,71,713,51,27,15
EMPOLI,Sun,-0.1648431801604668,-1.0,109,1371,148,81,20
ENAS,Sun,1.0,1.0,1,1,0,0,0
ENNA,Sun,1.5826771653543308,0.0,14,127,24,15,6
ERBA,Sun,0.0,0.0,27,282,0,0,0
FALCIANO MONDRAGONE CAR.,Sun,1.5114503816793894,1.0,21,262,47,25,9
FASANO,Sun,2.175925925925926,1.0,40,432,96,50,18
FELIZZANO,Sun,0.8351648351648352,1.0,7,91,3,1,1
FERRUZZANO,Sun,0.4,-1.0,2,25,3,2,0
FIDENE,Sun,1.3227146814404431,1.0,87,722,43,21,8
FIDENZA,Sun,1.3906111603188662,1.0,111,1129,223,139,70
FIESOLE CALDINE,Sun,2.0816326530612246,1.0,19,245,46,23,11
FILATTIERA,Sun,1.4578313253012047,0.0,17,166,35,21,6
FILIANO,Sun,2.31,1.0,8,100,16,8,2
FINALE LIGURE MARINA,Sun,3.6644844517184945,2.0,65,611,230,142,41
FINO MORNASCO,Sun,0.0,0.0,37,424,0,0,0
FIRENZE CASTELLO,Sun,0.766497461928934,1.0,17,197,13,5,0
FIUMICINO AEROPORTO,Sun,-0.4092664092664093,-1.0,130,1295,100,39,15
FIVIZZANO ROMETTA - SOLIERA,Sun,3.3026315789473686,2.0,12,152,47,29,3
FOLIGNO,Sun,1.8451776649746192,0.0,38,394,83,56,27
FOLLONICA,Sun,2.525462962962963,1.0,38,432,99,70,25
FORLIMPOPOLI,Sun,2.943231441048035,1.0,20,229,67,40,10
FRATTAMAGGIORE,Sun,6.5,5.0,4,4,3,2,1
FRATTE CENTRO,Sun,0.75,1.0,4,4,0,0,0
GALLESE IN TEVERINA,Sun,2.0100334448160537,1.0,45,299,35,7,4
GARBAGNATE MILANESE,Sun,2.317241379310345,2.0,15,145,33,8,1
GARLASCO,Sun,2.331034482758621,1.0,12,145,16,8,5
GATTEO A MARE,Sun,3.010840108401084,1.0,44,369,72,47,16
GAVIGNANO,Sun,2.9260450160771705,2.0,46,311,51,17,4
GAVIRATE,Sun,0.003436426116838488,0.0,32,291,0,0,0
GAZZO PIEVE S. GIACOMO,Sun,1.7777777777777777,2.0,4,45,7,5,1
GENGA S.VITTORE TERME,Sun,1.5916666666666666,1.0,10,120,20,10,3
GENOVA ACQUASANTA,Sun,2.6447368421052633,2.0,14,152,46,24,3
GENOVA PEGLI,Sun,13.0,1.0,2,2,1,1,1
GENOVA PRA,Sun,7.75,3.0,4,4,2,2,2
GENOVA QUINTO AL MARE,Sun,10.666666666666666,10.0,3,3,3,3,1
GENOVA SAMPIERDARENA,Sun,0.5336538461538461,0.0,96,1040,107,70,29
GENOVA SESTRI PONENTE,Sun,1.4348484848484848,0.0,61,660,90,57,24
GENOVA VOLTRI,Sun,0.7147385103011094,0.0,58,631,97,54,22
GERENZANO - TURATE,Sun,0.0,0.0,34,288,0,0,0
GHIVIZZANO - COREGLIA,Sun,3.5421686746987953,2.0,13,166,55,31,4
GIAVE,Sun,5.1375,3.0,7,80,34,19,7
GIOIA DEL COLLE,Sun,1.813953488372093,-1.0,20,215,32,20,15
GIOIA TAURO,Sun,2.9276807980049875,0.0,39,401,76,52,36
GIOIOSA JONICA,Sun,1.5693069306930694,1.0,16,202,49,30,6
GIUNCANO,Sun,3.625,0.0,4,8,2,1,1
GLORIE,Sun,1.0303030303030303,1.0,3,33,1,0,0
GODO,Sun,5.115671641791045,4.0,25,268,150,90,23
GOLFO ARANCI,Sun,-2.0,-2.0,2,25,0,0,0
GONZAGA-REGGIOLO,Sun,1.573394495412844,0.0,18,218,31,22,15
GORIANO SICOLI,Sun,0.5,0.0,1,12,0,0,0
GRASSANO,Sun,2.8842105263157896,1.0,8,95,27,18,7
GRECCIO,Sun,2.9126984126984126,2.0,10,126,33,13,5
GRISIGNANO DI ZOCCO,Sun,2.1589958158995817,1.0,21,239,48,24,8
GROSSETO,Sun,1.8200757575757576,0.0,49,528,129,89,48
GRUGLIASCO,Sun,0.0,0.0,4,4,0,0,0
GRUMO APPULA,Sun,2.50354609929078,1.0,11,141,19,7,4
GUADAGNA,Sun,0.9746543778801844,1.0,34,434,6,4,3
GUALDO TADINO,Sun,2.3405797101449277,1.0,13,138,28,18,7
GUIDONIA-MONTECELIO-S.ANGELO,Sun,2.2510822510822512,1.0,18,231,45,21,7
HONE BARD,Sun,2.558411214953271,1.0,33,428,93,47,18
IGLESIAS,Sun,-0.796875,-1.0,11,128,5,3,1
INVERIGO,Sun,0.0,0.0,29,307,0,0,0
ISOLA DELLE FEMMINE,Sun,-1.1550925925925926,-1.0,34,432,2,2,1
JESI,Sun,1.2749003984063745,0.0,22,251,37,24,13
L'Aquila Sassa N.S.I.,Sun,3.769230769230769,2.0,5,65,11,5,3
LA GIUSTINIANA,Sun,2.3938172043010755,2.0,67,744,146,62,7
LADISPOLI-CERVETERI,Sun,1.1944444444444444,1.0,37,432,70,35,7
LAIVES,Sun,3.5,3.0,2,2,1,0,0
LAMBRUGO - LURAGO,Sun,0.0,0.0,29,307,0,0,0
LATISANA LIGNANO B.,Sun,1.4741697416974169,0.0,46,542,87,42,13
LECCE,Sun,0.9838709677419355,-2.0,34,372,72,48,29
LECCO MAGGIANICO,Sun,1.2832861189801699,1.0,37,353,47,25,7
LEVANTO,Sun,1.803225806451613,1.0,101,930,208,131,45
LEVICO,Sun,3.2222222222222223,3.0,6,72,22,7,2
LIMONE,Sun,-3.448717948717949,-4.0,6,78,0,0,0
LISON,Sun,2.4299065420560746,1.0,19,214,33,18,5
LOCATE V. - CARBONATE,Sun,0.0,0.0,34,288,0,0,0
LOLLI,Sun,1.0425531914893618,1.0,37,470,5,3,1
LONGARONE ZOLDO,Sun,2.2992125984251968,2.0,18,127,25,7,3
LUGO,Sun,3.8777173913043477,3.0,34,368,148,74,31
LUINO,Sun,2.5929203539823007,2.0,13,113,27,7,1
LUNGAVILLA,Sun,0.9052631578947369,0.0,16,190,17,8,3
LUNGHEZZA,Sun,0.819672131147541,-1.0,19,244,32,21,6
L`AQUILA,Sun,0.02197802197802198,-1.0,7,91,10,5,1
M N CADORNA,Sun,0.0,0.0,178,1924,0,0,0
M.N. BRUZZANO,Sun,0.0,0.0,65,738,0,0,0
MACERATA,Sun,1.3475177304964538,1.0,12,141,29,15,6
MADDALONI INFERIORE,Sun,21.384615384615383,16.0,12,13,13,13,10
MADIGNANO,Sun,4.135135135135135,3.0,32,370,144,64,24
MAGLIANO CRAVA MOROZZO,Sun,-0.01098901098901099,-1.0,7,91,7,5,1
MALEO,Sun,4.191489361702128,4.0,5,47,26,13,1
MALNATE,Sun,0.002380952380952381,0.0,46,420,0,0,0
MALPENSA AEROPORTO T1,Sun,0.0,0.0,39,375,0,0,0
MANZANO,Sun,1.6192468619246863,1.0,20,239,27,13,3
MARANO,Sun,2.890829694323144,2.0,18,229,45,9,2
MARATEA,Sun,5.137704918032787,2.0,30,305,126,86,31
MARINO,Sun,-1.2912087912087913,-2.0,14,182,5,3,0
MARSALA,Sun,1.3628318584070795,0.0,9,113,18,14,8
MEINA,Sun,3.486772486772487,1.0,31,189,74,49,18
MELE,Sun,3.0328947368421053,2.0,14,152,51,23,4
MELITO DI PORTO SALVO,Sun,0.7934782608695652,0.0,23,276,38,23,8
MEOLO,Sun,29.2,13.0,5,5,4,4,3
MERANA,Sun,3.484126984126984,2.0,10,126,42,17,4
MESAGNE,Sun,32.0,32.0,1,1,1,1,1
MI P.GAR.SOTT.,Sun,3.3021290976681312,2.0,288,2959,841,415,115
MI.P.GENOVA,Sun,0.1443850267379679,-2.0,17,187,25,20,12
MILANO CERTOSA,Sun,2.4189274447949525,2.0,138,1585,334,164,40
MILANO LAMBRATE,Sun,2.1396348012889366,1.0,253,2793,489,290,137
MILANO LANCETTI,Sun,1.2125506072874495,0.0,289,2964,478,260,64
MILANO S. CRISTOFORO,Sun,0.1837837837837838,-1.0,50,555,59,41,24
MIRA MIRANO,Sun,-1.0,-1.0,1,1,0,0,0
MIRADOLO TERME,Sun,3.298429319371728,3.0,17,191,70,33,2
MIRANDOLA,Sun,5.120111731843576,3.0,30,358,179,122,39
MOGLIANO VENETO,Sun,1.066411238825032,0.0,68,783,70,41,16
MOLTENO,Sun,1.9772727272727273,2.0,22,220,27,12,4
MONFALCONE,Sun,1.4948837209302326,0.0,91,1075,131,76,40
MONSELICE,Sun,1.1577380952380953,-1.0,58,672,94,64,40
MONTEBELLUNA,Sun,1.0545977011494252,1.0,36,348,37,7,5
MONTECARLO SAN SALVATORE,Sun,2.496732026143791,2.0,32,153,44,18,6
MONTELUPO CAPRAIA,Sun,15.428571428571429,10.0,6,7,6,5,3
MONTEPULCIANO,Sun,2.8,2.0,14,160,23,14,8
MONTEROSSO,Sun,3.0600461893764432,1.0,102,866,240,160,52
MONZA,Sun,1.8933434190620273,1.0,246,2644,431,206,87
MONZA SOBBORGHI,Sun,1.9136363636363636,1.0,22,220,27,12,2
MORI,Sun,9.0,9.0,1,1,1,1,0
MOROSOLO - CASCIAGO,Sun,0.003436426116838488,0.0,32,291,0,0,0
MORROVALLE MONTE S.GIUSTO,Sun,2.457516339869281,1.0,13,153,38,21,6
MURATELLA,Sun,2.8574739281575896,2.0,99,863,196,68,24
NAPOLI MERGELLINA,Sun,5.666666666666667,6.0,3,3,2,2,0
NAPOLI MONTESANTO,Sun,14.0,2.0,3,3,1,1,1
NAVACCHIO,Sun,2.484848484848485,2.0,21,264,74,37,11
NEPEZZANO-PIANO D'ACCIO,Sun,6.164835164835165,6.0,7,91,90,51,3
NETTUNO,Sun,-0.10852713178294573,-1.0,10,129,6,4,3
NOALE SCORZE`,Sun,2.0336322869955157,2.0,39,446,66,26,13
NOLA,Sun,5.036363636363636,3.0,17,165,70,40,21
NOVARA NORD,Sun,0.0,0.0,15,179,0,0,0
NOVATE M.SE,Sun,0.0,0.0,70,836,0,0,0
NOVI LIGURE,Sun,0.3317422434367542,-1.0,33,419,43,16,9
OLEGGIO,Sun,2.4725274725274726,2.0,14,182,39,8,1
OMEGNA CRUSINALLO,Sun,2.065934065934066,1.0,7,91,14,3,1
OZZANO TARO,Sun,3.475113122171946,2.0,42,221,68,38,11
PADERNO DUGNANO,Sun,0.0,0.0,65,738,0,0,0
PAESE,Sun,14.0,14.0,1,1,1,1,1
PALAGIANO CHIATONA,Sun,1.1538461538461537,1.0,3,39,5,4,1
PALAZZO REALE-ORLEANS,Sun,-1.2851063829787235,-2.0,37,470,4,3,1
PALIDANO,Sun,3.6743119266055047,2.0,18,218,48,32,17
PALMIRO TOGLIATTI,Sun,0.7669902912621359,0.0,8,103,13,8,3
PASSIRANO,Sun,0.005747126436781609,0.0,19,174,0,0,0
PAULILATINO,Sun,1.3529411764705883,0.0,5,51,7,6,3
PAVIA,Sun,2.315648085963734,1.0,143,1489,368,196,72
PELLEZZANO,Sun,2.9076923076923076,2.0,12,130,40,23,6
PERAROLO DI CADORE,Sun,2.2283464566929134,2.0,18,127,26,13,3
PESARO,Sun,3.8642117376294594,1.0,79,869,295,212,116
PESCARA PORTA NUOVA,Sun,0.815668202764977,0.0,17,217,19,10,3
PESCINA,Sun,1.5833333333333333,1.0,1,12,0,0,0
PIACENZA,Sun,1.4939341421143848,-1.0,123,1154,231,159,82
PIANORO,Sun,0.6129032258064516,-1.0,29,217,27,16,8
PIAZZA AMEDEO,Sun,-1.1655104063429138,-2.0,182,1009,40,34,24
PIEDIMONTE-V.S.L.-AQUINO,Sun,0.8990825688073395,0.0,26,327,19,11,4
PIETRAGALLA,Sun,2.386046511627907,1.0,17,215,29,14,4
PILZONE,Sun,0.0,0.0,12,97,0,0,0
PIOMBINO BINARI MARE,Sun,0.6,0.0,5,50,4,1,0
PIONA,Sun,4.043478260869565,2.0,26,299,116,77,31
PISA CENTRALE,Sun,1.2749445676274944,0.0,158,1804,359,222,89
PISCINA DI PINEROLO,Sun,0.5748792270531401,-1.0,16,207,37,20,1
PISTICCI,Sun,3.5384615384615383,1.0,4,52,17,6,2
PIZZO,Sun,3.3333333333333335,1.0,7,75,19,11,4
PLOAGHE,Sun,3.1082474226804124,2.0,15,194,63,35,12
PM Orciano,Sun,12.0,12.0,1,1,1,1,1
POGGIO FIDONI,Sun,9.76923076923077,8.0,1,13,13,13,2
POGGIO MIRTETO,Sun,-0.028985507246376812,-1.0,61,414,14,8,5
POGGIRIDENTI-TRESIVIO-PIATEDA,Sun,2.4285714285714284,1.0,5,42,9,7,2
POLLINA,Sun,-1.1643835616438356,-1.0,8,73,4,2,2
PONTE D`ADIGE,Sun,1.1871657754010696,1.0,30,374,52,12,2
PONTE GALERIA,Sun,2.267670915411356,2.0,99,863,140,48,23
PONTECCHIO MARCONI,Sun,1.8936170212765957,2.0,4,47,5,0,0
PONTICINO,Sun,2.6467065868263475,2.0,28,334,89,36,12
PORTOGRUARO CAORLE,Sun,1.8631578947368421,1.0,57,665,95,42,14
POSTIOMA,Sun,2.0440528634361232,2.0,30,227,24,3,2
POTENZA CENTRALE,Sun,-0.2056451612903226,-2.0,21,248,31,23,9
POTENZA SUPERIORE,Sun,0.03543307086614173,-1.0,20,254,11,6,4
PRATOLA PELIGNA SUPERIORE,Sun,3.3384615384615386,6.0,5,65,39,39,1
PRIOLO MELILLI,Sun,1.3333333333333333,0.0,6,48,11,5,3
PRIVERNO FOSSANOVA,Sun,1.1175115207373272,-1.0,35,434,74,42,19
QUATTRO VILLE,Sun,1.7155963302752293,1.0,18,218,27,13,6
QUERO VAS,Sun,2.4671052631578947,2.0,20,152,27,6,3
RACALMUTO,Sun,-1.1923076923076923,-2.0,2,26,0,0,0
REGGIO CALABRIA CENTRALE,Sun,-0.059322033898305086,-2.0,42,472,49,35,21
REGGIO MEDIOPADANA,Sun,1.619047619047619,1.0,3,21,2,2,0
REGGIO S.CROCE,Sun,0.8095238095238095,0.0,3,21,2,2,0
RHO FIERA MILANO,Sun,2.686414708886619,2.0,274,2937,793,362,105
RIPAFRATTA,Sun,2.1246537396121883,2.0,30,361,60,28,7
ROBBIO,Sun,3.3278688524590163,2.0,10,122,34,6,4
ROCCALUMERA MANDANICI,Sun,0.2694610778443114,-1.0,15,167,13,8,3
ROCCAPALUMBA-ALIA,Sun,0.2786885245901639,-1.0,17,183,26,12,5
ROCCHETTA S.ANT.LAC.,Sun,0.6190476190476191,1.0,5,63,9,6,0
ROCCHETTA TANARO CERRO,Sun,0.5,1.0,7,90,4,1,1
ROMA BALDUINA,Sun,1.7809139784946237,1.0,67,744,106,45,8
ROMA MONTE MARIO,Sun,1.3951612903225807,1.0,67,744,82,35,7
ROMA TRASTEVERE,Sun,2.3406698564593302,2.0,207,2090,460,182,40
ROMA TUSCOLANA,Sun,0.14771904417089066,-1.0,149,1381,79,35,11
ROSARNO,Sun,3.028397565922921,1.0,47,493,105,73,40
ROSSIGLIONE,Sun,1.5526315789473684,1.0,14,152,34,12,3
ROSTA,Sun,3.0,0.0,3,3,1,1,0
ROVASENDA,Sun,0.21052631578947367,0.0,14,152,4,2,1
ROVATO,Sun,1.79319606087735,0.0,102,1117,172,100,46
ROVERBELLA,Sun,1.5870967741935484,1.0,15,155,24,13,4
ROVIGO,Sun,1.597080291970803,-1.0,59,685,123,92,52
RUFINA,Sun,1.2331838565022422,1.0,19,223,32,13,4
S. DONA` DI PIAVE,Sun,2.2332535885167464,1.0,70,836,161,76,22
S. GIOVANNI IN CROCE,Sun,4.309859154929577,3.0,18,213,88,56,18
S. GIULIANO MILANESE,Sun,-0.04107142857142857,-1.0,81,560,45,23,5
S. GIULIANO PIACENTINO,Sun,1.5757575757575757,1.0,3,33,2,0,0
S. STINO DI LIVENZA,Sun,1.9182058047493404,1.0,62,758,109,58,19
S.ELENA - ESTE,Sun,0.7880794701986755,1.0,14,151,13,4,1
S.GIULIANO PIEMONTE,Sun,0.9523809523809523,1.0,6,42,4,1,1
S.ILARIO,Sun,3.7045454545454546,2.0,35,396,126,77,37
S.LAZZARO DI SAVENA,Sun,3.706730769230769,2.0,19,208,63,33,8
S.LORENZO MAGGIORE,Sun,3.3846153846153846,0.0,4,39,9,6,2
S.LUCIDO MARINA,Sun,1.564102564102564,1.0,3,39,3,2,1
S.MARIA CAPUA VETERE,Sun,2.5073529411764706,1.0,11,136,42,25,6
S.MARIA LA BRUNA,Sun,2.2641083521444694,1.0,41,443,93,46,21
SAIRANO ZINASCO,Sun,5.241573033707865,4.0,16,178,125,48,7
SAN GIORGIO,Sun,1.9325842696629214,1.0,7,89,8,6,4
SAN GIUSEPPE DI CAIRO,Sun,-0.40852130325814534,-1.0,31,399,32,19,6
SANTHIA`,Sun,1.5230312035661218,1.0,52,673,110,52,19
SARTIRANA,Sun,1.0846153846153845,1.0,10,130,16,9,0
SASSA TORNIMPARTE,Sun,0.6153846153846154,1.0,6,78,5,3,1
SASSO MARCONI,Sun,1.9357541899441342,1.0,30,358,62,26,5
SAVIGNANO SUL RUBICONE,Sun,3.7905405405405403,2.0,26,296,91,53,21
SCAFATI,Sun,2.473333333333333,1.0,38,450,102,58,21
SCALETTA ZANCLEA,Sun,1.7974683544303798,1.0,18,158,20,13,3
SCANZANO J. MONTALBANO J.,Sun,-3.0,-3.0,1,1,0,0,0
SCARLINO,Sun,3.2247191011235956,2.0,7,89,30,21,6
SCHIO,Sun,-3.017391304347826,-3.0,9,115,1,1,1
SCURCOLA MARSICANA,Sun,-0.6666666666666666,-2.0,2,24,1,0,0
SECUGNAGO,Sun,1.7765042979942693,1.0,34,349,60,27,10
SERRA S.QUIRICO,Sun,1.6666666666666667,1.0,7,84,21,9,1
SERRAVALLE SCRIVIA,Sun,17.0,17.0,1,1,1,1,1
SESTO CALENDE,Sun,2.3251231527093594,1.0,79,406,96,53,17
SGURGOLA,Sun,1.4827586206896552,1.0,16,203,23,10,2
SICIGNANO DEGLI ALBURNI,Sun,4.178571428571429,2.0,5,56,23,13,6
SIGNA,Sun,9.4,7.0,8,10,9,8,3
SILLA,Sun,2.294943820224719,1.0,30,356,85,38,3
SISTIANA,Sun,1.9707112970711298,1.0,20,239,34,17,8
SOLAGNA,Sun,2.3333333333333335,2.0,6,72,11,4,2
SOLARUSSA,Sun,3.215686274509804,2.0,5,51,10,7,4
SOLOPACA,Sun,2.9692307692307693,1.0,6,65,21,11,3
SOMMA LOMBARDO,Sun,3.229591836734694,2.0,40,196,59,37,12
SOVERATO,Sun,1.4067796610169492,2.0,14,177,37,14,5
SPARANISE,Sun,2.3245033112582782,1.0,12,151,35,21,7
SPOLETO,Sun,3.018633540372671,1.0,32,322,98,61,27
STABIO,Sun,0.13122171945701358,-1.0,20,221,10,10,7
STANGHELLA,Sun,2.16,2.0,14,150,28,11,1
STRAMBINO,Sun,2.141025641025641,1.0,13,156,36,21,6
STRIGNO,Sun,3.0833333333333335,2.0,6,72,17,8,1
TARCENTO,Sun,1.3421052631578947,1.0,3,38,3,2,0
TERLANO-ANDRIANO,Sun,1.9866310160427807,2.0,30,374,41,12,2
TERME EUGANEE-ABANO-MONTEGR.,Sun,2.468227424749164,0.0,53,598,104,72,39
TEZZE DI GRIGNO,Sun,3.2777777777777777,2.0,6,72,20,9,2
TIVOLI,Sun,1.25,0.0,21,264,45,27,13
TOLENTINO,Sun,3.1538461538461537,2.0,10,117,45,20,3
TOR VERGATA,Sun,2.842857142857143,2.0,11,140,24,15,2
TORANO LATTARICO,Sun,2.43801652892562,1.0,10,121,21,12,10
TORINO PORTA SUSA,Sun,1.2486111111111111,-1.0,178,2160,306,174,85
TRAPPETO,Sun,3.1704545454545454,2.0,7,88,29,15,5
TRAVEDONA BIANDRONNO,Sun,2.6201923076923075,1.0,25,208,29,15,5
TREVI,Sun,1.8403361344537814,0.0,11,119,26,17,4
TREVIGLIO,Sun,0.5817932922655715,-1.0,128,1461,219,133,49
TREVIGNANO SIGNORESSA,Sun,3.2035398230088497,3.0,30,226,72,18,2
TRIESTE AIRPORT,Sun,1.1282442748091603,0.0,55,655,58,41,16
TRINITA` BENE VAGIENNA,Sun,1.065934065934066,1.0,7,91,8,4,0
TROPEA,Sun,2.142857142857143,1.0,11,98,25,12,5
VAGLIA,Sun,1.6285714285714286,1.0,19,245,46,27,11
VALLE AURELIA,Sun,3.9440104166666665,4.0,69,768,395,88,10
VALLE LOMELLINA,Sun,1.6692307692307693,1.0,10,130,20,10,0
VALLO DELLA LUC. CASTELNUOVO,Sun,4.169921875,2.0,43,512,192,135,52
VANZAGHELLO - MAGNAGO,Sun,0.0,0.0,30,358,0,0,0
VARAZZE,Sun,2.478405315614618,1.0,56,602,111,70,27
VEDANO,Sun,0.0,0.0,34,288,0,0,0
VELLO,Sun,0.0,0.0,12,105,0,0,0
VENAFRO,Sun,-3.7467532467532467,-3.0,12,154,14,7,4
VENEGONO SUP. - CASTIGLIO,Sun,0.0,0.0,34,288,0,0,0
VERBANIA-PALLANZA,Sun,1.8188585607940446,0.0,76,403,83,49,21
VERCURAGO S.GIROLAMO,Sun,1.9930555555555556,1.0,12,144,29,10,1
VERNIO MONTEPIANO CANTAGALLO,Sun,3.267175572519084,2.0,18,131,37,20,8
VERRES,Sun,2.0023809523809524,1.0,33,420,78,45,17
VIA LUNGA,Sun,-0.14942528735632185,0.0,10,87,1,1,0
VICENZA,Sun,0.9174236168455822,-1.0,114,1211,183,125,57
VICOFORTE SAN MICHELE,Sun,1.0,1.0,7,91,5,3,0
VIGNATE,Sun,12.0,12.0,1,1,1,1,1
VIGNOLA,Sun,-0.8095238095238095,-1.0,5,42,1,0,0
VILLA SAN GIOVANNI,Sun,1.5340909090909092,-1.0,65,616,91,67,43
VILLABASSA - BRAIES,Sun,-0.6428571428571429,0.0,7,70,1,1,1
VILLAMAGGIORE,Sun,2.8825857519788918,3.0,67,758,255,81,14
VILLANOVA D`ARDA,Sun,-0.29545454545454547,-1.0,4,44,2,1,0
VILLASANTA,Sun,0.8363636363636363,0.0,22,220,18,11,2
VILLASOR,Sun,1.9128440366972477,1.0,25,218,32,19,8
VILLAVERLA MONTECCHIO,Sun,3.2794759825327513,3.0,18,229,89,7,2
VISANO,Sun,4.155555555555556,3.0,15,180,81,54,15
VITERBO PORTA ROMANA,Sun,0.27319587628865977,0.0,18,194,7,4,2
VITTUONE ARLUNO,Sun,2.3438320209973753,2.0,64,762,162,78,23
ZAGAROLO,Sun,0.4692737430167598,0.0,28,358,28,12,1
ZAMBRA,Sun,-0.013986013986013986,-1.0,13,143,6,1,0
ZAMBRONE,Sun,4.133333333333334,2.0,7,75,19,11,5
ABBIATE GUAZZONE,Sun,0.0,0.0,34,288,0,0,0
ACQUAFREDDA,Sun,9.0,5.0,2,2,2,1,1
ACQUAVIVA,Sun,2.0709677419354837,1.0,13,155,24,11,6
AIRASCA,Sun,1.1352657004830917,0.0,16,207,32,13,1
ALA,Sun,4.020356234096692,3.0,33,393,168,114,32
ALBANO DI LUCANIA,Sun,4.384615384615385,1.0,2,26,6,5,1
ALBUZZANO,Sun,2.387434554973822,2.0,17,191,37,14,3
ALESSANDRIA,Sun,-0.2694541231126597,-1.0,77,861,134,72,27
ALFONSINE,Sun,0.4567307692307692,1.0,18,208,4,1,1
ALPIGNANO,Sun,8.6,2.0,5,5,2,2,2
ALTAVILLA TAVERNELLE,Sun,3.5945945945945947,2.0,16,185,63,40,16
ANAGNI-FIUGGI,Sun,0.8078078078078078,0.0,26,333,28,14,3
ANCONA,Sun,0.8434982738780207,-1.0,82,869,219,163,87
ANZOLA,Sun,4.356973995271868,2.0,37,423,156,105,45
AOSTA,Sun,2.5105263157894737,2.0,16,190,60,26,7
ARDENNO MASINO,Sun,4.343347639484978,3.0,20,233,101,53,17
ARENZANO,Sun,1.3899253731343284,0.0,50,536,73,50,18
ASCIANO,Sun,3.35,3.0,14,160,54,17,7
ASSISI,Sun,3.016194331983806,2.0,25,247,75,41,13
AULLA LUNIGIANA,Sun,0.7405541561712846,0.0,37,397,60,28,9
AVIGLIANA,Sun,1.9892008639308856,1.0,38,463,58,36,19
BAGNI DI LUCCA,Sun,2.029940119760479,1.0,13,167,43,21,4
BALVANO R.,Sun,2.0,2.0,1,10,0,0,0
BARBERINO VAL D`ELSA,Sun,7.6,6.0,5,5,5,3,1
BARCELLONA,Sun,1.5666666666666667,0.0,26,270,43,29,15
BARI TORRE A MARE,Sun,1.5613496932515338,1.0,27,326,65,20,3
BARI VILLAGGIO DEL LAVORATORE,Sun,3.991304347826087,2.0,9,115,52,45,5
BARLETTA,Sun,4.100244498777506,1.0,75,818,267,214,116
BASILIANO,Sun,1.4292682926829268,1.0,17,205,18,6,3
BASSANO DEL GRAPPA,Sun,-2.0,-3.0,30,355,19,13,10
BEFFI,Sun,1.0,1.0,4,52,2,0,0
BELVEDERE MARITTIMO,Sun,4.554347826086956,3.0,16,184,84,52,14
BENEVENTO,Sun,3.1784037558685445,2.0,19,213,72,62,27
BESANA,Sun,2.036363636363636,2.0,22,220,60,21,4
BIAGIONI LAGACCI,Sun,2.236842105263158,2.0,9,114,17,2,0
BIANCO,Sun,0.98,0.0,4,50,6,4,2
BIELLA S.PAOLO,Sun,-1.1607142857142858,-2.0,14,168,6,5,4
BISTAGNO,Sun,1.5952380952380953,1.0,10,126,20,9,4
BISUSCHIO VIGGIU,Sun,2.5467980295566504,2.0,65,406,56,27,10
BIVIO EMILIA,Sun,-3.0,-3.0,1,1,0,0,0
BOARIO TERME,Sun,0.009900990099009901,0.0,12,101,0,0,0
BOGLIASCO,Sun,13.0,13.0,1,1,1,1,1
BOLGHERI,Sun,2.1560283687943262,1.0,12,141,32,20,5
BOLOGNA BORGO PANIGALE,Sun,2.9506726457399104,2.0,40,446,91,36,7
BOLOGNA CORTICELLA,Sun,3.6878980891719744,2.0,13,157,45,27,11
BOLOGNA SAN VITALE,Sun,2.9910112359550562,2.0,52,445,97,48,11
BOLZANO NOVARESE,Sun,1.4230769230769231,1.0,2,26,3,0,0
BOLZANO SUD,Sun,1.63903743315508,2.0,30,374,39,17,3
BORGHETTO,Sun,11.0,11.0,1,1,1,1,1
BORGO A MOZZANO,Sun,3.820359281437126,2.0,13,167,62,34,5
BORGO LAVEZZARO,Sun,1.8205128205128205,1.0,9,117,25,10,0
BORGO VAL DI TARO,Sun,1.5679442508710801,1.0,30,287,57,36,9
BORGONATO - ADRO,Sun,0.0,0.0,19,175,0,0,0
BORGONE,Sun,0.7,-1.0,19,240,20,15,12
BORGOSESIA,Sun,-0.5,-1.0,2,2,0,0,0
BORORE,Sun,2.064935064935065,1.0,7,77,15,9,4
BRENNERO,Sun,0.42507645259938837,-1.0,27,327,49,36,15
BRESSANONE,Sun,2.756390977443609,1.0,59,665,175,120,58
BRINDISI,Sun,1.11716621253406,-1.0,69,734,144,92,46
BRUNICO,Sun,-1.1025641025641026,-1.0,10,78,4,2,0
BRUZOLO,Sun,0.9665271966527197,0.0,19,239,20,15,12
BUDOIA POLCENIGO,Sun,-1.7272727272727273,-2.0,12,132,0,0,0
BUSSI,Sun,-0.631578947368421,-1.0,3,38,1,1,1
BUTTAPIETRA,Sun,4.625,3.0,4,48,21,9,4
BUTTRIO,Sun,1.6276150627615062,1.0,20,239,20,12,3
CAGLIARI ELMAS,Sun,0.904950495049505,1.0,51,505,23,14,6
CALATABIANO,Sun,2.646153846153846,2.0,5,65,16,5,1
CALDONAZZO,Sun,2.4444444444444446,2.0,6,72,20,7,2
CAMAIORE LIDO CAPEZZANO,Sun,3.4444444444444446,1.0,7,9,3,2,1
CAMMARATA S.GIOVANNI GEMINI,Sun,-0.05263157894736842,0.0,12,152,20,8,5
CAMNAGO LENTATE,Sun,0.0,0.0,34,374,0,0,0
CAMPO DI CARNE,Sun,1.7635658914728682,1.0,20,258,45,17,5
CAMPOLEONE,Sun,1.170520231213873,0.0,55,692,100,54,24
CANCELLO ARNONE,Sun,0.36363636363636365,0.0,1,11,1,0,0
CANETRA,Sun,6.453125,5.0,5,64,54,29,5
CANNIZZARO,Sun,0.07894736842105263,-1.0,3,38,1,1,0
CANTU`- CERMENATE,Sun,5.444444444444445,5.0,8,9,5,4,1
CAPACCIO ROCCADASPIDE,Sun,3.002680965147453,1.0,30,373,124,85,37
CAPODACQUA PIEVE FANONICA,Sun,-0.4,-2.0,1,5,1,0,0
CARATE-CALO`,Sun,2.5090909090909093,2.0,22,220,53,18,4
CARAVAGGIO,Sun,2.7347480106100797,1.0,33,377,100,54,11
CARINI,Sun,-1.1382488479262673,-1.0,34,434,2,2,0
CARONNO PERTUSELLA,Sun,1.089655172413793,1.0,15,145,9,2,0
CARUGO - GIUSSANO,Sun,0.0,0.0,29,307,0,0,0
CASALETTO VAPRIO,Sun,3.249336870026525,2.0,33,377,137,70,13
CASALMAGGIORE,Sun,3.7699530516431925,2.0,18,213,72,47,17
CASALNUOVO,Sun,2.422145328719723,2.0,23,289,69,29,10
CASANOVA KAISERAU,Sun,1.0110803324099722,1.0,29,361,27,11,3
CASARSA,Sun,2.0,0.0,43,494,66,34,21
CASORIA,Sun,2.063025210084034,1.0,19,238,55,39,10
CASSOLA,Sun,0.0,0.0,7,7,0,0,0
CASTEL D`ARIO,Sun,0.33986928104575165,0.0,12,153,11,6,3
CASTEL MADAMA,Sun,1.9380530973451326,1.0,9,113,16,9,4
CASTEL S.PIETRO TERME,Sun,3.3509615384615383,2.0,56,624,227,131,40
CASTELFRANCO VENETO,Sun,-0.08360477741585233,-1.0,79,921,51,28,9
CASTELLAMMARE DEL GOLFO,Sun,3.81,3.0,8,100,35,18,5
CASTELLAMMARE DI STABIA,Sun,0.2,0.0,3,5,0,0,0
CASTELLO DI GODEGO,Sun,-0.2545454545454545,-2.0,38,440,22,21,12
CASTELNUOVO BERARDENGA,Sun,3.16875,3.0,14,160,48,16,7
CASTELRAIMONDO CAMERINO,Sun,2.675213675213675,2.0,10,117,35,15,3
CASTIGLION FIORENTINO,Sun,3.3407407407407406,2.0,35,405,134,82,24
CASTIGLIONCELLO,Sun,6.6875,6.0,9,16,11,9,4
CASTIONE DEI MARCHESI,Sun,0.22727272727272727,1.0,2,22,1,0,0
CATANZARO,Sun,1.7064676616915422,1.0,18,201,35,17,4
CAVALLERMAGGIORE,Sun,1.9826498422712935,1.0,49,634,106,49,26
CECINA,Sun,2.5719557195571956,1.0,48,542,148,81,28
CELLE BULGHERIA ROCCAGLORIOSA,Sun,2.346590909090909,1.0,14,176,42,24,5
CENTALLO,Sun,1.9090909090909092,1.0,30,385,81,46,14
CEPRANO-FALVATERRA,Sun,0.1237785016286645,-1.0,24,307,17,7,3
CEREA,Sun,2.542483660130719,2.0,12,153,29,10,4
CERIALE,Sun,12.5,2.0,2,2,1,1,1
CERIANO LAGHETTO,Sun,0.0,0.0,12,142,0,0,0
CERIGNOLA,Sun,3.3256880733944953,2.0,18,218,56,32,10
CERVIA-MILANO MARITTIMA,Sun,2.4388489208633093,1.0,48,417,83,52,25
CETRARO,Sun,3.202970297029703,1.0,17,202,53,37,17
CEVA,Sun,0.8919753086419753,0.0,25,324,44,22,8
CHIARAVALLE,Sun,-1.5,-2.0,6,64,5,2,1
CHIARI,Sun,9.125,8.0,8,8,7,6,1
CHIAVARI,Sun,3.372269705603039,2.0,97,1053,319,199,74
CHIETI-MAD.D.P.,Sun,5.189655172413793,4.0,9,116,71,26,5
CISANO CAPRINO BERGAMASCO,Sun,1.7322404371584699,1.0,31,366,62,25,6
CISLAGO,Sun,0.0,0.0,34,288,0,0,0
CISMON DEL GRAPPA,Sun,1.5,1.0,6,72,9,3,2
CISTERNA DI LATINA,Sun,1.8225806451612903,0.0,35,434,70,47,22
CIVITAVECCHIA,Sun,2.309734513274336,1.0,51,565,136,102,48
CLASSE,Sun,3.953020134228188,2.0,17,149,49,33,13
CODOLA,Sun,9.333333333333334,12.0,2,3,2,2,2
CODROIPO,Sun,2.5720081135902637,1.0,43,493,75,36,20
COLLECCHIO,Sun,2.362264150943396,1.0,46,265,66,36,12
COLORNO,Sun,3.5258215962441315,1.0,18,213,61,40,16
COMO NORD CAMERLATA,Sun,0.0,0.0,38,436,0,0,0
COMO NORD LAGO,Sun,0.0,0.0,19,216,0,0,0
COMPIOBBI,Sun,2.6666666666666665,2.0,26,321,74,34,13
CONTIGLIANO,Sun,3.6031746031746033,3.0,10,126,51,13,5
CORBETTA S. STEFANO,Sun,11.333333333333334,7.0,6,6,5,5,2
CORBEZZI,Sun,1.0964912280701755,1.0,9,114,3,1,1
CORMONS,Sun,1.2894736842105263,-1.0,34,418,52,31,17
CORNIGLIA,Sun,3.314625850340136,2.0,90,588,182,99,28
COSTA MASNAGA,Sun,2.268181818181818,2.0,22,220,40,17,4
CREVALCORE,Sun,3.3983286908077996,2.0,30,359,143,85,30
CUSANO,Sun,0.0,0.0,1,1,0,0,0
DEIVA MARINA,Sun,2.568862275449102,2.0,46,501,142,88,20
DESIO,Sun,2.9640427599611274,2.0,87,1029,270,136,44
DITTAINO,Sun,-2.3962264150943398,-2.0,8,53,7,3,1
DOBBIACO,Sun,0.6666666666666666,1.0,10,78,2,0,0
DOMODOSSOLA,Sun,0.3646112600536193,-2.0,50,373,64,47,21
DUBINO,Sun,1.2651933701657458,0.0,31,362,36,23,14
DUOMO VIA VERNIERI,Sun,20.0,20.0,1,1,1,1,1
EQUI TERME,Sun,2.9210526315789473,2.0,12,152,39,18,1
FABRO-FICULLE,Sun,3.8137254901960786,2.0,18,204,67,41,16
FAGNANO CAMPANA,Sun,1.6923076923076923,1.0,4,52,7,1,0
FERNO LONATE POZZOLO,Sun,0.6785714285714286,0.0,38,364,9,5,2
FIRENZE S.M.N.,Sun,0.9126063418406806,-1.0,228,2586,445,292,150
FIUMELATTE,Sun,3.442906574394464,1.0,25,289,86,63,29
FONTANAROSA,Sun,1.0425531914893618,0.0,4,47,10,5,2
FORENZA,Sun,1.8651162790697675,1.0,17,215,30,18,6
FORLI`,Sun,2.3598183881952326,0.0,81,881,230,170,92
FRANCAVILLA FONTANA,Sun,0.21052631578947367,-3.0,6,38,10,6,4
FRASSO T. DUGENTA,Sun,0.8307692307692308,-1.0,6,65,14,10,5
FUNO CENTERGROSS,Sun,3.935672514619883,2.0,14,171,51,31,17
GALLIATE,Sun,0.0,0.0,30,358,0,0,0
GARBAGNATE M.SE,Sun,0.0,0.0,70,836,0,0,0
GAVIRATE VERBANO,Sun,0.0,0.0,9,86,0,0,0
GAZZADA SCHIANNO MORAZZONE,Sun,1.9894736842105263,2.0,85,570,89,43,10
GAZZO DI BIGARELLO,Sun,-1.026143790849673,-1.0,12,153,6,5,3
GEMELLI,Sun,2.4583333333333335,2.0,67,744,129,47,8
GENOVA BOLZANETO,Sun,0.07806691449814127,0.0,21,269,13,7,1
GENOVA CORNIGLIANO,Sun,8.0,6.0,2,2,2,2,0
GENOVA PONTEDECIMO,Sun,0.02962962962962963,-1.0,21,270,11,6,1
GENOVA QUARTO DEI MILLE,Sun,3.035164835164835,1.0,43,455,136,87,39
GENOVA RIVAROLO,Sun,0.8333333333333334,1.0,21,228,10,5,0
GIAMPILIERI,Sun,-0.20945945945945946,-1.0,12,148,13,9,5
GIARRE RIPOSTO,Sun,0.8348082595870207,0.0,37,339,59,39,20
GIULIANOVA,Sun,2.607843137254902,2.0,39,408,111,76,19
GRAGNOLA,Sun,1.6644736842105263,1.0,12,152,27,11,1
GRAMMICHELE,Sun,0.775,-1.0,4,40,5,4,1
GRANAIOLO,Sun,4.030674846625767,4.0,13,163,82,37,2
GRICIGNANO,Sun,1.803030303030303,1.0,6,66,12,10,2
GROPELLO CAIROLI,Sun,4.736111111111111,3.0,12,144,68,11,5
GROTTE,Sun,-1.0,-2.0,2,26,0,0,0
INCISA,Sun,1.8291316526610644,1.0,30,357,63,28,8
INCORONATA,Sun,2.5806451612903225,2.0,17,217,46,22,8
ISEO,Sun,0.0,0.0,16,140,0,0,0
ISERNIA,Sun,1.5,-1.0,3,38,10,8,3
ISOLA DEL CANTONE,Sun,7.0,7.0,1,1,1,1,0
ISOLETTA-S.GIOVANNI I.,Sun,1.700325732899023,1.0,24,307,25,12,3
ISTRANA,Sun,-0.14606741573033707,0.0,14,178,6,2,1
LA RUSTICA CITTA',Sun,0.8446601941747572,0.0,8,103,14,9,3
LA SPEZIA MIGLIARINA,Sun,1.7236614853195165,1.0,54,579,108,52,11
LA STORTA,Sun,1.7597315436241612,1.0,67,745,112,47,6
LAMA DI RENO,Sun,2.463687150837989,2.0,30,358,74,27,6
LANA-POSTAL,Sun,1.1577540106951871,1.0,30,374,40,11,1
LATINA,Sun,2.742014742014742,0.0,76,814,177,131,76
LAVAGNA,Sun,5.0,5.0,2,2,2,0,0
LAVEZZOLA,Sun,0.25961538461538464,0.0,18,208,15,2,1
LE PIAGGE,Sun,8.0,8.0,1,1,1,1,0
LECCO,Sun,2.367864693446089,1.0,112,946,170,111,57
LEGNANO,Sun,2.8041704442429736,2.0,105,1103,334,160,27
LEONFORTE-PIRATO,Sun,0.5686274509803921,-1.0,6,51,8,4,1
LESEGNO,Sun,-0.17582417582417584,-1.0,7,91,5,4,0
LETOJANNI,Sun,-0.12849162011173185,-1.0,15,179,12,5,5
LOMELLO,Sun,3.0662983425414363,2.0,16,181,51,23,4
LUCCA,Sun,1.7002551020408163,1.0,101,784,172,67,20
L`Aquila Campo di Pile,Sun,0.9692307692307692,-1.0,5,65,19,4,2
M.N. AFFORI,Sun,0.0,0.0,94,1045,0,0,0
MACOMER,Sun,0.7230769230769231,-1.0,11,130,25,15,5
MAERNE DI MARTELLAGO,Sun,2.5358744394618835,2.0,39,446,101,34,14
MAGRE`- CORTACCIA,Sun,6.0,6.0,1,1,1,1,0
MANAROLA,Sun,6.363636363636363,7.0,10,11,7,6,2
MANERBIO,Sun,1.9730941704035874,1.0,19,223,57,26,8
MARCELLINA VERBICARO ORSOMARSO,Sun,4.019607843137255,2.0,9,102,35,20,6
MARECHIARO,Sun,0.07755102040816327,0.0,19,245,10,4,2
MARIANO COMENSE,Sun,0.0,0.0,29,307,0,0,0
MARINA DI SAN LORENZO,Sun,0.84,0.0,2,25,1,1,0
MAROTTA MONDOLFO,Sun,2.7828947368421053,1.0,26,304,87,48,16
MELZO,Sun,1.760672703751617,0.0,69,773,133,74,29
MERCATO SAN SEVERINO,Sun,1.7727272727272727,1.0,7,66,13,4,2
MERONE,Sun,0.0,0.0,29,307,0,0,0
MESSINA MARITTIMA,Sun,12.724137931034482,0.0,8,29,11,10,7
METAPONTO,Sun,1.4487179487179487,-1.0,14,156,35,25,10
MEZZANO,Sun,1.398989898989899,1.0,17,198,11,2,1
MEZZOCORONA,Sun,4.042813455657492,3.0,57,654,264,143,24
MILANO BOVISA,Sun,0.0,0.0,362,3890,0,0,0
MILANO BOVISA FNM,Sun,-0.20125786163522014,-1.0,120,1113,97,45,11
MILANO FORLANINI,Sun,2.7736572890025575,2.0,134,1564,356,200,59
MILANO NORD DOMODOSSOLA,Sun,0.0,0.0,280,3108,0,0,0
MILANO NORD QUARTO OGGIARO,Sun,2.0344827586206895,2.0,15,145,32,13,1
MILANO VENEZIA,Sun,3.057828880622252,2.0,288,2957,841,414,116
MILANO VILLAPIZZONE,Sun,3.136741214057508,2.0,135,1565,393,184,49
MILETO,Sun,0.6923076923076923,0.0,1,13,1,0,0
MILITELLO,Sun,2.5,0.0,4,40,10,6,3
MINUCCIANO - PIEVE - CASOLA,Sun,0.7763157894736842,0.0,12,152,23,9,1
MIRTO CROSIA,Sun,2.6666666666666665,2.0,9,114,38,20,4
MOLINA CASTEL VECCHIO SUBAQUEO,Sun,1.0307692307692307,1.0,5,65,1,0,0
MOMO,Sun,0.6538461538461539,1.0,8,104,14,7,2
MONEGLIA,Sun,12.0,12.0,1,1,1,1,1
MONOPOLI,Sun,2.5655021834061134,2.0,42,458,105,44,21
MONTECAROTTO CASTELBELLINO,Sun,0.0,0.0,1,1,0,0,0
MONTECHIARO DENICE,Sun,2.0793650793650795,1.0,10,126,22,9,4
MONTEMAGGIORE,Sun,1.5165562913907285,1.0,12,151,20,9,4
MONTEREALE VALCELLINA,Sun,-1.0833333333333333,-1.0,12,132,0,0,0
MONZONE-M.DEI BANCHI-ISOLANO,Sun,2.9210526315789473,2.0,12,152,39,18,1
MORENGO BARIANO,Sun,27.5,10.0,2,2,2,2,1
MOSCIANO S. ANGELO,Sun,6.948275862068965,9.0,9,116,74,70,30
MOTTA S. DAMIANO,Sun,0.6963350785340314,0.0,17,191,26,10,3
MUSSOTTO,Sun,0.30612244897959184,0.0,16,196,3,2,2
NAPOLI S.GIOV.BARRA,Sun,0.14566929133858267,0.0,108,1270,58,28,11
NICHELINO,Sun,2.6601941747572817,2.0,16,206,38,13,2
NICORVO,Sun,4.779661016949152,3.0,10,118,51,12,4
NOCERA INFERIORE,Sun,3.5150300601202407,2.0,43,499,148,79,27
NOCERA UMBRA,Sun,2.0267857142857144,1.0,9,112,20,16,7
NOVELLARA,Sun,-1.5238095238095237,-1.0,3,21,1,0,0
NUOVO SALARIO,Sun,1.5020804438280166,2.0,87,721,56,26,12
OLBIA,Sun,0.47115384615384615,0.0,9,104,16,4,0
OLCIO,Sun,3.8961937716262978,2.0,25,289,92,56,27
OLGIATA,Sun,3.385234899328859,3.0,67,745,260,78,9
OMIGNANO SALENTO,Sun,3.2,2.0,24,300,104,76,21
ORDONA,Sun,1.5625,1.0,5,64,8,6,1
ORTE,Sun,2.332896461336828,1.0,91,763,188,141,75
OSPEDALETTO EUGANEO,Sun,2.13855421686747,1.0,13,166,27,18,8
OSTERIA NUOVA,Sun,3.9275766016713094,3.0,30,359,145,88,33
OULX CESANA CLAVIERE SESTRIERE,Sun,1.6654676258992807,1.0,24,278,36,22,10
PADIGLIONE,Sun,0.17054263565891473,-1.0,20,258,26,7,3
PAESE CASTAGNOLE,Sun,2.748898678414097,2.0,30,227,35,7,3
PALIZZI,Sun,2.0,2.0,3,26,5,1,0
PALMI,Sun,2.005,0.0,19,200,32,17,11
PARGHELIA,Sun,4.28,2.0,7,75,20,11,4
PARMA,Sun,2.5763157894736843,1.0,156,1520,406,283,115
PARONA LOMELLINA,Sun,2.335149863760218,1.0,33,367,87,46,16
PASSIGNANO SUL TRASIMENO,Sun,4.777777777777778,3.0,12,144,70,37,10
PASTENA,Sun,1.8746177370030581,2.0,51,327,23,6,2
PATTI-SAN PIERO PATTI,Sun,1.4962962962962962,1.0,26,270,47,25,13
PC. MEANA,Sun,1.168103448275862,0.0,20,232,36,18,10
PEDASO,Sun,3.0357142857142856,1.0,15,140,36,25,7
PEDEROBBA CAVASO POSSAGNO,Sun,3.3026315789473686,3.0,20,152,56,21,4
PERUGIA CAPITINI,Sun,5.416666666666667,2.0,1,12,5,3,1
PESCARA,Sun,1.7047075606276747,-1.0,65,701,179,126,74
PESCARA S. MARCO,Sun,1.3015873015873016,4.0,5,63,39,10,1
PESCARA TRIBUNALE,Sun,2.019230769230769,1.0,4,52,13,6,0
PESCHIERA DEL GARDA,Sun,4.015923566878981,2.0,61,628,215,121,53
PESCIA,Sun,1.664783427495292,1.0,89,531,118,60,18
PETROSINO STRASATTI,Sun,2.0265486725663715,0.0,9,113,20,15,9
PETTENASCO,Sun,1.9711538461538463,1.0,8,104,15,5,1
PIADENA,Sun,3.9574944071588365,2.0,38,447,163,100,30
PIANO D`ORTA BOLOGNANO,Sun,6.625,5.0,2,24,15,7,2
PIETRASANTA,Sun,3.2740213523131674,2.0,48,562,188,106,27
PINEROLO,Sun,-1.6346153846153846,-2.0,8,104,5,1,0
PIOLTELLO LIMITO,Sun,1.844298245614035,1.0,197,2280,437,241,85
PIOPPE DI SALVARO,Sun,1.4972067039106145,1.0,30,358,44,18,4
PISCIOTTA PALINURO,Sun,3.371212121212121,1.0,34,396,129,84,31
PIZZIGHETTONE,Sun,2.3191489361702127,2.0,5,47,17,10,0
POLIGNANO A MARE,Sun,2.596541786743516,2.0,29,347,79,29,11
PONTE CASALDUNI,Sun,2.484375,1.0,5,64,21,17,4
PONTE GARDENA,Sun,2.1003937007874014,1.0,41,508,117,72,33
PONTE IN VALTELLINA,Sun,1.7692307692307692,1.0,12,52,7,4,2
PONTE NELLE ALPI POLPET,Sun,0.6228571428571429,1.0,36,350,27,10,6
PONTEBBA,Sun,1.0628930817610063,1.0,13,159,16,7,3
PORCARI,Sun,3.933333333333333,3.0,30,150,64,44,8
PORTICHETTO - LUISAGO,Sun,0.0,0.0,37,424,0,0,0
PORTICI- ERCOLANO,Sun,1.6304801670146138,0.0,43,479,78,44,17
PORTO CERESIO,Sun,1.3645320197044335,1.0,33,203,27,15,5
PORTO D`ASCOLI,Sun,3.3169811320754716,2.0,25,265,71,34,11
PORTO S. ELPIDIO,Sun,3.2785714285714285,1.0,15,140,35,21,6
PORTO TORRES,Sun,2.2051282051282053,0.0,6,78,14,8,5
PORTO TORRES MARITTIMA,Sun,3.6666666666666665,2.0,3,39,10,7,4
PORTO VALTRAVAGLIA,Sun,2.5045871559633026,2.0,26,218,51,11,5
PORTOMAGGIORE,Sun,0.9134615384615384,1.0,18,208,14,3,2
POZZUOLI SOLFATARA,Sun,-0.05111524163568773,-1.0,88,1076,75,31,10
PREGNANA MILANESE,Sun,10.0,7.0,6,6,6,4,1
PUNTA RAISI,Sun,-0.5040983606557377,-1.0,19,244,2,2,1
RAIANO,Sun,0.7230769230769231,1.0,5,65,2,1,0
RECCO,Sun,2.1649016641452343,1.0,61,661,158,104,51
REGGIO EMILIA,Sun,3.796223446105429,2.0,121,1271,458,316,127
REGGIO EMILIA AV,Sun,5.934,4.0,47,500,261,183,77
REMEDELLO SOPRA,Sun,5.361111111111111,4.0,15,180,93,54,13
RHO,Sun,2.520628683693517,2.0,131,1527,381,185,36
RICADI,Sun,2.2653061224489797,1.0,11,98,24,8,4
RIETI,Sun,2.1870503597122304,2.0,11,139,45,11,5
RIMINI,Sun,0.43432715551974216,-1.0,132,1241,250,195,111
RIMINIFIERA,Sun,5.190476190476191,3.0,46,84,42,26,10
RIONERO ATELLA RIPACANDITA,Sun,1.5905511811023623,1.0,20,254,48,22,7
ROBILANTE,Sun,-0.18181818181818182,-1.0,12,154,7,1,0
ROCCA DI CORNO,Sun,1.7384615384615385,1.0,5,65,12,6,2
ROCCA RAVINDOLA,Sun,0.03076923076923077,-1.0,5,65,4,3,3
ROCCHETTA CAIRO,Sun,2.716535433070866,2.0,10,127,14,4,3
RODALLO,Sun,0.993006993006993,0.0,12,143,17,9,3
ROMA S.PIETRO,Sun,0.5594573024740622,0.0,110,1253,118,49,19
ROMA TIBURTINA,Sun,0.7876447876447876,-1.0,242,2331,393,282,150
ROMETTA MESSINESE,Sun,1.4155844155844155,1.0,6,77,10,5,1
RONCHI DEI LEGIONARI NORD,Sun,1.794979079497908,0.0,20,239,33,19,10
ROSIGNANO,Sun,2.224586288416076,1.0,37,423,98,63,22
ROSSANO,Sun,4.806060606060606,4.0,13,165,86,48,17
ROSSANO VENETO,Sun,0.3333333333333333,0.0,3,3,0,0,0
ROTTOFRENO,Sun,5.0,3.0,1,2,1,1,0
ROVELLASCA - MANERA,Sun,0.0,0.0,37,424,0,0,0
S. AMBROGIO,Sun,2.564853556485356,1.0,19,239,28,18,11
S. ANTONINO VAIE,Sun,1.5723684210526316,0.0,36,456,62,39,23
S. CRISTINA E BISSONE,Sun,3.298429319371728,3.0,17,191,70,33,2
S. MARGHERITA LIGURE PORTOFINO,Sun,3.128712871287129,1.0,73,808,243,148,57
S. PAOLO SOLBRITO,Sun,2.033980582524272,1.0,16,206,33,16,5
S. PIETRO BERBENNO,Sun,3.793103448275862,2.0,20,232,91,51,18
S. PIETRO VERNOTICO,Sun,10.0,9.0,2,2,2,2,1
S.ALESSIO SICULO FORZA D`AGRO`,Sun,1.4382716049382716,1.0,13,162,8,5,2
S.ANTONIO MANTOVANO,Sun,2.0064516129032257,1.0,15,155,30,15,4
S.CRISTOFORO AL LAGO-ISCHIA,Sun,4.013888888888889,3.0,6,72,33,16,3
S.ELLERO,Sun,7.75,7.0,4,4,4,4,0
S.FELICE SP,Sun,3.885793871866295,2.0,30,359,140,102,30
S.FREDIANO A SETTIMO,Sun,7.5,1.0,4,4,1,1,1
S.GIOVANNI VALDARNO,Sun,2.9436834094368343,1.0,56,657,174,110,32
S.LORENZO COLLI,Sun,0.0,0.0,1,1,0,0,0
S.MARCELLINO FRIGNANO,Sun,3.0962566844919786,1.0,15,187,53,39,11
S.MARTINO IN GATTARA,Sun,5.422535211267606,5.0,11,142,93,58,7
S.MINIATO FUCECCHIO,Sun,4.0,2.0,9,11,5,4,1
S.NAZARIO,Sun,2.1666666666666665,2.0,6,72,7,4,2
S.PIETRO IN CASALE,Sun,2.5434380776340113,1.0,43,541,102,70,33
S.ROMANO MONTOPOLI S.CROCE,Sun,1.8638838475499093,1.0,44,551,113,56,12
S.SEVERINO MARCHE,Sun,2.965811965811966,2.0,10,117,45,20,3
SAGRADO,Sun,2.747016706443914,1.0,34,419,65,37,19
SALE LANGHE,Sun,0.978021978021978,0.0,7,91,13,5,2
SALETTO,Sun,1.7710843373493976,1.0,13,166,36,19,7
SAMASSI SERRENTI,Sun,1.128440366972477,0.0,25,218,26,15,8
SAMOGGIA,Sun,4.566233766233767,2.0,34,385,141,98,43
SAN BENEDETTO SAMBRO-CAST.PEPOLI,Sun,2.7777777777777777,1.0,19,135,34,17,8
SAN GAVINO,Sun,0.9647887323943662,0.0,30,284,41,20,12
SANNAZZARO,Sun,4.055555555555555,3.0,16,180,84,35,7
SANTE MARIE,Sun,0.8333333333333334,1.0,1,12,0,0,0
SARMATO,Sun,12.0,11.0,2,3,3,2,2
SARONNO SUD,Sun,0.22047832585949179,0.0,114,1338,37,19,4
SARZANA,Sun,2.3693548387096772,1.0,53,620,170,89,29
SCAFA S.VALENTINO CARAMANICO T,Sun,0.8169934640522876,0.0,12,153,13,11,3
SCALEA S.DOMENICA TALAO,Sun,5.722077922077922,3.0,38,385,183,130,48
SEREGNO,Sun,1.7447811447811448,1.0,125,1485,257,121,43
SETTEQUERCE,Sun,2.622994652406417,2.0,30,374,100,22,2
SOLIGNANO,Sun,3.5,1.0,6,6,2,1,1
SOMMARIVA BOSCO,Sun,0.8317307692307693,0.0,16,208,16,3,1
SONDRIO,Sun,5.021951219512195,2.0,61,410,134,100,52
SORESINA,Sun,3.0761154855643045,1.0,34,381,97,45,20
SORGENTI DEL PESCHIERA,Sun,8.52,7.0,2,25,24,18,4
SPELLO,Sun,1.8629441624365481,1.0,18,197,36,15,8
SPIGNO,Sun,2.7777777777777777,2.0,10,126,35,15,4
SPINETTA,Sun,1.4761904761904763,1.0,6,42,4,2,1
STAZIONE PER L`ALPAGO,Sun,1.8478260869565217,2.0,19,230,28,12,4
STRADELLA,Sun,2.5506072874493926,1.0,24,247,60,35,12
STRESA,Sun,3.0754716981132075,2.0,82,477,156,92,40
STREVI,Sun,2.68,1.0,8,100,26,12,3
SUSA,Sun,-0.0707070707070707,-1.0,8,99,8,3,3
SUSEGANA,Sun,2.0,2.0,1,1,0,0,0
TAGGIA ARMA,Sun,2.8723849372384938,2.0,45,478,147,75,18
TAORMINA,Sun,0.3644578313253012,-1.0,36,332,50,33,24
TARANTO,Sun,0.21105527638190955,-2.0,19,199,28,20,14
TARVISIO BOSCOVERDE,Sun,-1.1264367816091954,-2.0,9,87,6,5,2
TERNATE VARANO BORGHI,Sun,1.4768518518518519,1.0,26,216,19,11,5
THIENE,Sun,0.9344978165938864,0.0,18,229,10,3,2
TOR SAPIENZA,Sun,0.5825242718446602,-1.0,8,103,12,8,3
TORRE ANNUNZIATA CENTRALE,Sun,2.8410041841004183,1.0,43,478,127,64,22
TORRE DE` PICENARDI,Sun,1.3111111111111111,1.0,4,45,7,4,1
TORRE MELISSA,Sun,2.0194174757281553,1.0,9,103,21,8,1
TORRILE S. POLO,Sun,2.075117370892019,1.0,18,213,39,23,9
TORRIONE,Sun,2.4128440366972477,2.0,51,327,43,11,2
TRABIA,Sun,2.0,2.0,1,1,0,0,0
TRACCIA,Sun,3.6153846153846154,3.0,2,26,9,2,1
TRAPANI,Sun,-1.0,-4.0,4,51,5,4,3
TRE CROCI,Sun,2.758241758241758,2.0,8,91,18,5,2
TREVIGLIO OVEST,Sun,0.9434389140271493,0.0,36,442,46,17,5
TREVISO C.,Sun,0.864423076923077,-1.0,98,1040,107,63,28
TRIESTE CENTRALE,Sun,1.9400684931506849,0.0,50,584,80,56,32
TRIUGGIO-PONTE ALBIATE,Sun,0.6318181818181818,0.0,22,220,27,12,3
TRIVIGNO,Sun,1.9230769230769231,-1.0,2,26,2,2,1
TROFARELLO,Sun,0.7381275440976933,1.0,57,737,63,18,6
URAS MOGORO,Sun,2.8239700374531833,2.0,25,267,62,33,14
VAIANO,Sun,2.213740458015267,1.0,18,131,24,11,8
VALDAORA - ANTERSELVA,Sun,-0.6714285714285714,-1.0,7,70,2,1,0
VARALLO SESIA,Sun,-5.0,-5.0,1,1,0,0,0
VARENNA ESINO,Sun,4.517298187808896,1.0,77,607,207,140,78
VARESE CASBENO,Sun,0.003436426116838488,0.0,32,291,0,0,0
VARIGNANA,Sun,3.865284974093264,3.0,17,193,75,35,7
VENEZIA CARPENEDO,Sun,7.666666666666667,9.0,2,3,2,2,1
VENEZIA PORTO MARGHERA,Sun,7.875,6.0,18,24,23,15,7
VENEZIA SANTA LUCIA,Sun,0.40499306518723993,-1.0,194,2163,186,108,67
VERNANTE,Sun,0.05844155844155844,0.0,12,154,4,2,0
VERNAZZA,Sun,9.428571428571429,8.0,7,7,7,6,3
VERONA PORTA VESCOVO,Sun,2.5557586837294335,2.0,53,547,140,78,38
VESPOLATE,Sun,1.6153846153846154,1.0,9,117,20,7,0
VESPRI,Sun,1.2419354838709677,1.0,34,434,9,4,3
VIAREGGIO,Sun,2.62736660929432,2.0,116,1162,367,201,75
VILLA CASTELLI,Sun,43.0,43.0,1,1,1,1,1
VILLA CLAUDIA,Sun,1.62015503875969,1.0,20,258,23,11,3
VILLA DI TIRANO,Sun,2.838709677419355,1.0,4,31,5,3,3
VILLA RAVERIO,Sun,2.6227272727272726,2.0,22,220,61,21,4
VILLANOVA D`ARDENGHI,Sun,4.729166666666667,3.0,12,144,67,11,5
VILLASPECIOSA UTA,Sun,3.280632411067194,2.0,23,253,91,80,8
VILLAZZANO,Sun,2.4305555555555554,2.0,6,72,13,7,2
VIPITENO,Sun,1.3468634686346863,-1.0,44,542,97,69,31
VITERBO PORTA FIORENTINA,Sun,0.813953488372093,0.0,9,86,6,4,2
ZAPPULLA,Sun,1.2444444444444445,1.0,7,90,13,5,0
ABBADIA LARIANA,Sun,1.391304347826087,1.0,26,299,46,34,19
ABBASANTA,Sun,1.3661971830985915,0.0,12,142,26,13,7
ACERRA,Sun,2.7681660899653977,2.0,23,289,68,25,10
ACQUA ACETOSA,Sun,2.489010989010989,2.0,14,182,33,20,4
ALBA,Sun,-0.4230769230769231,0.0,8,104,1,1,1
ALBANO LAZIALE,Sun,-0.45054945054945056,-1.0,7,91,2,0,0
ALBINIA,Sun,1.3936651583710407,0.0,20,221,38,24,9
ALBISOLA,Sun,1.9814432989690722,1.0,44,485,64,33,11
ALLERONA-CASTEL VISCARDO,Sun,4.314285714285714,2.0,6,70,21,12,6
ALVIANO,Sun,8.0,8.0,6,8,6,5,2
AMANTEA,Sun,2.4634146341463414,1.0,24,246,45,28,14
ANGRI,Sun,3.966666666666667,3.0,38,450,185,97,25
ANTIGNANO,Sun,8.75,3.0,3,4,1,1,1
ARBOSTELLA,Sun,0.38181818181818183,0.0,30,55,1,0,0
ARCOLA,Sun,3.3333333333333335,0.0,2,3,1,1,0
ARDORE,Sun,-1.76,-2.0,2,25,0,0,0
ARECHI,Sun,0.058091286307053944,0.0,29,241,0,0,0
AROSIO,Sun,0.0,0.0,29,307,0,0,0
ARQUATA SCRIVIA,Sun,1.1951219512195121,1.0,59,697,126,79,30
ARQUA`,Sun,8.527777777777779,4.0,3,36,20,15,7
ARSOLI,Sun,2.0476190476190474,1.0,10,126,24,9,1
ASCOLI PICENO,Sun,0.04597701149425287,-1.0,7,87,6,5,3
ASSEMINI CARMINE,Sun,-0.005681818181818182,-1.0,17,176,8,4,1
ASSEMINI S. LUCIA,Sun,-0.1875,-1.0,17,176,6,3,1
ASSO,Sun,0.014814814814814815,0.0,13,135,0,0,0
AUGUSTA,Sun,-0.03398058252427184,0.0,28,206,38,27,17
AVERSA,Sun,1.9391691394658754,-1.0,59,674,122,82,44
AVIANO,Sun,-0.5909090909090909,-1.0,12,132,0,0,0
BAGNACAVALLO,Sun,3.2111436950146626,2.0,33,341,103,57,24
BAGNARA,Sun,1.2,-1.0,19,200,23,16,10
BAIANO DI SPOLETO,Sun,2.2452830188679247,-1.0,5,53,14,12,3
BALDICHIERI,Sun,2.760869565217391,2.0,18,230,54,23,7
BARAGIANO,Sun,4.511627906976744,2.0,8,86,33,25,9
BARASSO - COMERIO,Sun,0.003436426116838488,0.0,32,291,0,0,0
BARI CENTRALE,Sun,-0.37176724137931033,-2.0,84,928,158,123,70
BARILE,Sun,3.973684210526316,3.0,18,228,86,45,10
BARRUCCANA,Sun,0.1695906432748538,0.0,29,342,20,13,7
BATTAGLIA TERME,Sun,3.607361963190184,2.0,15,163,74,53,13
BAZZANO,Sun,-2.2613636363636362,-2.0,10,88,1,0,0
BELGIOIOSO,Sun,1.287958115183246,1.0,17,191,33,14,3
BELLANO TARTAVELLE TERME,Sun,4.43163097199341,1.0,77,607,191,131,70
BELLARIA,Sun,1.2884615384615385,0.0,48,416,59,43,14
BELLUNO,Sun,0.6048109965635738,1.0,38,291,24,16,4
BERCHIDDA,Sun,1.0357142857142858,1.0,14,168,17,7,0
BESNATE,Sun,1.7884615384615385,1.0,25,208,13,9,4
BEVILACQUA,Sun,3.1626506024096384,2.0,13,166,57,26,7
BIFORCO,Sun,4.741935483870968,4.0,12,155,83,44,9
BINARIO S.MARCO VECCHIO,Sun,1.6693877551020408,1.0,19,245,54,27,14
BISCEGLIE,Sun,4.628318584070796,2.0,40,452,160,103,53
BOLOGNA MAZZINI,Sun,2.733118971061093,2.0,40,311,48,24,8
BOLZANO,Sun,1.764525993883792,0.0,85,981,242,158,56
BONFERRARO,Sun,0.9281045751633987,1.0,12,153,36,16,4
BORGO A BUGGIANO,Sun,3.488095238095238,3.0,37,168,72,49,9
BORGO S. GIOVANNI,Sun,0.005714285714285714,0.0,19,175,0,0,0
BORGO TICINO,Sun,2.701657458563536,2.0,14,181,44,20,1
BORGONUOVO,Sun,2.798882681564246,3.0,30,358,110,43,6
BORNATO - CALINO,Sun,0.0,0.0,19,175,0,0,0
BOSCHI S.ANNA,Sun,4.278787878787878,4.0,13,165,87,40,7
BOTRICELLO,Sun,0.88268156424581,1.0,14,179,43,27,7
BOVALINO,Sun,2.925373134328358,2.0,16,201,66,33,11
BOVISIO M. - MOMBELLO,Sun,0.0,0.0,65,738,0,0,0
BRA,Sun,-0.5728155339805825,0.0,16,206,3,2,2
BRISIGHELLA,Sun,4.329032258064516,4.0,12,155,80,47,7
BROLO FICARRA,Sun,1.4111111111111112,1.0,7,90,16,6,1
BRONZOLO,Sun,1.544186046511628,1.0,34,430,78,42,10
BUCCINO S.,Sun,5.6938775510204085,2.0,5,49,21,18,13
BUSALLA,Sun,-0.4281150159744409,-1.0,27,313,25,11,4
BUSCHE LENTIAI MEL,Sun,-0.055776892430278883,0.0,36,251,22,6,3
CABIATE,Sun,0.0,0.0,29,307,0,0,0
CADORAGO,Sun,0.0,0.0,37,424,0,0,0
CALCIO,Sun,12.6,12.0,5,5,5,5,4
CALDE`,Sun,3.3526570048309177,3.0,25,207,64,18,4
CALDIERO,Sun,4.666666666666667,2.0,15,174,56,36,23
CALOPEZZATI,Sun,1.8932038834951457,2.0,9,103,18,11,2
CALTAGIRONE,Sun,1.75,-1.0,2,20,4,3,1
CALTANISSETTA CENTRALE,Sun,-2.58974358974359,-3.0,7,78,1,0,0
CALTIGNAGA,Sun,1.2980769230769231,1.0,8,104,17,5,2
CALUSO,Sun,1.7628205128205128,1.0,13,156,34,15,6
CAMNAGO-LENTATE,Sun,2.58021712907117,1.0,70,829,196,97,29
CAMOGLI SAN FRUTTUOSO,Sun,11.125,11.0,6,8,8,8,5
CAMPAGNA SERRE PERSANO,Sun,2.0,-2.0,1,2,1,1,0
CAMPIGLIA MARITTIMA,Sun,2.478125,1.0,56,640,161,111,40
CAMPOFRANCO,Sun,2.064935064935065,1.0,12,154,21,7,4
CAMPOMIGLIAIO,Sun,-0.6666666666666666,-1.0,1,12,0,0,0
CAMPOSANTO,Sun,4.0,3.0,12,144,54,36,9
CANCELLIERA,Sun,3.502439024390244,3.0,16,205,66,23,7
CANDIA CANAVESE,Sun,2.167832167832168,1.0,12,143,31,17,7
CANDIOLO,Sun,1.816425120772947,1.0,16,207,28,10,2
CANEGRATE,Sun,4.346704871060172,4.0,67,698,351,162,28
CANNETO SULL`OGLIO,Sun,5.222222222222222,4.0,15,180,93,54,12
CANZO,Sun,0.007462686567164179,0.0,25,268,0,0,0
CAPISTRELLO,Sun,2.3125,0.0,2,16,3,2,1
CARBONA,Sun,2.364705882352941,2.0,7,85,17,4,0
CARBONIA SERBARIU,Sun,0.33043478260869563,-1.0,9,115,7,4,2
CARNATE USMATE,Sun,1.2674698795180723,0.0,91,830,140,57,19
CARONNO - PERTUSELLA,Sun,0.0,0.0,70,836,0,0,0
CARSOLI,Sun,1.6428571428571428,0.0,17,210,39,18,8
CASALBORDINO POLLUTRI,Sun,7.0,7.0,1,1,1,1,0
CASLINO D'ERBA,Sun,0.0037313432835820895,0.0,25,268,0,0,0
CASORATE SEMPIONE,Sun,4.345679012345679,3.0,25,162,66,38,12
CASSAGO-NIBIONNO-BULCIAGO,Sun,2.4272727272727272,2.0,22,220,48,17,3
CASSANO D`ADDA,Sun,1.8913324708926262,1.0,69,773,123,73,33
CASSINO,Sun,-0.28165374677002586,-1.0,31,387,45,36,21
CASTAGNO,Sun,1.7456140350877194,1.0,9,114,13,2,0
CASTEL LAGOPESOLE,Sun,1.3188976377952757,1.0,20,254,33,17,6
CASTELBOLOGNESE,Sun,2.8331466965285554,1.0,89,893,241,149,70
CASTELDEBOLE,Sun,1.974712643678161,1.0,39,435,75,38,8
CASTELFRANCO D'EMILIA,Sun,3.401648998822144,1.0,75,849,258,173,74
CASTELLALTO CANZANO,Sun,2.3017241379310347,2.0,9,116,31,9,0
CASTELLANETA MARINA,Sun,3.230769230769231,2.0,2,26,8,5,2
CASTELPLANIO CUPRAMONTANA,Sun,1.3962264150943395,0.0,14,159,24,15,5
CASTELVECCHIO PASCOLI,Sun,2.9705882352941178,2.0,8,102,25,9,1
CATANIA CENTRALE,Sun,-1.2269129287598945,-2.0,50,379,51,32,21
CATANZARO LIDO,Sun,1.7581227436823104,1.0,22,277,67,29,10
CATENANUOVA,Sun,0.6818181818181818,-1.0,5,44,5,4,2
CAVALLEGGERI AOSTA,Sun,-0.39622641509433965,-1.0,155,1908,75,28,11
CAVARIA OGGIONA JERAGO,Sun,3.080168776371308,2.0,54,474,142,81,17
CAVAZZALE,Sun,1.0655021834061136,0.0,18,229,23,9,3
CEFALU`,Sun,-2.0285714285714285,-2.0,24,245,20,10,4
CELANO-OVINDOLI,Sun,0.7692307692307693,1.0,2,13,1,0,0
CELLE,Sun,2.0,2.0,1,1,0,0,0
CERCHIO,Sun,1.9166666666666667,1.0,1,12,1,1,0
CERTALDO,Sun,2.2596153846153846,1.0,33,416,121,58,10
CESANO DI ROMA,Sun,1.921752738654147,2.0,57,639,107,33,6
CESENA,Sun,1.3524492234169654,-1.0,77,837,189,143,75
CHIAVENNA,Sun,1.7569060773480663,0.0,16,181,23,17,12
CHIOMONTE,Sun,1.4849785407725322,1.0,20,233,25,15,10
CIAMPINO,Sun,0.386986301369863,0.0,68,876,70,26,7
CISTERNINO,Sun,11.0,11.0,1,1,1,1,1
CITTADUCALE,Sun,3.1746031746031744,2.0,10,126,43,19,5
CITTIGLIO,Sun,0.003436426116838488,0.0,32,291,0,0,0
CIVITELLA ROVETO,Sun,1.75,0.0,2,16,3,1,1
COCCAGLIO,Sun,1.4107142857142858,0.0,37,392,41,18,7
COCQUIO - TREVISAGO,Sun,0.003436426116838488,0.0,32,291,0,0,0
COGOLETO,Sun,1.4217311233885819,1.0,50,543,71,43,17
COLLARMELE,Sun,0.9166666666666666,1.0,1,12,1,0,0
COLLI DI MONTE BOVE,Sun,1.4166666666666667,1.0,2,24,2,0,0
COMO NORD BORGHI,Sun,0.0,0.0,38,436,0,0,0
CONDOFURI,Sun,0.72,1.0,2,25,1,1,0
CONEGLIANO,Sun,0.9279711884753902,-1.0,70,833,94,52,23
CONTEA LONDA,Sun,2.1121076233183858,2.0,19,223,69,18,6
CONTURSI TERME,Sun,3.2708333333333335,-1.0,4,48,16,16,5
COSIO TRAONA,Sun,4.547008547008547,3.0,20,234,109,70,21
CREMONA,Sun,1.8844884488448845,0.0,52,606,113,67,29
CRESPINO DEL LAMONE,Sun,3.445161290322581,2.0,12,155,60,28,9
CROTONE,Sun,1.572289156626506,1.0,13,166,42,23,14
CRUCOLI,Sun,1.5490196078431373,1.0,8,102,13,7,1
CUCCIAGO,Sun,4.285714285714286,3.0,12,14,7,4,2
DELEBIO,Sun,4.538461538461538,3.0,20,234,103,68,25
DIANO,Sun,6.6,7.0,4,5,4,4,0
DOMEGLIARA,Sun,3.83206106870229,3.0,33,393,171,111,33
DONNAZ,Sun,2.723076923076923,2.0,10,130,32,13,4
EGNA-TERMENO,Sun,2.4790697674418603,2.0,34,430,120,60,7
ELLERA CORCIANO,Sun,3.125,1.0,12,144,47,33,11
FANO,Sun,2.447084233261339,1.0,42,463,105,63,26
FARA SABINA,Sun,-0.11967213114754098,-1.0,78,610,19,10,5
FELTRE,Sun,1.3101851851851851,1.0,28,216,24,8,5
FERENTINO-SUPINO,Sun,1.7747747747747749,1.0,26,333,31,15,3
FERRANDINA,Sun,2.4903846153846154,1.0,9,104,26,16,6
FIGLINE VALDARNO,Sun,2.835866261398176,1.0,56,658,178,109,32
FIRENZE CAMPO MARTE,Sun,1.7637088733798605,1.0,98,1003,202,129,56
FIRENZE RIFREDI,Sun,0.7077306733167082,0.0,174,2005,209,113,40
FIUMEFREDDO DI SICILIA,Sun,1.378787878787879,1.0,16,198,35,17,5
FIVIZZANO - GASSANO,Sun,3.603960396039604,3.0,8,101,39,25,1
FOGGIA,Sun,2.589651022864019,1.0,76,831,232,163,84
FOGNANO,Sun,5.296774193548387,5.0,12,155,99,74,12
FONDI - SPERLONGA,Sun,1.9193548387096775,1.0,35,434,83,43,19
FORNACI DI BARGA,Sun,1.8263473053892216,1.0,13,167,36,16,3
FORTEZZA,Sun,1.5386779184247539,-1.0,63,711,153,109,44
FOSCIANDORA - CESERANA,Sun,3.140625,3.0,5,64,20,5,0
FOSSACESIA - TORINO DI SANGRO,Sun,1.7115384615384615,1.0,4,52,11,4,0
FRANCAVILLA AL MARE,Sun,2.3076923076923075,2.0,4,52,13,7,0
FRATTE,Sun,2.9461538461538463,2.0,12,130,33,20,7
FROSINONE,Sun,0.18329466357308585,-1.0,34,431,37,23,16
FUSCALDO,Sun,1.974025974025974,1.0,7,77,14,8,2
GALLIERA,Sun,5.625730994152047,3.0,14,171,85,55,19
GAMBOLO`REMONDO`,Sun,4.645833333333333,2.0,12,144,38,11,6
GARBAGNATE PARCO GROANE,Sun,0.0,0.0,70,836,0,0,0
GEMONIO,Sun,0.003436426116838488,0.0,32,291,0,0,0
GENOVA BORZOLI,Sun,1.9144736842105263,1.0,14,152,31,14,4
GENOVA BRIGNOLE,Sun,1.6895861148197597,0.0,138,1498,316,217,100
GENOVA S.BIAGIO,Sun,2.0,2.0,1,1,0,0,0
GENOVA STURLA,Sun,9.5,2.0,2,2,1,1,1
GHEDI,Sun,2.816666666666667,1.0,15,180,41,24,10
GINOSA,Sun,3.1346153846153846,2.0,4,52,10,5,3
GIOVINAZZO,Sun,3.2193308550185873,2.0,21,269,82,46,21
GORIZIA CENTRALE,Sun,1.6975169300225734,0.0,38,443,62,41,20
GRAVELLONA TOCE,Sun,0.4519230769230769,1.0,8,104,9,4,1
GRIGNO,Sun,2.2777777777777777,2.0,6,72,12,6,2
GROANE,Sun,0.8403755868544601,0.0,18,213,15,9,3
GUARDIA PIEMONTESE TERME,Sun,10.0,5.0,2,2,2,1,1
GUASTALLA,Sun,2.4166666666666665,2.0,2,12,2,1,0
IGEA MARINA,Sun,0.7320099255583127,0.0,47,403,40,31,14
IMOLA,Sun,2.77449947312961,1.0,95,949,262,160,66
IMPERIA,Sun,2.6343283582089554,2.0,59,536,190,109,13
IPOGEO DEGLI OTTAVI,Sun,2.372311827956989,2.0,67,744,167,73,8
ISOLA CAPO RIZZUTO,Sun,2.0,2.0,1,1,0,0,0
ISOLA DELLA SCALA,Sun,5.425855513307985,4.0,22,263,155,91,33
ITRI,Sun,1.5068493150684932,1.0,18,219,42,13,3
IVREA,Sun,0.9438202247191011,0.0,37,445,94,56,16
JOPPOLO,Sun,2.9066666666666667,2.0,7,75,15,5,3
LA RUSTICA UIR,Sun,1.1,0.0,7,90,13,7,3
LA SPEZIA CENTRALE,Sun,1.8689482470784642,1.0,139,1198,323,204,78
LABICO,Sun,2.0634920634920637,1.0,10,126,14,6,3
LAMEZIA TERME CENTRALE,Sun,2.1683168316831685,-1.0,61,606,111,81,47
LAMEZIA TERME SAMBIASE,Sun,2.7661691542288556,2.0,18,201,29,10,4
LASTRA A SIGNA,Sun,2.5,2.0,2,2,0,0,0
LATERINA,Sun,2.470059880239521,2.0,28,334,62,33,12
LAVIS,Sun,9.333333333333334,9.0,3,3,2,2,1
LENTINI,Sun,0.9121951219512195,0.0,27,205,54,37,20
LERCARA DIRAMAZ.,Sun,18.0,18.0,1,1,1,1,1
LEVATA,Sun,2.543778801843318,1.0,18,217,58,29,16
LIVORNO CENTRALE,Sun,0.9593679458239278,0.0,88,886,177,110,43
LIVORNO FERRARIS,Sun,-0.1242603550295858,-1.0,13,169,16,9,1
LOCATE TRIULZI,Sun,2.539176626826029,2.0,67,753,189,68,9
LODI,Sun,1.4718644067796611,0.0,153,1475,303,147,67
LOMAZZO,Sun,0.0,0.0,38,436,0,0,0
M.N. QUARTO OGGIARO,Sun,0.0,0.0,70,836,0,0,0
MAGENTA,Sun,2.2710997442455243,2.0,95,1173,222,107,37
MANDATORICCIO CAMPANA,Sun,1.911764705882353,1.0,8,102,12,8,2
MANDELLO DEL LARIO,Sun,4.561779242174629,2.0,77,607,176,127,66
MANTOVA,Sun,1.305210918114144,0.0,35,403,77,51,18
MARMORE,Sun,2.2805755395683454,2.0,11,139,33,17,4
MASSA CENTRO,Sun,3.159468438538206,2.0,77,903,290,177,55
MASSAROSA BOZZANO,Sun,2.2620689655172415,2.0,17,145,34,13,1
MATELICA,Sun,2.905982905982906,2.0,10,117,34,16,3
MAZARA DEL VALLO,Sun,1.6725663716814159,0.0,9,113,22,17,7
MEDE,Sun,4.005649717514125,3.0,16,177,88,34,3
MELEGNANO,Sun,1.7267950963222416,1.0,82,571,74,40,8
MEZZANI RONDANI,Sun,4.661971830985915,2.0,18,213,88,53,17
MILANO CENTRALE,Sun,3.115599751398384,1.0,314,3218,847,541,307
MILANO DATEO,Sun,2.9625126646403244,2.0,289,2961,811,407,117
MILANO PORTA GARIBALDI,Sun,0.8386422976501305,0.0,180,1915,283,158,69
MODUGNO,Sun,4.695035460992908,2.0,11,141,66,65,8
MOLINO DEL PALLONE,Sun,1.9736842105263157,2.0,9,114,16,1,0
MOMBALDONE ROCCAVERANO,Sun,2.515873015873016,1.0,10,126,27,13,4
MONASTERACE STILO,Sun,1.9717514124293785,1.0,14,177,48,19,4
MONTAGNANA,Sun,2.716867469879518,2.0,13,166,47,24,7
MONTE S.BIAGIO,Sun,1.76036866359447,0.0,35,434,84,41,18
MONTECATINI TERME,Sun,1.7145669291338583,1.0,66,508,109,66,21
MONTEMARCIANO,Sun,5.1891891891891895,3.0,3,37,14,11,6
MONTENERO PETACCIATO,Sun,1.8205128205128205,1.0,3,39,6,4,2
MONTI TELTI,Sun,0.5443786982248521,1.0,14,169,33,11,0
MONTICELLO D`ALBA,Sun,0.30612244897959184,0.0,16,196,3,2,2
MONZUNO,Sun,2.8931297709923665,1.0,19,131,35,18,9
MORBEGNO,Sun,6.246296296296296,3.0,71,540,263,162,71
MOZIA-BIRGI,Sun,0.7610619469026548,0.0,9,113,14,11,6
MOZZATE,Sun,0.0,0.0,34,288,0,0,0
MOZZECANE,Sun,2.0709677419354837,2.0,15,155,33,16,4
NAPOLI GIANTURCO,Sun,-1.4889589905362777,-2.0,186,2219,128,70,27
NAPOLI PIAZZA LEOPARDI,Sun,0.07120324470482199,-1.0,183,2219,101,51,32
NARNI AMELIA,Sun,3.5,1.0,2,2,1,1,0
NICOTERA,Sun,3.9489795918367347,3.0,11,98,31,12,3
NIZZA DI SICILIA,Sun,1.837837837837838,1.0,12,148,15,10,3
NOGARA,Sun,2.9375,2.0,34,416,136,92,30
NONE,Sun,1.4154589371980677,1.0,16,207,24,10,2
NOVARA,Sun,0.7346089850249584,0.0,100,1202,141,73,36
NOVATE MILANESE,Sun,2.8482758620689657,2.0,15,145,48,18,1
NOZZANO,Sun,4.8584905660377355,4.0,9,106,54,39,10
NUS,Sun,2.7055837563451774,2.0,33,394,91,48,14
OGGIONO,Sun,1.2,1.0,22,220,17,7,3
OLGIATE-CALCO-BRIVIO,Sun,2.0546448087431695,1.0,38,366,48,28,9
OLMENETA,Sun,1.0224137931034483,0.0,51,580,79,51,18
OMEGNA,Sun,0.7115384615384616,1.0,8,104,12,5,1
ORA,Sun,5.833333333333333,4.0,6,6,5,2,1
ORBETELLO,Sun,2.708154506437768,1.0,21,233,54,36,15
ORICOLA-PERETO,Sun,1.811881188118812,1.0,8,101,14,5,1
ORTA MIASINO,Sun,0.36538461538461536,0.0,8,104,8,3,0
ORTANOVA,Sun,3.0599078341013826,2.0,17,217,59,30,10
ORTONA,Sun,2.173076923076923,2.0,4,52,11,5,0
ORVIETO,Sun,3.431893687707641,2.0,38,301,102,66,36
OSCHIRI,Sun,1.6568047337278107,1.0,14,169,23,10,0
OSNAGO,Sun,2.0224719101123596,1.0,37,356,48,26,9
OSPITALETTO TRAVAGLIATO,Sun,1.669291338582677,1.0,59,635,70,28,13
OSTIA PARMENSE,Sun,1.302439024390244,1.0,21,205,39,23,4
P.M. BADESSE,Sun,1.8412698412698412,0.0,15,189,26,16,6
"P.M. KM. 5,420",Sun,36.0,17.0,2,2,2,2,2
PADERNO ROBBIATE,Sun,4.764705882352941,4.0,36,425,247,139,10
PADOVA,Sun,0.9604759881002974,-1.0,220,2353,350,225,116
PAESTUM,Sun,8.0,8.0,1,2,2,2,0
PAGANICA,Sun,0.5846153846153846,0.0,5,65,3,0,0
PALAZZOLO M.SE,Sun,0.0,0.0,65,738,0,0,0
PALERMO BRANCACCIO,Sun,0.3173076923076923,0.0,17,208,6,2,1
PALERMO CENTRALE,Sun,-2.2775800711743774,-1.0,51,562,14,11,7
PALERMO NOTARBARTOLO,Sun,-1.6659574468085105,-2.0,37,470,3,2,1
PALMANOVA,Sun,0.14772727272727273,0.0,7,88,2,1,0
PARABIAGO,Sun,3.578804347826087,3.0,69,736,294,122,21
PARCO LEONARDO,Sun,2.8178654292343386,2.0,99,862,219,64,25
PAVONA,Sun,3.150485436893204,2.0,16,206,59,21,5
PERCA,Sun,0.2608695652173913,0.0,6,69,3,1,0
PERGINE,Sun,1.5833333333333333,1.0,6,72,13,5,1
PERI,Sun,3.410891089108911,2.0,16,202,71,44,12
PIAN DI BORNO,Sun,0.009433962264150943,0.0,12,106,0,0,0
PIAN DI VENOLA,Sun,2.4677871148459385,2.0,30,357,75,34,6
PIAZZA AL SERCHIO,Sun,1.4666666666666666,1.0,13,165,26,11,2
PIEDIMULERA,Sun,2.0576923076923075,1.0,8,104,12,4,2
PIETRA LIGURE,Sun,3.472972972972973,2.0,45,518,189,112,32
PIETRARSA,Sun,11.0,11.0,1,1,1,1,1
PIEVE VERGONTE,Sun,-0.3626373626373626,-1.0,7,91,7,4,2
PINETO ATRI,Sun,2.041095890410959,2.0,21,219,44,18,7
PIOMBINO,Sun,0.8266666666666667,0.0,10,75,19,5,1
PISOGNE,Sun,0.0,0.0,12,105,0,0,0
PISTOIA,Sun,1.4665629860031104,1.0,60,643,102,55,24
PM CAGIONI,Sun,3.0,3.0,1,1,0,0,0
POGGIO RUSCO,Sun,3.311897106109325,2.0,26,311,118,74,26
POLESELLA,Sun,6.805555555555555,4.0,3,36,20,7,5
POLICASTRO BUSSENTINO,Sun,2.8902077151335313,1.0,27,337,86,61,13
POLICORO TURSI,Sun,5.705882352941177,4.0,4,51,31,20,6
PONT SAINT MARTIN,Sun,1.7149532710280373,1.0,33,428,78,44,18
PONTASSIEVE,Sun,2.316695352839931,2.0,49,581,121,58,16
PONTE A ELSA,Sun,1.0740740740740742,1.0,13,162,16,6,0
PONTE A MORIANO,Sun,3.143712574850299,2.0,13,167,51,26,5
PONTE A TRESSA,Sun,1.4081632653061225,1.0,5,49,4,1,0
PONTE DELLA VENTURINA,Sun,2.2280701754385963,3.0,9,114,27,9,0
PONTE S.PIETRO,Sun,3.289873417721519,3.0,67,790,274,111,14
PONTE TICINO,Sun,0.0,0.0,30,358,0,0,0
PONTECURONE,Sun,2.259259259259259,2.0,7,54,10,7,2
PONTELAGOSCURO,Sun,7.222222222222222,4.0,3,36,20,10,5
PONTELAMBRO - CASTELMARTE,Sun,0.0037313432835820895,0.0,25,268,0,0,0
PONTENURE,Sun,2.8059701492537314,2.0,6,67,15,9,5
PONTETTO,Sun,10.0,10.0,1,1,1,1,0
PONTIDA,Sun,2.935672514619883,2.0,28,342,86,35,7
PONTREMOLI,Sun,1.1469648562300319,0.0,32,313,64,37,12
PORTO S. GIORGIO FERMO,Sun,2.6351791530944624,1.0,31,307,83,45,17
POVO,Sun,2.7777777777777777,2.0,6,72,25,9,2
PRACCHIA,Sun,0.7456140350877193,1.0,9,114,6,1,0
PRASCO CREMOLINO,Sun,1.105263157894737,1.0,14,152,13,6,2
PRATOLA PELIGNA,Sun,0.08496732026143791,0.0,12,153,8,4,0
PRIMOLANO,Sun,2.2777777777777777,2.0,6,72,16,5,2
QUATTRO VENTI,Sun,1.6713735558408216,1.0,70,779,83,28,8
RAPALLO,Sun,9.409090909090908,7.0,15,22,17,15,8
RASTIGNANO,Sun,2.240663900414938,1.0,33,241,31,18,7
REGGIO DI CALABRIA PELLARO,Sun,0.8352272727272727,1.0,15,176,6,1,0
RENATE-VEDUGGIO,Sun,2.4,2.0,22,220,48,17,3
RESCALDINA,Sun,0.568760611205433,0.0,51,589,20,9,3
RICCIONE,Sun,1.9788732394366197,0.0,59,568,146,101,50
RIOMAGGIORE,Sun,1.8,2.0,4,5,1,0,0
RIVA TRIGOSO,Sun,3.0586907449209932,2.0,39,443,122,80,25
ROBECCO-PONTEVICO,Sun,2.325,1.0,18,200,58,31,8
ROCCASECCA,Sun,0.28191489361702127,-1.0,30,376,20,11,7
ROCCAVIONE,Sun,1.922077922077922,2.0,12,154,15,3,0
ROLO NOVI FABBRICO,Sun,1.3440366972477065,0.0,18,218,30,19,11
ROMA PRENESTINA,Sun,1.2836879432624113,0.0,11,141,19,14,4
ROMA S.FILIPPO NERI,Sun,1.4059139784946237,1.0,67,744,98,46,7
ROMA TIBURTINA PIAZZALE EST,Sun,-2.9305555555555554,-2.0,6,72,6,2,1
RONTA,Sun,3.425806451612903,2.0,12,155,61,31,9
ROVELLO PORRO,Sun,0.0,0.0,37,424,0,0,0
ROVIANO,Sun,0.03968253968253968,-1.0,10,126,10,7,2
RUDALZA,Sun,1.38,1.0,4,50,0,0,0
S. GENNARO,Sun,2.0533980582524274,1.0,16,206,31,10,5
S. GIACOMO DI TEGLIO,Sun,4.0,2.0,4,31,7,5,4
S. MARIA DELLE MOLE,Sun,3.7609756097560973,3.0,16,205,96,35,7
S. PIETRO A VICO,Sun,2.3051948051948052,1.0,12,154,35,19,5
S.BIAGIO,Sun,2.3529411764705883,2.0,6,68,23,2,0
S.CANDIDO,Sun,2.2564102564102564,2.0,4,39,5,2,1
S.CASSIANO,Sun,3.9788732394366195,3.0,11,142,68,35,5
S.CROCE DEL LAGO,Sun,1.9285714285714286,1.0,12,140,26,8,3
S.DONNINO BADIA,Sun,6.0,6.0,1,1,1,1,0
S.GIORGIO P.,Sun,3.4678362573099415,1.0,14,171,43,29,14
S.GIOVANNI AL NATISONE,Sun,0.9372384937238494,0.0,20,239,26,15,3
S.MARCO ROGGIANO,Sun,-0.7551020408163265,-1.0,8,98,8,6,2
S.MARINO,Sun,1.4861111111111112,1.0,6,72,5,2,2
S.MICHELE IN BOSCO,Sun,3.909090909090909,2.0,2,22,9,3,1
S.NICOLO',Sun,3.4,2.0,17,165,52,25,9
S.PIERO A SIEVE,Sun,2.216326530612245,1.0,19,245,45,28,11
S.VITTORIA,Sun,0.2564102564102564,0.0,16,195,3,2,2
SACILE,Sun,0.8760469011725294,-1.0,51,597,72,43,20
SAIRANO,Sun,5.241573033707865,4.0,16,178,125,48,7
SALA AL BARRO-GALBIATE,Sun,2.422727272727273,2.0,22,220,24,10,3
SALE MARASINO,Sun,0.0,0.0,12,105,0,0,0
SALINE DI REGGIO,Sun,1.3068181818181819,1.0,15,176,10,2,1
SALONE,Sun,1.5,0.0,4,52,9,6,3
SALSOMAGGIORE T.,Sun,0.7380952380952381,0.0,12,126,9,2,2
SALUGGIA,Sun,1.7218934911242603,1.0,13,169,21,11,1
SALUSSOLA,Sun,0.2111111111111111,0.0,14,180,4,3,2
SAN MARCO D`ALUNZIO T.,Sun,2.8333333333333335,2.0,7,90,22,9,1
SAN MOMME`,Sun,1.6403508771929824,1.0,9,114,11,1,0
SAN SEVERO,Sun,3.1267605633802815,0.0,14,142,43,33,19
SANFRE`,Sun,0.8125,0.0,16,208,16,3,1
SANTA TERESA DI RIVA,Sun,-0.5089285714285714,-1.0,18,224,18,7,3
SANTARCANGELO DI ROMAGNA,Sun,1.4081632653061225,1.0,22,196,28,16,6
SAPRI,Sun,2.768642447418738,1.0,49,523,151,108,43
SARNO,Sun,4.303030303030303,3.0,17,165,72,41,14
SCOPETI,Sun,3.684684684684685,3.0,19,222,101,44,7
SCORDIA,Sun,3.05,2.0,4,40,11,6,4
SERENISSIMA,Sun,0.4368932038834951,-1.0,8,103,13,8,3
SERIATE,Sun,1.2418478260869565,1.0,36,368,41,9,4
SERRADIFALCO,Sun,-3.5384615384615383,-4.0,1,13,0,0,0
SERRAVALLE PISTOIESE,Sun,2.5037593984962405,1.0,13,133,28,17,6
SESTO FIORENTINO,Sun,0.3978494623655914,-1.0,9,93,7,4,3
SETTE BAGNI,Sun,1.5380281690140845,1.0,86,710,43,20,7
SETTIMO TAVAGNASCO,Sun,1.0,1.0,3,3,0,0,0
SEVESO,Sun,0.0,0.0,93,1033,0,0,0
SEZZE ROMANO,Sun,2.0531177829099305,0.0,35,433,88,53,24
SFERRO,Sun,12.0,12.0,1,1,1,1,1
SIDERNO,Sun,2.4653465346534653,2.0,16,202,60,33,7
SIECI,Sun,8.25,3.0,4,4,2,2,1
SIENA,Sun,0.8309037900874635,-1.0,30,343,42,21,14
SILIQUA,Sun,0.07905138339920949,-1.0,23,253,21,10,7
SIRACUSA,Sun,-2.83,-2.0,16,100,15,14,11
SOFFRATTA,Sun,2.382608695652174,2.0,19,230,38,18,3
SOLERO,Sun,0.7032967032967034,1.0,7,91,4,1,1
SORA,Sun,2.1875,1.0,2,16,5,1,1
SORI,Sun,10.0,10.0,3,3,3,3,1
SPINEA,Sun,1.5739910313901346,1.0,39,446,59,24,13
SQUILLACE,Sun,1.5,1.0,2,2,0,0,0
SQUINZANO,Sun,1.7432950191570882,1.0,22,261,49,26,8
STIMIGLIANO,Sun,1.5032258064516129,1.0,46,310,24,8,4
STRONGOLI,Sun,0.803921568627451,1.0,8,102,16,7,1
SU CANALE,Sun,2.96875,2.0,5,64,18,13,1
SULMONA,Sun,-1.528169014084507,-2.0,12,142,6,4,1
SUZZARA,Sun,1.665137614678899,1.0,18,218,30,20,14
TAGLIACOZZO,Sun,2.1971153846153846,1.0,17,208,39,21,11
TARQUINIA,Sun,1.0,-1.0,18,195,35,23,8
TEANO,Sun,2.2960526315789473,1.0,12,152,37,19,7
TELESE CERRETO,Sun,3.1758241758241756,0.0,8,91,31,25,11
TERAMO,Sun,1.78125,2.0,5,64,12,5,0
TERNI,Sun,1.2231404958677685,0.0,26,242,58,37,17
TERONTOLA CORTONA,Sun,3.9055555555555554,2.0,53,540,211,127,52
TERZO MONTABONE,Sun,1.8968253968253967,1.0,10,126,22,10,4
TIRANO,Sun,2.617021276595745,-1.0,24,141,28,20,15
TORINO STURA,Sun,0.05582922824302135,-1.0,47,609,31,11,3
TORRAZZA P.,Sun,0.5502958579881657,0.0,13,169,15,8,0
TORRE DEI PASSERI,Sun,0.5947712418300654,0.0,12,153,12,9,3
TORRE DEL GRECO,Sun,1.7677824267782427,1.0,43,478,90,44,19
TORRE DEL LAGO PUCCINI,Sun,2.97265625,2.0,21,256,81,39,11
TORREBERETTI,Sun,1.700325732899023,1.0,25,307,51,19,6
TORRITA DI SIENA,Sun,2.7375,2.0,14,160,30,14,7
TREBISACCE,Sun,5.352941176470588,3.0,4,51,25,17,6
TRENTO,Sun,2.334945586457074,2.0,74,827,243,136,43
TRENTO S.BARTOLAMEO,Sun,2.4722222222222223,2.0,6,72,13,7,3
TRENTO S.CHIARA,Sun,2.875,3.0,6,72,20,8,3
TRESENDA-APRICA-TEGLIO,Sun,2.6334519572953736,1.0,49,281,50,37,23
TRINITAPOLI S.FERDIN. DI P.,Sun,3.2764976958525347,2.0,17,217,60,38,14
TUSA,Sun,-1.5897435897435896,-2.0,6,78,2,0,0
UGOVIZZA VALBRUNA,Sun,0.3270440251572327,-1.0,13,159,14,6,1
VADA,Sun,3.0328947368421053,2.0,13,152,42,27,8
VANDOIES,Sun,0.3333333333333333,0.0,6,69,1,1,0
VANZAGO POGLIANO,Sun,3.1204663212435233,2.0,71,772,248,118,20
VAPRIO D`AGOGNA,Sun,2.1153846153846154,1.0,2,26,4,1,0
VAREDO,Sun,0.0,0.0,65,738,0,0,0
VASTO S.SALVO,Sun,4.304597701149425,2.0,16,174,56,39,16
VELLETRI,Sun,1.3203883495145632,1.0,8,103,10,5,3
VENEGONO INF.,Sun,0.0,0.0,34,288,0,0,0
VENTIMIGLIA,Sun,1.7649253731343284,1.0,27,268,69,44,12
VERCEIA,Sun,0.4005524861878453,-1.0,31,362,31,22,17
VERDELLO DALMINE,Sun,0.8836930455635491,1.0,69,834,64,31,16
VERGATO,Sun,1.8966480446927374,1.0,30,358,58,16,4
VERGIATE,Sun,2.5208333333333335,1.0,35,192,55,31,10
VERONA PORTA NUOVA,Sun,2.0636704119850187,1.0,152,1602,399,279,122
VETRALLA,Sun,0.9077669902912622,1.0,19,206,26,14,3
VEZZANO LIGURE,Sun,1.7692307692307692,1.0,37,429,88,47,11
VIADANA BRESCIANA,Sun,3.2555555555555555,2.0,15,180,52,28,14
VIGEVANO,Sun,2.2670299727520438,1.0,33,367,64,43,17
VIGNA DI VALLE,Sun,3.3464285714285715,3.0,24,280,99,23,1
VIGODARZERE,Sun,-0.34523809523809523,-1.0,13,168,4,1,1
VILLA BONELLI,Sun,2.7485515643105445,2.0,99,863,189,82,24
VILLA DEL CONTE,Sun,0.75,1.0,4,4,0,0,0
VILLA SAN SEBASTIANO,Sun,0.8333333333333334,1.0,1,12,0,0,0
VILLADOSSOLA,Sun,1.0769230769230769,1.0,8,104,9,4,2
VILLALBA,Sun,3.88,1.0,2,25,9,6,2
VILLANOVA,Sun,0.7992277992277992,0.0,21,259,28,12,5
VILLANOVA DI REGGIOLO,Sun,2.360576923076923,1.0,18,208,35,22,14
VILLAROSA,Sun,1.06,1.0,6,50,4,1,0
VILPIANO-NALLES,Sun,2.6684491978609626,3.0,30,374,87,16,2
VIZZINI,Sun,2.35,0.0,4,40,6,6,3
VOGHERA,Sun,3.2264437689969605,1.0,71,658,198,120,40
VOLTANA,Sun,1.1326530612244898,1.0,17,196,16,1,1
ZOAGLI,Sun,16.0,10.0,3,4,3,3,2
ABANO TERME,Sun,1.6441717791411044,2.0,15,163,34,19,7
ACCIANO,Sun,6.461538461538462,6.0,1,13,13,10,0
ACIREALE,Sun,0.5786350148367952,0.0,38,337,57,37,19
ACQUAVIVA DELLE FONTI,Sun,1.6170212765957446,1.0,11,141,15,7,5
ADRIA,Sun,-0.49206349206349204,-2.0,5,63,6,4,2
AGRIGENTO BASSA,Sun,1.1123595505617978,0.0,14,178,8,6,5
AGRIGENTO CENTRALE,Sun,1.2857142857142858,0.0,8,91,9,5,5
AGROPOLI CASTELLABATE,Sun,3.7282608695652173,1.0,39,460,149,112,51
AIELLI,Sun,1.9166666666666667,1.0,1,12,1,1,0
ALANNO,Sun,6.386363636363637,5.0,7,88,85,32,7
ALASSIO,Sun,4.156934306569343,3.0,60,548,273,162,39
ALBA ADRIATICA NERETO CONTR.,Sun,3.264,2.0,15,125,41,26,6
ALBAIRATE VERMEZZO,Sun,0.5300546448087432,-1.0,49,549,55,36,18
ALBENGA,Sun,3.4125874125874125,3.0,62,572,254,147,39
ALBONESE,Sun,2.547008547008547,2.0,9,117,27,12,0
ALCAMO DIRAMAZIONE,Sun,4.0594059405940595,2.0,8,101,39,20,7
ALTARE,Sun,-0.21153846153846154,-1.0,4,52,2,2,1
ALTOPASCIO,Sun,3.3834296724470136,3.0,86,519,205,101,24
AMBIVERE MAPELLO,Sun,2.390710382513661,2.0,31,366,79,31,4
ANDORA,Sun,2.0869565217391304,1.0,20,253,65,42,8
ANTRODOCO BORGO VELINO,Sun,2.072,2.0,10,125,32,11,5
APRILIA,Sun,1.8953488372093024,1.0,20,258,52,19,5
ARAGONA CALDARE,Sun,0.912568306010929,1.0,16,183,12,7,7
ARCE,Sun,2.25,2.0,2,16,2,2,1
ARCENE,Sun,1.0,1.0,1,1,0,0,0
ARCISATE,Sun,2.020231213872832,1.0,104,692,82,36,13
ARENA PO,Sun,3.3191489361702127,1.0,4,47,10,7,3
ARIANO IRPINO,Sun,3.3513513513513513,0.0,3,37,7,5,4
ARONA,Sun,0.8140495867768595,0.0,82,484,108,54,17
ASTI,Sun,1.0473684210526315,0.0,64,760,150,81,24
ATTIGLIANO,Sun,3.486910994764398,2.0,17,191,74,44,22
AVEZZANO,Sun,1.167741935483871,-1.0,13,155,26,16,9
AVIO,Sun,10.0,8.0,2,2,2,2,1
BAGHERIA,Sun,0.0468384074941452,0.0,36,427,15,8,6
BAGNI DI TIVOLI,Sun,1.9794238683127572,1.0,19,243,41,21,7
BAGNOLO IN PIANO,Sun,0.47619047619047616,0.0,3,21,2,2,0
BAGNOLO MELLA,Sun,1.100502512562814,2.0,17,199,41,17,9
BALSORANO,Sun,1.0,-1.0,2,17,2,1,1
BANDITO,Sun,0.6634615384615384,0.0,16,208,10,3,1
BARDONECCHIA,Sun,2.6866666666666665,1.0,13,150,34,18,10
BARI PALESE MACCHIE,Sun,10.2,6.0,5,5,4,3,2
BERNALDA,Sun,5.653846153846154,3.0,2,26,13,5,2
BESOZZO,Sun,0.9351851851851852,0.0,26,216,20,10,5
BIANZE`,Sun,0.8165680473372781,0.0,13,169,19,11,2
BIANZONE,Sun,2.142857142857143,1.0,5,42,6,5,3
BICOCCA,Sun,0.47692307692307695,0.0,15,65,9,4,1
BITETTO PALO DEL COLLE,Sun,1.6830985915492958,1.0,12,142,14,7,4
BIVIO D`AURISINA,Sun,2.410041841004184,1.0,20,239,32,19,7
BIVIO PC BERSAGLIO,Sun,0.0,0.0,1,1,0,0,0
BOLLATE CENTRO,Sun,0.35575942915392456,0.0,85,981,35,13,1
BOLOGNA C.LE,Sun,1.3202269963518443,-1.0,257,2467,583,398,194
BOLOGNA S.RUFFILLO,Sun,1.6366559485530547,1.0,40,311,34,20,7
BORDIGHERA,Sun,2.453222453222453,2.0,47,481,107,60,16
BORGO S. LORENZO,Sun,1.7327044025157232,1.0,26,318,68,41,15
BORGO SAN DALMAZZO,Sun,1.0,1.0,12,154,7,1,0
BORGO VALSUGANA EST,Sun,2.4305555555555554,2.0,6,72,12,9,1
BORGOFRANCO,Sun,12.5,3.0,1,2,1,1,1
BORGOMANERO,Sun,0.5673076923076923,0.0,8,104,8,4,0
BORGORATTO,Sun,-1.04,-2.0,8,100,5,2,2
BOVA MARINA,Sun,2.3533333333333335,1.0,12,150,25,12,6
BRONI,Sun,2.5524475524475525,1.0,12,143,30,20,10
BRUCOLI,Sun,10.666666666666666,6.0,1,3,2,2,1
BRUNICO NORD,Sun,1.4057971014492754,1.0,6,69,4,1,0
BUCINE,Sun,13.833333333333334,7.0,5,6,4,4,2
BUSSOLENO,Sun,0.7572614107883817,0.0,40,482,65,35,20
BUSTO ARSIZIO,Sun,1.5249117300902315,0.0,276,2549,365,185,55
BUSTO ARSIZIO N.,Sun,0.8693069306930693,1.0,51,505,25,8,3
CADEO,Sun,1.9242424242424243,1.0,6,66,12,9,6
CAGLIARI,Sun,0.5983379501385041,-1.0,36,361,30,19,12
CAGLIARI S.GILLA,Sun,0.9836065573770492,1.0,21,183,13,6,2
CAIRO MONTENOTTE,Sun,0.5196850393700787,-1.0,10,127,5,5,4
CALALZO PIEVE CADORE CORTINA,Sun,1.606060606060606,1.0,9,66,10,5,2
CALTANISSETTA XIRBI,Sun,-0.754601226993865,-2.0,17,163,8,6,2
CALUSCO,Sun,4.618823529411765,4.0,36,425,248,126,13
CALVISANO,Sun,4.094444444444444,2.0,15,180,59,35,14
CAMPELLO,Sun,3.04,2.0,2,25,8,5,1
CAMPOFELICE,Sun,-0.5384615384615384,-1.0,6,78,1,1,0
CAMPORGIANO,Sun,2.9819277108433737,2.0,13,166,49,21,5
CANCELLO,Sun,3.6395833333333334,2.0,43,480,157,81,34
CANDELA,Sun,3.6973684210526314,2.0,6,76,25,15,5
CANICATTI`,Sun,-1.76,-2.0,2,25,0,0,0
CAPALBIO,Sun,1.2564102564102564,0.0,18,195,33,25,12
CAPO D`ORLANDO-NASO,Sun,1.7279411764705883,1.0,26,272,58,28,14
CAPRALBA,Sun,4.220159151193634,3.0,33,377,160,96,20
CAPRANICA,Sun,1.6262135922330097,1.0,19,206,42,27,4
CAPUA,Sun,3.5588235294117645,1.0,9,102,31,23,7
CARIATI,Sun,4.3090909090909095,2.0,13,165,51,46,20
CARMAGNOLA,Sun,0.7605140186915887,0.0,66,856,75,41,20
CARNIA,Sun,-0.4772727272727273,-1.0,14,176,8,6,1
CARONIA,Sun,0.8607594936708861,0.0,7,79,11,4,0
CARPI,Sun,0.5,-1.0,20,240,25,14,6
CASABIANCA,Sun,4.175609756097561,3.0,16,205,100,27,7
CASALBUTTANO,Sun,1.7585301837270342,1.0,34,381,59,33,18
CASALECCHIO DI RENO,Sun,3.03072625698324,3.0,30,358,108,45,6
CASALECCHIO GARIBALDI,Sun,0.9730941704035875,0.0,40,446,46,22,4
CASSINE,Sun,1.12,2.0,8,100,29,12,2
CASTAGNETO CARDUCCI,Sun,4.733333333333333,3.0,10,15,7,5,2
CASTANO PRIMO,Sun,0.0,0.0,30,358,0,0,0
CASTEGNATO,Sun,0.005714285714285714,0.0,19,175,0,0,0
CASTELLINA CH,Sun,0.4308510638297872,-1.0,15,188,16,8,4
CASTELLO D`ANNONE,Sun,1.6666666666666667,2.0,7,90,14,2,1
CASTELLUCCHIO,Sun,3.3254901960784315,2.0,22,255,72,51,21
CASTELNUOVO DI GARFAGNANA,Sun,1.8855421686746987,1.0,13,166,31,15,3
CASTIGLION DEL LAGO,Sun,3.4280701754385965,2.0,25,285,95,48,16
CASTIGLIONE COSENTINO,Sun,1.2571428571428571,0.0,29,350,33,25,11
CASTIONE ANDEVENNO,Sun,0.5833333333333334,1.0,1,12,0,0,0
CASTRO-POFI,Sun,1.5439739413680782,1.0,24,307,20,11,3
CAVA DEI TIRRENI,Sun,2.7301255230125525,1.0,41,478,108,58,23
CAVA MANARA,Sun,3.078212290502793,1.0,15,179,38,21,10
CAVA TIGOZZI,Sun,2.108108108108108,1.0,4,37,11,4,0
CAVI,Sun,6.0,6.0,1,1,1,1,0
CERDA,Sun,2.1578947368421053,2.0,6,76,3,1,1
CERLANO LAGHETTO,Sun,0.8,-1.0,17,200,30,18,4
CERNUSCO-MERATE,Sun,2.0673575129533677,1.0,40,386,48,31,10
CERTOSA DI PAVIA,Sun,2.291503267973856,2.0,67,765,192,60,9
CHIERI,Sun,1.0769230769230769,1.0,7,91,2,1,1
CHIURO,Sun,3.6451612903225805,1.0,4,31,6,6,4
CINISI TERRASINI,Sun,1.97,1.0,8,100,16,10,5
CIRO',Sun,3.278787878787879,2.0,13,165,47,31,16
CITTADELLA,Sun,-0.2076923076923077,-1.0,31,390,15,5,5
CIVATE,Sun,2.4545454545454546,2.0,22,220,46,12,5
CIVIDATE - MALEGNO,Sun,0.009433962264150943,0.0,12,106,0,0,0
CIVITA D`ANTINO-MORINO,Sun,2.176470588235294,1.0,2,17,2,1,1
CIVITANOVA MARCHE,Sun,2.5892018779342725,1.0,41,426,125,76,27
COCULLO,Sun,-1.6666666666666667,-2.0,1,12,0,0,0
COGNO - ESINE,Sun,0.009433962264150943,0.0,12,106,0,0,0
COLICO,Sun,3.8015873015873014,1.0,89,756,225,151,73
COLLEFERRO-SEGNI-PALIANO,Sun,0.468586387434555,0.0,30,382,28,16,3
COMO S. GIOVANNI,Sun,1.2106481481481481,0.0,118,1296,207,131,38
CONDOVE,Sun,1.1166666666666667,0.0,19,240,23,18,11
CORMANO-CUSANO MILANINO,Sun,0.0,0.0,65,738,0,0,0
CORTEOLONA,Sun,1.7382198952879582,1.0,17,191,41,22,2
COSENZA,Sun,2.1885714285714286,0.0,14,175,29,20,11
COSSATO,Sun,-0.11842105263157894,-1.0,14,152,7,1,1
CRESPELLANO,Sun,0.5632183908045977,0.0,10,87,2,1,0
CRESSA FONTANETO,Sun,0.7403846153846154,1.0,8,104,15,5,1
CROPANI,Sun,2.921787709497207,2.0,14,179,63,36,8
CUTRO,Sun,6.6923076923076925,6.0,1,13,9,7,2
CUZZAGO,Sun,2.740740740740741,1.0,31,189,48,24,10
DECIMOMANNU,Sun,0.1444805194805195,-1.0,63,616,41,25,15
DEGO,Sun,0.6771653543307087,1.0,10,127,5,4,3
DERVIO,Sun,3.8127090301003346,2.0,26,299,113,72,24
DESENZANO,Sun,4.234676007005254,2.0,55,571,196,105,48
DICOMANO,Sun,3.201793721973094,3.0,19,223,64,20,5
DIECIMO - PESCAGLIA,Sun,2.161676646706587,1.0,13,167,43,20,4
DOLO,Sun,0.9924812030075187,0.0,39,399,37,25,8
DOSSOBUONO,Sun,2.270967741935484,1.0,15,155,31,13,1
DUEVILLE,Sun,1.7336244541484715,1.0,18,229,13,7,3
ESTE,Sun,1.2891566265060241,0.0,13,166,22,16,7
FABRIANO,Sun,0.862876254180602,-1.0,27,299,52,35,13
FAENZA,Sun,2.3200455580865604,1.0,80,878,202,151,66
FALCONARA MARITTIMA,Sun,1.3552859618717505,0.0,55,577,90,57,28
FANZOLO,Sun,1.137037037037037,1.0,23,270,15,4,1
FERRARA,Sun,1.8976545842217485,-1.0,81,938,179,116,71
FERRERA LOMELLINA,Sun,4.581005586592179,4.0,16,179,93,40,7
FI ROVEZZANO,Sun,11.0,11.0,1,1,1,1,1
FIERA DI ROMA,Sun,3.2433371958285053,3.0,99,863,253,78,24
FIORENZUOLA,Sun,2.1461245235069883,0.0,73,787,146,96,52
FISCIANO,Sun,2.276923076923077,1.0,12,130,26,10,4
FONTECCHIO,Sun,2.25,-1.0,4,52,26,25,1
FORMIA-GAETA,Sun,3.4260869565217393,1.0,75,805,227,148,75
FORNOVO,Sun,1.8306709265175718,1.0,51,313,74,47,16
FORTE DEI MARMI SERRAVEZZA Q.,Sun,2.805704099821747,2.0,48,561,167,93,28
FOSSALTA DI PIAVE,Sun,12.2,10.0,4,5,5,5,2
FOSSANO,Sun,1.2446351931330473,1.0,54,699,133,71,26
FOSSATO DI VICO GUBBIO,Sun,1.8297872340425532,0.0,17,188,33,23,12
FRAMURA,Sun,2.8240343347639487,2.0,42,466,145,87,20
FRANCIA,Sun,-0.5456475583864119,-1.0,37,471,2,1,1
FRASCATI,Sun,-2.659340659340659,-3.0,7,91,0,0,0
FURCI,Sun,2.641891891891892,1.0,12,148,35,12,4
Ficarazzi,Sun,5.0,5.0,1,1,1,0,0
GAIBANELLA,Sun,1.6206896551724137,2.0,7,58,8,2,0
GALATI,Sun,0.28,1.0,4,50,2,0,0
GALLARATE,Sun,2.242529534398888,1.0,186,1439,398,218,59
GAMBETTOLA,Sun,2.968421052631579,2.0,17,190,49,27,6
GARBAGNA,Sun,2.1623931623931623,1.0,9,117,20,8,0
GARGAZZONE,Sun,1.6122994652406417,1.0,30,374,40,11,1
GAVORRANO,Sun,3.4901960784313726,2.0,8,102,33,27,8
GEMONA DEL FRIULI,Sun,1.015625,1.0,15,192,15,7,2
GENOVA NERVI,Sun,1.6102719033232629,0.0,60,662,140,94,49
GENOVA P. PRINCIPE SOTTERRANEA,Sun,0.4371859296482412,-1.0,20,199,35,28,9
GENOVA P.PRINCIPE,Sun,1.7273684210526317,1.0,181,1900,358,220,102
GIOJOSA MAREA,Sun,0.4888888888888889,0.0,7,90,8,4,1
GIUGLIANO QUALIANO,Sun,1.9658119658119657,2.0,21,234,26,8,2
GOZZANO,Sun,0.10576923076923077,0.0,8,104,8,2,0
GRANDATE - BRECCIA,Sun,0.0,0.0,38,436,0,0,0
GRIZZANA,Sun,3.2595419847328246,2.0,19,131,35,18,10
GRUMELLO DEL MONTE,Sun,1.6425233644859814,1.0,40,428,51,20,9
IL NETO,Sun,0.0,0.0,1,1,0,0,0
INDUNO OLONA,Sun,2.398843930635838,2.0,104,692,115,39,14
LABRO MOGGIO,Sun,10.583333333333334,8.0,1,12,12,11,2
LAMBRINIA,Sun,3.2931937172774868,2.0,17,191,67,32,4
LAMEZIA TERME NICASTRO,Sun,0.6218905472636815,0.0,18,201,21,8,3
LANCENIGO,Sun,2.0,2.0,1,1,0,0,0
LANUVIO,Sun,0.8203883495145631,0.0,16,206,25,9,4
LAVENO,Sun,0.006756756756756757,0.0,16,148,0,0,0
LAVENO MOMBELLO,Sun,2.041284403669725,1.0,26,218,30,10,6
LEGNAGO,Sun,2.36144578313253,2.0,13,166,30,13,7
LESA,Sun,4.888888888888889,2.0,31,189,83,53,22
LIDO DI CLASSE-LIDO DI SAVIO,Sun,2.1382716049382715,1.0,47,405,79,51,24
LIDO DI LAVINIO,Sun,1.6589147286821706,1.0,20,258,26,9,5
LIERNA,Sun,2.3277591973244145,0.0,26,299,71,48,22
LISSONE-MUGGIO`,Sun,2.422740524781341,1.0,87,1029,223,100,37
LOANO,Sun,3.135135135135135,2.0,45,518,177,99,25
LOCRI,Sun,2.5792079207920793,1.0,16,202,59,36,10
LORETO,Sun,1.6090909090909091,0.0,24,220,51,26,6
LUNI,Sun,0.0,0.0,2,2,0,0,0
MACCARESE,Sun,1.1892744479495267,1.0,26,317,35,17,4
MAGIONE,Sun,2.9305555555555554,1.0,12,144,41,27,9
MAGLIANA,Sun,2.5504055619930477,2.0,99,863,195,80,24
MANDELA-SAMBUCI,Sun,1.2,0.0,17,210,31,20,9
MANIAGO,Sun,-2.0606060606060606,-2.0,6,66,0,0,0
MANOPPELLO,Sun,1.4094488188976377,1.0,10,127,17,8,1
MANTOVA FRASSINE,Sun,0.1111111111111111,-1.0,12,153,8,5,4
MANZIANA-CANALE MONTERANO,Sun,1.7864077669902914,1.0,19,206,41,21,4
MARAUSA,Sun,0.8571428571428571,-1.0,5,63,7,6,2
MARCARIA,Sun,4.344262295081967,3.0,21,244,89,58,21
MARCELLINA-PALOMBARA,Sun,1.81651376146789,1.0,17,218,39,21,8
MARINELLA,Sun,0.96,1.0,4,50,1,0,0
MARONE - ZONE,Sun,0.0,0.0,12,106,0,0,0
MARRADI,Sun,3.9483870967741934,3.0,12,155,66,31,8
MARRUBIU TERRALBA ARBOREA,Sun,2.838951310861423,2.0,25,267,63,30,15
MARZABOTTO,Sun,1.6256983240223464,1.0,30,358,55,21,6
MASSAFRA,Sun,34.0,34.0,1,1,1,1,1
MEDA,Sun,0.0,0.0,29,307,0,0,0
MEDESANO,Sun,4.5,2.0,3,22,7,6,2
MELFI,Sun,0.983402489626556,1.0,19,241,48,27,6
MERANO,Sun,0.8556149732620321,1.0,15,187,19,7,1
MERANO MAIA BASSA,Sun,1.0026737967914439,1.0,30,374,27,10,1
MERCATELLO,Sun,0.10236220472440945,0.0,42,254,4,0,0
MERCENASCO,Sun,3.1888111888111887,2.0,12,143,42,24,6
MERGOZZO,Sun,2.947089947089947,1.0,31,189,50,29,10
MESSINA CENTRALE,Sun,0.04225352112676056,-1.0,40,355,42,34,22
MILANO GRECO PIRELLI,Sun,1.8958333333333333,1.0,218,2352,456,221,68
MILANO PORTA VITTORIA,Sun,1.0317032040472176,0.0,289,2965,442,259,78
MILANO REPUBBLICA,Sun,3.0922608989523486,2.0,289,2959,797,389,115
MILANO ROGOREDO,Sun,1.3674765323025952,0.0,367,3622,681,411,195
MILAZZO,Sun,1.8185185185185184,1.0,26,270,51,26,11
MINTURNO,Sun,1.830945558739255,1.0,28,349,81,44,18
MIRAMARE,Sun,1.3963133640552996,1.0,18,217,31,16,5
MODANE,Sun,11.875,0.0,2,8,4,4,4
MODENA,Sun,2.972340425531915,1.0,132,1410,465,313,149
MOLA DI BARI,Sun,1.9662576687116564,1.0,27,326,64,15,3
MOLFETTA,Sun,3.77212389380531,2.0,40,452,149,92,51
MONCALIERI,Sun,0.7208976157082749,0.0,55,713,55,16,4
MONCALIERI SANGONE,Sun,1.9661835748792271,1.0,16,207,29,9,2
MONDOVI`,Sun,0.6111111111111112,0.0,25,324,39,22,6
MONGUELFO VALLE DI CASIES,Sun,0.6811594202898551,1.0,6,69,2,1,0
MONTALTO DI CASTRO,Sun,0.865979381443299,-1.0,18,194,32,21,7
MONTANARO,Sun,1.3625,1.0,16,160,20,8,5
MONTECATINI CENTRO,Sun,6.005649717514125,6.0,89,531,345,276,65
MONTECOSARO,Sun,2.524822695035461,1.0,12,141,38,20,6
MONTELLO GORLAGO,Sun,1.4081632653061225,1.0,38,392,56,16,5
MONTEPESCALI,Sun,2.0174825174825175,1.0,25,286,47,32,15
MONTERONI D`ARBIA,Sun,0.5079365079365079,1.0,13,126,6,2,0
MONTEROTONDO,Sun,0.06111111111111111,-1.0,87,720,25,14,7
MONTESANTO,Sun,1.339080459770115,1.0,15,174,14,4,3
MONTESILVANO,Sun,1.7397260273972603,1.0,21,219,30,18,6
MONTEVARCHI TERRANUOVA,Sun,2.8219178082191783,2.0,56,657,171,108,30
MONTIRONE,Sun,2.0055555555555555,0.0,15,180,31,19,9
MONTJOVET,Sun,10.0,4.0,1,2,2,1,1
MORNAGO CIMBRO,Sun,0.4855769230769231,0.0,25,208,12,8,4
MOROLO,Sun,1.0985221674876848,1.0,16,203,22,8,2
MORTARA,Sun,2.2915451895043732,1.0,36,343,63,39,13
MUSIANO-PIAN DI MACINA,Sun,2.5194805194805197,2.0,31,231,30,18,7
NAPOLI AFRAGOLA,Sun,5.512038523274478,3.0,54,623,282,211,112
NAPOLI CAMPI FLEGREI,Sun,-1.4763285024154589,-2.0,168,2070,56,35,21
NAPOLI CENTRALE,Sun,1.7461818181818183,-1.0,128,1375,382,287,163
NAPOLI PIAZZA GARIBALDI,Sun,14.6,9.0,5,5,4,4,2
NOCERA SUPERIORE,Sun,3.2546972860125263,2.0,41,479,121,60,25
NOTARESCO,Sun,8.461538461538462,8.0,1,13,13,13,1
NOVATE-MEZZOLA,Sun,1.361878453038674,0.0,31,362,40,25,18
OCCHIOBELLO,Sun,7.388888888888889,4.0,3,36,22,11,5
OFFIDA CASTEL DI LAMA,Sun,2.240740740740741,1.0,13,162,24,7,6
OLBIA TERRANOVA,Sun,1.5384615384615385,1.0,14,169,42,21,1
OLEVANO,Sun,2.1769230769230767,1.0,10,130,23,11,0
ORIO LITTA,Sun,3.0785340314136125,2.0,17,191,61,27,3
ORIOLO,Sun,1.8883495145631068,1.0,19,206,50,23,4
ORISTANO,Sun,1.180094786729858,1.0,19,211,42,17,10
ORNAVASSO,Sun,2.0384615384615383,1.0,8,104,10,5,2
OSPEDALETTO LODIGIANO,Sun,0.8429319371727748,0.0,17,191,34,16,2
OSPITALETTO MANTOVANO,Sun,3.909090909090909,2.0,2,22,9,3,1
OSTUNI,Sun,2.41871921182266,1.0,38,406,95,50,17
OTTAVIA,Sun,2.2661290322580645,2.0,67,744,130,58,8
OVADA,Sun,1.2171052631578947,1.0,14,152,20,9,1
OZIERI CHILIVANI,Sun,1.3266129032258065,0.0,20,248,47,30,9
OZZANO DELL'EMILIA,Sun,4.760180995475113,3.0,19,221,101,51,11
PACE DEL MELA,Sun,1.9870129870129871,1.0,6,77,17,5,2
PACECO,Sun,-0.26,-1.0,4,50,2,2,1
PADERNO,Sun,0.005952380952380952,0.0,19,168,0,0,0
PAGANI,Sun,4.102222222222222,3.0,38,450,172,87,23
PALAGIANELLO,Sun,1.2907801418439717,0.0,11,141,14,9,5
PALAZZOLO SULL`OGLIO,Sun,2.2824074074074074,1.0,43,432,74,28,10
PALESTRO,Sun,2.0,1.0,9,63,6,1,1
PALLANZENO,Sun,2.2637362637362637,1.0,7,91,12,4,2
PALMA S.GENNARO,Sun,4.703030303030303,3.0,17,165,80,41,15
PANTANELLA,Sun,1.8516483516483517,3.0,14,182,56,17,1
PAOLA,Sun,1.491628614916286,-1.0,66,657,125,92,53
PARTINICO,Sun,3.16,2.0,8,100,30,13,7
PAVIA PORTA GARIBALDI,Sun,3.3350785340314135,3.0,17,191,63,20,3
PERUGIA,Sun,1.1875,0.0,22,208,41,28,9
PESSIONE,Sun,2.6478260869565218,2.0,18,230,52,21,7
PIANA,Sun,2.368,1.0,10,125,28,16,4
PIANA BELLA MONTELIBRETTI,Sun,1.8676258992805754,1.0,85,695,36,20,6
PIANCAMUNO - GRATACASOLO,Sun,0.0,0.0,12,106,0,0,0
PIAZZA CAVOUR,Sun,-0.6673189823874756,-2.0,93,511,26,22,17
PICERNO,Sun,3.1724137931034484,1.0,9,87,25,20,8
PIEVE ALBIGNOLA,Sun,5.219101123595506,4.0,16,178,125,48,7
PIEVE EMANUELE,Sun,6.0,6.0,1,1,1,1,0
PIEVE LIGURE,Sun,11.0,11.0,1,1,1,1,1
PINAROLO PO,Sun,2.6433566433566433,1.0,12,143,27,17,7
PINEROLO OLIMPICA,Sun,2.8405797101449277,3.0,16,207,37,13,0
PIOMBINO DESE,Sun,2.217488789237668,2.0,39,446,62,32,13
PIRAINETO,Sun,0.17842323651452283,0.0,38,482,6,6,3
PISA SAN ROSSORE,Sun,2.3887733887733886,2.0,80,962,231,107,29
PISTOIA OVEST,Sun,1.0701754385964912,0.0,9,114,7,4,2
POGGIBONSI,Sun,2.0913461538461537,1.0,33,416,111,53,14
POGGIO - CAREGGINE - VAGLI,Sun,3.226950354609929,2.0,11,141,48,19,4
POGGIO RENATICO,Sun,4.444444444444445,3.0,14,171,79,47,16
POMEZIA - S.PALOMBA,Sun,1.327319587628866,1.0,31,388,46,21,9
POMPEI,Sun,2.5940803382663846,1.0,40,473,129,71,21
PONTE DI NONA,Sun,0.13852813852813853,-1.0,18,231,27,20,6
PONTE D`ADDA,Sun,4.396428571428571,2.0,25,280,103,69,24
PONTECAGNANO,Sun,2.5895316804407713,1.0,29,363,89,53,23
PONTEDERA CASCIANA TERME,Sun,1.29,1.0,80,1000,184,90,23
PONTI,Sun,2.2698412698412698,1.0,10,126,24,12,4
POPOLI VITTORITO,Sun,-0.16993464052287582,-1.0,12,153,5,3,1
POPULONIA,Sun,2.05,2.0,6,20,2,2,1
PORDENONE,Sun,0.9704797047970479,-1.0,47,542,59,39,23
PORRETTA  TERME,Sun,1.2049180327868851,1.0,20,244,47,13,3
PORTO DI VASTO,Sun,2.5384615384615383,2.0,4,52,16,6,2
PORTO RECANATI,Sun,0.0,0.0,1,1,0,0,0
POSSIDENTE,Sun,2.606299212598425,1.0,20,254,46,20,5
POSTO COMUNICAZIONE DOLCE`,Sun,2.746031746031746,1.0,15,189,61,37,9
POTENZA MACCHIA ROMANA,Sun,2.3625,2.0,19,240,28,8,3
POTENZA PICENA MONTELUPONE,Sun,6.666666666666667,7.0,3,3,3,2,0
PRAJA AJETA TORTORA,Sun,3.6168582375478926,2.0,22,261,94,68,21
PRATA CAMPORTACCIO,Sun,2.1783625730994154,1.0,29,342,43,29,17
PRATO CENTRALE,Sun,0.21775147928994082,-1.0,89,845,91,57,24
PRATO PORTA AL SERRAGLIO,Sun,11.0,11.0,1,1,1,1,1
PREMOSELLO CHIOVENDA,Sun,1.8778877887788779,1.0,42,303,51,34,12
PROVAGLIO - TIMOLINE,Sun,0.0,0.0,19,173,0,0,0
Potenza Univ.,Sun,2.013888888888889,1.0,6,72,8,3,1
QUARTO DI MARANO,Sun,0.5384615384615384,1.0,9,52,2,0,0
QUARTO D`ALTINO,Sun,2.3153745072273324,1.0,63,761,148,66,18
QUERCIANELLA,Sun,2.446078431372549,1.0,17,204,53,31,16
RACCONIGI,Sun,0.6767241379310345,0.0,18,232,20,7,2
RAPOLANO TERME,Sun,2.84375,2.0,14,160,40,17,9
RAVENNA,Sun,1.7105263157894737,1.0,44,494,101,67,33
REGGIO DI CALABRIA GALLICO,Sun,0.806282722513089,0.0,19,191,9,6,3
REGGIO DI CALABRIA S.GREGORIO,Sun,0.2980132450331126,0.0,13,151,8,1,0
REMEDELLO SOTTO,Sun,6.472222222222222,5.0,15,180,127,78,18
RIGNANO SULL`ARNO REGGELLO,Sun,1.2745098039215685,0.0,30,357,56,26,8
RIGOLI,Sun,0.5,1.0,8,90,7,3,1
RIMINI TORRE PEDRERA,Sun,2.2202898550724637,1.0,42,345,43,29,15
RIMINI VISERBA,Sun,1.0263157894736843,0.0,45,380,35,22,13
RIO DI PUSTERIA,Sun,0.4927536231884058,1.0,6,69,1,1,0
RIOLA,Sun,1.4301675977653632,1.0,30,358,51,14,3
ROCCA DI FONDI,Sun,0.47692307692307695,1.0,5,65,1,0,0
ROCCA D`EVANDRO,Sun,4.013333333333334,2.0,6,75,21,18,7
ROCCELLA JONICA,Sun,1.9105263157894736,1.0,15,190,54,23,6
ROMA AURELIA,Sun,0.5714285714285714,0.0,18,224,14,5,1
ROMA NOMENTANA L.L.,Sun,1.005540166204986,1.0,87,722,55,29,12
ROMA OSTIENSE,Sun,0.004923682914820286,-1.0,181,2031,192,92,47
ROMA TERMINI,Sun,1.0874966957441183,0.0,334,3783,636,437,232
ROMAGNANO SESIA,Sun,-9.0,-14.0,2,2,0,0,0
ROMAGNANO V.,Sun,4.818181818181818,3.0,1,11,5,5,2
ROMANO,Sun,2.2130434782608694,0.0,61,690,129,78,39
ROMANORE,Sun,1.9908256880733946,1.0,18,218,38,23,14
RONCEGNO BAGNI-MARTER,Sun,2.611111111111111,2.0,6,72,17,7,1
RONCO SCR.,Sun,1.5518987341772152,0.0,67,790,140,84,31
ROSA`,Sun,0.75,1.0,4,4,0,0,0
ROSETO DEGLI ABRUZZI,Sun,2.6192660550458715,2.0,21,218,62,34,5
ROVERETO,Sun,3.5463917525773194,2.0,62,679,259,153,51
RUBIERA,Sun,4.029339853300733,2.0,37,409,143,89,36
RUSSI,Sun,3.3812316715542523,2.0,33,341,113,53,27
S. ANTONINO DI SALUGGIA,Sun,1.8402366863905326,1.0,13,169,22,13,1
S. CASSIANO VALCHIAVENNA,Sun,2.1436950146627565,1.0,29,341,59,32,19
S. DAMIANO D`ASTI,Sun,1.0891089108910892,0.0,16,202,26,16,5
S. EUROSIA,Sun,1.7170731707317073,1.0,16,205,16,8,4
S. GERMANO VERCELLESE,Sun,1.8698224852071006,1.0,13,169,22,15,4
S. STEFANO DI MAGRA,Sun,1.4285714285714286,1.0,31,322,63,28,7
S. VINCENZO,Sun,1.9014084507042253,1.0,37,426,91,59,16
S. ZENO FOLZANO,Sun,2.8522427440633247,2.0,32,379,88,46,19
S.AGATA M.,Sun,-0.8294573643410853,0.0,25,258,44,23,11
S.BENEDETTO DEL TRONTO,Sun,4.019083969465649,2.0,50,524,189,123,55
S.DEMETRIO DE` VESTINI,Sun,0.8923076923076924,1.0,5,65,3,0,0
S.FLAVIA,Sun,4.0,4.0,1,1,1,0,0
S.GIULIANO TERME,Sun,0.915,1.0,33,400,37,20,7
S.GIUSTINA CESIO,Sun,0.5338645418326693,0.0,36,251,13,3,3
S.LORENZO,Sun,0.2463768115942029,1.0,6,69,2,0,0
S.PIETRO IN GU`,Sun,2.196629213483146,1.0,14,178,11,6,3
S.TROVASO,Sun,6.5,5.0,2,2,2,1,0
S.VITO LANCIANO,Sun,2.0384615384615383,1.0,4,52,11,5,0
SALANDRA,Sun,6.076923076923077,3.0,2,26,11,6,2
SALBERTRAND,Sun,2.223175965665236,1.0,20,233,27,14,9
SALEMI GIBELLINA,Sun,2.4313725490196076,1.0,8,102,22,11,7
SALERNO,Sun,0.4474199869366427,-2.0,159,1531,306,220,137
SALICETO,Sun,2.019230769230769,1.0,8,104,17,8,3
SAMOLACO,Sun,2.067448680351906,1.0,29,341,48,29,19
SAN BONIFACIO,Sun,3.729433272394881,2.0,53,547,156,87,43
SAN GIORGIO DI NOGARO,Sun,1.1986455981941309,0.0,36,443,52,31,10
SAN GIOVANNI IN PERSICETO,Sun,4.793871866295264,4.0,30,359,201,118,37
SANGIANO,Sun,4.009569377990431,3.0,25,209,82,17,5
SANGUINETTO,Sun,1.34640522875817,1.0,12,153,21,12,4
SANREMO,Sun,6.5,7.0,10,12,10,7,1
SANTA DOMENICA,Sun,4.253333333333333,2.0,7,75,20,13,3
SANTA MARINELLA,Sun,1.0762124711316396,1.0,37,433,52,33,7
SANTA SEVERA,Sun,0.9690265486725663,1.0,18,226,25,12,2
SANTO STEFANO DI CAMASTRA,Sun,-0.8287292817679558,-1.0,17,181,10,4,1
SANTUARIO,Sun,1.9076923076923078,1.0,5,65,5,3,2
SARONNO,Sun,-0.034058988764044944,0.0,267,2848,40,14,3
SASSARI,Sun,2.3309859154929575,1.0,11,142,30,14,8
SASSONE,Sun,2.1538461538461537,2.0,14,182,29,16,2
SAVIGLIANO,Sun,2.1112828438948994,1.0,50,647,130,57,27
SAVONA,Sun,0.8245219347581553,0.0,87,889,153,99,38
SEDICO BRIBANO,Sun,0.8984962406015038,0.0,38,266,22,10,5
SELLA DI CORNO,Sun,-0.5538461538461539,-1.0,5,65,2,0,0
SENIGALLIA,Sun,2.22964509394572,1.0,45,479,113,68,26
SERENELLA,Sun,2.9655172413793105,3.0,15,145,46,12,1
SERRAMANNA NURAMINIS,Sun,1.408256880733945,0.0,25,218,25,14,8
SESSA AURUNCA R.,Sun,2.4427480916030535,2.0,21,262,73,36,13
SESTO S. GIOVANNI,Sun,2.053473263368316,1.0,187,2001,434,198,58
SESTRI LEVANTE,Sun,1.2839912280701755,0.0,82,912,196,126,61
SETTIMO,Sun,1.0673400673400673,1.0,23,297,19,7,2
SIBARI,Sun,1.2571428571428571,-1.0,14,175,35,26,12
SILVI,Sun,1.9589041095890412,1.0,21,219,43,25,9
SINALUNGA,Sun,1.65625,1.0,14,160,25,15,8
SOLAROLO,Sun,3.269541778975741,2.0,44,371,104,54,27
SPOTORNO NOLI,Sun,3.1538461538461537,2.0,40,494,151,90,23
SPRESIANO,Sun,1.6570680628272252,1.0,31,382,52,22,8
STEZZANO,Sun,5.0,5.0,1,1,1,0,0
SULZANO,Sun,0.0,0.0,12,102,0,0,0
SUNO,Sun,1.7307692307692308,1.0,2,26,3,1,0
TALAMONA,Sun,5.222222222222222,4.0,20,234,123,77,27
TASSIGNANO,Sun,3.4466666666666668,2.0,30,150,56,39,5
TAVAZZANO,Sun,0.29464285714285715,-1.0,82,560,49,28,8
TERME VIGLIATORE,Sun,16.0,16.0,1,1,1,1,1
TERMINI IMERESE,Sun,-1.9001721170395869,-2.0,54,581,28,16,12
TERMOLI,Sun,2.792079207920792,0.0,36,404,123,99,54
TERNO,Sun,4.8494117647058825,4.0,36,425,253,131,17
TITO,Sun,-0.5,-1.0,1,10,0,0,0
TOLINE,Sun,0.0,0.0,12,106,0,0,0
TOLLO CANOSA SANNITA,Sun,8.0,8.0,1,1,1,1,0
TORA PRESENZANO,Sun,4.378378378378378,3.0,6,74,28,13,4
TORINO LINGOTTO,Sun,-0.2652854977261243,-1.0,158,1979,113,61,24
TORINO P.NUOVA,Sun,1.6502890173410405,0.0,116,1384,245,154,81
TORINO REBAUDENGO FOSSATA,Sun,0.6269315673289183,0.0,70,906,43,18,4
TORRICOLA,Sun,0.97265625,0.0,20,256,27,15,2
TORTONA,Sun,3.6515151515151514,2.0,53,462,160,108,36
TRADATE,Sun,0.0,0.0,46,420,0,0,0
TRANI,Sun,3.8558758314855877,1.0,41,451,126,90,48
TRECATE,Sun,1.8173455978975033,1.0,64,761,105,52,19
TREPUZZI,Sun,10.0,10.0,1,1,1,1,0
TROMELLO,Sun,4.638888888888889,2.0,12,144,38,11,6
TRONZANO,Sun,0.30177514792899407,-1.0,13,169,18,7,1
TURBIGO,Sun,0.0,0.0,30,358,0,0,0
UDINE,Sun,0.5380952380952381,-1.0,53,630,58,34,21
VAIRANO,Sun,1.987551867219917,0.0,19,241,59,39,14
VALENZA,Sun,2.7649122807017545,3.0,23,285,112,39,8
VALLE DI MADDALONI,Sun,1.2352941176470589,1.0,4,51,12,9,2
VALMADONNA,Sun,1.9719298245614034,1.0,23,285,55,17,4
VALMADRERA,Sun,0.6227272727272727,0.0,22,220,14,8,2
VALMONTONE,Sun,2.7430167597765363,2.0,28,358,68,24,5
VARANO,Sun,2.742574257425743,2.0,12,101,28,16,3
VARESE,Sun,0.9619047619047619,1.0,127,840,86,43,14
VARESE NORD,Sun,0.002770083102493075,0.0,39,361,0,0,0
VENEZIA MESTRE,Sun,0.9066727814721394,0.0,396,4361,484,250,132
VERCELLI,Sun,1.1061046511627908,0.0,56,688,79,45,21
VEROLANUOVA,Sun,2.210762331838565,1.0,19,223,52,28,9
VIBO MARINA,Sun,3.704081632653061,2.0,11,98,24,16,6
VIBO VALENZIA PIZZO,Sun,3.040498442367601,1.0,28,321,70,52,25
VICCHIO,Sun,1.7623318385650224,1.0,19,223,46,11,5
VICOFERTILE,Sun,1.7411764705882353,1.0,36,170,23,11,4
VIDALENGO,Sun,9.0,9.0,1,1,1,1,0
VIGNA CLARA,Sun,0.375,0.0,2,24,1,1,0
VIGNALE RIOTORTO,Sun,5.0,4.0,2,3,2,1,0
VIGONZA PIANIGA,Sun,11.0,11.0,1,1,1,1,1
VILLA LITERNO,Sun,0.28607594936708863,0.0,34,395,57,24,9
VILLA OPICINA,Sun,-0.11538461538461539,-1.0,2,26,3,2,0
VILLA S.GIOVANNI MARE,Sun,17.5,0.0,8,30,12,12,11
VILLAFRANCA - BAGNONE,Sun,1.326984126984127,0.0,31,315,63,35,8
VILLAFRANCA C.,Sun,0.9140625,0.0,20,256,33,16,6
VILLAFRANCA DI VERONA,Sun,-0.6709677419354839,-1.0,15,155,15,9,1
VILLAMASSARGIA DOMUSNOVAS,Sun,-1.2432432432432432,-2.0,32,370,10,10,4
VILLASTELLONE,Sun,4.333333333333333,2.0,3,3,1,1,1
VILLETTA,Sun,0.2722222222222222,1.0,14,180,6,1,0
VILLETTA MALAGNINO,Sun,0.7777777777777778,0.0,4,45,5,3,1
VILLETTA S. ROMANO,Sun,2.3771929824561404,2.0,9,114,26,11,1
VITTORIO VENETO,Sun,1.1478260869565218,1.0,19,230,25,9,2
VOGOGNA OSSOLA,Sun,3.2338129496402876,2.0,38,278,64,41,13
ZINASCO NUOVO,Sun,5.247191011235955,4.0,16,178,125,48,7
