train_class,train_number,train_arrival_stop_name,train_departure_stop_name,stop_name,avg_arrival_delay,median_arrival_delay,count_dates_stop,first_date,last_date,count_3m_delay,count_5m_delay,count_10m_delay,stop_lat,stop_lon,stop_time,count_dates_train,stop_number
REG,11291,MORTARA,NOVARA,NOVARA,1.2857142857142858,1.0,14,2023-01-01,2023-03-26,1,0,0,45.451376,8.624895,16:08,14,1
REG,11291,MORTARA,NOVARA,GARBAGNA,1.5,1.0,14,2023-01-01,2023-03-26,2,0,0,45.385552,8.66627,16:13,14,2
REG,11291,MORTARA,NOVARA,VESPOLATE,1.2857142857142858,1.0,14,2023-01-01,2023-03-26,2,0,0,45.351517,8.671947,16:17,14,3
REG,11291,MORTARA,NOVARA,BORGO LAVEZZARO,1.7857142857142858,1.0,14,2023-01-01,2023-03-26,3,1,0,45.318783,8.703242,16:22,14,4
REG,11291,MORTARA,NOVARA,ALBONESE,1.7857142857142858,1.0,14,2023-01-01,2023-03-26,3,1,0,45.297785,8.714601,16:26,14,5
REG,11291,MORTARA,NOVARA,MORTARA,0.2857142857142857,0.0,14,2023-01-01,2023-03-26,1,0,0,45.252171,8.731639,16:32,14,6
