stop_name_region,train_class,avg_arrival_delay,median_arrival_delay,count_trains,count_stations,stop_id_region,count_stops
,FA,6.469135802469136,4.0,10,1,,729
Lombardia,FA,-4.471794871794872,-3.0,2,4,1.0,195
Liguria,FA,3.21882951653944,1.0,6,7,2.0,1179
Lazio,FA,4.940585774058578,2.0,26,3,5.0,2390
Emilia-Romagna,FA,3.9772357723577234,2.0,10,1,8.0,615
Friuli-Venezia Giulia,FA,1.569060773480663,-2.0,2,2,10.0,181
Veneto,FA,4.520420070011669,2.0,10,5,12.0,857
Toscana,FA,4.428010471204188,3.0,14,4,13.0,1528
Puglia,FA,6.850153760134191,4.0,13,7,16.0,3577
Calabria,FA,2.4142141515341264,-1.0,8,10,17.0,3194
Campania,FA,5.719525959367946,3.0,23,14,18.0,3544
Trentino-Alto Adige,FA,5.780054644808743,4.0,6,3,21.0,732
