stop_name_region,train_class,avg_arrival_delay,median_arrival_delay,count_trains,count_stations,stop_id_region,count_stops
,,-13.0,-13.0,1,1,,1
Lombardia,,-0.8461538461538461,1.0,14,6,1.0,65
Liguria,,3.254385964912281,2.0,11,6,2.0,228
Piemonte,,2.1578947368421053,2.0,6,5,3.0,57
Lazio,,3.627906976744186,1.0,20,4,5.0,129
Umbria,,-1.5,-4.0,1,1,6.0,4
Emilia-Romagna,,5.127659574468085,6.0,7,5,8.0,47
Veneto,,-13.333333333333334,-9.0,3,2,12.0,3
Toscana,,3.1004566210045663,2.0,25,13,13.0,438
Puglia,,-3.5,-2.0,1,4,16.0,8
Campania,,-1.0,-2.0,5,4,18.0,35
