stop_name_region,train_class,avg_arrival_delay,median_arrival_delay,count_trains,count_stations,stop_id_region,count_stops
Lombardia,EC,4.68080888183981,3.0,35,11,1.0,2522
Liguria,EC,4.178571428571429,3.0,2,4,2.0,28
Piemonte,EC,4.287655719139297,3.0,18,3,3.0,1766
Lazio,EC,116.0,116.0,1,1,5.0,1
Emilia-Romagna,EC,8.375621890547263,3.0,7,5,8.0,402
Trentino-Alto Adige,EC,5.606440581362212,3.0,17,5,9.0,3509
Friuli-Venezia Giulia,EC,23.8,20.0,2,1,10.0,5
Veneto,EC,5.896625373771893,2.0,23,9,12.0,2341
Toscana,EC,36.666666666666664,13.0,2,3,13.0,6
