stop_name_region,train_class,avg_arrival_delay,median_arrival_delay,count_trains,count_stations,stop_id_region,count_stops
Lombardia,ICN,5.670542635658915,1.0,8,4,1.0,516
Liguria,ICN,2.8308702791461413,0.0,7,6,2.0,1218
Piemonte,ICN,4.871011850501367,2.0,11,8,3.0,2194
Lazio,ICN,7.746919431279621,1.0,19,10,5.0,2110
Umbria,ICN,2.8550724637681157,-1.0,4,1,6.0,138
Molise,ICN,0.1346153846153846,-5.0,3,1,7.0,156
Emilia-Romagna,ICN,5.539040713887339,2.0,17,11,8.0,3586
Trentino-Alto Adige,ICN,5.303448275862069,2.0,2,6,9.0,145
Friuli-Venezia Giulia,ICN,5.786152497808939,2.0,5,8,10.0,1141
Marche,ICN,-2.4029629629629627,-3.0,6,3,11.0,675
Veneto,ICN,3.752191235059761,1.0,7,9,12.0,1255
Toscana,ICN,4.142572944297083,0.0,11,10,13.0,1508
Sicilia,ICN,2.0149381868131866,0.0,13,17,14.0,5824
Basilicata,ICN,8.704225352112676,5.0,2,1,15.0,71
Puglia,ICN,4.462743343029761,1.0,8,15,16.0,4469
Calabria,ICN,8.332826169646253,3.0,8,16,17.0,2629
Campania,ICN,4.795811518324608,0.0,14,11,18.0,1719
Abruzzo,ICN,-0.5637583892617449,-3.0,6,1,19.0,447
