train_class,train_number,train_arrival_stop_name,train_departure_stop_name,stop_name,avg_arrival_delay,median_arrival_delay,count_dates_stop,first_date,last_date,count_3m_delay,count_5m_delay,count_10m_delay,stop_lat,stop_lon,stop_time,count_dates_train,stop_number
FA,8333,REGGIO CALABRIA CENTRALE,ROMA TERMINI,ROMA TERMINI,2.3793103448275863,1.0,87,2023-01-01,2023-03-31,31,14,2,41.900636,12.502026,07:30,87,1
FA,8333,REGGIO CALABRIA CENTRALE,ROMA TERMINI,NAPOLI AFRAGOLA,6.011494252873563,4.0,87,2023-01-01,2023-03-31,75,42,9,,,08:32,87,2
FA,8333,REGGIO CALABRIA CENTRALE,ROMA TERMINI,SALERNO,-2.4367816091954024,-3.0,87,2023-01-01,2023-03-31,6,3,2,40.675137,14.772822,09:05,87,3
FA,8333,REGGIO CALABRIA CENTRALE,ROMA TERMINI,PAOLA,-4.9655172413793105,-8.0,87,2023-01-01,2023-03-31,10,9,3,39.359442,16.033093,10:57,87,4
FA,8333,REGGIO CALABRIA CENTRALE,ROMA TERMINI,LAMEZIA TERME CENTRALE,0.3103448275862069,-2.0,87,2023-01-01,2023-03-31,14,8,3,38.921347,16.255577,11:26,87,5
FA,8333,REGGIO CALABRIA CENTRALE,ROMA TERMINI,ROSARNO,2.8505747126436782,1.0,87,2023-01-01,2023-03-31,23,15,3,38.488593,15.970149,11:54,87,6
FA,8333,REGGIO CALABRIA CENTRALE,ROMA TERMINI,VILLA SAN GIOVANNI,-3.1839080459770117,-5.0,87,2023-01-01,2023-03-31,4,2,2,38.216638,15.634336,12:27,87,7
FA,8333,REGGIO CALABRIA CENTRALE,ROMA TERMINI,REGGIO CALABRIA CENTRALE,-7.333333333333333,-9.0,87,2023-01-01,2023-03-31,2,1,1,38.103884,15.635844,12:50,87,8
