train_class,train_number,train_arrival_stop_name,train_departure_stop_name,stop_name,avg_arrival_delay,median_arrival_delay,count_dates_stop,first_date,last_date,count_3m_delay,count_5m_delay,count_10m_delay,stop_lat,stop_lon,stop_time,count_dates_train,stop_number
REG,24367,PAVIA,MILANO BOVISA FNM,MILANO BOVISA FNM,4.1375,4.0,80,2023-01-01,2023-03-23,68,27,1,45.502993,9.159235,19:25,80,1
REG,24367,PAVIA,MILANO BOVISA FNM,MILANO LANCETTI,-0.175,-1.0,80,2023-01-01,2023-03-23,8,2,0,45.492632,9.175832,19:30,80,2
REG,24367,PAVIA,MILANO BOVISA FNM,MI P.GAR.SOTT.,2.4625,2.0,80,2023-01-01,2023-03-23,29,7,1,45.484228,9.185122,19:33,80,3
REG,24367,PAVIA,MILANO BOVISA FNM,MILANO REPUBBLICA,2.475,2.0,80,2023-01-01,2023-03-23,29,8,1,45.479984,9.198861,19:35,80,4
REG,24367,PAVIA,MILANO BOVISA FNM,MILANO VENEZIA,2.6875,2.0,80,2023-01-01,2023-03-23,35,9,1,45.471121,9.201889,19:37,80,5
REG,24367,PAVIA,MILANO BOVISA FNM,MILANO DATEO,2.675,2.0,80,2023-01-01,2023-03-23,35,11,1,45.462341,9.209277,19:40,80,6
REG,24367,PAVIA,MILANO BOVISA FNM,MILANO PORTA VITTORIA,0.375,0.0,80,2023-01-01,2023-03-23,11,2,1,45.459579,9.21813,19:44,80,7
REG,24367,PAVIA,MILANO BOVISA FNM,MILANO ROGOREDO,-1.4625,-2.0,80,2023-01-01,2023-03-23,3,1,0,45.433866,9.2391,19:52,80,8
REG,24367,PAVIA,MILANO BOVISA FNM,LOCATE TRIULZI,2.525,2.0,80,2023-01-01,2023-03-23,36,15,0,45.35973,9.221398,20:00,80,9
REG,24367,PAVIA,MILANO BOVISA FNM,VILLAMAGGIORE,4.743243243243243,4.0,74,2023-01-01,2023-03-23,66,28,4,45.32045,9.190674,20:07,80,10
REG,24367,PAVIA,MILANO BOVISA FNM,CERTOSA DI PAVIA,3.8607594936708862,3.0,79,2023-01-01,2023-03-23,49,20,2,45.256927,9.154456,20:12,80,11
REG,24367,PAVIA,MILANO BOVISA FNM,PAVIA,2.8125,2.0,80,2023-01-01,2023-03-23,37,16,1,45.188843,9.144674,20:21,80,12
