train_class,train_number,train_arrival_stop_name,train_departure_stop_name,stop_name,avg_arrival_delay,median_arrival_delay,count_dates_stop,first_date,last_date,count_3m_delay,count_5m_delay,count_10m_delay,stop_lat,stop_lon,stop_time,count_dates_train,stop_number
REG,16485,PORTOGRUARO CAORLE,TREVISO C.,TREVISO C.,0.7142857142857143,0.0,70,2023-01-09,2023-03-31,3,2,2,45.659608,12.24614,08:01,70,1
REG,16485,PORTOGRUARO CAORLE,TREVISO C.,OLMI SPERCENIGO,2.4857142857142858,2.0,70,2023-01-09,2023-03-31,16,3,2,45.679467,12.338101,08:08,70,2
REG,16485,PORTOGRUARO CAORLE,TREVISO C.,S.BIAGIO DI CALLALTA,0.9,0.0,70,2023-01-09,2023-03-31,4,2,2,45.686134,12.374316,08:13,70,3
REG,16485,PORTOGRUARO CAORLE,TREVISO C.,FAGARE,3.1857142857142855,3.0,70,2023-01-09,2023-03-31,36,7,2,45.70705,12.444296,08:19,70,4
REG,16485,PORTOGRUARO CAORLE,TREVISO C.,PONTE DI PIAVE,1.542857142857143,1.0,70,2023-01-09,2023-03-31,9,2,2,45.719624,12.460683,08:23,70,5
REG,16485,PORTOGRUARO CAORLE,TREVISO C.,ODERZO,1.2285714285714286,1.0,70,2023-01-09,2023-03-31,10,5,2,45.775304,12.49293,08:30,70,6
REG,16485,PORTOGRUARO CAORLE,TREVISO C.,GORGO AL MONTICANO,2.757142857142857,2.0,70,2023-01-09,2023-03-31,18,9,2,45.784444,12.553737,08:36,70,7
REG,16485,PORTOGRUARO CAORLE,TREVISO C.,MOTTA DI LIVENZA,0.7285714285714285,-1.0,70,2023-01-09,2023-03-31,11,6,2,45.779114,12.607118,08:41,70,8
REG,16485,PORTOGRUARO CAORLE,TREVISO C.,ANNONE VENETO,2.7,2.0,70,2023-01-09,2023-03-31,22,11,2,45.774904,12.680334,08:47,70,9
REG,16485,PORTOGRUARO CAORLE,TREVISO C.,PORTOGRUARO CAORLE,-0.7428571428571429,-2.0,70,2023-01-09,2023-03-31,8,4,2,45.781438,12.832375,09:00,70,10
